{"type": "FeatureCollection", "features": [{"type": "Feature", "id": 2402, "geometry": {"type": "Polygon", "coordinates": [[[-86.6759, 36.2631], [-86.6758, 36.2631], [-86.676, 36.2632], [-86.6759, 36.2631]]]}, "properties": {"OBJECTID": 2402, "Object_Name": "", "Information": "", "Source_Date": "20131113", "Source_Indication": "US,U3,SURVY,2013_SEAS_LIDAR_Mapping_Survey", "Source_Dataset": "U37CR149.000", "Feature_ID": "U3 1392977438 00001"}}, {"type": "Feature", "id": 2403, "geometry": {"type": "Polygon", "coordinates": [[[-86.6756, 36.2629], [-86.6758, 36.263], [-86.6757, 36.2629], [-86.6756, 36.2629]]]}, "properties": {"OBJECTID": 2403, "Object_Name": "", "Information": "", "Source_Date": "20131113", "Source_Indication": "US,U3,SURVY,2013_SEAS_LIDAR_Mapping_Survey", "Source_Dataset": "U37CR149.000", "Feature_ID": "U3 1392977440 00001"}}, {"type": "Feature", "id": 2418, "geometry": {"type": "Polygon", "coordinates": [[[-86.6752, 36.2638], [-86.675, 36.2636], [-86.675, 36.2637], [-86.6752, 36.2638]]]}, "properties": {"OBJECTID": 2418, "Object_Name": "", "Information": "", "Source_Date": "20131113", "Source_Indication": "US,U3,SURVY,2013_SEAS_LIDAR_Mapping_Survey", "Source_Dataset": "U37CR149.000", "Feature_ID": "U3 1392977443 00001"}}, {"type": "Feature", "id": 2421, "geometry": {"type": "Polygon", "coordinates": [[[-86.6656, 36.2998], [-86.6657, 36.2998], [-86.6657, 36.2997], [-86.6656, 36.2998]]]}, "properties": {"OBJECTID": 2421, "Object_Name": "", "Information": "", "Source_Date": "20151021", "Source_Indication": "US,U3,SURVY,2015_Seaside_Engineering_And_Surveying_SEAS_LIDAR_Mapping_Survey", "Source_Dataset": "U37CR149.000", "Feature_ID": "U3 1392973249 00001"}}, {"type": "Feature", "id": 2422, "geometry": {"type": "Polygon", "coordinates": [[[-86.6545, 36.2923], [-86.6546, 36.2923], [-86.6546, 36.2922], [-86.6545, 36.2923]]]}, "properties": {"OBJECTID": 2422, "Object_Name": "", "Information": "", "Source_Date": "20151021", "Source_Indication": "US,U3,SURVY,2015_Seaside_Engineering_And_Surveying_SEAS_LIDAR_Mapping_Survey", "Source_Dataset": "U37CR149.000", "Feature_ID": "U3 1392973030 00001"}}, {"type": "Feature", "id": 2425, "geometry": {"type": "Polygon", "coordinates": [[[-86.6666, 36.3], [-86.6667, 36.3], [-86.6666, 36.2999], [-86.6666, 36.3]]]}, "properties": {"OBJECTID": 2425, "Object_Name": "", "Information": "", "Source_Date": "20151021", "Source_Indication": "US,U3,SURVY,2015_Seaside_Engineering_And_Surveying_SEAS_LIDAR_Mapping_Survey", "Source_Dataset": "U37CR149.000", "Feature_ID": "U3 1392973015 00001"}}, {"type": "Feature", "id": 2433, "geometry": {"type": "Polygon", "coordinates": [[[-86.6541, 36.2915], [-86.6542, 36.2916], [-86.6542, 36.2915], [-86.6541, 36.2915]]]}, "properties": {"OBJECTID": 2433, "Object_Name": "", "Information": "", "Source_Date": "20151021", "Source_Indication": "US,U3,SURVY,2015_Seaside_Engineering_And_Surveying_SEAS_LIDAR_Mapping_Survey", "Source_Dataset": "U37CR149.000", "Feature_ID": "U3 1392973466 00001"}}, {"type": "Feature", "id": 2439, "geometry": {"type": "Polygon", "coordinates": [[[-86.6749, 36.2635], [-86.6749, 36.2635], [-86.6748, 36.2634], [-86.6749, 36.2635]]]}, "properties": {"OBJECTID": 2439, "Object_Name": "", "Information": "", "Source_Date": "20131113", "Source_Indication": "US,U3,SURVY,2013_SEAS_LIDAR_Mapping_Survey", "Source_Dataset": "U37CR149.000", "Feature_ID": "U3 1392977429 00001"}}, {"type": "Feature", "id": 2470, "geometry": {"type": "Polygon", "coordinates": [[[-87.2263, 36.3213], [-87.23, 36.3258], [-87.23, 36.3116], [-87.2183, 36.3046], [-87.2217, 36.2939], [-87.2211, 36.2922], [-87.2155, 36.2904], [-87.196, 36.295], [-87.1931, 36.2983], [-87.1857, 36.2997], [-87.181, 36.3042], [-87.179, 36.3043], [-87.1732, 36.3014], [-87.1632, 36.2986], [-87.1591, 36.2927], [-87.1643, 36.29], [-87.1668, 36.2876], [-87.168, 36.2815], [-87.1646, 36.2765], [-87.1568, 36.273], [-87.1529, 36.273], [-87.1469, 36.2757], [-87.1406, 36.2758], [-87.1314, 36.2783], [-87.1236, 36.2832], [-87.1061, 36.2748], [-87.0901, 36.2715], [-87.0821, 36.2524], [-87.0758, 36.246], [-87.0626, 36.2384], [-87.0446, 36.23], [-87.0361, 36.2209], [-87.0213, 36.211], [-87.01, 36.206], [-86.9997, 36.2026], [-86.9975, 36.1976], [-86.9936, 36.1994], [-86.9927, 36.2009], [-86.9814, 36.1991], [-86.9669, 36.1983], [-86.9557, 36.196], [-86.9535, 36.1932], [-86.9546, 36.1823], [-86.9539, 36.1654], [-86.9509, 36.1505], [-86.9379, 36.1357], [-86.9296, 36.1301], [-86.9223, 36.1278], [-86.909, 36.1259], [-86.9022, 36.1259], [-86.8902, 36.1303], [-86.8847, 36.1347], [-86.8804, 36.14], [-86.8772, 36.1492], [-86.8755, 36.1606], [-86.878, 36.1677], [-86.8827, 36.1739], [-86.8944, 36.1837], [-86.9008, 36.1907], [-86.8973, 36.1972], [-86.8902, 36.1942], [-86.8837, 36.189], [-86.8719, 36.1723], [-86.8634, 36.1641], [-86.8548, 36.1593], [-86.8446, 36.157], [-86.8358, 36.1578], [-86.8282, 36.1628], [-86.8227, 36.1714], [-86.8192, 36.1833], [-86.8153, 36.1886], [-86.8093, 36.1922], [-86.8061, 36.1927], [-86.7975, 36.1917], [-86.7951, 36.1899], [-86.7919, 36.1717], [-86.7838, 36.1587], [-86.7804, 36.155], [-86.7737, 36.1514], [-86.7638, 36.1491], [-86.7548, 36.1496], [-86.7345, 36.154], [-86.7202, 36.1548], [-86.7091, 36.1579], [-86.7047, 36.1601], [-86.6975, 36.1661], [-86.6908, 36.1743], [-86.6832, 36.1812], [-86.6786, 36.1884], [-86.6742, 36.1848], [-86.6685, 36.1832], [-86.6618, 36.1834], [-86.6544, 36.1851], [-86.643, 36.1902], [-86.6364, 36.1949], [-86.6314, 36.1998], [-86.6277, 36.2059], [-86.6273, 36.2117], [-86.6329, 36.2284], [-86.6371, 36.2372], [-86.6265, 36.2331], [-86.6208, 36.2325], [-86.6208, 36.2428], [-86.6217, 36.2437], [-86.6235, 36.2441], [-86.6237, 36.2423], [-86.6247, 36.242], [-86.6254, 36.2443], [-86.63, 36.2457], [-86.6308, 36.2447], [-86.6305, 36.2458], [-86.6314, 36.2462], [-86.6332, 36.2457], [-86.6326, 36.2469], [-86.6345, 36.2467], [-86.6341, 36.2479], [-86.6386, 36.2519], [-86.6389, 36.2509], [-86.6396, 36.2518], [-86.6414, 36.2509], [-86.6407, 36.2525], [-86.6394, 36.2529], [-86.6433, 36.2619], [-86.6439, 36.272], [-86.6448, 36.2717], [-86.645, 36.2728], [-86.6464, 36.2731], [-86.6473, 36.2717], [-86.6478, 36.2723], [-86.6495, 36.2713], [-86.6476, 36.2741], [-86.6446, 36.2745], [-86.6455, 36.2743], [-86.6498, 36.2776], [-86.6509, 36.2772], [-86.6513, 36.2786], [-86.653, 36.2787], [-86.6518, 36.2792], [-86.6518, 36.2798], [-86.653, 36.2798], [-86.6521, 36.2805], [-86.6522, 36.2813], [-86.655, 36.283], [-86.6551, 36.2841], [-86.6566, 36.2838], [-86.6562, 36.2865], [-86.658, 36.2841], [-86.6589, 36.2856], [-86.66, 36.2851], [-86.6584, 36.2867], [-86.6588, 36.2871], [-86.6571, 36.2878], [-86.6588, 36.2873], [-86.6619, 36.2887], [-86.6615, 36.2909], [-86.6577, 36.2929], [-86.6561, 36.2954], [-86.6636, 36.2992], [-86.6695, 36.3004], [-86.6734, 36.3001], [-86.6789, 36.2963], [-86.6856, 36.2874], [-86.6865, 36.2843], [-86.6856, 36.2783], [-86.6836, 36.2738], [-86.6795, 36.2675], [-86.6747, 36.2635], [-86.67, 36.257], [-86.6603, 36.2496], [-86.6582, 36.2459], [-86.6491, 36.2368], [-86.6467, 36.2327], [-86.644, 36.2272], [-86.6381, 36.2092], [-86.64, 36.2055], [-86.6456, 36.2001], [-86.6569, 36.1937], [-86.6657, 36.192], [-86.6695, 36.1933], [-86.6728, 36.1973], [-86.6772, 36.2057], [-86.6788, 36.2275], [-86.6854, 36.242], [-86.6886, 36.2444], [-86.6925, 36.2456], [-86.7046, 36.2443], [-86.7077, 36.2425], [-86.711, 36.2392], [-86.7121, 36.2351], [-86.7079, 36.2261], [-86.7053, 36.2171], [-86.6986, 36.2082], [-86.6897, 36.194], [-86.6891, 36.1917], [-86.6902, 36.189], [-86.6949, 36.1836], [-86.6995, 36.18], [-86.7073, 36.1706], [-86.7146, 36.1657], [-86.7227, 36.1635], [-86.7377, 36.1628], [-86.7568, 36.1584], [-86.7638, 36.158], [-86.7667, 36.1585], [-86.7722, 36.1611], [-86.775, 36.1641], [-86.7767, 36.1679], [-86.7815, 36.1748], [-86.7845, 36.1933], [-86.7875, 36.1971], [-86.793, 36.2], [-86.7983, 36.2013], [-86.8083, 36.2016], [-86.8139, 36.2005], [-86.8197, 36.1977], [-86.8244, 36.1939], [-86.829, 36.1882], [-86.8325, 36.176], [-86.8363, 36.1692], [-86.8397, 36.1663], [-86.8441, 36.166], [-86.8514, 36.1679], [-86.8576, 36.1722], [-86.8632, 36.1779], [-86.873, 36.1925], [-86.8815, 36.2002], [-86.8919, 36.2054], [-86.8965, 36.2063], [-86.9009, 36.206], [-86.9051, 36.2038], [-86.9087, 36.1996], [-86.9119, 36.1935], [-86.9121, 36.1893], [-86.9098, 36.1853], [-86.9038, 36.1787], [-86.8961, 36.1727], [-86.8906, 36.1673], [-86.8876, 36.1631], [-86.8871, 36.1594], [-86.8864, 36.1587], [-86.8872, 36.1578], [-86.8883, 36.1503], [-86.8908, 36.1431], [-86.8926, 36.141], [-86.8984, 36.1366], [-86.9042, 36.1347], [-86.9083, 36.1349], [-86.9207, 36.1368], [-86.9261, 36.1387], [-86.9405, 36.1537], [-86.9428, 36.1656], [-86.9435, 36.1842], [-86.9424, 36.1955], [-86.9438, 36.1988], [-86.949, 36.2033], [-86.9521, 36.2047], [-86.9653, 36.2072], [-86.9776, 36.2077], [-86.9918, 36.2098], [-87.0048, 36.2139], [-87.0146, 36.2182], [-87.0284, 36.2274], [-87.0374, 36.237], [-87.0611, 36.2482], [-87.0702, 36.254], [-87.0738, 36.2589], [-87.0777, 36.2716], [-87.0797, 36.2753], [-87.0826, 36.2782], [-87.0854, 36.28], [-87.102, 36.2861], [-87.1093, 36.2902], [-87.1196, 36.2947], [-87.1372, 36.2971], [-87.152, 36.3035], [-87.1514, 36.3007], [-87.1495, 36.2986], [-87.1459, 36.296], [-87.139, 36.2939], [-87.1351, 36.2914], [-87.1339, 36.289], [-87.1349, 36.2871], [-87.1377, 36.2858], [-87.1427, 36.2847], [-87.151, 36.2845], [-87.155, 36.2819], [-87.1545, 36.2833], [-87.1558, 36.2824], [-87.1564, 36.2827], [-87.1551, 36.2834], [-87.1571, 36.2831], [-87.1537, 36.2849], [-87.1419, 36.286], [-87.1358, 36.2876], [-87.1347, 36.2885], [-87.1347, 36.29], [-87.1361, 36.2912], [-87.1383, 36.2915], [-87.1412, 36.294], [-87.1459, 36.295], [-87.1512, 36.2991], [-87.1535, 36.304], [-87.1586, 36.307], [-87.1679, 36.3092], [-87.1761, 36.3134], [-87.1888, 36.3131], [-87.2007, 36.315], [-87.2048, 36.3151], [-87.2087, 36.3141], [-87.2021, 36.3149], [-87.2013, 36.3141], [-87.2048, 36.3127], [-87.2022, 36.3122], [-87.1952, 36.3133], [-87.1954, 36.3123], [-87.1978, 36.3115], [-87.1918, 36.3122], [-87.1955, 36.3111], [-87.1919, 36.3114], [-87.1927, 36.3111], [-87.2017, 36.3106], [-87.2021, 36.31], [-87.1976, 36.3092], [-87.1981, 36.3101], [-87.1961, 36.3102], [-87.1967, 36.3096], [-87.1963, 36.3091], [-87.1914, 36.3074], [-87.2013, 36.3092], [-87.2023, 36.3087], [-87.2038, 36.3066], [-87.2033, 36.3019], [-87.2041, 36.3017], [-87.2061, 36.2984], [-87.204, 36.2944], [-87.2064, 36.2975], [-87.2088, 36.2988], [-87.206, 36.3025], [-87.2058, 36.3065], [-87.2034, 36.3107], [-87.2155, 36.3143], [-87.2218, 36.3182], [-87.2237, 36.3187], [-87.222, 36.3202], [-87.221, 36.3195], [-87.2245, 36.3223], [-87.222, 36.3203], [-87.2232, 36.3193], [-87.224, 36.319], [-87.2263, 36.3213]]]}, "properties": {"OBJECTID": 2470, "Object_Name": "", "Information": "", "Source_Date": "20050701", "Source_Indication": "US,U3,IMAGE,Photo_Science_Inc_2005_Digitization", "Source_Dataset": "U37CR149.000", "Feature_ID": "U3 1393085359 00001"}}, {"type": "Feature", "id": 2473, "geometry": {"type": "Polygon", "coordinates": [[[-86.6608, 36.2481], [-86.6631, 36.2507], [-86.6701, 36.2553], [-86.668, 36.2521], [-86.6608, 36.2481]]]}, "properties": {"OBJECTID": 2473, "Object_Name": "", "Information": "", "Source_Date": "20040930", "Source_Indication": "US,U3,USACE,LRN_GIS_Data", "Source_Dataset": "U37CR149.000", "Feature_ID": "U3 1392973400 00001"}}, {"type": "Feature", "id": 2488, "geometry": {"type": "Polygon", "coordinates": [[[-86.6363, 36.27], [-86.6365, 36.2704], [-86.6367, 36.27], [-86.6363, 36.27]]]}, "properties": {"OBJECTID": 2488, "Object_Name": "", "Information": "", "Source_Date": "20040930", "Source_Indication": "US,U3,USACE,LRN_GIS_Data", "Source_Dataset": "U37CR149.000", "Feature_ID": "U3 1392973060 00001"}}, {"type": "Feature", "id": 2493, "geometry": {"type": "Polygon", "coordinates": [[[-86.6348, 36.2716], [-86.635, 36.2708], [-86.6343, 36.2708], [-86.6342, 36.272], [-86.6348, 36.2716]]]}, "properties": {"OBJECTID": 2493, "Object_Name": "", "Information": "", "Source_Date": "20040930", "Source_Indication": "US,U3,USACE,LRN_GIS_Data", "Source_Dataset": "U37CR149.000", "Feature_ID": "U3 1392973009 00001"}}, {"type": "Feature", "id": 2501, "geometry": {"type": "Polygon", "coordinates": [[[-87.23, 36.3484], [-87.23, 36.3283], [-87.2241, 36.3225], [-87.2257, 36.3237], [-87.2159, 36.3166], [-87.2128, 36.3158], [-87.2018, 36.3172], [-87.1893, 36.3152], [-87.1735, 36.3152], [-87.168, 36.3115], [-87.1559, 36.3085], [-87.1387, 36.2999], [-87.1148, 36.2963], [-87.0999, 36.2879], [-87.0849, 36.2823], [-87.0804, 36.2796], [-87.0777, 36.2767], [-87.0758, 36.2729], [-87.0707, 36.2584], [-87.0674, 36.2546], [-87.0609, 36.2504], [-87.0578, 36.2494], [-87.0589, 36.2528], [-87.0625, 36.2572], [-87.0607, 36.262], [-87.061, 36.2627], [-87.0602, 36.2622], [-87.0575, 36.2627], [-87.0519, 36.2604], [-87.0498, 36.2609], [-87.0521, 36.2598], [-87.0503, 36.2585], [-87.0504, 36.2577], [-87.0526, 36.2592], [-87.0513, 36.257], [-87.0518, 36.2566], [-87.053, 36.2575], [-87.0541, 36.2573], [-87.0552, 36.2597], [-87.0563, 36.2592], [-87.056, 36.2578], [-87.0574, 36.2588], [-87.0567, 36.2574], [-87.0572, 36.2574], [-87.0579, 36.2597], [-87.0588, 36.2593], [-87.058, 36.258], [-87.0612, 36.2602], [-87.0607, 36.2591], [-87.0614, 36.2562], [-87.0585, 36.253], [-87.0575, 36.2529], [-87.0584, 36.2526], [-87.0577, 36.2508], [-87.0569, 36.2512], [-87.0576, 36.2506], [-87.0575, 36.2487], [-87.0366, 36.2387], [-87.0262, 36.2282], [-87.0148, 36.2207], [-87.0036, 36.2158], [-86.9915, 36.2121], [-86.9857, 36.211], [-86.9718, 36.2112], [-86.9679, 36.2096], [-86.9472, 36.2046], [-86.9414, 36.1988], [-86.9404, 36.1958], [-86.9403, 36.1912], [-86.9414, 36.1847], [-86.9407, 36.1664], [-86.9387, 36.1542], [-86.9246, 36.14], [-86.921, 36.1386], [-86.9091, 36.1364], [-86.9003, 36.1374], [-86.8943, 36.1416], [-86.8908, 36.1487], [-86.8889, 36.1576], [-86.8891, 36.161], [-86.891, 36.165], [-86.8945, 36.1687], [-86.8996, 36.1708], [-86.9033, 36.1741], [-86.9042, 36.1765], [-86.9123, 36.1863], [-86.9137, 36.1892], [-86.9138, 36.1929], [-86.9122, 36.1971], [-86.9075, 36.2037], [-86.9028, 36.2072], [-86.8961, 36.2078], [-86.8875, 36.2055], [-86.8859, 36.2065], [-86.8867, 36.2051], [-86.8814, 36.2022], [-86.873, 36.1954], [-86.8627, 36.18], [-86.8568, 36.1736], [-86.8515, 36.1696], [-86.8458, 36.1675], [-86.8412, 36.1674], [-86.838, 36.17], [-86.8343, 36.1765], [-86.8311, 36.1876], [-86.8233, 36.1969], [-86.82, 36.1993], [-86.8124, 36.2025], [-86.8037, 36.2033], [-86.7932, 36.2016], [-86.7848, 36.1973], [-86.7818, 36.1915], [-86.7806, 36.1853], [-86.7807, 36.1795], [-86.7794, 36.1756], [-86.7735, 36.1646], [-86.7722, 36.1629], [-86.7677, 36.1604], [-86.7653, 36.1595], [-86.7616, 36.1595], [-86.7496, 36.1612], [-86.7407, 36.1638], [-86.7204, 36.1655], [-86.7151, 36.1671], [-86.7086, 36.1716], [-86.7015, 36.18], [-86.6929, 36.1877], [-86.6909, 36.1913], [-86.6918, 36.1943], [-86.6958, 36.1998], [-86.7013, 36.2097], [-86.7076, 36.2177], [-86.7097, 36.2265], [-86.7132, 36.2337], [-86.7136, 36.2369], [-86.7125, 36.2403], [-86.7059, 36.2452], [-86.7036, 36.2463], [-86.6917, 36.2469], [-86.6839, 36.2428], [-86.6771, 36.2279], [-86.6754, 36.206], [-86.6714, 36.198], [-86.6682, 36.1942], [-86.6648, 36.1935], [-86.661, 36.1938], [-86.6534, 36.1966], [-86.6459, 36.2014], [-86.6398, 36.2086], [-86.6449, 36.2251], [-86.6489, 36.2343], [-86.6566, 36.242], [-86.6609, 36.2476], [-86.6688, 36.2525], [-86.676, 36.2631], [-86.6809, 36.267], [-86.6863, 36.277], [-86.6874, 36.2807], [-86.6874, 36.2873], [-86.6783, 36.2981], [-86.6749, 36.3004], [-86.6701, 36.3018], [-86.662, 36.3002], [-86.6556, 36.2977], [-86.6563, 36.296], [-86.6587, 36.2973], [-86.6549, 36.2951], [-86.6562, 36.2959], [-86.655, 36.2976], [-86.6506, 36.2961], [-86.6504, 36.2976], [-86.6488, 36.2973], [-86.6455, 36.3007], [-86.6461, 36.2977], [-86.6443, 36.2973], [-86.6472, 36.2965], [-86.6481, 36.2949], [-86.6457, 36.2941], [-86.6444, 36.2945], [-86.6426, 36.2931], [-86.644, 36.2925], [-86.6372, 36.2885], [-86.6356, 36.2892], [-86.6364, 36.2915], [-86.6346, 36.2895], [-86.6323, 36.2886], [-86.6311, 36.2905], [-86.6291, 36.2852], [-86.6294, 36.2837], [-86.631, 36.2823], [-86.6272, 36.2844], [-86.6258, 36.2861], [-86.6269, 36.2832], [-86.6261, 36.2826], [-86.6274, 36.2806], [-86.6243, 36.2778], [-86.6291, 36.2796], [-86.631, 36.2792], [-86.6322, 36.2764], [-86.6313, 36.276], [-86.6317, 36.2739], [-86.6305, 36.2727], [-86.6322, 36.2718], [-86.6332, 36.2679], [-86.6316, 36.2668], [-86.6344, 36.2669], [-86.6355, 36.2685], [-86.6362, 36.2679], [-86.6346, 36.2662], [-86.6349, 36.2627], [-86.6314, 36.2586], [-86.6288, 36.2626], [-86.6276, 36.263], [-86.6278, 36.2612], [-86.6292, 36.2593], [-86.6287, 36.2581], [-86.63, 36.2568], [-86.6239, 36.2529], [-86.6225, 36.2548], [-86.6226, 36.2562], [-86.6208, 36.2553], [-86.6208, 36.3085], [-86.6248, 36.3044], [-86.6252, 36.298], [-86.6338, 36.3002], [-86.6368, 36.3064], [-86.6438, 36.3096], [-86.6495, 36.3092], [-86.6538, 36.3069], [-86.6682, 36.3107], [-86.6721, 36.3106], [-86.6787, 36.3089], [-86.684, 36.3062], [-86.6893, 36.3014], [-86.6971, 36.2916], [-86.6985, 36.2872], [-86.6985, 36.2808], [-86.6972, 36.275], [-86.6908, 36.263], [-86.6847, 36.2574], [-86.6816, 36.2526], [-86.6905, 36.2558], [-86.7071, 36.2547], [-86.7131, 36.252], [-86.7208, 36.2463], [-86.7239, 36.2409], [-86.7246, 36.2352], [-86.718, 36.2146], [-86.7029, 36.192], [-86.7191, 36.176], [-86.7244, 36.1742], [-86.7361, 36.1736], [-86.7628, 36.1686], [-86.769, 36.179], [-86.7714, 36.195], [-86.7766, 36.203], [-86.7824, 36.2072], [-86.7882, 36.2097], [-86.8021, 36.2122], [-86.8161, 36.211], [-86.8278, 36.2057], [-86.8337, 36.2009], [-86.8403, 36.1928], [-86.8458, 36.1775], [-86.8527, 36.1842], [-86.8641, 36.2006], [-86.8787, 36.2133], [-86.8845, 36.2155], [-86.9006, 36.2168], [-86.9062, 36.2158], [-86.9125, 36.2125], [-86.9172, 36.208], [-86.9242, 36.1965], [-86.9244, 36.1867], [-86.9212, 36.1809], [-86.9117, 36.1682], [-86.9066, 36.1639], [-86.9016, 36.1615], [-86.9001, 36.1587], [-86.9012, 36.1521], [-86.9029, 36.1476], [-86.9049, 36.1458], [-86.9071, 36.1454], [-86.9182, 36.1476], [-86.9282, 36.1582], [-86.9295, 36.1653], [-86.9302, 36.1824], [-86.929, 36.1921], [-86.9296, 36.1982], [-86.9318, 36.2034], [-86.9401, 36.2115], [-86.9473, 36.2143], [-86.97, 36.2201], [-86.9882, 36.2207], [-87.0085, 36.2282], [-87.0189, 36.2352], [-87.0307, 36.2463], [-87.042, 36.2519], [-87.0397, 36.2551], [-87.0386, 36.261], [-87.0388, 36.2676], [-87.0419, 36.2693], [-87.0557, 36.2715], [-87.0634, 36.2715], [-87.0673, 36.2799], [-87.0739, 36.2871], [-87.0811, 36.2908], [-87.0916, 36.2944], [-87.1107, 36.3045], [-87.1617, 36.3192], [-87.1703, 36.3237], [-87.1891, 36.3243], [-87.2019, 36.3262], [-87.2112, 36.3252], [-87.2201, 36.3326], [-87.2244, 36.3438], [-87.23, 36.3484]]]}, "properties": {"OBJECTID": 2501, "Object_Name": "", "Information": "", "Source_Date": "20120101", "Source_Indication": "US,U3,IMAGE,2012_1M_NAIP_Imagery", "Source_Dataset": "U37CR149.000", "Feature_ID": "U3 1393085358 00001"}}, {"type": "Feature", "id": 2502, "geometry": {"type": "Polygon", "coordinates": [[[-86.6208, 36.2543], [-86.6223, 36.2524], [-86.6208, 36.2515], [-86.6208, 36.2543]]]}, "properties": {"OBJECTID": 2502, "Object_Name": "", "Information": "", "Source_Date": "20120101", "Source_Indication": "US,U3,IMAGE,2012_1M_NAIP_Imagery", "Source_Dataset": "U37CR149.000", "Feature_ID": "U3 1393085358 00001"}}, {"type": "Feature", "id": 2503, "geometry": {"type": "Polygon", "coordinates": [[[-86.4369, 36.3386], [-86.4369, 36.3386], [-86.4369, 36.3387], [-86.4369, 36.3386]]]}, "properties": {"OBJECTID": 2503, "Object_Name": "", "Information": "", "Source_Date": "20140603", "Source_Indication": "US,U3,SURVY,2014_SEAS_LIDAR_Mapping_Survey", "Source_Dataset": "U37CR221.000", "Feature_ID": "U3 1392979840 00001"}}, {"type": "Feature", "id": 2504, "geometry": {"type": "Polygon", "coordinates": [[[-86.4372, 36.3393], [-86.4371, 36.3394], [-86.4372, 36.3394], [-86.4372, 36.3393]]]}, "properties": {"OBJECTID": 2504, "Object_Name": "", "Information": "", "Source_Date": "20140603", "Source_Indication": "US,U3,SURVY,2014_SEAS_LIDAR_Mapping_Survey", "Source_Dataset": "U37CR221.000", "Feature_ID": "U3 1392979843 00001"}}, {"type": "Feature", "id": 2505, "geometry": {"type": "Polygon", "coordinates": [[[-86.437, 36.3386], [-86.437, 36.3386], [-86.437, 36.3386], [-86.437, 36.3386]]]}, "properties": {"OBJECTID": 2505, "Object_Name": "", "Information": "", "Source_Date": "20140603", "Source_Indication": "US,U3,SURVY,2014_SEAS_LIDAR_Mapping_Survey", "Source_Dataset": "U37CR221.000", "Feature_ID": "U3 1392979844 00001"}}, {"type": "Feature", "id": 2506, "geometry": {"type": "Polygon", "coordinates": [[[-86.437, 36.3388], [-86.437, 36.3388], [-86.4369, 36.3388], [-86.437, 36.3388]]]}, "properties": {"OBJECTID": 2506, "Object_Name": "", "Information": "", "Source_Date": "20140603", "Source_Indication": "US,U3,SURVY,2014_SEAS_LIDAR_Mapping_Survey", "Source_Dataset": "U37CR221.000", "Feature_ID": "U3 1392979845 00001"}}, {"type": "Feature", "id": 2507, "geometry": {"type": "Polygon", "coordinates": [[[-86.4369, 36.3385], [-86.4369, 36.3385], [-86.4369, 36.3385], [-86.4369, 36.3385]]]}, "properties": {"OBJECTID": 2507, "Object_Name": "", "Information": "", "Source_Date": "20140603", "Source_Indication": "US,U3,SURVY,2014_SEAS_LIDAR_Mapping_Survey", "Source_Dataset": "U37CR221.000", "Feature_ID": "U3 1392979846 00001"}}, {"type": "Feature", "id": 2508, "geometry": {"type": "Polygon", "coordinates": [[[-86.4371, 36.339], [-86.437, 36.339], [-86.437, 36.339], [-86.4371, 36.339]]]}, "properties": {"OBJECTID": 2508, "Object_Name": "", "Information": "", "Source_Date": "20140603", "Source_Indication": "US,U3,SURVY,2014_SEAS_LIDAR_Mapping_Survey", "Source_Dataset": "U37CR221.000", "Feature_ID": "U3 1392979847 00001"}}, {"type": "Feature", "id": 2509, "geometry": {"type": "Polygon", "coordinates": [[[-86.4369, 36.3394], [-86.437, 36.3394], [-86.4369, 36.3394], [-86.4369, 36.3394]]]}, "properties": {"OBJECTID": 2509, "Object_Name": "", "Information": "", "Source_Date": "20140603", "Source_Indication": "US,U3,SURVY,2014_SEAS_LIDAR_Mapping_Survey", "Source_Dataset": "U37CR221.000", "Feature_ID": "U3 1392979848 00001"}}, {"type": "Feature", "id": 2510, "geometry": {"type": "Polygon", "coordinates": [[[-86.4369, 36.3385], [-86.4369, 36.3385], [-86.4369, 36.3385], [-86.4369, 36.3385]]]}, "properties": {"OBJECTID": 2510, "Object_Name": "", "Information": "", "Source_Date": "20140603", "Source_Indication": "US,U3,SURVY,2014_SEAS_LIDAR_Mapping_Survey", "Source_Dataset": "U37CR221.000", "Feature_ID": "U3 1392979849 00001"}}, {"type": "Feature", "id": 2511, "geometry": {"type": "Polygon", "coordinates": [[[-86.4367, 36.3384], [-86.4367, 36.3384], [-86.4366, 36.3385], [-86.4367, 36.3384]]]}, "properties": {"OBJECTID": 2511, "Object_Name": "", "Information": "", "Source_Date": "20140603", "Source_Indication": "US,U3,SURVY,2014_SEAS_LIDAR_Mapping_Survey", "Source_Dataset": "U37CR221.000", "Feature_ID": "U3 1392979850 00001"}}, {"type": "Feature", "id": 2512, "geometry": {"type": "Polygon", "coordinates": [[[-86.4367, 36.3388], [-86.4368, 36.3388], [-86.4367, 36.3388], [-86.4367, 36.3388]]]}, "properties": {"OBJECTID": 2512, "Object_Name": "", "Information": "", "Source_Date": "20140603", "Source_Indication": "US,U3,SURVY,2014_SEAS_LIDAR_Mapping_Survey", "Source_Dataset": "U37CR221.000", "Feature_ID": "U3 1392979852 00001"}}, {"type": "Feature", "id": 2513, "geometry": {"type": "Polygon", "coordinates": [[[-86.4373, 36.3402], [-86.4374, 36.3402], [-86.4374, 36.3402], [-86.4373, 36.3402]]]}, "properties": {"OBJECTID": 2513, "Object_Name": "", "Information": "", "Source_Date": "20140603", "Source_Indication": "US,U3,SURVY,2014_SEAS_LIDAR_Mapping_Survey", "Source_Dataset": "U37CR221.000", "Feature_ID": "U3 1392979853 00001"}}, {"type": "Feature", "id": 2514, "geometry": {"type": "Polygon", "coordinates": [[[-86.437, 36.3388], [-86.437, 36.3388], [-86.437, 36.3388], [-86.437, 36.3388]]]}, "properties": {"OBJECTID": 2514, "Object_Name": "", "Information": "", "Source_Date": "20140603", "Source_Indication": "US,U3,SURVY,2014_SEAS_LIDAR_Mapping_Survey", "Source_Dataset": "U37CR221.000", "Feature_ID": "U3 1392979854 00001"}}, {"type": "Feature", "id": 2515, "geometry": {"type": "Polygon", "coordinates": [[[-86.4367, 36.3375], [-86.4366, 36.3374], [-86.4366, 36.3375], [-86.4367, 36.3375]]]}, "properties": {"OBJECTID": 2515, "Object_Name": "", "Information": "", "Source_Date": "20140603", "Source_Indication": "US,U3,SURVY,2014_SEAS_LIDAR_Mapping_Survey", "Source_Dataset": "U37CR221.000", "Feature_ID": "U3 1392979859 00001"}}, {"type": "Feature", "id": 2516, "geometry": {"type": "Polygon", "coordinates": [[[-86.4366, 36.3374], [-86.4366, 36.3374], [-86.4366, 36.3374], [-86.4366, 36.3374]]]}, "properties": {"OBJECTID": 2516, "Object_Name": "", "Information": "", "Source_Date": "20140603", "Source_Indication": "US,U3,SURVY,2014_SEAS_LIDAR_Mapping_Survey", "Source_Dataset": "U37CR221.000", "Feature_ID": "U3 1392979860 00001"}}, {"type": "Feature", "id": 2517, "geometry": {"type": "Polygon", "coordinates": [[[-86.4366, 36.3376], [-86.4366, 36.3376], [-86.4366, 36.3376], [-86.4366, 36.3376]]]}, "properties": {"OBJECTID": 2517, "Object_Name": "", "Information": "", "Source_Date": "20140603", "Source_Indication": "US,U3,SURVY,2014_SEAS_LIDAR_Mapping_Survey", "Source_Dataset": "U37CR221.000", "Feature_ID": "U3 1392979861 00001"}}, {"type": "Feature", "id": 2518, "geometry": {"type": "Polygon", "coordinates": [[[-86.4367, 36.3376], [-86.4367, 36.3376], [-86.4367, 36.3376], [-86.4367, 36.3376]]]}, "properties": {"OBJECTID": 2518, "Object_Name": "", "Information": "", "Source_Date": "20140603", "Source_Indication": "US,U3,SURVY,2014_SEAS_LIDAR_Mapping_Survey", "Source_Dataset": "U37CR221.000", "Feature_ID": "U3 1392979862 00001"}}, {"type": "Feature", "id": 2519, "geometry": {"type": "Polygon", "coordinates": [[[-86.4366, 36.3374], [-86.4366, 36.3374], [-86.4366, 36.3374], [-86.4366, 36.3374]]]}, "properties": {"OBJECTID": 2519, "Object_Name": "", "Information": "", "Source_Date": "20140603", "Source_Indication": "US,U3,SURVY,2014_SEAS_LIDAR_Mapping_Survey", "Source_Dataset": "U37CR221.000", "Feature_ID": "U3 1392979863 00001"}}, {"type": "Feature", "id": 2520, "geometry": {"type": "Polygon", "coordinates": [[[-86.4366, 36.3375], [-86.4366, 36.3375], [-86.4366, 36.3375], [-86.4366, 36.3375]]]}, "properties": {"OBJECTID": 2520, "Object_Name": "", "Information": "", "Source_Date": "20140603", "Source_Indication": "US,U3,SURVY,2014_SEAS_LIDAR_Mapping_Survey", "Source_Dataset": "U37CR221.000", "Feature_ID": "U3 1392979864 00001"}}, {"type": "Feature", "id": 2521, "geometry": {"type": "Polygon", "coordinates": [[[-86.4363, 36.3374], [-86.4364, 36.3374], [-86.4363, 36.3374], [-86.4363, 36.3374]]]}, "properties": {"OBJECTID": 2521, "Object_Name": "", "Information": "", "Source_Date": "20140603", "Source_Indication": "US,U3,SURVY,2014_SEAS_LIDAR_Mapping_Survey", "Source_Dataset": "U37CR221.000", "Feature_ID": "U3 1392979865 00001"}}, {"type": "Feature", "id": 2522, "geometry": {"type": "Polygon", "coordinates": [[[-86.4366, 36.3373], [-86.4366, 36.3373], [-86.4365, 36.3373], [-86.4366, 36.3373]]]}, "properties": {"OBJECTID": 2522, "Object_Name": "", "Information": "", "Source_Date": "20140603", "Source_Indication": "US,U3,SURVY,2014_SEAS_LIDAR_Mapping_Survey", "Source_Dataset": "U37CR221.000", "Feature_ID": "U3 1392979866 00001"}}, {"type": "Feature", "id": 2523, "geometry": {"type": "Polygon", "coordinates": [[[-86.4367, 36.338], [-86.4367, 36.338], [-86.4367, 36.338], [-86.4367, 36.338]]]}, "properties": {"OBJECTID": 2523, "Object_Name": "", "Information": "", "Source_Date": "20140603", "Source_Indication": "US,U3,SURVY,2014_SEAS_LIDAR_Mapping_Survey", "Source_Dataset": "U37CR221.000", "Feature_ID": "U3 1392979867 00001"}}, {"type": "Feature", "id": 2524, "geometry": {"type": "Polygon", "coordinates": [[[-86.4368, 36.3381], [-86.4368, 36.3381], [-86.4368, 36.3381], [-86.4368, 36.3381]]]}, "properties": {"OBJECTID": 2524, "Object_Name": "", "Information": "", "Source_Date": "20140603", "Source_Indication": "US,U3,SURVY,2014_SEAS_LIDAR_Mapping_Survey", "Source_Dataset": "U37CR221.000", "Feature_ID": "U3 1392979868 00001"}}, {"type": "Feature", "id": 2525, "geometry": {"type": "Polygon", "coordinates": [[[-86.4368, 36.3383], [-86.4368, 36.3383], [-86.4368, 36.3383], [-86.4368, 36.3383]]]}, "properties": {"OBJECTID": 2525, "Object_Name": "", "Information": "", "Source_Date": "20140603", "Source_Indication": "US,U3,SURVY,2014_SEAS_LIDAR_Mapping_Survey", "Source_Dataset": "U37CR221.000", "Feature_ID": "U3 1392979869 00001"}}, {"type": "Feature", "id": 2526, "geometry": {"type": "Polygon", "coordinates": [[[-86.4368, 36.338], [-86.4368, 36.338], [-86.4368, 36.338], [-86.4368, 36.338]]]}, "properties": {"OBJECTID": 2526, "Object_Name": "", "Information": "", "Source_Date": "20140603", "Source_Indication": "US,U3,SURVY,2014_SEAS_LIDAR_Mapping_Survey", "Source_Dataset": "U37CR221.000", "Feature_ID": "U3 1392979870 00001"}}, {"type": "Feature", "id": 2527, "geometry": {"type": "Polygon", "coordinates": [[[-86.4365, 36.3381], [-86.4366, 36.3381], [-86.4365, 36.3381], [-86.4365, 36.3381]]]}, "properties": {"OBJECTID": 2527, "Object_Name": "", "Information": "", "Source_Date": "20140603", "Source_Indication": "US,U3,SURVY,2014_SEAS_LIDAR_Mapping_Survey", "Source_Dataset": "U37CR221.000", "Feature_ID": "U3 1392979871 00001"}}, {"type": "Feature", "id": 2528, "geometry": {"type": "Polygon", "coordinates": [[[-86.4367, 36.3378], [-86.4367, 36.3378], [-86.4367, 36.3378], [-86.4367, 36.3378]]]}, "properties": {"OBJECTID": 2528, "Object_Name": "", "Information": "", "Source_Date": "20140603", "Source_Indication": "US,U3,SURVY,2014_SEAS_LIDAR_Mapping_Survey", "Source_Dataset": "U37CR221.000", "Feature_ID": "U3 1392979872 00001"}}, {"type": "Feature", "id": 2529, "geometry": {"type": "Polygon", "coordinates": [[[-86.4369, 36.3383], [-86.4369, 36.3383], [-86.4369, 36.3383], [-86.4369, 36.3383]]]}, "properties": {"OBJECTID": 2529, "Object_Name": "", "Information": "", "Source_Date": "20140603", "Source_Indication": "US,U3,SURVY,2014_SEAS_LIDAR_Mapping_Survey", "Source_Dataset": "U37CR221.000", "Feature_ID": "U3 1392979873 00001"}}, {"type": "Feature", "id": 2530, "geometry": {"type": "Polygon", "coordinates": [[[-86.4367, 36.3378], [-86.4367, 36.3378], [-86.4367, 36.3378], [-86.4367, 36.3378]]]}, "properties": {"OBJECTID": 2530, "Object_Name": "", "Information": "", "Source_Date": "20140603", "Source_Indication": "US,U3,SURVY,2014_SEAS_LIDAR_Mapping_Survey", "Source_Dataset": "U37CR221.000", "Feature_ID": "U3 1392979874 00001"}}, {"type": "Feature", "id": 2531, "geometry": {"type": "Polygon", "coordinates": [[[-86.4364, 36.3378], [-86.4365, 36.3377], [-86.4364, 36.3378], [-86.4364, 36.3378]]]}, "properties": {"OBJECTID": 2531, "Object_Name": "", "Information": "", "Source_Date": "20140603", "Source_Indication": "US,U3,SURVY,2014_SEAS_LIDAR_Mapping_Survey", "Source_Dataset": "U37CR221.000", "Feature_ID": "U3 1392979875 00001"}}, {"type": "Feature", "id": 2532, "geometry": {"type": "Polygon", "coordinates": [[[-86.4368, 36.3381], [-86.4368, 36.3381], [-86.4368, 36.3381], [-86.4368, 36.3381]]]}, "properties": {"OBJECTID": 2532, "Object_Name": "", "Information": "", "Source_Date": "20140603", "Source_Indication": "US,U3,SURVY,2014_SEAS_LIDAR_Mapping_Survey", "Source_Dataset": "U37CR221.000", "Feature_ID": "U3 1392979876 00001"}}, {"type": "Feature", "id": 2533, "geometry": {"type": "Polygon", "coordinates": [[[-86.4366, 36.3372], [-86.4366, 36.3372], [-86.4366, 36.3372], [-86.4366, 36.3372]]]}, "properties": {"OBJECTID": 2533, "Object_Name": "", "Information": "", "Source_Date": "20140603", "Source_Indication": "US,U3,SURVY,2014_SEAS_LIDAR_Mapping_Survey", "Source_Dataset": "U37CR221.000", "Feature_ID": "U3 1392979882 00001"}}, {"type": "Feature", "id": 2534, "geometry": {"type": "Polygon", "coordinates": [[[-86.4366, 36.3373], [-86.4366, 36.3373], [-86.4366, 36.3373], [-86.4366, 36.3373]]]}, "properties": {"OBJECTID": 2534, "Object_Name": "", "Information": "", "Source_Date": "20140603", "Source_Indication": "US,U3,SURVY,2014_SEAS_LIDAR_Mapping_Survey", "Source_Dataset": "U37CR221.000", "Feature_ID": "U3 1392979883 00001"}}, {"type": "Feature", "id": 2535, "geometry": {"type": "Polygon", "coordinates": [[[-86.4365, 36.3372], [-86.4365, 36.3372], [-86.4365, 36.3372], [-86.4365, 36.3372]]]}, "properties": {"OBJECTID": 2535, "Object_Name": "", "Information": "", "Source_Date": "20140603", "Source_Indication": "US,U3,SURVY,2014_SEAS_LIDAR_Mapping_Survey", "Source_Dataset": "U37CR221.000", "Feature_ID": "U3 1392979888 00001"}}, {"type": "Feature", "id": 2536, "geometry": {"type": "Polygon", "coordinates": [[[-86.3474, 36.3952], [-86.3474, 36.3954], [-86.3475, 36.3953], [-86.3474, 36.3952]]]}, "properties": {"OBJECTID": 2536, "Object_Name": "", "Information": "", "Source_Date": "20040930", "Source_Indication": "US,U3,USACE,LRN_GIS", "Source_Dataset": "U37CR221.000", "Feature_ID": "U3 1392981020 00001"}}, {"type": "Feature", "id": 2537, "geometry": {"type": "Polygon", "coordinates": [[[-86.6004, 36.249], [-86.6002, 36.2483], [-86.5996, 36.2485], [-86.6004, 36.249]]]}, "properties": {"OBJECTID": 2537, "Object_Name": "", "Information": "", "Source_Date": "20040930", "Source_Indication": "US,U3,USACE,LRN_GIS", "Source_Dataset": "U37CR221.000", "Feature_ID": "U3 1392981027 00001"}}, {"type": "Feature", "id": 2538, "geometry": {"type": "Polygon", "coordinates": [[[-86.57, 36.2518], [-86.5721, 36.252], [-86.5708, 36.2507], [-86.5698, 36.251], [-86.57, 36.2518]]]}, "properties": {"OBJECTID": 2538, "Object_Name": "", "Information": "", "Source_Date": "20040930", "Source_Indication": "US,U3,USACE,LRN_GIS", "Source_Dataset": "U37CR221.000", "Feature_ID": "U3 1392981030 00001"}}, {"type": "Feature", "id": 2539, "geometry": {"type": "Polygon", "coordinates": [[[-86.4191, 36.3199], [-86.4196, 36.3221], [-86.4193, 36.3193], [-86.4191, 36.3199]]]}, "properties": {"OBJECTID": 2539, "Object_Name": "", "Information": "", "Source_Date": "20040930", "Source_Indication": "US,U3,USACE,LRN_GIS", "Source_Dataset": "U37CR221.000", "Feature_ID": "U3 1392981040 00001"}}, {"type": "Feature", "id": 2540, "geometry": {"type": "Polygon", "coordinates": [[[-86.4152, 36.3216], [-86.4153, 36.3216], [-86.4152, 36.3216], [-86.4152, 36.3216]]]}, "properties": {"OBJECTID": 2540, "Object_Name": "", "Information": "", "Source_Date": "20050414", "Source_Indication": "US,U3,USACE,LRN_GIS", "Source_Dataset": "U37CR221.000", "Feature_ID": "U3 1392981041 00001"}}, {"type": "Feature", "id": 2541, "geometry": {"type": "Polygon", "coordinates": [[[-86.4162, 36.3259], [-86.4163, 36.3259], [-86.4162, 36.3258], [-86.4162, 36.3259]]]}, "properties": {"OBJECTID": 2541, "Object_Name": "", "Information": "", "Source_Date": "20050414", "Source_Indication": "US,U3,USACE,LRN_GIS", "Source_Dataset": "U37CR221.000", "Feature_ID": "U3 1392981042 00001"}}, {"type": "Feature", "id": 2542, "geometry": {"type": "Polygon", "coordinates": [[[-86.3853, 36.3353], [-86.3849, 36.3369], [-86.3882, 36.3288], [-86.3888, 36.3207], [-86.3853, 36.3353]]]}, "properties": {"OBJECTID": 2542, "Object_Name": "", "Information": "", "Source_Date": "20040930", "Source_Indication": "US,U3,USACE,LRN_GIS", "Source_Dataset": "U37CR221.000", "Feature_ID": "U3 1392981049 00001"}}, {"type": "Feature", "id": 2543, "geometry": {"type": "Polygon", "coordinates": [[[-86.3858, 36.3164], [-86.3859, 36.3164], [-86.3859, 36.3162], [-86.3858, 36.3164]]]}, "properties": {"OBJECTID": 2543, "Object_Name": "", "Information": "", "Source_Date": "20040930", "Source_Indication": "US,U3,USACE,LRN_GIS", "Source_Dataset": "U37CR221.000", "Feature_ID": "U3 1392981050 00001"}}, {"type": "Feature", "id": 2544, "geometry": {"type": "Polygon", "coordinates": [[[-86.4422, 36.3369], [-86.4425, 36.3368], [-86.4419, 36.337], [-86.4422, 36.3369]]]}, "properties": {"OBJECTID": 2544, "Object_Name": "", "Information": "", "Source_Date": "20040930", "Source_Indication": "US,U3,USACE,LRN_GIS", "Source_Dataset": "U37CR221.000", "Feature_ID": "U3 1392981051 00001"}}, {"type": "Feature", "id": 2545, "geometry": {"type": "Polygon", "coordinates": [[[-86.4008, 36.3068], [-86.3996, 36.3069], [-86.4009, 36.3068], [-86.4008, 36.3068]]]}, "properties": {"OBJECTID": 2545, "Object_Name": "", "Information": "", "Source_Date": "20040930", "Source_Indication": "US,U3,USACE,LRN_GIS", "Source_Dataset": "U37CR221.000", "Feature_ID": "U3 1392981052 00001"}}, {"type": "Feature", "id": 2546, "geometry": {"type": "Polygon", "coordinates": [[[-86.4157, 36.3238], [-86.4157, 36.3238], [-86.4158, 36.3237], [-86.4157, 36.3238]]]}, "properties": {"OBJECTID": 2546, "Object_Name": "", "Information": "", "Source_Date": "20050414", "Source_Indication": "US,U3,USACE,LRN_GIS", "Source_Dataset": "U37CR221.000", "Feature_ID": "U3 1392981053 00001"}}, {"type": "Feature", "id": 2547, "geometry": {"type": "Polygon", "coordinates": [[[-86.3413, 36.4001], [-86.3412, 36.4003], [-86.3417, 36.3999], [-86.3413, 36.4001]]]}, "properties": {"OBJECTID": 2547, "Object_Name": "", "Information": "", "Source_Date": "20040930", "Source_Indication": "US,U3,USACE,LRN_GIS", "Source_Dataset": "U37CR221.000", "Feature_ID": "U3 1392981058 00001"}}, {"type": "Feature", "id": 2548, "geometry": {"type": "Polygon", "coordinates": [[[-86.3478, 36.3436], [-86.3486, 36.3464], [-86.3479, 36.3417], [-86.3478, 36.3436]]]}, "properties": {"OBJECTID": 2548, "Object_Name": "", "Information": "", "Source_Date": "20040930", "Source_Indication": "US,U3,USACE,LRN_GIS", "Source_Dataset": "U37CR221.000", "Feature_ID": "U3 1392981061 00001"}}, {"type": "Feature", "id": 2549, "geometry": {"type": "Polygon", "coordinates": [[[-86.381, 36.356], [-86.3804, 36.3557], [-86.3815, 36.3563], [-86.381, 36.356]]]}, "properties": {"OBJECTID": 2549, "Object_Name": "", "Information": "", "Source_Date": "20040930", "Source_Indication": "US,U3,USACE,LRN_GIS", "Source_Dataset": "U37CR221.000", "Feature_ID": "U3 1392981065 00001"}}, {"type": "Feature", "id": 2550, "geometry": {"type": "Polygon", "coordinates": [[[-86.3824, 36.3467], [-86.3826, 36.3462], [-86.3813, 36.3486], [-86.3824, 36.3467]]]}, "properties": {"OBJECTID": 2550, "Object_Name": "", "Information": "", "Source_Date": "20040930", "Source_Indication": "US,U3,USACE,LRN_GIS", "Source_Dataset": "U37CR221.000", "Feature_ID": "U3 1392981067 00001"}}, {"type": "Feature", "id": 2551, "geometry": {"type": "Polygon", "coordinates": [[[-86.39, 36.3163], [-86.39, 36.3163], [-86.3899, 36.3163], [-86.39, 36.3163]]]}, "properties": {"OBJECTID": 2551, "Object_Name": "", "Information": "", "Source_Date": "20040930", "Source_Indication": "US,U3,USACE,LRN_GIS", "Source_Dataset": "U37CR221.000", "Feature_ID": "U3 1392981068 00001"}}, {"type": "Feature", "id": 2552, "geometry": {"type": "Polygon", "coordinates": [[[-86.4901, 36.3112], [-86.4903, 36.3111], [-86.4901, 36.3109], [-86.4901, 36.3112]]]}, "properties": {"OBJECTID": 2552, "Object_Name": "", "Information": "", "Source_Date": "20040930", "Source_Indication": "US,U3,USACE,LRN_GIS", "Source_Dataset": "U37CR221.000", "Feature_ID": "U3 1392981070 00001"}}, {"type": "Feature", "id": 2553, "geometry": {"type": "Polygon", "coordinates": [[[-86.3482, 36.3916], [-86.3486, 36.3921], [-86.3478, 36.3909], [-86.3482, 36.3916]]]}, "properties": {"OBJECTID": 2553, "Object_Name": "", "Information": "", "Source_Date": "20040930", "Source_Indication": "US,U3,USACE,LRN_GIS", "Source_Dataset": "U37CR221.000", "Feature_ID": "U3 1392981072 00001"}}, {"type": "Feature", "id": 2554, "geometry": {"type": "Polygon", "coordinates": [[[-86.3644, 36.3564], [-86.3593, 36.3551], [-86.3636, 36.3572], [-86.3644, 36.3564]]]}, "properties": {"OBJECTID": 2554, "Object_Name": "", "Information": "", "Source_Date": "20040930", "Source_Indication": "US,U3,USACE,LRN_GIS", "Source_Dataset": "U37CR221.000", "Feature_ID": "U3 1392981074 00001"}}, {"type": "Feature", "id": 2555, "geometry": {"type": "Polygon", "coordinates": [[[-86.5165, 36.2576], [-86.5156, 36.2578], [-86.5155, 36.2589], [-86.5165, 36.2576]]]}, "properties": {"OBJECTID": 2555, "Object_Name": "", "Information": "", "Source_Date": "20040930", "Source_Indication": "US,U3,USACE,LRN_GIS", "Source_Dataset": "U37CR221.000", "Feature_ID": "U3 1392981075 00001"}}, {"type": "Feature", "id": 2556, "geometry": {"type": "Polygon", "coordinates": [[[-86.5182, 36.2864], [-86.5187, 36.2862], [-86.5175, 36.2866], [-86.5182, 36.2864]]]}, "properties": {"OBJECTID": 2556, "Object_Name": "", "Information": "", "Source_Date": "20040930", "Source_Indication": "US,U3,USACE,LRN_GIS", "Source_Dataset": "U37CR221.000", "Feature_ID": "U3 1392981077 00001"}}, {"type": "Feature", "id": 2557, "geometry": {"type": "Polygon", "coordinates": [[[-86.5345, 36.304], [-86.5346, 36.3041], [-86.5347, 36.304], [-86.5345, 36.304]]]}, "properties": {"OBJECTID": 2557, "Object_Name": "", "Information": "", "Source_Date": "20040930", "Source_Indication": "US,U3,USACE,LRN_GIS", "Source_Dataset": "U37CR221.000", "Feature_ID": "U3 1392981078 00001"}}, {"type": "Feature", "id": 2558, "geometry": {"type": "Polygon", "coordinates": [[[-86.3474, 36.3952], [-86.3473, 36.3952], [-86.3474, 36.3952], [-86.3474, 36.3952]]]}, "properties": {"OBJECTID": 2558, "Object_Name": "", "Information": "", "Source_Date": "20040930", "Source_Indication": "US,U3,USACE,LRN_GIS", "Source_Dataset": "U37CR221.000", "Feature_ID": "U3 1392981080 00001"}}, {"type": "Feature", "id": 2559, "geometry": {"type": "Polygon", "coordinates": [[[-86.3473, 36.395], [-86.3472, 36.3951], [-86.3473, 36.3951], [-86.3473, 36.395]]]}, "properties": {"OBJECTID": 2559, "Object_Name": "", "Information": "", "Source_Date": "20040930", "Source_Indication": "US,U3,USACE,LRN_GIS", "Source_Dataset": "U37CR221.000", "Feature_ID": "U3 1392981081 00001"}}, {"type": "Feature", "id": 2560, "geometry": {"type": "Polygon", "coordinates": [[[-86.1173, 36.3451], [-86.1167, 36.3451], [-86.1193, 36.3457], [-86.1173, 36.3451]]]}, "properties": {"OBJECTID": 2560, "Object_Name": "", "Information": "", "Source_Date": "20040930", "Source_Indication": "US,U3,USACE,LRN_GIS", "Source_Dataset": "U37CR221.000", "Feature_ID": "U3 1392981082 00001"}}, {"type": "Feature", "id": 2561, "geometry": {"type": "Polygon", "coordinates": [[[-86.6008, 36.2494], [-86.6007, 36.2496], [-86.601, 36.2497], [-86.6008, 36.2494]]]}, "properties": {"OBJECTID": 2561, "Object_Name": "", "Information": "", "Source_Date": "20040930", "Source_Indication": "US,U3,USACE,LRN_GIS", "Source_Dataset": "U37CR221.000", "Feature_ID": "U3 1392981083 00001"}}, {"type": "Feature", "id": 2562, "geometry": {"type": "Polygon", "coordinates": [[[-86.5596, 36.2734], [-86.5597, 36.2734], [-86.5594, 36.2731], [-86.5596, 36.2734]]]}, "properties": {"OBJECTID": 2562, "Object_Name": "", "Information": "", "Source_Date": "20040930", "Source_Indication": "US,U3,USACE,LRN_GIS", "Source_Dataset": "U37CR221.000", "Feature_ID": "U3 1392981086 00001"}}, {"type": "Feature", "id": 2563, "geometry": {"type": "Polygon", "coordinates": [[[-86.2472, 36.3048], [-86.2471, 36.3044], [-86.2469, 36.3046], [-86.2472, 36.3048]]]}, "properties": {"OBJECTID": 2563, "Object_Name": "", "Information": "", "Source_Date": "20040930", "Source_Indication": "US,U3,USACE,LRN_GIS", "Source_Dataset": "U37CR221.000", "Feature_ID": "U3 1392981088 00001"}}, {"type": "Feature", "id": 2564, "geometry": {"type": "Polygon", "coordinates": [[[-86.3355, 36.3171], [-86.3354, 36.3169], [-86.335, 36.3169], [-86.3355, 36.3171]]]}, "properties": {"OBJECTID": 2564, "Object_Name": "", "Information": "", "Source_Date": "20040930", "Source_Indication": "US,U3,USACE,LRN_GIS", "Source_Dataset": "U37CR221.000", "Feature_ID": "U3 1392981089 00001"}}, {"type": "Feature", "id": 2565, "geometry": {"type": "Polygon", "coordinates": [[[-86.0901, 36.3425], [-86.0906, 36.3423], [-86.0897, 36.3423], [-86.0901, 36.3425]]]}, "properties": {"OBJECTID": 2565, "Object_Name": "", "Information": "", "Source_Date": "20040930", "Source_Indication": "US,U3,USACE,LRN_GIS", "Source_Dataset": "U37CR221.000", "Feature_ID": "U3 1392981090 00001"}}, {"type": "Feature", "id": 2566, "geometry": {"type": "Polygon", "coordinates": [[[-86.5066, 36.2875], [-86.5076, 36.2862], [-86.5071, 36.2858], [-86.5066, 36.2875]]]}, "properties": {"OBJECTID": 2566, "Object_Name": "", "Information": "", "Source_Date": "20040930", "Source_Indication": "US,U3,USACE,LRN_GIS", "Source_Dataset": "U37CR221.000", "Feature_ID": "U3 1392981091 00001"}}, {"type": "Feature", "id": 2567, "geometry": {"type": "Polygon", "coordinates": [[[-86.4744, 36.323], [-86.4748, 36.323], [-86.475, 36.3227], [-86.4744, 36.323]]]}, "properties": {"OBJECTID": 2567, "Object_Name": "", "Information": "", "Source_Date": "20040930", "Source_Indication": "US,U3,USACE,LRN_GIS", "Source_Dataset": "U37CR221.000", "Feature_ID": "U3 1392981093 00001"}}, {"type": "Feature", "id": 2568, "geometry": {"type": "Polygon", "coordinates": [[[-86.3856, 36.3278], [-86.3858, 36.3278], [-86.3857, 36.3278], [-86.3856, 36.3278]]]}, "properties": {"OBJECTID": 2568, "Object_Name": "", "Information": "", "Source_Date": "20040930", "Source_Indication": "US,U3,USACE,LRN_GIS", "Source_Dataset": "U37CR221.000", "Feature_ID": "U3 1392981095 00001"}}, {"type": "Feature", "id": 2569, "geometry": {"type": "Polygon", "coordinates": [[[-86.5563, 36.3086], [-86.5562, 36.3086], [-86.5562, 36.3087], [-86.5563, 36.3086]]]}, "properties": {"OBJECTID": 2569, "Object_Name": "", "Information": "", "Source_Date": "20040930", "Source_Indication": "US,U3,USACE,LRN_GIS", "Source_Dataset": "U37CR221.000", "Feature_ID": "U3 1392981096 00001"}}, {"type": "Feature", "id": 2570, "geometry": {"type": "Polygon", "coordinates": [[[-86.3698, 36.2776], [-86.3698, 36.2774], [-86.3698, 36.2776], [-86.3698, 36.2776]]]}, "properties": {"OBJECTID": 2570, "Object_Name": "", "Information": "", "Source_Date": "20040930", "Source_Indication": "US,U3,USACE,LRN_GIS", "Source_Dataset": "U37CR221.000", "Feature_ID": "U3 1392981097 00001"}}, {"type": "Feature", "id": 2571, "geometry": {"type": "Polygon", "coordinates": [[[-86.4447, 36.3363], [-86.4453, 36.3361], [-86.4438, 36.3365], [-86.4447, 36.3363]]]}, "properties": {"OBJECTID": 2571, "Object_Name": "", "Information": "", "Source_Date": "20040930", "Source_Indication": "US,U3,USACE,LRN_GIS", "Source_Dataset": "U37CR221.000", "Feature_ID": "U3 1392981098 00001"}}, {"type": "Feature", "id": 2572, "geometry": {"type": "Polygon", "coordinates": [[[-86.4153, 36.3222], [-86.4154, 36.3222], [-86.4154, 36.3222], [-86.4153, 36.3222]]]}, "properties": {"OBJECTID": 2572, "Object_Name": "", "Information": "", "Source_Date": "20050414", "Source_Indication": "US,U3,USACE,LRN_GIS", "Source_Dataset": "U37CR221.000", "Feature_ID": "U3 1392981102 00001"}}, {"type": "Feature", "id": 2573, "geometry": {"type": "Polygon", "coordinates": [[[-86.517, 36.259], [-86.5171, 36.259], [-86.517, 36.2589], [-86.517, 36.259]]]}, "properties": {"OBJECTID": 2573, "Object_Name": "", "Information": "", "Source_Date": "20040930", "Source_Indication": "US,U3,USACE,LRN_GIS", "Source_Dataset": "U37CR221.000", "Feature_ID": "U3 1392981104 00001"}}, {"type": "Feature", "id": 2574, "geometry": {"type": "Polygon", "coordinates": [[[-86.0477, 36.2987], [-86.0474, 36.3059], [-86.0494, 36.3068], [-86.0496, 36.2997], [-86.0483, 36.2976], [-86.0477, 36.2987]]]}, "properties": {"OBJECTID": 2574, "Object_Name": "", "Information": "", "Source_Date": "20040930", "Source_Indication": "US,U3,USACE,LRN_GIS", "Source_Dataset": "U37CR221.000", "Feature_ID": "U3 1392981106 00001"}}, {"type": "Feature", "id": 2575, "geometry": {"type": "Polygon", "coordinates": [[[-86.4246, 36.3278], [-86.4249, 36.328], [-86.4245, 36.3274], [-86.4246, 36.3278]]]}, "properties": {"OBJECTID": 2575, "Object_Name": "", "Information": "", "Source_Date": "20040930", "Source_Indication": "US,U3,USACE,LRN_GIS", "Source_Dataset": "U37CR221.000", "Feature_ID": "U3 1392981107 00001"}}, {"type": "Feature", "id": 2576, "geometry": {"type": "Polygon", "coordinates": [[[-86.4799, 36.3659], [-86.4808, 36.3661], [-86.4804, 36.3658], [-86.4799, 36.3659]]]}, "properties": {"OBJECTID": 2576, "Object_Name": "", "Information": "", "Source_Date": "20040930", "Source_Indication": "US,U3,USACE,LRN_GIS", "Source_Dataset": "U37CR221.000", "Feature_ID": "U3 1392981109 00001"}}, {"type": "Feature", "id": 2577, "geometry": {"type": "Polygon", "coordinates": [[[-86.4163, 36.3264], [-86.4164, 36.3264], [-86.4164, 36.3264], [-86.4163, 36.3264]]]}, "properties": {"OBJECTID": 2577, "Object_Name": "", "Information": "", "Source_Date": "20050414", "Source_Indication": "US,U3,USACE,LRN_GIS", "Source_Dataset": "U37CR221.000", "Feature_ID": "U3 1392981110 00001"}}, {"type": "Feature", "id": 2578, "geometry": {"type": "Polygon", "coordinates": [[[-86.4688, 36.3235], [-86.4699, 36.3235], [-86.4769, 36.3179], [-86.4738, 36.3179], [-86.4724, 36.3194], [-86.4729, 36.3209], [-86.4724, 36.3204], [-86.4702, 36.3218], [-86.4685, 36.3213], [-86.4688, 36.3235]]]}, "properties": {"OBJECTID": 2578, "Object_Name": "", "Information": "", "Source_Date": "20040930", "Source_Indication": "US,U3,USACE,LRN_GIS", "Source_Dataset": "U37CR221.000", "Feature_ID": "U3 1392981111 00001"}}, {"type": "Feature", "id": 2579, "geometry": {"type": "Polygon", "coordinates": [[[-86.4093, 36.31], [-86.4094, 36.3101], [-86.4093, 36.31], [-86.4093, 36.31]]]}, "properties": {"OBJECTID": 2579, "Object_Name": "", "Information": "", "Source_Date": "20040930", "Source_Indication": "US,U3,USACE,LRN_GIS", "Source_Dataset": "U37CR221.000", "Feature_ID": "U3 1392981113 00001"}}, {"type": "Feature", "id": 2580, "geometry": {"type": "Polygon", "coordinates": [[[-86.3791, 36.3511], [-86.378, 36.3538], [-86.3788, 36.3527], [-86.3803, 36.3529], [-86.3815, 36.351], [-86.3832, 36.3514], [-86.3855, 36.3483], [-86.3837, 36.3496], [-86.383, 36.3486], [-86.3821, 36.3502], [-86.3794, 36.3519], [-86.3811, 36.3493], [-86.3799, 36.3486], [-86.3791, 36.3511]]]}, "properties": {"OBJECTID": 2580, "Object_Name": "", "Information": "", "Source_Date": "20040930", "Source_Indication": "US,U3,USACE,LRN_GIS", "Source_Dataset": "U37CR221.000", "Feature_ID": "U3 1392981119 00001"}}, {"type": "Feature", "id": 2581, "geometry": {"type": "Polygon", "coordinates": [[[-86.3691, 36.3531], [-86.37, 36.3528], [-86.3687, 36.3528], [-86.3691, 36.3531]]]}, "properties": {"OBJECTID": 2581, "Object_Name": "", "Information": "", "Source_Date": "20040930", "Source_Indication": "US,U3,USACE,LRN_GIS", "Source_Dataset": "U37CR221.000", "Feature_ID": "U3 1392981120 00001"}}, {"type": "Feature", "id": 2582, "geometry": {"type": "Polygon", "coordinates": [[[-86.3496, 36.352], [-86.3494, 36.3529], [-86.3502, 36.3526], [-86.3496, 36.352]]]}, "properties": {"OBJECTID": 2582, "Object_Name": "", "Information": "", "Source_Date": "20040930", "Source_Indication": "US,U3,USACE,LRN_GIS", "Source_Dataset": "U37CR221.000", "Feature_ID": "U3 1392981123 00001"}}, {"type": "Feature", "id": 2583, "geometry": {"type": "Polygon", "coordinates": [[[-86.3858, 36.3183], [-86.3859, 36.3183], [-86.3859, 36.3179], [-86.3858, 36.3183]]]}, "properties": {"OBJECTID": 2583, "Object_Name": "", "Information": "", "Source_Date": "20040930", "Source_Indication": "US,U3,USACE,LRN_GIS", "Source_Dataset": "U37CR221.000", "Feature_ID": "U3 1392981124 00001"}}, {"type": "Feature", "id": 2584, "geometry": {"type": "Polygon", "coordinates": [[[-86.3823, 36.3517], [-86.382, 36.3518], [-86.3828, 36.3518], [-86.3823, 36.3517]]]}, "properties": {"OBJECTID": 2584, "Object_Name": "", "Information": "", "Source_Date": "20040930", "Source_Indication": "US,U3,USACE,LRN_GIS", "Source_Dataset": "U37CR221.000", "Feature_ID": "U3 1392981126 00001"}}, {"type": "Feature", "id": 2585, "geometry": {"type": "Polygon", "coordinates": [[[-86.3876, 36.3163], [-86.3877, 36.317], [-86.3878, 36.3138], [-86.3876, 36.3163]]]}, "properties": {"OBJECTID": 2585, "Object_Name": "", "Information": "", "Source_Date": "20040930", "Source_Indication": "US,U3,USACE,LRN_GIS", "Source_Dataset": "U37CR221.000", "Feature_ID": "U3 1392981127 00001"}}, {"type": "Feature", "id": 2586, "geometry": {"type": "Polygon", "coordinates": [[[-86.4158, 36.3243], [-86.4159, 36.3243], [-86.4159, 36.3243], [-86.4158, 36.3243]]]}, "properties": {"OBJECTID": 2586, "Object_Name": "", "Information": "", "Source_Date": "20050414", "Source_Indication": "US,U3,USACE,LRN_GIS", "Source_Dataset": "U37CR221.000", "Feature_ID": "U3 1392981128 00001"}}, {"type": "Feature", "id": 2587, "geometry": {"type": "Polygon", "coordinates": [[[-86.3413, 36.3999], [-86.3424, 36.399], [-86.3409, 36.4002], [-86.3413, 36.3999]]]}, "properties": {"OBJECTID": 2587, "Object_Name": "", "Information": "", "Source_Date": "20040930", "Source_Indication": "US,U3,USACE,LRN_GIS", "Source_Dataset": "U37CR221.000", "Feature_ID": "U3 1392981131 00001"}}, {"type": "Feature", "id": 2588, "geometry": {"type": "Polygon", "coordinates": [[[-86.3471, 36.3843], [-86.3466, 36.3855], [-86.3486, 36.3841], [-86.3482, 36.3836], [-86.3471, 36.3843]]]}, "properties": {"OBJECTID": 2588, "Object_Name": "", "Information": "", "Source_Date": "20040930", "Source_Indication": "US,U3,USACE,LRN_GIS", "Source_Dataset": "U37CR221.000", "Feature_ID": "U3 1392981133 00001"}}, {"type": "Feature", "id": 2589, "geometry": {"type": "Polygon", "coordinates": [[[-86.3473, 36.3949], [-86.3473, 36.3948], [-86.3473, 36.395], [-86.3473, 36.3949]]]}, "properties": {"OBJECTID": 2589, "Object_Name": "", "Information": "", "Source_Date": "20040930", "Source_Indication": "US,U3,USACE,LRN_GIS", "Source_Dataset": "U37CR221.000", "Feature_ID": "U3 1392981135 00001"}}, {"type": "Feature", "id": 2590, "geometry": {"type": "Polygon", "coordinates": [[[-86.6054, 36.2484], [-86.6052, 36.2481], [-86.6049, 36.2484], [-86.6054, 36.2484]]]}, "properties": {"OBJECTID": 2590, "Object_Name": "", "Information": "", "Source_Date": "20040930", "Source_Indication": "US,U3,USACE,LRN_GIS", "Source_Dataset": "U37CR221.000", "Feature_ID": "U3 1392981141 00001"}}, {"type": "Feature", "id": 2591, "geometry": {"type": "Polygon", "coordinates": [[[-86.3512, 36.3254], [-86.3504, 36.3253], [-86.3497, 36.326], [-86.3512, 36.3254]]]}, "properties": {"OBJECTID": 2591, "Object_Name": "", "Information": "", "Source_Date": "20040930", "Source_Indication": "US,U3,USACE,LRN_GIS", "Source_Dataset": "U37CR221.000", "Feature_ID": "U3 1392981150 00001"}}, {"type": "Feature", "id": 2592, "geometry": {"type": "Polygon", "coordinates": [[[-86.5483, 36.3161], [-86.5487, 36.3162], [-86.5481, 36.316], [-86.5483, 36.3161]]]}, "properties": {"OBJECTID": 2592, "Object_Name": "", "Information": "", "Source_Date": "20040930", "Source_Indication": "US,U3,USACE,LRN_GIS", "Source_Dataset": "U37CR221.000", "Feature_ID": "U3 1392981153 00001"}}, {"type": "Feature", "id": 2593, "geometry": {"type": "Polygon", "coordinates": [[[-86.5688, 36.2601], [-86.5693, 36.2596], [-86.569, 36.2596], [-86.5688, 36.2601]]]}, "properties": {"OBJECTID": 2593, "Object_Name": "", "Information": "", "Source_Date": "20040930", "Source_Indication": "US,U3,USACE,LRN_GIS", "Source_Dataset": "U37CR221.000", "Feature_ID": "U3 1392981155 00001"}}, {"type": "Feature", "id": 2594, "geometry": {"type": "Polygon", "coordinates": [[[-86.3476, 36.3952], [-86.3476, 36.3952], [-86.3476, 36.3951], [-86.3476, 36.3952]]]}, "properties": {"OBJECTID": 2594, "Object_Name": "", "Information": "", "Source_Date": "20040930", "Source_Indication": "US,U3,USACE,LRN_GIS", "Source_Dataset": "U37CR221.000", "Feature_ID": "U3 1392981159 00001"}}, {"type": "Feature", "id": 2595, "geometry": {"type": "Polygon", "coordinates": [[[-86.5087, 36.2889], [-86.5083, 36.2883], [-86.5081, 36.2895], [-86.5087, 36.2889]]]}, "properties": {"OBJECTID": 2595, "Object_Name": "", "Information": "", "Source_Date": "20040930", "Source_Indication": "US,U3,USACE,LRN_GIS", "Source_Dataset": "U37CR221.000", "Feature_ID": "U3 1392981168 00001"}}, {"type": "Feature", "id": 2596, "geometry": {"type": "Polygon", "coordinates": [[[-86.083, 36.3433], [-86.0844, 36.3438], [-86.0895, 36.3427], [-86.083, 36.3433]]]}, "properties": {"OBJECTID": 2596, "Object_Name": "", "Information": "", "Source_Date": "20040930", "Source_Indication": "US,U3,USACE,LRN_GIS", "Source_Dataset": "U37CR221.000", "Feature_ID": "U3 1392981169 00001"}}, {"type": "Feature", "id": 2597, "geometry": {"type": "Polygon", "coordinates": [[[-86.1859, 36.3625], [-86.1858, 36.3644], [-86.1863, 36.3637], [-86.1859, 36.3625]]]}, "properties": {"OBJECTID": 2597, "Object_Name": "", "Information": "", "Source_Date": "20040930", "Source_Indication": "US,U3,USACE,LRN_GIS", "Source_Dataset": "U37CR221.000", "Feature_ID": "U3 1392981170 00001"}}, {"type": "Feature", "id": 2598, "geometry": {"type": "Polygon", "coordinates": [[[-86.5209, 36.2851], [-86.5202, 36.2842], [-86.5209, 36.2832], [-86.5197, 36.2842], [-86.5209, 36.2851]]]}, "properties": {"OBJECTID": 2598, "Object_Name": "", "Information": "", "Source_Date": "20040930", "Source_Indication": "US,U3,USACE,LRN_GIS", "Source_Dataset": "U37CR221.000", "Feature_ID": "U3 1392981174 00001"}}, {"type": "Feature", "id": 2599, "geometry": {"type": "Polygon", "coordinates": [[[-86.5053, 36.3037], [-86.5048, 36.304], [-86.5055, 36.3037], [-86.5053, 36.3037]]]}, "properties": {"OBJECTID": 2599, "Object_Name": "", "Information": "", "Source_Date": "20040930", "Source_Indication": "US,U3,USACE,LRN_GIS", "Source_Dataset": "U37CR221.000", "Feature_ID": "U3 1392981180 00001"}}, {"type": "Feature", "id": 2600, "geometry": {"type": "Polygon", "coordinates": [[[-86.2715, 36.3211], [-86.2689, 36.3224], [-86.2684, 36.3236], [-86.269, 36.3233], [-86.2691, 36.3241], [-86.268, 36.3252], [-86.2701, 36.3238], [-86.2715, 36.3211]]]}, "properties": {"OBJECTID": 2600, "Object_Name": "", "Information": "", "Source_Date": "20040930", "Source_Indication": "US,U3,USACE,LRN_GIS", "Source_Dataset": "U37CR221.000", "Feature_ID": "U3 1392981181 00001"}}, {"type": "Feature", "id": 2601, "geometry": {"type": "Polygon", "coordinates": [[[-86.0611, 36.3121], [-86.0607, 36.3122], [-86.0616, 36.3119], [-86.0611, 36.3121]]]}, "properties": {"OBJECTID": 2601, "Object_Name": "", "Information": "", "Source_Date": "20040930", "Source_Indication": "US,U3,USACE,LRN_GIS", "Source_Dataset": "U37CR221.000", "Feature_ID": "U3 1392981185 00001"}}, {"type": "Feature", "id": 2602, "geometry": {"type": "Polygon", "coordinates": [[[-85.9756, 36.2687], [-85.9771, 36.2689], [-85.9756, 36.2672], [-85.9756, 36.2687]]]}, "properties": {"OBJECTID": 2602, "Object_Name": "", "Information": "", "Source_Date": "20040930", "Source_Indication": "US,U3,USACE,LRN_GIS", "Source_Dataset": "U37CR221.000", "Feature_ID": "U3 1392981188 00001"}}, {"type": "Feature", "id": 2603, "geometry": {"type": "Polygon", "coordinates": [[[-86.3129, 36.2831], [-86.3129, 36.2831], [-86.3129, 36.2831], [-86.3129, 36.2831]]]}, "properties": {"OBJECTID": 2603, "Object_Name": "", "Information": "", "Source_Date": "20040930", "Source_Indication": "US,U3,USACE,LRN_GIS", "Source_Dataset": "U37CR221.000", "Feature_ID": "U3 1392981196 00001"}}, {"type": "Feature", "id": 2604, "geometry": {"type": "Polygon", "coordinates": [[[-86.3594, 36.3162], [-86.3593, 36.3163], [-86.3595, 36.3161], [-86.3594, 36.3162]]]}, "properties": {"OBJECTID": 2604, "Object_Name": "", "Information": "", "Source_Date": "20040930", "Source_Indication": "US,U3,USACE,LRN_GIS", "Source_Dataset": "U37CR221.000", "Feature_ID": "U3 1392981197 00001"}}, {"type": "Feature", "id": 2605, "geometry": {"type": "Polygon", "coordinates": [[[-86.4809, 36.3657], [-86.4815, 36.366], [-86.4814, 36.3655], [-86.4809, 36.3657]]]}, "properties": {"OBJECTID": 2605, "Object_Name": "", "Information": "", "Source_Date": "20040930", "Source_Indication": "US,U3,USACE,LRN_GIS", "Source_Dataset": "U37CR221.000", "Feature_ID": "U3 1392981200 00001"}}, {"type": "Feature", "id": 2606, "geometry": {"type": "Polygon", "coordinates": [[[-86.4481, 36.2987], [-86.4482, 36.2987], [-86.4481, 36.2985], [-86.4481, 36.2987]]]}, "properties": {"OBJECTID": 2606, "Object_Name": "", "Information": "", "Source_Date": "20040930", "Source_Indication": "US,U3,USACE,LRN_GIS", "Source_Dataset": "U37CR221.000", "Feature_ID": "U3 1392981201 00001"}}, {"type": "Feature", "id": 2607, "geometry": {"type": "Polygon", "coordinates": [[[-86.5172, 36.2585], [-86.517, 36.2584], [-86.5171, 36.2587], [-86.5172, 36.2585]]]}, "properties": {"OBJECTID": 2607, "Object_Name": "", "Information": "", "Source_Date": "20040930", "Source_Indication": "US,U3,USACE,LRN_GIS", "Source_Dataset": "U37CR221.000", "Feature_ID": "U3 1392981202 00001"}}, {"type": "Feature", "id": 2608, "geometry": {"type": "Polygon", "coordinates": [[[-86.5031, 36.3089], [-86.5043, 36.3087], [-86.505, 36.3063], [-86.5031, 36.3089]]]}, "properties": {"OBJECTID": 2608, "Object_Name": "", "Information": "", "Source_Date": "20040930", "Source_Indication": "US,U3,USACE,LRN_GIS", "Source_Dataset": "U37CR221.000", "Feature_ID": "U3 1392981203 00001"}}, {"type": "Feature", "id": 2609, "geometry": {"type": "Polygon", "coordinates": [[[-86.4051, 36.3076], [-86.4066, 36.308], [-86.4036, 36.3072], [-86.4051, 36.3076]]]}, "properties": {"OBJECTID": 2609, "Object_Name": "", "Information": "", "Source_Date": "20040930", "Source_Indication": "US,U3,USACE,LRN_GIS", "Source_Dataset": "U37CR221.000", "Feature_ID": "U3 1392981209 00001"}}, {"type": "Feature", "id": 2610, "geometry": {"type": "Polygon", "coordinates": [[[-86.4155, 36.3227], [-86.4155, 36.3227], [-86.4155, 36.3227], [-86.4155, 36.3227]]]}, "properties": {"OBJECTID": 2610, "Object_Name": "", "Information": "", "Source_Date": "20050414", "Source_Indication": "US,U3,USACE,LRN_GIS", "Source_Dataset": "U37CR221.000", "Feature_ID": "U3 1392981210 00001"}}, {"type": "Feature", "id": 2611, "geometry": {"type": "Polygon", "coordinates": [[[-86.4159, 36.3248], [-86.416, 36.3248], [-86.416, 36.3248], [-86.4159, 36.3248]]]}, "properties": {"OBJECTID": 2611, "Object_Name": "", "Information": "", "Source_Date": "20050414", "Source_Indication": "US,U3,USACE,LRN_GIS", "Source_Dataset": "U37CR221.000", "Feature_ID": "U3 1392981211 00001"}}, {"type": "Feature", "id": 2612, "geometry": {"type": "Polygon", "coordinates": [[[-86.3933, 36.3106], [-86.3936, 36.3104], [-86.3932, 36.3106], [-86.3933, 36.3106]]]}, "properties": {"OBJECTID": 2612, "Object_Name": "", "Information": "", "Source_Date": "20040930", "Source_Indication": "US,U3,USACE,LRN_GIS", "Source_Dataset": "U37CR221.000", "Feature_ID": "U3 1392981212 00001"}}, {"type": "Feature", "id": 2613, "geometry": {"type": "Polygon", "coordinates": [[[-86.3619, 36.273], [-86.3619, 36.273], [-86.3619, 36.273], [-86.3619, 36.273]]]}, "properties": {"OBJECTID": 2613, "Object_Name": "", "Information": "", "Source_Date": "20040930", "Source_Indication": "US,U3,USACE,LRN_GIS", "Source_Dataset": "U37CR221.000", "Feature_ID": "U3 1392981214 00001"}}, {"type": "Feature", "id": 2614, "geometry": {"type": "Polygon", "coordinates": [[[-86.4193, 36.3242], [-86.4194, 36.3255], [-86.4194, 36.3236], [-86.4193, 36.3242]]]}, "properties": {"OBJECTID": 2614, "Object_Name": "", "Information": "", "Source_Date": "20040930", "Source_Indication": "US,U3,USACE,LRN_GIS", "Source_Dataset": "U37CR221.000", "Feature_ID": "U3 1392981220 00001"}}, {"type": "Feature", "id": 2615, "geometry": {"type": "Polygon", "coordinates": [[[-86.3858, 36.3177], [-86.3859, 36.3177], [-86.3858, 36.3176], [-86.3858, 36.3177]]]}, "properties": {"OBJECTID": 2615, "Object_Name": "", "Information": "", "Source_Date": "20040930", "Source_Indication": "US,U3,USACE,LRN_GIS", "Source_Dataset": "U37CR221.000", "Feature_ID": "U3 1392981223 00001"}}, {"type": "Feature", "id": 2616, "geometry": {"type": "Polygon", "coordinates": [[[-86.3899, 36.3156], [-86.39, 36.3156], [-86.39, 36.3156], [-86.3899, 36.3156]]]}, "properties": {"OBJECTID": 2616, "Object_Name": "", "Information": "", "Source_Date": "20050414", "Source_Indication": "US,U3,USACE,LRN_GIS", "Source_Dataset": "U37CR221.000", "Feature_ID": "U3 1392981224 00001"}}, {"type": "Feature", "id": 2617, "geometry": {"type": "Polygon", "coordinates": [[[-86.36, 36.3548], [-86.3599, 36.3549], [-86.3602, 36.3549], [-86.36, 36.3548]]]}, "properties": {"OBJECTID": 2617, "Object_Name": "", "Information": "", "Source_Date": "20040930", "Source_Indication": "US,U3,USACE,LRN_GIS", "Source_Dataset": "U37CR221.000", "Feature_ID": "U3 1392981226 00001"}}, {"type": "Feature", "id": 2618, "geometry": {"type": "Polygon", "coordinates": [[[-86.3889, 36.3344], [-86.3864, 36.3402], [-86.3893, 36.3332], [-86.3889, 36.3344]]]}, "properties": {"OBJECTID": 2618, "Object_Name": "", "Information": "", "Source_Date": "20040930", "Source_Indication": "US,U3,USACE,LRN_GIS", "Source_Dataset": "U37CR221.000", "Feature_ID": "U3 1392981227 00001"}}, {"type": "Feature", "id": 2619, "geometry": {"type": "Polygon", "coordinates": [[[-86.3734, 36.3504], [-86.3734, 36.3502], [-86.3733, 36.3503], [-86.3734, 36.3504]]]}, "properties": {"OBJECTID": 2619, "Object_Name": "", "Information": "", "Source_Date": "20040930", "Source_Indication": "US,U3,USACE,LRN_GIS", "Source_Dataset": "U37CR221.000", "Feature_ID": "U3 1392981231 00001"}}, {"type": "Feature", "id": 2620, "geometry": {"type": "Polygon", "coordinates": [[[-86.3805, 36.3537], [-86.3801, 36.3542], [-86.3816, 36.3522], [-86.3805, 36.3537]]]}, "properties": {"OBJECTID": 2620, "Object_Name": "", "Information": "", "Source_Date": "20040930", "Source_Indication": "US,U3,USACE,LRN_GIS", "Source_Dataset": "U37CR221.000", "Feature_ID": "U3 1392981232 00001"}}, {"type": "Feature", "id": 2621, "geometry": {"type": "Polygon", "coordinates": [[[-86.3482, 36.3411], [-86.3482, 36.3411], [-86.3483, 36.3411], [-86.3482, 36.3411]]]}, "properties": {"OBJECTID": 2621, "Object_Name": "", "Information": "", "Source_Date": "20040930", "Source_Indication": "US,U3,USACE,LRN_GIS", "Source_Dataset": "U37CR221.000", "Feature_ID": "U3 1392981239 00001"}}, {"type": "Feature", "id": 2622, "geometry": {"type": "Polygon", "coordinates": [[[-86.3483, 36.3931], [-86.3482, 36.393], [-86.3483, 36.3933], [-86.3483, 36.3931]]]}, "properties": {"OBJECTID": 2622, "Object_Name": "", "Information": "", "Source_Date": "20040930", "Source_Indication": "US,U3,USACE,LRN_GIS", "Source_Dataset": "U37CR221.000", "Feature_ID": "U3 1392981243 00001"}}, {"type": "Feature", "id": 2623, "geometry": {"type": "Polygon", "coordinates": [[[-86.3478, 36.3937], [-86.3476, 36.3932], [-86.3475, 36.3951], [-86.3478, 36.3937]]]}, "properties": {"OBJECTID": 2623, "Object_Name": "", "Information": "", "Source_Date": "20040930", "Source_Indication": "US,U3,USACE,LRN_GIS", "Source_Dataset": "U37CR221.000", "Feature_ID": "U3 1392981247 00001"}}, {"type": "Feature", "id": 2624, "geometry": {"type": "Polygon", "coordinates": [[[-86.0473, 36.2916], [-86.0473, 36.2907], [-86.0462, 36.2897], [-86.0473, 36.2916]]]}, "properties": {"OBJECTID": 2624, "Object_Name": "", "Information": "", "Source_Date": "20050412", "Source_Indication": "US,U3,USACE,LRN_GIS", "Source_Dataset": "U37CR221.000", "Feature_ID": "U3 1392981251 00001"}}, {"type": "Feature", "id": 2625, "geometry": {"type": "Polygon", "coordinates": [[[-86.351, 36.3244], [-86.3504, 36.3248], [-86.3524, 36.3245], [-86.3549, 36.3223], [-86.3524, 36.3227], [-86.3504, 36.3241], [-86.3516, 36.324], [-86.351, 36.3244]]]}, "properties": {"OBJECTID": 2625, "Object_Name": "", "Information": "", "Source_Date": "20040930", "Source_Indication": "US,U3,USACE,LRN_GIS", "Source_Dataset": "U37CR221.000", "Feature_ID": "U3 1392981313 00001"}}, {"type": "Feature", "id": 2626, "geometry": {"type": "Polygon", "coordinates": [[[-86.5316, 36.285], [-86.5308, 36.2845], [-86.5305, 36.2851], [-86.5323, 36.2858], [-86.5316, 36.285]]]}, "properties": {"OBJECTID": 2626, "Object_Name": "", "Information": "", "Source_Date": "20040930", "Source_Indication": "US,U3,USACE,LRN_GIS", "Source_Dataset": "U37CR221.000", "Feature_ID": "U3 1392981314 00001"}}, {"type": "Feature", "id": 2627, "geometry": {"type": "Polygon", "coordinates": [[[-86.3156, 36.3143], [-86.3137, 36.314], [-86.3164, 36.3151], [-86.3156, 36.3143]]]}, "properties": {"OBJECTID": 2627, "Object_Name": "", "Information": "", "Source_Date": "20040930", "Source_Indication": "US,U3,USACE,LRN_GIS", "Source_Dataset": "U37CR221.000", "Feature_ID": "U3 1392981320 00001"}}, {"type": "Feature", "id": 2628, "geometry": {"type": "Polygon", "coordinates": [[[-86.5558, 36.3025], [-86.5566, 36.3042], [-86.5582, 36.3035], [-86.5566, 36.3018], [-86.5558, 36.3025]]]}, "properties": {"OBJECTID": 2628, "Object_Name": "", "Information": "", "Source_Date": "20040930", "Source_Indication": "US,U3,USACE,LRN_GIS", "Source_Dataset": "U37CR221.000", "Feature_ID": "U3 1392981322 00001"}}, {"type": "Feature", "id": 2629, "geometry": {"type": "Polygon", "coordinates": [[[-86.5, 36.3036], [-86.4998, 36.3043], [-86.5028, 36.3018], [-86.5017, 36.3014], [-86.5, 36.3036]]]}, "properties": {"OBJECTID": 2629, "Object_Name": "", "Information": "", "Source_Date": "20040930", "Source_Indication": "US,U3,USACE,LRN_GIS", "Source_Dataset": "U37CR221.000", "Feature_ID": "U3 1392981330 00001"}}, {"type": "Feature", "id": 2630, "geometry": {"type": "Polygon", "coordinates": [[[-86.0836, 36.3428], [-86.0841, 36.3427], [-86.0831, 36.3428], [-86.0836, 36.3428]]]}, "properties": {"OBJECTID": 2630, "Object_Name": "", "Information": "", "Source_Date": "20040930", "Source_Indication": "US,U3,USACE,LRN_GIS", "Source_Dataset": "U37CR221.000", "Feature_ID": "U3 1392981333 00001"}}, {"type": "Feature", "id": 2631, "geometry": {"type": "Polygon", "coordinates": [[[-86.517, 36.2582], [-86.5172, 36.2583], [-86.5171, 36.2581], [-86.517, 36.2582]]]}, "properties": {"OBJECTID": 2631, "Object_Name": "", "Information": "", "Source_Date": "20040930", "Source_Indication": "US,U3,USACE,LRN_GIS", "Source_Dataset": "U37CR221.000", "Feature_ID": "U3 1392981334 00001"}}, {"type": "Feature", "id": 2632, "geometry": {"type": "Polygon", "coordinates": [[[-86.0535, 36.3095], [-86.0572, 36.3122], [-86.0594, 36.3125], [-86.057, 36.3116], [-86.0607, 36.3117], [-86.0535, 36.3095]]]}, "properties": {"OBJECTID": 2632, "Object_Name": "", "Information": "", "Source_Date": "20040930", "Source_Indication": "US,U3,USACE,LRN_GIS", "Source_Dataset": "U37CR221.000", "Feature_ID": "U3 1392981336 00001"}}, {"type": "Feature", "id": 2633, "geometry": {"type": "Polygon", "coordinates": [[[-85.9667, 36.2619], [-85.9667, 36.2678], [-85.9752, 36.2691], [-85.9707, 36.2635], [-85.9667, 36.2619]]]}, "properties": {"OBJECTID": 2633, "Object_Name": "", "Information": "", "Source_Date": "20040930", "Source_Indication": "US,U3,USACE,LRN_GIS", "Source_Dataset": "U37CR221.000", "Feature_ID": "U3 1392981341 00001"}}, {"type": "Feature", "id": 2634, "geometry": {"type": "Polygon", "coordinates": [[[-86.2099, 36.373], [-86.2119, 36.375], [-86.2143, 36.376], [-86.2101, 36.3715], [-86.2099, 36.373]]]}, "properties": {"OBJECTID": 2634, "Object_Name": "", "Information": "", "Source_Date": "20040930", "Source_Indication": "US,U3,USACE,LRN_GIS", "Source_Dataset": "U37CR221.000", "Feature_ID": "U3 1392981342 00001"}}, {"type": "Feature", "id": 2635, "geometry": {"type": "Polygon", "coordinates": [[[-86.5292, 36.2836], [-86.5291, 36.2837], [-86.5292, 36.2838], [-86.5292, 36.2836]]]}, "properties": {"OBJECTID": 2635, "Object_Name": "", "Information": "", "Source_Date": "20040930", "Source_Indication": "US,U3,USACE,LRN_GIS", "Source_Dataset": "U37CR221.000", "Feature_ID": "U3 1392981345 00001"}}, {"type": "Feature", "id": 2636, "geometry": {"type": "Polygon", "coordinates": [[[-86.2606, 36.3277], [-86.2606, 36.3281], [-86.2608, 36.3274], [-86.2606, 36.3277]]]}, "properties": {"OBJECTID": 2636, "Object_Name": "", "Information": "", "Source_Date": "20040930", "Source_Indication": "US,U3,USACE,LRN_GIS", "Source_Dataset": "U37CR221.000", "Feature_ID": "U3 1392981348 00001"}}, {"type": "Feature", "id": 2637, "geometry": {"type": "Polygon", "coordinates": [[[-86.448, 36.2987], [-86.448, 36.2985], [-86.4479, 36.2985], [-86.448, 36.2987]]]}, "properties": {"OBJECTID": 2637, "Object_Name": "", "Information": "", "Source_Date": "20040930", "Source_Indication": "US,U3,USACE,LRN_GIS", "Source_Dataset": "U37CR221.000", "Feature_ID": "U3 1392981349 00001"}}, {"type": "Feature", "id": 2638, "geometry": {"type": "Polygon", "coordinates": [[[-86.3628, 36.2732], [-86.363, 36.2731], [-86.3625, 36.2731], [-86.3628, 36.2732]]]}, "properties": {"OBJECTID": 2638, "Object_Name": "", "Information": "", "Source_Date": "20040930", "Source_Indication": "US,U3,USACE,LRN_GIS", "Source_Dataset": "U37CR221.000", "Feature_ID": "U3 1392981353 00001"}}, {"type": "Feature", "id": 2639, "geometry": {"type": "Polygon", "coordinates": [[[-86.3858, 36.3173], [-86.3858, 36.317], [-86.3857, 36.3171], [-86.3858, 36.3173]]]}, "properties": {"OBJECTID": 2639, "Object_Name": "", "Information": "", "Source_Date": "20040930", "Source_Indication": "US,U3,USACE,LRN_GIS", "Source_Dataset": "U37CR221.000", "Feature_ID": "U3 1392981356 00001"}}, {"type": "Feature", "id": 2640, "geometry": {"type": "Polygon", "coordinates": [[[-86.4794, 36.3518], [-86.4792, 36.3516], [-86.4792, 36.3519], [-86.4794, 36.3518]]]}, "properties": {"OBJECTID": 2640, "Object_Name": "", "Information": "", "Source_Date": "20040930", "Source_Indication": "US,U3,USACE,LRN_GIS", "Source_Dataset": "U37CR221.000", "Feature_ID": "U3 1392981357 00001"}}, {"type": "Feature", "id": 2641, "geometry": {"type": "Polygon", "coordinates": [[[-86.4164, 36.3269], [-86.4165, 36.3269], [-86.4165, 36.3269], [-86.4164, 36.3269]]]}, "properties": {"OBJECTID": 2641, "Object_Name": "", "Information": "", "Source_Date": "20050414", "Source_Indication": "US,U3,USACE,LRN_GIS", "Source_Dataset": "U37CR221.000", "Feature_ID": "U3 1392981358 00001"}}, {"type": "Feature", "id": 2642, "geometry": {"type": "Polygon", "coordinates": [[[-86.4771, 36.3354], [-86.4773, 36.3354], [-86.4772, 36.3353], [-86.4771, 36.3354]]]}, "properties": {"OBJECTID": 2642, "Object_Name": "", "Information": "", "Source_Date": "20040930", "Source_Indication": "US,U3,USACE,LRN_GIS", "Source_Dataset": "U37CR221.000", "Feature_ID": "U3 1392981359 00001"}}, {"type": "Feature", "id": 2643, "geometry": {"type": "Polygon", "coordinates": [[[-86.3125, 36.2837], [-86.3125, 36.2836], [-86.3124, 36.2836], [-86.3125, 36.2837]]]}, "properties": {"OBJECTID": 2643, "Object_Name": "", "Information": "", "Source_Date": "20040930", "Source_Indication": "US,U3,USACE,LRN_GIS", "Source_Dataset": "U37CR221.000", "Feature_ID": "U3 1392981361 00001"}}, {"type": "Feature", "id": 2644, "geometry": {"type": "Polygon", "coordinates": [[[-86.5177, 36.2577], [-86.5176, 36.2577], [-86.5177, 36.2578], [-86.5177, 36.2577]]]}, "properties": {"OBJECTID": 2644, "Object_Name": "", "Information": "", "Source_Date": "20040930", "Source_Indication": "US,U3,USACE,LRN_GIS", "Source_Dataset": "U37CR221.000", "Feature_ID": "U3 1392981363 00001"}}, {"type": "Feature", "id": 2645, "geometry": {"type": "Polygon", "coordinates": [[[-86.4156, 36.3232], [-86.4157, 36.3232], [-86.4156, 36.3232], [-86.4156, 36.3232]]]}, "properties": {"OBJECTID": 2645, "Object_Name": "", "Information": "", "Source_Date": "20050414", "Source_Indication": "US,U3,USACE,LRN_GIS", "Source_Dataset": "U37CR221.000", "Feature_ID": "U3 1392981368 00001"}}, {"type": "Feature", "id": 2646, "geometry": {"type": "Polygon", "coordinates": [[[-86.3895, 36.3325], [-86.3895, 36.3325], [-86.3896, 36.332], [-86.3895, 36.3325]]]}, "properties": {"OBJECTID": 2646, "Object_Name": "", "Information": "", "Source_Date": "20040930", "Source_Indication": "US,U3,USACE,LRN_GIS", "Source_Dataset": "U37CR221.000", "Feature_ID": "U3 1392981370 00001"}}, {"type": "Feature", "id": 2647, "geometry": {"type": "Polygon", "coordinates": [[[-86.3785, 36.3512], [-86.3786, 36.351], [-86.3782, 36.3515], [-86.3785, 36.3512]]]}, "properties": {"OBJECTID": 2647, "Object_Name": "", "Information": "", "Source_Date": "20040930", "Source_Indication": "US,U3,USACE,LRN_GIS", "Source_Dataset": "U37CR221.000", "Feature_ID": "U3 1392981372 00001"}}, {"type": "Feature", "id": 2648, "geometry": {"type": "Polygon", "coordinates": [[[-86.4067, 36.3081], [-86.4068, 36.3082], [-86.407, 36.3082], [-86.4067, 36.3081]]]}, "properties": {"OBJECTID": 2648, "Object_Name": "", "Information": "", "Source_Date": "20040930", "Source_Indication": "US,U3,USACE,LRN_GIS", "Source_Dataset": "U37CR221.000", "Feature_ID": "U3 1392981374 00001"}}, {"type": "Feature", "id": 2649, "geometry": {"type": "Polygon", "coordinates": [[[-86.39, 36.3167], [-86.39, 36.3166], [-86.39, 36.3166], [-86.39, 36.3167]]]}, "properties": {"OBJECTID": 2649, "Object_Name": "", "Information": "", "Source_Date": "20040930", "Source_Indication": "US,U3,USACE,LRN_GIS", "Source_Dataset": "U37CR221.000", "Feature_ID": "U3 1392981375 00001"}}, {"type": "Feature", "id": 2650, "geometry": {"type": "Polygon", "coordinates": [[[-86.3734, 36.3505], [-86.3734, 36.3508], [-86.3736, 36.3506], [-86.3734, 36.3505]]]}, "properties": {"OBJECTID": 2650, "Object_Name": "", "Information": "", "Source_Date": "20040930", "Source_Indication": "US,U3,USACE,LRN_GIS", "Source_Dataset": "U37CR221.000", "Feature_ID": "U3 1392981377 00001"}}, {"type": "Feature", "id": 2651, "geometry": {"type": "Polygon", "coordinates": [[[-86.4149, 36.3206], [-86.415, 36.3206], [-86.415, 36.3205], [-86.4149, 36.3206]]]}, "properties": {"OBJECTID": 2651, "Object_Name": "", "Information": "", "Source_Date": "20050414", "Source_Indication": "US,U3,USACE,LRN_GIS", "Source_Dataset": "U37CR221.000", "Feature_ID": "U3 1392981378 00001"}}, {"type": "Feature", "id": 2652, "geometry": {"type": "Polygon", "coordinates": [[[-86.4161, 36.3253], [-86.4161, 36.3253], [-86.4161, 36.3253], [-86.4161, 36.3253]]]}, "properties": {"OBJECTID": 2652, "Object_Name": "", "Information": "", "Source_Date": "20050414", "Source_Indication": "US,U3,USACE,LRN_GIS", "Source_Dataset": "U37CR221.000", "Feature_ID": "U3 1392981379 00001"}}, {"type": "Feature", "id": 2653, "geometry": {"type": "Polygon", "coordinates": [[[-86.3975, 36.3073], [-86.3992, 36.307], [-86.3951, 36.3078], [-86.3929, 36.3095], [-86.3975, 36.3073]]]}, "properties": {"OBJECTID": 2653, "Object_Name": "", "Information": "", "Source_Date": "20040930", "Source_Indication": "US,U3,USACE,LRN_GIS", "Source_Dataset": "U37CR221.000", "Feature_ID": "U3 1392981381 00001"}}, {"type": "Feature", "id": 2654, "geometry": {"type": "Polygon", "coordinates": [[[-86.4204, 36.3325], [-86.4198, 36.3314], [-86.4204, 36.3331], [-86.4204, 36.3325]]]}, "properties": {"OBJECTID": 2654, "Object_Name": "", "Information": "", "Source_Date": "20040930", "Source_Indication": "US,U3,USACE,LRN_GIS", "Source_Dataset": "U37CR221.000", "Feature_ID": "U3 1392981385 00001"}}, {"type": "Feature", "id": 2655, "geometry": {"type": "Polygon", "coordinates": [[[-86.4917, 36.3135], [-86.492, 36.3136], [-86.4919, 36.3134], [-86.4917, 36.3135]]]}, "properties": {"OBJECTID": 2655, "Object_Name": "", "Information": "", "Source_Date": "20040930", "Source_Indication": "US,U3,USACE,LRN_GIS", "Source_Dataset": "U37CR221.000", "Feature_ID": "U3 1392981387 00001"}}, {"type": "Feature", "id": 2656, "geometry": {"type": "Polygon", "coordinates": [[[-86.3482, 36.3921], [-86.348, 36.392], [-86.3485, 36.3931], [-86.3482, 36.3921]]]}, "properties": {"OBJECTID": 2656, "Object_Name": "", "Information": "", "Source_Date": "20040930", "Source_Indication": "US,U3,USACE,LRN_GIS", "Source_Dataset": "U37CR221.000", "Feature_ID": "U3 1392981390 00001"}}, {"type": "Feature", "id": 2657, "geometry": {"type": "Polygon", "coordinates": [[[-86.3498, 36.3946], [-86.3498, 36.3942], [-86.3495, 36.3946], [-86.3498, 36.3946]]]}, "properties": {"OBJECTID": 2657, "Object_Name": "", "Information": "", "Source_Date": "20040930", "Source_Indication": "US,U3,USACE,LRN_GIS", "Source_Dataset": "U37CR221.000", "Feature_ID": "U3 1392981392 00001"}}, {"type": "Feature", "id": 2658, "geometry": {"type": "Polygon", "coordinates": [[[-86.3482, 36.342], [-86.3486, 36.3425], [-86.3484, 36.342], [-86.3482, 36.342]]]}, "properties": {"OBJECTID": 2658, "Object_Name": "", "Information": "", "Source_Date": "20040930", "Source_Indication": "US,U3,USACE,LRN_GIS", "Source_Dataset": "U37CR221.000", "Feature_ID": "U3 1392981393 00001"}}, {"type": "Feature", "id": 2659, "geometry": {"type": "Polygon", "coordinates": [[[-86.3654, 36.3568], [-86.3639, 36.3573], [-86.3666, 36.3571], [-86.3654, 36.3568]]]}, "properties": {"OBJECTID": 2659, "Object_Name": "", "Information": "", "Source_Date": "20040930", "Source_Indication": "US,U3,USACE,LRN_GIS", "Source_Dataset": "U37CR221.000", "Feature_ID": "U3 1392981398 00001"}}, {"type": "Feature", "id": 2660, "geometry": {"type": "Polygon", "coordinates": [[[-86.6048, 36.2636], [-86.6055, 36.2636], [-86.6051, 36.2631], [-86.6048, 36.2636]]]}, "properties": {"OBJECTID": 2660, "Object_Name": "", "Information": "", "Source_Date": "20040930", "Source_Indication": "US,U3,USACE,LRN_GIS", "Source_Dataset": "U37CR221.000", "Feature_ID": "U3 1392981399 00001"}}, {"type": "Feature", "id": 2661, "geometry": {"type": "Polygon", "coordinates": [[[-86.3473, 36.3956], [-86.3474, 36.3957], [-86.3475, 36.3956], [-86.3473, 36.3956]]]}, "properties": {"OBJECTID": 2661, "Object_Name": "", "Information": "", "Source_Date": "20040930", "Source_Indication": "US,U3,USACE,LRN_GIS", "Source_Dataset": "U37CR221.000", "Feature_ID": "U3 1392981401 00001"}}, {"type": "Feature", "id": 2662, "geometry": {"type": "Polygon", "coordinates": [[[-86.3481, 36.3375], [-86.3487, 36.3377], [-86.3486, 36.3371], [-86.3481, 36.3375]]]}, "properties": {"OBJECTID": 2662, "Object_Name": "", "Information": "", "Source_Date": "20040930", "Source_Indication": "US,U3,USACE,LRN_GIS", "Source_Dataset": "U37CR221.000", "Feature_ID": "U3 1392981404 00001"}}, {"type": "Feature", "id": 2663, "geometry": {"type": "Polygon", "coordinates": [[[-86.5361, 36.2923], [-86.5364, 36.2926], [-86.5361, 36.2916], [-86.5361, 36.2923]]]}, "properties": {"OBJECTID": 2663, "Object_Name": "", "Information": "", "Source_Date": "20040930", "Source_Indication": "US,U3,USACE,LRN_GIS", "Source_Dataset": "U37CR221.000", "Feature_ID": "U3 1392981405 00001"}}, {"type": "Feature", "id": 2664, "geometry": {"type": "Polygon", "coordinates": [[[-86.0843, 36.2682], [-86.0862, 36.2701], [-86.0863, 36.2683], [-86.0847, 36.2673], [-86.0841, 36.2674], [-86.0843, 36.2682]]]}, "properties": {"OBJECTID": 2664, "Object_Name": "", "Information": "", "Source_Date": "20040930", "Source_Indication": "US,U3,USACE,LRN_GIS", "Source_Dataset": "U37CR221.000", "Feature_ID": "U3 1392981406 00001"}}, {"type": "Feature", "id": 2665, "geometry": {"type": "Polygon", "coordinates": [[[-86.2222, 36.3663], [-86.2221, 36.366], [-86.2222, 36.367], [-86.2222, 36.3663]]]}, "properties": {"OBJECTID": 2665, "Object_Name": "", "Information": "", "Source_Date": "20040930", "Source_Indication": "US,U3,USACE,LRN_GIS", "Source_Dataset": "U37CR221.000", "Feature_ID": "U3 1392981407 00001"}}, {"type": "Feature", "id": 2666, "geometry": {"type": "Polygon", "coordinates": [[[-86.3862, 36.3271], [-86.3862, 36.3277], [-86.3864, 36.3269], [-86.3862, 36.3271]]]}, "properties": {"OBJECTID": 2666, "Object_Name": "", "Information": "", "Source_Date": "20040930", "Source_Indication": "US,U3,USACE,LRN_GIS", "Source_Dataset": "U37CR221.000", "Feature_ID": "U3 1392981408 00001"}}, {"type": "Feature", "id": 2667, "geometry": {"type": "Polygon", "coordinates": [[[-86.5094, 36.2826], [-86.5091, 36.2825], [-86.5088, 36.2825], [-86.5094, 36.2826]]]}, "properties": {"OBJECTID": 2667, "Object_Name": "", "Information": "", "Source_Date": "20040930", "Source_Indication": "US,U3,USACE,LRN_GIS", "Source_Dataset": "U37CR221.000", "Feature_ID": "U3 1392981413 00001"}}, {"type": "Feature", "id": 2668, "geometry": {"type": "Polygon", "coordinates": [[[-85.9889, 36.2681], [-85.9908, 36.268], [-85.9936, 36.2671], [-85.9889, 36.2681]]]}, "properties": {"OBJECTID": 2668, "Object_Name": "", "Information": "", "Source_Date": "20040930", "Source_Indication": "US,U3,USACE,LRN_GIS", "Source_Dataset": "U37CR221.000", "Feature_ID": "U3 1392981414 00001"}}, {"type": "Feature", "id": 2669, "geometry": {"type": "Polygon", "coordinates": [[[-86.5157, 36.259], [-86.5157, 36.2589], [-86.5156, 36.259], [-86.5157, 36.259]]]}, "properties": {"OBJECTID": 2669, "Object_Name": "", "Information": "", "Source_Date": "20040930", "Source_Indication": "US,U3,USACE,LRN_GIS", "Source_Dataset": "U37CR221.000", "Feature_ID": "U3 1392981417 00001"}}, {"type": "Feature", "id": 2670, "geometry": {"type": "Polygon", "coordinates": [[[-86.5177, 36.2576], [-86.5176, 36.2575], [-86.5175, 36.2577], [-86.5177, 36.2576]]]}, "properties": {"OBJECTID": 2670, "Object_Name": "", "Information": "", "Source_Date": "20040930", "Source_Indication": "US,U3,USACE,LRN_GIS", "Source_Dataset": "U37CR221.000", "Feature_ID": "U3 1392981418 00001"}}, {"type": "Feature", "id": 2671, "geometry": {"type": "Polygon", "coordinates": [[[-86.534, 36.2874], [-86.5331, 36.2867], [-86.5336, 36.288], [-86.534, 36.2874]]]}, "properties": {"OBJECTID": 2671, "Object_Name": "", "Information": "", "Source_Date": "20040930", "Source_Indication": "US,U3,USACE,LRN_GIS", "Source_Dataset": "U37CR221.000", "Feature_ID": "U3 1392981419 00001"}}, {"type": "Feature", "id": 2672, "geometry": {"type": "Polygon", "coordinates": [[[-86.5727, 36.2786], [-86.5728, 36.2786], [-86.5728, 36.2785], [-86.5727, 36.2786]]]}, "properties": {"OBJECTID": 2672, "Object_Name": "", "Information": "", "Source_Date": "20040930", "Source_Indication": "US,U3,USACE,LRN_GIS", "Source_Dataset": "U37CR221.000", "Feature_ID": "U3 1392981420 00001"}}, {"type": "Feature", "id": 2673, "geometry": {"type": "Polygon", "coordinates": [[[-86.3354, 36.3171], [-86.3356, 36.3172], [-86.3355, 36.3171], [-86.3354, 36.3171]]]}, "properties": {"OBJECTID": 2673, "Object_Name": "", "Information": "", "Source_Date": "20040930", "Source_Indication": "US,U3,USACE,LRN_GIS", "Source_Dataset": "U37CR221.000", "Feature_ID": "U3 1392981421 00001"}}, {"type": "Feature", "id": 2674, "geometry": {"type": "Polygon", "coordinates": [[[-86.0854, 36.3427], [-86.0895, 36.3424], [-86.0842, 36.3426], [-86.0854, 36.3427]]]}, "properties": {"OBJECTID": 2674, "Object_Name": "", "Information": "", "Source_Date": "20040930", "Source_Indication": "US,U3,USACE,LRN_GIS", "Source_Dataset": "U37CR221.000", "Feature_ID": "U3 1392981422 00001"}}, {"type": "Feature", "id": 2675, "geometry": {"type": "Polygon", "coordinates": [[[-86.1761, 36.3742], [-86.1761, 36.3742], [-86.1762, 36.3742], [-86.1761, 36.3742]]]}, "properties": {"OBJECTID": 2675, "Object_Name": "", "Information": "", "Source_Date": "20050414", "Source_Indication": "US,U3,USACE,LRN_GIS", "Source_Dataset": "U37CR221.000", "Feature_ID": "U3 1392981425 00001"}}, {"type": "Feature", "id": 2676, "geometry": {"type": "Polygon", "coordinates": [[[-86.4653, 36.2943], [-86.4655, 36.2937], [-86.4642, 36.2931], [-86.4653, 36.2943]]]}, "properties": {"OBJECTID": 2676, "Object_Name": "", "Information": "", "Source_Date": "20040930", "Source_Indication": "US,U3,USACE,LRN_GIS", "Source_Dataset": "U37CR221.000", "Feature_ID": "U3 1392981431 00001"}}, {"type": "Feature", "id": 2677, "geometry": {"type": "Polygon", "coordinates": [[[-86.4705, 36.3617], [-86.4716, 36.3613], [-86.4698, 36.3618], [-86.4705, 36.3617]]]}, "properties": {"OBJECTID": 2677, "Object_Name": "", "Information": "", "Source_Date": "20040930", "Source_Indication": "US,U3,USACE,LRN_GIS", "Source_Dataset": "U37CR221.000", "Feature_ID": "U3 1392981435 00001"}}, {"type": "Feature", "id": 2678, "geometry": {"type": "Polygon", "coordinates": [[[-86.3647, 36.2741], [-86.3635, 36.2736], [-86.3647, 36.2745], [-86.3647, 36.2741]]]}, "properties": {"OBJECTID": 2678, "Object_Name": "", "Information": "", "Source_Date": "20040930", "Source_Indication": "US,U3,USACE,LRN_GIS", "Source_Dataset": "U37CR221.000", "Feature_ID": "U3 1392981436 00001"}}, {"type": "Feature", "id": 2679, "geometry": {"type": "Polygon", "coordinates": [[[-86.4697, 36.3186], [-86.4693, 36.3186], [-86.4692, 36.319], [-86.4697, 36.3186]]]}, "properties": {"OBJECTID": 2679, "Object_Name": "", "Information": "", "Source_Date": "20040930", "Source_Indication": "US,U3,USACE,LRN_GIS", "Source_Dataset": "U37CR221.000", "Feature_ID": "U3 1392981439 00001"}}, {"type": "Feature", "id": 2680, "geometry": {"type": "Polygon", "coordinates": [[[-86.3124, 36.2835], [-86.3124, 36.2834], [-86.3122, 36.2834], [-86.3124, 36.2835]]]}, "properties": {"OBJECTID": 2680, "Object_Name": "", "Information": "", "Source_Date": "20040930", "Source_Indication": "US,U3,USACE,LRN_GIS", "Source_Dataset": "U37CR221.000", "Feature_ID": "U3 1392981441 00001"}}, {"type": "Feature", "id": 2681, "geometry": {"type": "Polygon", "coordinates": [[[-86.2632, 36.3002], [-86.2632, 36.3002], [-86.2635, 36.3002], [-86.2632, 36.3002]]]}, "properties": {"OBJECTID": 2681, "Object_Name": "", "Information": "", "Source_Date": "20140603", "Source_Indication": "US,U3,SURVY,2014_SEAS_LIDAR_Mapping_Survey", "Source_Dataset": "U37CR221.000", "Feature_ID": "U3 1392984434 00001"}}, {"type": "Feature", "id": 2682, "geometry": {"type": "Polygon", "coordinates": [[[-86.1752, 36.373], [-86.1752, 36.373], [-86.1753, 36.373], [-86.1752, 36.373]]]}, "properties": {"OBJECTID": 2682, "Object_Name": "", "Information": "", "Source_Date": "20140603", "Source_Indication": "US,U3,SURVY,2014_SEAS_LIDAR_Mapping_Survey", "Source_Dataset": "U37CR221.000", "Feature_ID": "U3 1392984437 00001"}}, {"type": "Feature", "id": 2683, "geometry": {"type": "Polygon", "coordinates": [[[-86.1751, 36.373], [-86.1752, 36.373], [-86.1752, 36.373], [-86.1751, 36.373]]]}, "properties": {"OBJECTID": 2683, "Object_Name": "", "Information": "", "Source_Date": "20140603", "Source_Indication": "US,U3,SURVY,2014_SEAS_LIDAR_Mapping_Survey", "Source_Dataset": "U37CR221.000", "Feature_ID": "U3 1392984439 00001"}}, {"type": "Feature", "id": 2684, "geometry": {"type": "Polygon", "coordinates": [[[-86.6208, 36.3085], [-86.6208, 36.2553], [-86.6194, 36.2561], [-86.6195, 36.2549], [-86.6208, 36.2543], [-86.6208, 36.2515], [-86.6196, 36.2517], [-86.6163, 36.2498], [-86.6146, 36.2504], [-86.612, 36.2484], [-86.6105, 36.2493], [-86.6094, 36.2522], [-86.6092, 36.2486], [-86.6068, 36.2483], [-86.6058, 36.2492], [-86.6014, 36.2501], [-86.6018, 36.2519], [-86.6028, 36.2519], [-86.6024, 36.2525], [-86.6033, 36.2531], [-86.6016, 36.253], [-86.6038, 36.2568], [-86.6064, 36.2588], [-86.6064, 36.2601], [-86.609, 36.2597], [-86.6079, 36.2613], [-86.609, 36.2624], [-86.6078, 36.2626], [-86.6069, 36.2642], [-86.608, 36.2659], [-86.6072, 36.2669], [-86.6034, 36.2674], [-86.6033, 36.2685], [-86.6059, 36.2696], [-86.6042, 36.2705], [-86.6021, 36.2703], [-86.6035, 36.2719], [-86.6061, 36.2726], [-86.6054, 36.2752], [-86.6044, 36.2747], [-86.6037, 36.2756], [-86.6041, 36.2761], [-86.6032, 36.2765], [-86.6064, 36.2777], [-86.6065, 36.2784], [-86.6031, 36.278], [-86.604, 36.281], [-86.6069, 36.2818], [-86.6047, 36.2836], [-86.6072, 36.2847], [-86.6087, 36.2871], [-86.6082, 36.29], [-86.6095, 36.2909], [-86.614, 36.2975], [-86.6133, 36.2979], [-86.6143, 36.3013], [-86.613, 36.3014], [-86.6098, 36.2973], [-86.6086, 36.2964], [-86.6082, 36.2969], [-86.6048, 36.2901], [-86.6024, 36.291], [-86.6038, 36.2888], [-86.6016, 36.2853], [-86.5998, 36.286], [-86.6007, 36.2833], [-86.5984, 36.284], [-86.5964, 36.2834], [-86.5984, 36.2824], [-86.5985, 36.2816], [-86.5973, 36.2807], [-86.5975, 36.2794], [-86.5945, 36.2779], [-86.5986, 36.2769], [-86.5991, 36.2757], [-86.5984, 36.2744], [-86.5956, 36.2746], [-86.5929, 36.2763], [-86.5934, 36.2756], [-86.5926, 36.2738], [-86.5938, 36.2738], [-86.5943, 36.2725], [-86.5952, 36.2729], [-86.5976, 36.2717], [-86.5977, 36.2708], [-86.5965, 36.2709], [-86.5954, 36.2689], [-86.597, 36.2686], [-86.5973, 36.2671], [-86.5955, 36.2654], [-86.5984, 36.2651], [-86.599, 36.2627], [-86.6004, 36.2617], [-86.6, 36.2601], [-86.6016, 36.2588], [-86.599, 36.2576], [-86.5973, 36.2557], [-86.5956, 36.2572], [-86.5942, 36.2572], [-86.5962, 36.2542], [-86.5954, 36.2536], [-86.5942, 36.2544], [-86.5926, 36.2532], [-86.5946, 36.2523], [-86.5929, 36.2513], [-86.588, 36.2534], [-86.587, 36.2553], [-86.5867, 36.2543], [-86.5852, 36.2552], [-86.5848, 36.2559], [-86.5863, 36.2566], [-86.5837, 36.2564], [-86.5836, 36.2573], [-86.5823, 36.2577], [-86.583, 36.2587], [-86.5815, 36.2584], [-86.5814, 36.26], [-86.5829, 36.2623], [-86.5828, 36.2639], [-86.58, 36.2591], [-86.578, 36.2604], [-86.5788, 36.2624], [-86.5774, 36.2611], [-86.5764, 36.2617], [-86.5759, 36.2635], [-86.5744, 36.2637], [-86.5751, 36.265], [-86.5738, 36.2645], [-86.573, 36.2654], [-86.5744, 36.2681], [-86.5721, 36.2668], [-86.5708, 36.2689], [-86.5733, 36.2702], [-86.5721, 36.2703], [-86.5718, 36.2716], [-86.5702, 36.2704], [-86.5696, 36.2723], [-86.5703, 36.2733], [-86.5691, 36.2738], [-86.569, 36.2764], [-86.5698, 36.2776], [-86.5728, 36.2783], [-86.5749, 36.2766], [-86.5743, 36.279], [-86.5759, 36.2804], [-86.5782, 36.2811], [-86.5769, 36.2816], [-86.5772, 36.283], [-86.5737, 36.2809], [-86.5725, 36.2812], [-86.5729, 36.2822], [-86.5721, 36.2827], [-86.5709, 36.2814], [-86.5682, 36.2823], [-86.5698, 36.2834], [-86.569, 36.2855], [-86.5702, 36.2855], [-86.5699, 36.2864], [-86.5714, 36.2873], [-86.5728, 36.2901], [-86.5687, 36.2878], [-86.5727, 36.2959], [-86.5738, 36.3023], [-86.5788, 36.3045], [-86.5715, 36.3047], [-86.5702, 36.3058], [-86.5715, 36.3077], [-86.5729, 36.3076], [-86.5725, 36.3083], [-86.575, 36.311], [-86.5769, 36.3109], [-86.5768, 36.312], [-86.5793, 36.313], [-86.5772, 36.3136], [-86.5771, 36.3156], [-86.5756, 36.314], [-86.5742, 36.3153], [-86.5746, 36.313], [-86.5728, 36.3116], [-86.5713, 36.312], [-86.5717, 36.3107], [-86.5707, 36.3099], [-86.5698, 36.3102], [-86.5691, 36.3088], [-86.5673, 36.3107], [-86.5668, 36.309], [-86.5673, 36.3078], [-86.5665, 36.3082], [-86.5661, 36.3075], [-86.5674, 36.3066], [-86.5662, 36.3066], [-86.5634, 36.3089], [-86.5623, 36.3104], [-86.5627, 36.3112], [-86.5618, 36.311], [-86.5582, 36.3154], [-86.5603, 36.3177], [-86.5592, 36.3187], [-86.5574, 36.3161], [-86.5553, 36.319], [-86.5517, 36.321], [-86.5447, 36.3221], [-86.545, 36.3235], [-86.5439, 36.3222], [-86.5423, 36.3223], [-86.5426, 36.3233], [-86.5407, 36.3238], [-86.5414, 36.3258], [-86.5403, 36.3249], [-86.5386, 36.3268], [-86.5399, 36.3219], [-86.5372, 36.3211], [-86.5361, 36.3226], [-86.533, 36.3242], [-86.5341, 36.3211], [-86.5353, 36.3204], [-86.5327, 36.3177], [-86.5302, 36.3096], [-86.5321, 36.3054], [-86.5287, 36.3061], [-86.5325, 36.3033], [-86.5332, 36.3016], [-86.5344, 36.3021], [-86.5356, 36.3011], [-86.5359, 36.3003], [-86.5338, 36.3005], [-86.5361, 36.2993], [-86.5363, 36.2985], [-86.5327, 36.2988], [-86.5356, 36.2969], [-86.5324, 36.2958], [-86.5346, 36.2962], [-86.5363, 36.295], [-86.5354, 36.2947], [-86.5359, 36.2944], [-86.5351, 36.293], [-86.5339, 36.2933], [-86.5296, 36.2906], [-86.5349, 36.2921], [-86.5353, 36.2913], [-86.5333, 36.288], [-86.5311, 36.2862], [-86.5292, 36.2858], [-86.5291, 36.2848], [-86.5277, 36.2856], [-86.5244, 36.285], [-86.5248, 36.2843], [-86.5273, 36.2841], [-86.5278, 36.2834], [-86.5269, 36.2829], [-86.5236, 36.2836], [-86.5225, 36.2842], [-86.5223, 36.2865], [-86.5237, 36.2886], [-86.5213, 36.287], [-86.5221, 36.2878], [-86.5196, 36.2882], [-86.5191, 36.2872], [-86.517, 36.2879], [-86.5163, 36.2922], [-86.5139, 36.2983], [-86.5151, 36.298], [-86.5135, 36.3], [-86.5138, 36.301], [-86.5146, 36.3011], [-86.513, 36.3018], [-86.5137, 36.3034], [-86.5127, 36.3044], [-86.5171, 36.3052], [-86.5134, 36.3056], [-86.5137, 36.307], [-86.5165, 36.3076], [-86.5139, 36.3081], [-86.5138, 36.309], [-86.5186, 36.3126], [-86.5146, 36.313], [-86.5133, 36.312], [-86.5124, 36.313], [-86.512, 36.3171], [-86.5107, 36.3177], [-86.511, 36.3155], [-86.5101, 36.3152], [-86.5109, 36.3136], [-86.5098, 36.3127], [-86.5112, 36.3124], [-86.5116, 36.3103], [-86.5105, 36.3096], [-86.5106, 36.3066], [-86.5096, 36.3063], [-86.5093, 36.3054], [-86.508, 36.3054], [-86.5066, 36.307], [-86.5067, 36.3079], [-86.5075, 36.3079], [-86.5066, 36.3081], [-86.5065, 36.3091], [-86.505, 36.3087], [-86.5041, 36.3099], [-86.5024, 36.3099], [-86.495, 36.3167], [-86.4877, 36.3196], [-86.4893, 36.3204], [-86.489, 36.321], [-86.4898, 36.3216], [-86.487, 36.321], [-86.4866, 36.3221], [-86.4857, 36.3203], [-86.4808, 36.3244], [-86.4818, 36.3278], [-86.483, 36.3284], [-86.4815, 36.3291], [-86.4869, 36.3294], [-86.487, 36.3305], [-86.4912, 36.3332], [-86.4938, 36.3334], [-86.4934, 36.3312], [-86.4951, 36.3337], [-86.4968, 36.3326], [-86.4967, 36.3343], [-86.4952, 36.3349], [-86.495, 36.3359], [-86.4964, 36.3377], [-86.499, 36.3348], [-86.5005, 36.3375], [-86.4984, 36.338], [-86.4972, 36.3401], [-86.5006, 36.3444], [-86.5031, 36.3438], [-86.5054, 36.346], [-86.5074, 36.3442], [-86.5073, 36.3459], [-86.5119, 36.3464], [-86.5137, 36.3473], [-86.5135, 36.3482], [-86.5144, 36.3488], [-86.5125, 36.3496], [-86.5105, 36.3488], [-86.5094, 36.3502], [-86.5078, 36.3491], [-86.5035, 36.3487], [-86.5016, 36.3477], [-86.5006, 36.3485], [-86.5002, 36.347], [-86.4949, 36.3445], [-86.4933, 36.3418], [-86.4938, 36.3392], [-86.4894, 36.3357], [-86.489, 36.3383], [-86.4917, 36.343], [-86.4901, 36.3442], [-86.4904, 36.3431], [-86.4882, 36.3417], [-86.4865, 36.3388], [-86.4872, 36.3383], [-86.4872, 36.335], [-86.4838, 36.3328], [-86.4826, 36.3338], [-86.4815, 36.3327], [-86.4797, 36.3371], [-86.4808, 36.3391], [-86.4795, 36.3413], [-86.4825, 36.3425], [-86.48, 36.3429], [-86.4797, 36.3436], [-86.4817, 36.3497], [-86.48, 36.3525], [-86.4777, 36.3519], [-86.4752, 36.3528], [-86.4748, 36.3542], [-86.4764, 36.3605], [-86.4793, 36.3631], [-86.479, 36.3651], [-86.482, 36.3654], [-86.4816, 36.3663], [-86.478, 36.3659], [-86.4767, 36.3632], [-86.4731, 36.3612], [-86.4684, 36.3622], [-86.4732, 36.3596], [-86.4731, 36.3565], [-86.4714, 36.3562], [-86.4725, 36.3555], [-86.4732, 36.352], [-86.4783, 36.3491], [-86.4782, 36.3481], [-86.4742, 36.35], [-86.4759, 36.3486], [-86.4749, 36.3478], [-86.4765, 36.3479], [-86.4775, 36.3467], [-86.4766, 36.3449], [-86.4735, 36.3445], [-86.476, 36.3436], [-86.475, 36.3412], [-86.4764, 36.3387], [-86.4759, 36.3381], [-86.4764, 36.3361], [-86.4752, 36.3366], [-86.4743, 36.3346], [-86.4752, 36.334], [-86.4758, 36.3298], [-86.4771, 36.3291], [-86.4768, 36.3265], [-86.4755, 36.3263], [-86.4756, 36.3278], [-86.4767, 36.3287], [-86.4759, 36.3294], [-86.4745, 36.328], [-86.4746, 36.3271], [-86.4735, 36.3269], [-86.4729, 36.3285], [-86.4717, 36.3279], [-86.468, 36.3316], [-86.4628, 36.3337], [-86.4524, 36.3398], [-86.4495, 36.3403], [-86.4508, 36.3411], [-86.4483, 36.3415], [-86.4496, 36.3448], [-86.4469, 36.3431], [-86.4476, 36.3424], [-86.4468, 36.3404], [-86.4473, 36.3402], [-86.4467, 36.3401], [-86.4402, 36.3399], [-86.4337, 36.3411], [-86.4358, 36.3421], [-86.4387, 36.3462], [-86.4332, 36.3437], [-86.4329, 36.3413], [-86.4319, 36.342], [-86.4312, 36.341], [-86.4325, 36.3407], [-86.4301, 36.3398], [-86.4294, 36.3409], [-86.4289, 36.3392], [-86.4245, 36.3376], [-86.42, 36.3346], [-86.4175, 36.3346], [-86.4184, 36.3338], [-86.4155, 36.3281], [-86.415, 36.3207], [-86.4118, 36.321], [-86.4121, 36.3201], [-86.4141, 36.3201], [-86.4126, 36.3199], [-86.4132, 36.3187], [-86.4127, 36.317], [-86.4135, 36.3169], [-86.4145, 36.3187], [-86.4128, 36.3148], [-86.4135, 36.3165], [-86.4121, 36.317], [-86.4095, 36.3131], [-86.411, 36.3144], [-86.4114, 36.3138], [-86.4061, 36.3098], [-86.4029, 36.3087], [-86.4025, 36.3094], [-86.4037, 36.3101], [-86.4021, 36.3104], [-86.4007, 36.3095], [-86.4004, 36.3101], [-86.4013, 36.3101], [-86.4006, 36.3109], [-86.3998, 36.3107], [-86.4004, 36.3111], [-86.3998, 36.3117], [-86.3978, 36.3104], [-86.4007, 36.3086], [-86.3984, 36.3084], [-86.3939, 36.3108], [-86.3933, 36.3119], [-86.3924, 36.3119], [-86.3926, 36.31], [-86.3931, 36.3104], [-86.3926, 36.3098], [-86.3906, 36.3125], [-86.391, 36.3138], [-86.3903, 36.3142], [-86.39, 36.3181], [-86.3925, 36.3244], [-86.3919, 36.3245], [-86.3927, 36.3298], [-86.3923, 36.3351], [-86.3903, 36.3394], [-86.3886, 36.3404], [-86.3873, 36.3426], [-86.3865, 36.3451], [-86.3867, 36.3492], [-86.3801, 36.3546], [-86.3838, 36.3543], [-86.3825, 36.3568], [-86.3877, 36.361], [-86.3868, 36.3612], [-86.3874, 36.3628], [-86.3869, 36.3634], [-86.3899, 36.368], [-86.3887, 36.3676], [-86.3858, 36.364], [-86.385, 36.3611], [-86.382, 36.36], [-86.3802, 36.3581], [-86.3773, 36.3626], [-86.3779, 36.3573], [-86.3794, 36.3535], [-86.3774, 36.3568], [-86.3778, 36.3545], [-86.3754, 36.356], [-86.3699, 36.3571], [-86.3669, 36.3588], [-86.3681, 36.3592], [-86.3625, 36.3592], [-86.3626, 36.3605], [-86.3615, 36.3602], [-86.3618, 36.359], [-86.3606, 36.3588], [-86.3538, 36.3578], [-86.3529, 36.3587], [-86.3531, 36.3573], [-86.3495, 36.3544], [-86.3588, 36.3576], [-86.3518, 36.3541], [-86.3492, 36.3542], [-86.3465, 36.3569], [-86.3464, 36.3579], [-86.3438, 36.3583], [-86.3405, 36.3611], [-86.3422, 36.3613], [-86.3432, 36.3624], [-86.345, 36.3608], [-86.3465, 36.3615], [-86.3545, 36.37], [-86.354, 36.3711], [-86.3574, 36.372], [-86.3586, 36.3734], [-86.359, 36.3756], [-86.3609, 36.3767], [-86.3601, 36.3768], [-86.3606, 36.3772], [-86.3587, 36.3765], [-86.3584, 36.377], [-86.3572, 36.3745], [-86.3539, 36.3735], [-86.3526, 36.375], [-86.3528, 36.3759], [-86.3488, 36.3792], [-86.3484, 36.3809], [-86.3498, 36.3827], [-86.3501, 36.3845], [-86.3467, 36.386], [-86.3463, 36.3878], [-86.3474, 36.3901], [-86.3496, 36.3917], [-86.3499, 36.3956], [-86.3485, 36.3964], [-86.3487, 36.3954], [-86.3459, 36.398], [-86.3435, 36.3986], [-86.3449, 36.3996], [-86.3428, 36.399], [-86.3407, 36.4013], [-86.3403, 36.4006], [-86.3413, 36.3992], [-86.3453, 36.3973], [-86.3465, 36.3957], [-86.3469, 36.393], [-86.3462, 36.3918], [-86.3463, 36.3932], [-86.3451, 36.3924], [-86.3443, 36.3867], [-86.3463, 36.3831], [-86.3424, 36.3794], [-86.3413, 36.3794], [-86.342, 36.379], [-86.34, 36.3763], [-86.3376, 36.3778], [-86.3347, 36.3779], [-86.3341, 36.3793], [-86.3332, 36.3795], [-86.334, 36.379], [-86.3339, 36.3772], [-86.3333, 36.3779], [-86.3338, 36.3791], [-86.3331, 36.3772], [-86.3353, 36.3752], [-86.3337, 36.3734], [-86.3331, 36.3737], [-86.3332, 36.3726], [-86.3323, 36.3717], [-86.334, 36.3731], [-86.3435, 36.3765], [-86.3457, 36.3802], [-86.3461, 36.3784], [-86.3474, 36.3777], [-86.3472, 36.3766], [-86.3501, 36.3766], [-86.3509, 36.3758], [-86.3513, 36.3741], [-86.3498, 36.3736], [-86.3514, 36.3731], [-86.3507, 36.3686], [-86.344, 36.3669], [-86.342, 36.3679], [-86.3429, 36.3659], [-86.3412, 36.3645], [-86.3393, 36.3664], [-86.3398, 36.3646], [-86.3383, 36.362], [-86.3387, 36.3603], [-86.3408, 36.3578], [-86.3391, 36.3556], [-86.342, 36.3565], [-86.3429, 36.3558], [-86.3429, 36.3538], [-86.3445, 36.3549], [-86.3461, 36.3544], [-86.3463, 36.3531], [-86.3473, 36.3538], [-86.3485, 36.3532], [-86.3483, 36.3518], [-86.3473, 36.3521], [-86.3483, 36.351], [-86.347, 36.3478], [-86.3461, 36.3481], [-86.3469, 36.3471], [-86.3449, 36.3425], [-86.3432, 36.3425], [-86.3414, 36.3405], [-86.3397, 36.3404], [-86.3414, 36.3403], [-86.3451, 36.342], [-86.3446, 36.3381], [-86.3451, 36.3273], [-86.3501, 36.322], [-86.355, 36.3198], [-86.3607, 36.315], [-86.3618, 36.3126], [-86.3613, 36.3109], [-86.36, 36.3101], [-86.3541, 36.311], [-86.3489, 36.3131], [-86.3452, 36.3152], [-86.3456, 36.3157], [-86.3394, 36.3173], [-86.3341, 36.32], [-86.3292, 36.3202], [-86.3291, 36.321], [-86.3297, 36.3202], [-86.3308, 36.3208], [-86.3256, 36.322], [-86.3232, 36.3214], [-86.3229, 36.3206], [-86.325, 36.321], [-86.3245, 36.3207], [-86.328, 36.3207], [-86.3289, 36.32], [-86.3173, 36.3176], [-86.3076, 36.3145], [-86.3077, 36.3167], [-86.3087, 36.3174], [-86.3086, 36.3184], [-86.3095, 36.3187], [-86.3088, 36.3189], [-86.3091, 36.3199], [-86.3125, 36.3217], [-86.3085, 36.3215], [-86.3074, 36.324], [-86.3051, 36.3262], [-86.3072, 36.3206], [-86.305, 36.3175], [-86.3033, 36.3174], [-86.3025, 36.3164], [-86.3051, 36.3161], [-86.3061, 36.3172], [-86.306, 36.3153], [-86.307, 36.3144], [-86.3028, 36.3132], [-86.3012, 36.3135], [-86.2993, 36.3163], [-86.2979, 36.321], [-86.2973, 36.3352], [-86.2954, 36.3402], [-86.2893, 36.3461], [-86.2895, 36.3466], [-86.284, 36.3482], [-86.2846, 36.349], [-86.2833, 36.3483], [-86.2772, 36.3496], [-86.2724, 36.3487], [-86.2678, 36.3438], [-86.2642, 36.3353], [-86.2647, 36.3351], [-86.2635, 36.3292], [-86.2653, 36.3259], [-86.2609, 36.3273], [-86.2614, 36.3272], [-86.2609, 36.3291], [-86.2625, 36.3313], [-86.2624, 36.3323], [-86.2612, 36.3325], [-86.2622, 36.3316], [-86.2607, 36.3298], [-86.2599, 36.3304], [-86.2603, 36.3275], [-86.2619, 36.3258], [-86.262, 36.3247], [-86.2597, 36.3253], [-86.2618, 36.3242], [-86.2612, 36.3233], [-86.2624, 36.3238], [-86.2638, 36.3214], [-86.2626, 36.326], [-86.2641, 36.3237], [-86.2632, 36.3258], [-86.2655, 36.3253], [-86.2682, 36.3202], [-86.2677, 36.3196], [-86.2684, 36.3198], [-86.2715, 36.3159], [-86.2726, 36.3123], [-86.2724, 36.3096], [-86.2671, 36.3031], [-86.2655, 36.3025], [-86.2651, 36.301], [-86.2625, 36.3005], [-86.2572, 36.3017], [-86.2512, 36.3056], [-86.2485, 36.3129], [-86.2491, 36.3164], [-86.2485, 36.3242], [-86.2492, 36.328], [-86.2464, 36.3355], [-86.2419, 36.3406], [-86.2427, 36.3406], [-86.2424, 36.3414], [-86.2433, 36.3403], [-86.2446, 36.341], [-86.2432, 36.3423], [-86.2412, 36.3419], [-86.2424, 36.3408], [-86.2415, 36.3409], [-86.2379, 36.3432], [-86.2331, 36.3478], [-86.2361, 36.3515], [-86.234, 36.3506], [-86.2328, 36.3481], [-86.2234, 36.3586], [-86.2237, 36.3644], [-86.2256, 36.3643], [-86.2249, 36.3652], [-86.2237, 36.3646], [-86.2244, 36.3722], [-86.2234, 36.3746], [-86.2246, 36.3755], [-86.2224, 36.3749], [-86.2149, 36.3773], [-86.2099, 36.3753], [-86.2071, 36.3699], [-86.2081, 36.368], [-86.2081, 36.3669], [-86.2075, 36.3682], [-86.2074, 36.3675], [-86.2081, 36.3632], [-86.2052, 36.3532], [-86.205, 36.3482], [-86.206, 36.3394], [-86.205, 36.3355], [-86.2033, 36.3328], [-86.1971, 36.3271], [-86.1871, 36.3203], [-86.1843, 36.3203], [-86.1806, 36.3228], [-86.177, 36.3282], [-86.1787, 36.3352], [-86.1835, 36.347], [-86.1844, 36.3509], [-86.1844, 36.3597], [-86.1861, 36.3621], [-86.1866, 36.3645], [-86.1827, 36.3724], [-86.1769, 36.3743], [-86.1683, 36.3726], [-86.1659, 36.3686], [-86.1641, 36.3685], [-86.1658, 36.3683], [-86.1606, 36.3592], [-86.1552, 36.3592], [-86.1528, 36.3561], [-86.1499, 36.3582], [-86.1536, 36.3653], [-86.1527, 36.3664], [-86.1531, 36.3651], [-86.1504, 36.3611], [-86.1497, 36.3575], [-86.1528, 36.3556], [-86.1558, 36.359], [-86.1603, 36.3586], [-86.1578, 36.352], [-86.1554, 36.3502], [-86.1468, 36.3492], [-86.1323, 36.3494], [-86.124, 36.3474], [-86.1073, 36.3457], [-86.1074, 36.3452], [-86.0991, 36.3425], [-86.0913, 36.3425], [-86.0843, 36.344], [-86.0791, 36.3427], [-86.075, 36.344], [-86.0754, 36.3452], [-86.0747, 36.3439], [-86.0788, 36.3425], [-86.0726, 36.3407], [-86.0693, 36.3387], [-86.067, 36.3349], [-86.0661, 36.331], [-86.069, 36.3241], [-86.0796, 36.3114], [-86.0895, 36.3049], [-86.0954, 36.2972], [-86.0965, 36.2945], [-86.0953, 36.2874], [-86.0904, 36.2795], [-86.088, 36.2737], [-86.0811, 36.2665], [-86.0778, 36.2645], [-86.0754, 36.2637], [-86.0724, 36.2641], [-86.0651, 36.2693], [-86.0638, 36.2708], [-86.0615, 36.278], [-86.0592, 36.282], [-86.0537, 36.2873], [-86.0533, 36.2901], [-86.0545, 36.2932], [-86.0634, 36.298], [-86.0551, 36.2941], [-86.0587, 36.2965], [-86.0662, 36.2998], [-86.0635, 36.2978], [-86.0652, 36.2984], [-86.0708, 36.3048], [-86.0697, 36.3084], [-86.0679, 36.3106], [-86.0596, 36.3137], [-86.0544, 36.3123], [-86.0485, 36.3072], [-86.0466, 36.3065], [-86.0468, 36.2934], [-86.0415, 36.2883], [-86.0371, 36.2862], [-86.0345, 36.2867], [-86.0303, 36.2893], [-86.0206, 36.2994], [-86.0165, 36.3021], [-86.0115, 36.3025], [-86.0017, 36.2981], [-85.9971, 36.2922], [-86.0057, 36.2803], [-86.0094, 36.2705], [-86.0094, 36.2684], [-86.0083, 36.2674], [-85.9994, 36.267], [-85.9885, 36.2694], [-85.9743, 36.2701], [-85.9667, 36.2686], [-85.9667, 36.2779], [-85.974, 36.2791], [-85.9897, 36.2783], [-85.995, 36.2772], [-85.9873, 36.2878], [-85.9861, 36.2919], [-85.989, 36.2992], [-85.9972, 36.3067], [-86.0079, 36.311], [-86.0163, 36.3116], [-86.0249, 36.3085], [-86.0356, 36.2983], [-86.0356, 36.3081], [-86.0381, 36.3123], [-86.0502, 36.3208], [-86.0576, 36.3226], [-86.0551, 36.3297], [-86.056, 36.3364], [-86.0599, 36.3435], [-86.0676, 36.3532], [-86.0754, 36.3542], [-86.0817, 36.3526], [-86.0864, 36.3528], [-86.0927, 36.3515], [-86.0989, 36.3519], [-86.1053, 36.3546], [-86.1225, 36.3564], [-86.1314, 36.3583], [-86.1383, 36.3585], [-86.1398, 36.364], [-86.1442, 36.3722], [-86.1489, 36.3749], [-86.1563, 36.3749], [-86.1616, 36.3798], [-86.1668, 36.3818], [-86.1776, 36.3833], [-86.1868, 36.3811], [-86.1929, 36.3762], [-86.1959, 36.3699], [-86.1994, 36.3787], [-86.2047, 36.3833], [-86.2109, 36.3857], [-86.2147, 36.3863], [-86.2284, 36.384], [-86.2331, 36.3813], [-86.2356, 36.377], [-86.2353, 36.3688], [-86.2367, 36.3643], [-86.2355, 36.3603], [-86.2401, 36.3598], [-86.2448, 36.3571], [-86.2468, 36.3544], [-86.2473, 36.3506], [-86.2528, 36.3472], [-86.2555, 36.3429], [-86.2589, 36.3496], [-86.2668, 36.3565], [-86.2742, 36.3582], [-86.2866, 36.3579], [-86.2902, 36.3568], [-86.2981, 36.3524], [-86.3057, 36.3435], [-86.3085, 36.3348], [-86.3123, 36.3331], [-86.3152, 36.3305], [-86.3183, 36.3295], [-86.3257, 36.331], [-86.3337, 36.3295], [-86.3338, 36.3328], [-86.33, 36.3359], [-86.3286, 36.3404], [-86.3301, 36.3449], [-86.3334, 36.3478], [-86.3287, 36.3524], [-86.3273, 36.3637], [-86.3227, 36.3672], [-86.3212, 36.3723], [-86.3222, 36.3811], [-86.3236, 36.384], [-86.3277, 36.3873], [-86.3333, 36.3885], [-86.3341, 36.3923], [-86.3297, 36.3982], [-86.3298, 36.4044], [-86.3347, 36.4091], [-86.3408, 36.4103], [-86.3517, 36.4101], [-86.3556, 36.4079], [-86.361, 36.3963], [-86.3611, 36.3914], [-86.3599, 36.3884], [-86.361, 36.3862], [-86.3678, 36.3841], [-86.3703, 36.3817], [-86.3718, 36.3782], [-86.3713, 36.3735], [-86.3679, 36.3684], [-86.3735, 36.3711], [-86.3789, 36.3715], [-86.3818, 36.3746], [-86.3881, 36.3768], [-86.3956, 36.3757], [-86.3996, 36.3724], [-86.4009, 36.3663], [-86.3987, 36.3621], [-86.3982, 36.3579], [-86.3956, 36.3547], [-86.3977, 36.3507], [-86.3979, 36.3459], [-86.4006, 36.3427], [-86.4033, 36.3367], [-86.4035, 36.3269], [-86.4071, 36.3377], [-86.409, 36.3404], [-86.4203, 36.346], [-86.4277, 36.3515], [-86.435, 36.3546], [-86.4408, 36.355], [-86.4457, 36.3532], [-86.4497, 36.3538], [-86.4535, 36.3533], [-86.4582, 36.3506], [-86.4607, 36.346], [-86.4624, 36.3449], [-86.4633, 36.348], [-86.4603, 36.3561], [-86.4574, 36.3607], [-86.4588, 36.3668], [-86.4629, 36.37], [-86.4691, 36.3713], [-86.4742, 36.3744], [-86.4787, 36.3754], [-86.484, 36.3751], [-86.4892, 36.373], [-86.4925, 36.3691], [-86.4932, 36.3661], [-86.4924, 36.3623], [-86.4887, 36.3582], [-86.4915, 36.3537], [-86.4968, 36.357], [-86.5095, 36.3592], [-86.52, 36.3566], [-86.526, 36.3522], [-86.5263, 36.347], [-86.5236, 36.3431], [-86.5211, 36.3407], [-86.5114, 36.3358], [-86.5075, 36.329], [-86.504, 36.3257], [-86.501, 36.3243], [-86.5022, 36.3235], [-86.5069, 36.3262], [-86.5135, 36.3266], [-86.5187, 36.3246], [-86.5224, 36.3211], [-86.5221, 36.3258], [-86.5246, 36.3301], [-86.5331, 36.3347], [-86.5387, 36.3359], [-86.5425, 36.3353], [-86.5527, 36.33], [-86.5647, 36.3264], [-86.5691, 36.3232], [-86.5772, 36.3246], [-86.5828, 36.3233], [-86.5868, 36.32], [-86.5902, 36.3146], [-86.5902, 36.3115], [-86.5887, 36.3084], [-86.5897, 36.3029], [-86.5872, 36.2987], [-86.5841, 36.2967], [-86.5832, 36.2932], [-86.5839, 36.2902], [-86.5867, 36.2877], [-86.5913, 36.2918], [-86.5928, 36.2956], [-86.5975, 36.2991], [-86.5997, 36.3027], [-86.6059, 36.3083], [-86.6093, 36.3099], [-86.6163, 36.3102], [-86.6208, 36.3085]]]}, "properties": {"OBJECTID": 2684, "Object_Name": "", "Information": "", "Source_Date": "20120101", "Source_Indication": "US,U3,IMAGE,2012_1M_NAIP_Imagery", "Source_Dataset": "U37CR221.000", "Feature_ID": "U3 1393085358 00001"}}, {"type": "Feature", "id": 2685, "geometry": {"type": "Polygon", "coordinates": [[[-86.6208, 36.2428], [-86.6208, 36.2325], [-86.6132, 36.2337], [-86.6098, 36.2298], [-86.6026, 36.2277], [-86.5976, 36.2284], [-86.5922, 36.2315], [-86.5852, 36.2327], [-86.5802, 36.2371], [-86.5754, 36.2353], [-86.5697, 36.2358], [-86.553, 36.2471], [-86.5493, 36.2521], [-86.5492, 36.2581], [-86.5464, 36.259], [-86.5403, 36.2631], [-86.5384, 36.2658], [-86.5379, 36.2702], [-86.5348, 36.2669], [-86.5292, 36.265], [-86.5303, 36.2593], [-86.5275, 36.2528], [-86.5244, 36.2498], [-86.5167, 36.247], [-86.5128, 36.2427], [-86.5108, 36.242], [-86.5096, 36.244], [-86.51, 36.2487], [-86.5012, 36.2559], [-86.495, 36.2556], [-86.4913, 36.2567], [-86.4884, 36.2587], [-86.486, 36.2623], [-86.4856, 36.2669], [-86.4892, 36.2729], [-86.4885, 36.281], [-86.4865, 36.2887], [-86.4893, 36.2963], [-86.4873, 36.2968], [-86.4854, 36.2942], [-86.4777, 36.2889], [-86.4762, 36.2852], [-86.4692, 36.2792], [-86.4642, 36.2717], [-86.46, 36.2682], [-86.4552, 36.2661], [-86.4479, 36.2653], [-86.4435, 36.2666], [-86.4394, 36.2699], [-86.4369, 36.2794], [-86.4344, 36.2819], [-86.4331, 36.2848], [-86.4335, 36.2929], [-86.4367, 36.2966], [-86.4365, 36.3007], [-86.439, 36.3049], [-86.4419, 36.3069], [-86.4463, 36.3082], [-86.4525, 36.3076], [-86.4548, 36.3109], [-86.4492, 36.3097], [-86.4436, 36.3109], [-86.439, 36.3146], [-86.4373, 36.3194], [-86.4349, 36.3154], [-86.4297, 36.3127], [-86.4094, 36.2951], [-86.4019, 36.2941], [-86.3962, 36.2964], [-86.3861, 36.2976], [-86.3892, 36.2915], [-86.3892, 36.286], [-86.3862, 36.2797], [-86.3823, 36.2765], [-86.3797, 36.2711], [-86.3656, 36.2637], [-86.3618, 36.2632], [-86.3538, 36.2639], [-86.3472, 36.267], [-86.3448, 36.2713], [-86.3448, 36.2744], [-86.3473, 36.2789], [-86.3503, 36.2809], [-86.3546, 36.282], [-86.3582, 36.2854], [-86.3528, 36.2902], [-86.3481, 36.2914], [-86.3444, 36.2943], [-86.3393, 36.294], [-86.3375, 36.2923], [-86.3358, 36.2863], [-86.3324, 36.2834], [-86.3301, 36.2796], [-86.3271, 36.2776], [-86.321, 36.2764], [-86.3125, 36.2727], [-86.3068, 36.2731], [-86.2998, 36.2755], [-86.2978, 36.2804], [-86.2996, 36.2858], [-86.305, 36.2915], [-86.3114, 36.2957], [-86.3126, 36.3013], [-86.3151, 36.3044], [-86.3075, 36.3026], [-86.2989, 36.3031], [-86.2856, 36.3085], [-86.2846, 36.3051], [-86.2807, 36.2988], [-86.2715, 36.2919], [-86.264, 36.2902], [-86.2584, 36.2906], [-86.2473, 36.2944], [-86.2427, 36.2943], [-86.2374, 36.2963], [-86.2342, 36.2992], [-86.2328, 36.3038], [-86.2355, 36.3106], [-86.2352, 36.3296], [-86.2189, 36.3448], [-86.2178, 36.3327], [-86.2119, 36.3245], [-86.202, 36.3155], [-86.1968, 36.3123], [-86.1882, 36.31], [-86.1831, 36.3101], [-86.1759, 36.3121], [-86.1699, 36.3173], [-86.1666, 36.3215], [-86.164, 36.327], [-86.1659, 36.3375], [-86.1706, 36.3505], [-86.1665, 36.344], [-86.1582, 36.3399], [-86.1423, 36.3375], [-86.136, 36.3389], [-86.1335, 36.3386], [-86.118, 36.3356], [-86.1091, 36.3348], [-86.1022, 36.3326], [-86.0793, 36.3317], [-86.0807, 36.3288], [-86.0872, 36.3264], [-86.0912, 36.3231], [-86.0928, 36.3189], [-86.097, 36.3155], [-86.0989, 36.3117], [-86.1051, 36.304], [-86.1082, 36.2988], [-86.1089, 36.2957], [-86.1081, 36.2863], [-86.1116, 36.2859], [-86.1127, 36.2843], [-86.1118, 36.2823], [-86.1061, 36.2824], [-86.0975, 36.2652], [-86.0944, 36.2615], [-86.0896, 36.2586], [-86.0896, 36.2554], [-86.0872, 36.2511], [-86.0825, 36.2485], [-86.0781, 36.2479], [-86.0743, 36.2484], [-86.0667, 36.251], [-86.0607, 36.2551], [-86.058, 36.2605], [-86.0518, 36.267], [-86.0458, 36.2748], [-86.0318, 36.2764], [-86.0208, 36.2823], [-86.0124, 36.2914], [-86.0194, 36.2797], [-86.0217, 36.2716], [-86.021, 36.2652], [-86.0185, 36.2611], [-86.0109, 36.2573], [-86.0025, 36.2564], [-85.9818, 36.2591], [-85.9786, 36.2563], [-85.9704, 36.2519], [-85.9667, 36.2456], [-85.9667, 36.2611], [-85.9712, 36.263], [-85.9772, 36.2683], [-85.9785, 36.2686], [-86.0006, 36.2654], [-86.0096, 36.2666], [-86.0108, 36.2697], [-86.0094, 36.2755], [-86.0063, 36.2821], [-85.999, 36.2924], [-85.9995, 36.2939], [-86.0026, 36.297], [-86.0106, 36.3008], [-86.0159, 36.3011], [-86.0193, 36.2991], [-86.0294, 36.2881], [-86.0344, 36.2851], [-86.0372, 36.2851], [-86.0437, 36.2878], [-86.0468, 36.291], [-86.0446, 36.2881], [-86.0474, 36.2906], [-86.0487, 36.296], [-86.0505, 36.2992], [-86.0506, 36.3069], [-86.0516, 36.3084], [-86.0614, 36.3112], [-86.0651, 36.3107], [-86.068, 36.3088], [-86.0693, 36.3043], [-86.054, 36.2949], [-86.0522, 36.291], [-86.0522, 36.2878], [-86.0586, 36.2799], [-86.0619, 36.2707], [-86.0697, 36.2638], [-86.0691, 36.261], [-86.0723, 36.2588], [-86.0755, 36.2593], [-86.0785, 36.2567], [-86.0756, 36.2595], [-86.0725, 36.2591], [-86.0694, 36.2611], [-86.0696, 36.2628], [-86.0771, 36.263], [-86.0868, 36.2679], [-86.087, 36.2702], [-86.09, 36.2743], [-86.097, 36.2873], [-86.098, 36.2942], [-86.0964, 36.298], [-86.0889, 36.3075], [-86.0873, 36.311], [-86.0888, 36.3076], [-86.0824, 36.3111], [-86.0737, 36.3211], [-86.0756, 36.3208], [-86.0804, 36.3177], [-86.0827, 36.3149], [-86.0795, 36.3182], [-86.0806, 36.3189], [-86.0816, 36.3186], [-86.0805, 36.3189], [-86.0793, 36.3182], [-86.0762, 36.3206], [-86.0735, 36.3213], [-86.0701, 36.3255], [-86.0683, 36.3297], [-86.068, 36.3325], [-86.0688, 36.3355], [-86.0707, 36.3382], [-86.0732, 36.3397], [-86.0797, 36.3412], [-86.0987, 36.341], [-86.1059, 36.3436], [-86.1171, 36.3446], [-86.134, 36.3479], [-86.1456, 36.3477], [-86.1418, 36.3466], [-86.1423, 36.3465], [-86.1462, 36.3477], [-86.1553, 36.3485], [-86.1584, 36.3503], [-86.1595, 36.3532], [-86.1641, 36.3597], [-86.1691, 36.3708], [-86.1714, 36.3721], [-86.1787, 36.3729], [-86.1817, 36.3717], [-86.183, 36.3678], [-86.1823, 36.3631], [-86.1827, 36.3527], [-86.1816, 36.347], [-86.1768, 36.3358], [-86.175, 36.328], [-86.1815, 36.3199], [-86.1856, 36.3188], [-86.1912, 36.3201], [-86.1948, 36.3224], [-86.2036, 36.3305], [-86.2076, 36.3362], [-86.208, 36.3475], [-86.2071, 36.3518], [-86.21, 36.3622], [-86.21, 36.3663], [-86.2141, 36.3739], [-86.2166, 36.3755], [-86.2211, 36.3738], [-86.223, 36.3721], [-86.221, 36.3671], [-86.2203, 36.3611], [-86.221, 36.3591], [-86.23, 36.3476], [-86.2437, 36.336], [-86.2466, 36.3305], [-86.2475, 36.3267], [-86.2465, 36.3243], [-86.247, 36.3239], [-86.2461, 36.315], [-86.2466, 36.3102], [-86.2482, 36.3058], [-86.2468, 36.3079], [-86.2476, 36.3055], [-86.2447, 36.3056], [-86.2439, 36.3037], [-86.2446, 36.3031], [-86.2454, 36.3048], [-86.2461, 36.3048], [-86.2451, 36.3042], [-86.2454, 36.3035], [-86.2488, 36.3049], [-86.2568, 36.3003], [-86.2623, 36.2991], [-86.2659, 36.2997], [-86.2679, 36.3018], [-86.2721, 36.3042], [-86.2746, 36.3091], [-86.2735, 36.3189], [-86.2716, 36.3234], [-86.2666, 36.3279], [-86.2655, 36.3306], [-86.2664, 36.3297], [-86.2659, 36.3328], [-86.2671, 36.3386], [-86.2707, 36.3454], [-86.2739, 36.3477], [-86.2788, 36.3484], [-86.2885, 36.3448], [-86.2917, 36.3413], [-86.291, 36.341], [-86.2914, 36.3404], [-86.2842, 36.3426], [-86.288, 36.341], [-86.2869, 36.3393], [-86.2892, 36.3407], [-86.2905, 36.3398], [-86.2925, 36.3404], [-86.2948, 36.3374], [-86.2959, 36.3345], [-86.2961, 36.3198], [-86.2976, 36.3149], [-86.297, 36.3146], [-86.2959, 36.3159], [-86.2941, 36.326], [-86.2939, 36.3192], [-86.2931, 36.3228], [-86.2916, 36.3251], [-86.2911, 36.3231], [-86.2925, 36.3223], [-86.2921, 36.3202], [-86.2951, 36.3152], [-86.2917, 36.318], [-86.2899, 36.3218], [-86.2901, 36.3197], [-86.288, 36.3194], [-86.2863, 36.3175], [-86.2876, 36.3174], [-86.2901, 36.3188], [-86.2928, 36.3156], [-86.2969, 36.3135], [-86.2978, 36.3142], [-86.2997, 36.3122], [-86.3052, 36.3122], [-86.3056, 36.3115], [-86.3061, 36.3125], [-86.3165, 36.3138], [-86.3183, 36.3155], [-86.33, 36.3182], [-86.3359, 36.3175], [-86.3315, 36.317], [-86.325, 36.3148], [-86.3275, 36.3147], [-86.3275, 36.314], [-86.3308, 36.3154], [-86.3347, 36.3153], [-86.3408, 36.3137], [-86.3411, 36.3145], [-86.3373, 36.3162], [-86.3333, 36.3156], [-86.3357, 36.3164], [-86.3352, 36.3167], [-86.336, 36.3175], [-86.3361, 36.3169], [-86.3369, 36.3171], [-86.3442, 36.3136], [-86.3436, 36.3132], [-86.3413, 36.3143], [-86.3429, 36.3131], [-86.3417, 36.3122], [-86.34, 36.3127], [-86.3406, 36.3118], [-86.3356, 36.309], [-86.3332, 36.31], [-86.3334, 36.3087], [-86.3352, 36.3084], [-86.3345, 36.3074], [-86.3351, 36.3074], [-86.3352, 36.3057], [-86.3344, 36.3061], [-86.3336, 36.3052], [-86.3302, 36.3044], [-86.3279, 36.3027], [-86.3272, 36.3009], [-86.3257, 36.3007], [-86.3265, 36.2999], [-86.323, 36.2981], [-86.3224, 36.2963], [-86.3237, 36.2931], [-86.323, 36.291], [-86.3179, 36.2884], [-86.3165, 36.2868], [-86.3135, 36.2857], [-86.3129, 36.2844], [-86.3134, 36.2836], [-86.3101, 36.2828], [-86.3129, 36.283], [-86.31, 36.2819], [-86.3107, 36.2816], [-86.317, 36.2852], [-86.3216, 36.2854], [-86.3216, 36.2873], [-86.3262, 36.2908], [-86.3261, 36.2956], [-86.3269, 36.296], [-86.3255, 36.2958], [-86.3245, 36.2971], [-86.3259, 36.2969], [-86.3256, 36.2977], [-86.3303, 36.2992], [-86.3328, 36.3019], [-86.3377, 36.3053], [-86.3374, 36.3089], [-86.3389, 36.3088], [-86.3389, 36.3096], [-86.3414, 36.3103], [-86.3452, 36.3132], [-86.3493, 36.311], [-86.3446, 36.3124], [-86.3486, 36.31], [-86.3487, 36.3092], [-86.3456, 36.3109], [-86.3434, 36.3108], [-86.3409, 36.303], [-86.343, 36.3052], [-86.3454, 36.31], [-86.3462, 36.3097], [-86.3458, 36.3091], [-86.3482, 36.3086], [-86.3478, 36.3074], [-86.351, 36.3053], [-86.3501, 36.3037], [-86.351, 36.3032], [-86.3515, 36.3044], [-86.3527, 36.3035], [-86.3539, 36.3011], [-86.3537, 36.2992], [-86.356, 36.299], [-86.3544, 36.3035], [-86.3503, 36.309], [-86.3532, 36.3077], [-86.3539, 36.3081], [-86.3538, 36.3075], [-86.3542, 36.3086], [-86.3513, 36.3093], [-86.3497, 36.3105], [-86.3553, 36.3085], [-86.3545, 36.3086], [-86.3544, 36.3079], [-86.3561, 36.3077], [-86.3558, 36.3058], [-86.357, 36.308], [-86.3575, 36.307], [-86.3566, 36.3056], [-86.3578, 36.3066], [-86.3596, 36.3054], [-86.3617, 36.3011], [-86.3626, 36.2983], [-86.3617, 36.2961], [-86.3628, 36.2939], [-86.3694, 36.292], [-86.3699, 36.2929], [-86.3723, 36.2931], [-86.373, 36.2918], [-86.3741, 36.2924], [-86.3758, 36.2896], [-86.3764, 36.2878], [-86.3751, 36.286], [-86.3707, 36.2833], [-86.3688, 36.2804], [-86.3644, 36.2779], [-86.3642, 36.2744], [-86.3602, 36.273], [-86.3557, 36.2728], [-86.3617, 36.2729], [-86.3616, 36.2722], [-86.3645, 36.2733], [-86.3652, 36.2737], [-86.3653, 36.2771], [-86.3669, 36.2788], [-86.3681, 36.2791], [-86.3695, 36.2773], [-86.3712, 36.2769], [-86.3695, 36.2786], [-86.3696, 36.2798], [-86.3707, 36.2803], [-86.3709, 36.2825], [-86.372, 36.2831], [-86.3732, 36.2823], [-86.3743, 36.2841], [-86.3766, 36.2842], [-86.3782, 36.2876], [-86.3771, 36.2897], [-86.3782, 36.29], [-86.3748, 36.2934], [-86.3758, 36.2943], [-86.3726, 36.2942], [-86.3728, 36.2955], [-86.3711, 36.2942], [-86.369, 36.2943], [-86.3692, 36.2951], [-86.3675, 36.2942], [-86.3659, 36.2946], [-86.3689, 36.2958], [-86.3677, 36.2967], [-86.3654, 36.296], [-86.365, 36.2968], [-86.365, 36.2996], [-86.3628, 36.3034], [-86.3634, 36.3042], [-86.3622, 36.3045], [-86.3624, 36.3052], [-86.3645, 36.3055], [-86.3638, 36.3079], [-86.3616, 36.3057], [-86.3579, 36.308], [-86.3609, 36.3086], [-86.3632, 36.3115], [-86.3617, 36.3167], [-86.3562, 36.3237], [-86.3481, 36.328], [-86.3468, 36.3298], [-86.3478, 36.3415], [-86.3484, 36.3389], [-86.3492, 36.3387], [-86.3478, 36.3379], [-86.3473, 36.3355], [-86.3488, 36.3311], [-86.3483, 36.3308], [-86.3514, 36.331], [-86.3534, 36.3284], [-86.354, 36.3287], [-86.3537, 36.3297], [-86.3561, 36.3314], [-86.3533, 36.3303], [-86.3528, 36.3328], [-86.3521, 36.3328], [-86.3515, 36.3338], [-86.3521, 36.3341], [-86.3505, 36.3357], [-86.3526, 36.3357], [-86.3525, 36.3368], [-86.3537, 36.3378], [-86.3516, 36.3364], [-86.3496, 36.3371], [-86.3508, 36.338], [-86.3494, 36.3379], [-86.349, 36.3398], [-86.3504, 36.3397], [-86.3489, 36.3409], [-86.3493, 36.3419], [-86.3513, 36.3407], [-86.3533, 36.3412], [-86.3518, 36.3415], [-86.3503, 36.3431], [-86.3489, 36.3426], [-86.3496, 36.3437], [-86.3507, 36.3437], [-86.3497, 36.3442], [-86.3504, 36.3455], [-86.3526, 36.3467], [-86.353, 36.3451], [-86.3533, 36.3467], [-86.355, 36.3458], [-86.3545, 36.3471], [-86.3557, 36.3473], [-86.3529, 36.348], [-86.3502, 36.3463], [-86.351, 36.3468], [-86.3511, 36.3492], [-86.3586, 36.3549], [-86.3592, 36.3544], [-86.3542, 36.3509], [-86.354, 36.3499], [-86.3593, 36.3534], [-86.3601, 36.3526], [-86.3583, 36.351], [-86.3609, 36.3523], [-86.3627, 36.3521], [-86.3626, 36.3531], [-86.3602, 36.3539], [-86.3623, 36.3553], [-86.3691, 36.3548], [-86.3673, 36.3568], [-86.3749, 36.3515], [-86.3761, 36.3494], [-86.3737, 36.3519], [-86.3727, 36.3515], [-86.3729, 36.3504], [-86.3722, 36.3508], [-86.3717, 36.3525], [-86.3701, 36.353], [-86.37, 36.3542], [-86.3662, 36.3544], [-86.3672, 36.3539], [-86.3659, 36.3527], [-86.3705, 36.352], [-86.3724, 36.3485], [-86.3757, 36.3477], [-86.3771, 36.3464], [-86.3764, 36.3464], [-86.3769, 36.3449], [-86.3777, 36.346], [-86.3828, 36.341], [-86.3804, 36.3401], [-86.3782, 36.3421], [-86.3756, 36.3418], [-86.3746, 36.3408], [-86.3732, 36.3416], [-86.3745, 36.3379], [-86.3746, 36.3398], [-86.3771, 36.3409], [-86.3796, 36.3392], [-86.3798, 36.3382], [-86.3809, 36.338], [-86.3803, 36.3392], [-86.3832, 36.3405], [-86.3849, 36.3376], [-86.3849, 36.3371], [-86.3842, 36.3375], [-86.3833, 36.3392], [-86.3835, 36.3375], [-86.3847, 36.3367], [-86.3842, 36.3355], [-86.3856, 36.3317], [-86.3851, 36.331], [-86.3857, 36.3309], [-86.3859, 36.329], [-86.3852, 36.3299], [-86.3848, 36.3284], [-86.3855, 36.3279], [-86.385, 36.3267], [-86.3859, 36.3265], [-86.3851, 36.3264], [-86.3852, 36.3249], [-86.3864, 36.3259], [-86.3851, 36.3228], [-86.386, 36.3221], [-86.3865, 36.3233], [-86.386, 36.3195], [-86.3853, 36.3214], [-86.3833, 36.3233], [-86.3827, 36.3257], [-86.382, 36.3249], [-86.3822, 36.3229], [-86.3843, 36.3195], [-86.3826, 36.3204], [-86.3824, 36.3199], [-86.3845, 36.3185], [-86.3852, 36.3152], [-86.3834, 36.3177], [-86.3822, 36.3181], [-86.3837, 36.3151], [-86.3785, 36.3156], [-86.3771, 36.3147], [-86.3843, 36.3142], [-86.385, 36.3129], [-86.3825, 36.3122], [-86.3836, 36.3118], [-86.3861, 36.3127], [-86.3887, 36.3111], [-86.3907, 36.309], [-86.3906, 36.3083], [-86.3842, 36.3088], [-86.3881, 36.3075], [-86.3886, 36.3063], [-86.3899, 36.3076], [-86.3923, 36.3056], [-86.3912, 36.3084], [-86.3972, 36.3054], [-86.4022, 36.3056], [-86.4039, 36.3029], [-86.4036, 36.3054], [-86.4074, 36.3066], [-86.4135, 36.3111], [-86.4193, 36.3184], [-86.4193, 36.3167], [-86.4199, 36.3168], [-86.4206, 36.3201], [-86.4214, 36.3206], [-86.4224, 36.32], [-86.4219, 36.3211], [-86.4233, 36.3216], [-86.4264, 36.3213], [-86.4224, 36.3229], [-86.4243, 36.3245], [-86.4243, 36.3262], [-86.4276, 36.3257], [-86.4265, 36.3269], [-86.4283, 36.3283], [-86.4251, 36.3281], [-86.4268, 36.333], [-86.4281, 36.3351], [-86.4303, 36.3361], [-86.4306, 36.3335], [-86.4322, 36.3367], [-86.4334, 36.3354], [-86.4335, 36.3368], [-86.4381, 36.3371], [-86.4376, 36.334], [-86.4384, 36.3358], [-86.4398, 36.3358], [-86.4407, 36.3368], [-86.4418, 36.3362], [-86.4422, 36.3344], [-86.4444, 36.3339], [-86.4455, 36.3345], [-86.4468, 36.3328], [-86.4504, 36.3331], [-86.4512, 36.3319], [-86.4519, 36.3325], [-86.4552, 36.3305], [-86.4558, 36.329], [-86.4547, 36.3278], [-86.4535, 36.3282], [-86.4541, 36.3271], [-86.4533, 36.3259], [-86.4526, 36.3253], [-86.4511, 36.3258], [-86.4511, 36.3245], [-86.4494, 36.3243], [-86.451, 36.3233], [-86.4501, 36.3233], [-86.4481, 36.3214], [-86.4494, 36.3212], [-86.4487, 36.3191], [-86.4492, 36.3187], [-86.4506, 36.321], [-86.4514, 36.3214], [-86.4521, 36.3208], [-86.4528, 36.3237], [-86.4541, 36.3246], [-86.4553, 36.3244], [-86.4547, 36.3246], [-86.4559, 36.3256], [-86.457, 36.325], [-86.4576, 36.3258], [-86.4568, 36.3272], [-86.4583, 36.3271], [-86.4596, 36.3284], [-86.4638, 36.3275], [-86.4665, 36.3258], [-86.4652, 36.3245], [-86.4665, 36.3245], [-86.4671, 36.3253], [-86.4684, 36.3246], [-86.4686, 36.3234], [-86.4676, 36.3235], [-86.4643, 36.3207], [-86.4672, 36.3211], [-86.4674, 36.3217], [-86.4685, 36.3197], [-86.4682, 36.3173], [-86.4696, 36.3176], [-86.4708, 36.3162], [-86.4722, 36.3165], [-86.4747, 36.3149], [-86.4727, 36.3118], [-86.4709, 36.3116], [-86.4721, 36.3111], [-86.4714, 36.3111], [-86.4717, 36.3098], [-86.4709, 36.3083], [-86.4692, 36.3081], [-86.4658, 36.3096], [-86.4676, 36.3069], [-86.4661, 36.3076], [-86.4665, 36.3068], [-86.4656, 36.3062], [-86.4663, 36.3056], [-86.4655, 36.3034], [-86.463, 36.3046], [-86.4648, 36.3027], [-86.4639, 36.2993], [-86.4629, 36.2987], [-86.4642, 36.2939], [-86.4628, 36.2918], [-86.4594, 36.2916], [-86.4561, 36.295], [-86.4542, 36.2948], [-86.4523, 36.2969], [-86.452, 36.2962], [-86.45, 36.2966], [-86.4482, 36.2993], [-86.4475, 36.2991], [-86.4495, 36.2952], [-86.4518, 36.2939], [-86.452, 36.2921], [-86.4505, 36.2916], [-86.4502, 36.2889], [-86.4458, 36.2903], [-86.4439, 36.2897], [-86.4439, 36.2863], [-86.4453, 36.2881], [-86.448, 36.2868], [-86.4464, 36.2846], [-86.4488, 36.2857], [-86.4477, 36.2813], [-86.448, 36.2803], [-86.4528, 36.2806], [-86.4564, 36.282], [-86.4547, 36.2835], [-86.4508, 36.2824], [-86.4552, 36.2868], [-86.4592, 36.287], [-86.4595, 36.2851], [-86.4601, 36.2851], [-86.4607, 36.287], [-86.4629, 36.2866], [-86.4633, 36.2882], [-86.4666, 36.2897], [-86.4662, 36.2901], [-86.4675, 36.2946], [-86.4684, 36.2956], [-86.4711, 36.2962], [-86.4688, 36.2969], [-86.4704, 36.2989], [-86.4731, 36.3], [-86.4722, 36.3005], [-86.4731, 36.3019], [-86.4769, 36.3001], [-86.4761, 36.3014], [-86.4771, 36.3022], [-86.4756, 36.3021], [-86.4743, 36.3039], [-86.478, 36.3076], [-86.4756, 36.3078], [-86.4778, 36.31], [-86.4796, 36.31], [-86.481, 36.3118], [-86.4848, 36.3115], [-86.485, 36.309], [-86.4854, 36.3113], [-86.4872, 36.3112], [-86.4931, 36.3087], [-86.4952, 36.3068], [-86.4917, 36.3049], [-86.4962, 36.305], [-86.4973, 36.3039], [-86.4973, 36.3055], [-86.498, 36.3055], [-86.4999, 36.3029], [-86.4996, 36.3002], [-86.5019, 36.2996], [-86.501, 36.299], [-86.5014, 36.2982], [-86.5004, 36.298], [-86.5004, 36.2969], [-86.502, 36.2977], [-86.503, 36.2967], [-86.5025, 36.2995], [-86.5061, 36.2979], [-86.5095, 36.2898], [-86.506, 36.2919], [-86.5056, 36.2927], [-86.507, 36.293], [-86.507, 36.2937], [-86.5061, 36.2934], [-86.5058, 36.2945], [-86.5043, 36.2942], [-86.5036, 36.2952], [-86.5025, 36.2914], [-86.5052, 36.2904], [-86.5054, 36.2892], [-86.5067, 36.2882], [-86.5045, 36.2882], [-86.5063, 36.2839], [-86.5041, 36.2847], [-86.5029, 36.2869], [-86.4999, 36.2893], [-86.499, 36.2895], [-86.4983, 36.2887], [-86.4995, 36.2857], [-86.5021, 36.285], [-86.5025, 36.2837], [-86.5011, 36.2828], [-86.5023, 36.2822], [-86.504, 36.2828], [-86.5052, 36.2819], [-86.5048, 36.2813], [-86.5057, 36.2801], [-86.5047, 36.2813], [-86.5025, 36.281], [-86.5047, 36.2795], [-86.5013, 36.2785], [-86.4999, 36.2753], [-86.5011, 36.273], [-86.5034, 36.2714], [-86.5013, 36.2686], [-86.4992, 36.2687], [-86.4996, 36.268], [-86.4971, 36.2666], [-86.4966, 36.2648], [-86.4981, 36.2646], [-86.4992, 36.2657], [-86.5032, 36.2668], [-86.5051, 36.2692], [-86.5067, 36.2698], [-86.5068, 36.2715], [-86.5078, 36.2715], [-86.5076, 36.2693], [-86.5085, 36.2679], [-86.5079, 36.2637], [-86.5121, 36.2601], [-86.5149, 36.2608], [-86.5149, 36.2571], [-86.5157, 36.2564], [-86.5162, 36.2576], [-86.5174, 36.2567], [-86.518, 36.2598], [-86.5188, 36.2603], [-86.518, 36.2607], [-86.5193, 36.2609], [-86.5182, 36.2609], [-86.5153, 36.2633], [-86.5131, 36.2632], [-86.5117, 36.2641], [-86.5128, 36.2666], [-86.5115, 36.2689], [-86.5127, 36.271], [-86.5119, 36.2724], [-86.5133, 36.2726], [-86.5113, 36.2735], [-86.5113, 36.2746], [-86.5091, 36.2745], [-86.5058, 36.2762], [-86.5078, 36.2761], [-86.5088, 36.2796], [-86.5102, 36.2798], [-86.5131, 36.2777], [-86.5172, 36.2764], [-86.5175, 36.2774], [-86.5187, 36.2774], [-86.5216, 36.2768], [-86.5224, 36.2759], [-86.5221, 36.2773], [-86.5251, 36.2775], [-86.5265, 36.2745], [-86.5277, 36.2739], [-86.527, 36.2748], [-86.5276, 36.2769], [-86.5262, 36.2776], [-86.5283, 36.2793], [-86.5307, 36.2792], [-86.5314, 36.2805], [-86.5366, 36.284], [-86.5387, 36.2815], [-86.5401, 36.282], [-86.5393, 36.2828], [-86.5396, 36.284], [-86.5417, 36.2831], [-86.5409, 36.2848], [-86.5394, 36.2858], [-86.5414, 36.2867], [-86.5409, 36.2871], [-86.5429, 36.2897], [-86.5436, 36.2933], [-86.5409, 36.3058], [-86.5423, 36.3069], [-86.5439, 36.3063], [-86.5441, 36.3077], [-86.5419, 36.3081], [-86.5408, 36.3071], [-86.5406, 36.3095], [-86.5434, 36.3126], [-86.5456, 36.3121], [-86.5441, 36.3133], [-86.5465, 36.3155], [-86.5492, 36.3153], [-86.549, 36.3144], [-86.551, 36.3151], [-86.5518, 36.3142], [-86.5509, 36.3135], [-86.5534, 36.3126], [-86.5517, 36.3126], [-86.5519, 36.3117], [-86.553, 36.3117], [-86.5561, 36.3096], [-86.5552, 36.3093], [-86.5562, 36.3086], [-86.5557, 36.3083], [-86.5539, 36.3088], [-86.5538, 36.3067], [-86.5565, 36.3064], [-86.5568, 36.3056], [-86.5548, 36.305], [-86.5558, 36.3044], [-86.5547, 36.3022], [-86.5553, 36.3013], [-86.5542, 36.3005], [-86.552, 36.3011], [-86.5541, 36.2999], [-86.5566, 36.3003], [-86.5565, 36.2994], [-86.5556, 36.2992], [-86.5567, 36.2979], [-86.5536, 36.297], [-86.5549, 36.2968], [-86.5563, 36.2949], [-86.5525, 36.2926], [-86.5558, 36.2927], [-86.5538, 36.2893], [-86.5546, 36.285], [-86.5518, 36.2865], [-86.5523, 36.2847], [-86.5481, 36.2824], [-86.5501, 36.2821], [-86.5532, 36.2839], [-86.5548, 36.2834], [-86.5565, 36.2807], [-86.5558, 36.2798], [-86.5574, 36.2791], [-86.5592, 36.2753], [-86.5584, 36.2738], [-86.5554, 36.2718], [-86.5552, 36.2706], [-86.5535, 36.2707], [-86.553, 36.2697], [-86.551, 36.27], [-86.5498, 36.2689], [-86.5503, 36.2686], [-86.5488, 36.2689], [-86.5505, 36.2684], [-86.5517, 36.2692], [-86.552, 36.2668], [-86.5532, 36.2687], [-86.5549, 36.2695], [-86.5563, 36.2687], [-86.5574, 36.2703], [-86.56, 36.2713], [-86.5631, 36.2672], [-86.5629, 36.2661], [-86.5647, 36.2659], [-86.5662, 36.2643], [-86.5679, 36.2604], [-86.5664, 36.2598], [-86.5652, 36.261], [-86.5623, 36.2608], [-86.5642, 36.2586], [-86.5643, 36.2573], [-86.563, 36.256], [-86.5597, 36.2551], [-86.561, 36.2533], [-86.5629, 36.2523], [-86.5644, 36.2527], [-86.568, 36.2568], [-86.5707, 36.2566], [-86.5715, 36.2555], [-86.5705, 36.2542], [-86.5674, 36.2533], [-86.5662, 36.2538], [-86.5645, 36.2525], [-86.5648, 36.251], [-86.5664, 36.2499], [-86.5676, 36.2492], [-86.5681, 36.2502], [-86.5702, 36.2488], [-86.573, 36.2443], [-86.5736, 36.2458], [-86.5752, 36.2462], [-86.5747, 36.2482], [-86.5766, 36.248], [-86.5758, 36.2499], [-86.5771, 36.2506], [-86.5836, 36.2471], [-86.5911, 36.2444], [-86.591, 36.2436], [-86.5891, 36.2439], [-86.5897, 36.2433], [-86.5889, 36.2427], [-86.5906, 36.2427], [-86.5908, 36.2404], [-86.5918, 36.2414], [-86.5926, 36.241], [-86.5919, 36.2423], [-86.5932, 36.2423], [-86.5935, 36.2432], [-86.5947, 36.2417], [-86.5953, 36.2428], [-86.6004, 36.242], [-86.6014, 36.2389], [-86.6004, 36.2376], [-86.6014, 36.238], [-86.6015, 36.2368], [-86.6028, 36.2368], [-86.6022, 36.2382], [-86.6026, 36.2418], [-86.6052, 36.2409], [-86.6055, 36.242], [-86.6155, 36.2443], [-86.6131, 36.2435], [-86.6132, 36.243], [-86.6197, 36.2438], [-86.619, 36.2413], [-86.6208, 36.2428]]]}, "properties": {"OBJECTID": 2685, "Object_Name": "", "Information": "", "Source_Date": "20050701", "Source_Indication": "US,U3,IMAGE,Photo_Science_Inc_2005_Digitization", "Source_Dataset": "U37CR221.000", "Feature_ID": "U3 1393085359 00001"}}, {"type": "Feature", "id": 2686, "geometry": {"type": "Polygon", "coordinates": [[[-85.9667, 36.2678], [-85.9667, 36.2619], [-85.9601, 36.2578], [-85.961, 36.2622], [-85.9627, 36.2653], [-85.9643, 36.2669], [-85.9667, 36.2678]]]}, "properties": {"OBJECTID": 2686, "Object_Name": "", "Information": "", "Source_Date": "20040930", "Source_Indication": "US,U3,USACE,LRN_GIS", "Source_Dataset": "U37CR307.000", "Feature_ID": "U3 1392981341 00001"}}, {"type": "Feature", "id": 2689, "geometry": {"type": "Polygon", "coordinates": [[[-85.9364, 36.3037], [-85.9358, 36.3034], [-85.9341, 36.304], [-85.9364, 36.3037]]]}, "properties": {"OBJECTID": 2689, "Object_Name": "", "Information": "", "Source_Date": "20040930", "Source_Indication": "US,U3,USACE,LRN_GIS", "Source_Dataset": "U37CR307.000", "Feature_ID": "U3 1392989792 00001"}}, {"type": "Feature", "id": 2692, "geometry": {"type": "Polygon", "coordinates": [[[-85.9438, 36.2414], [-85.9437, 36.2413], [-85.9438, 36.2414], [-85.9438, 36.2414]]]}, "properties": {"OBJECTID": 2692, "Object_Name": "", "Information": "", "Source_Date": "20140603", "Source_Indication": "US,U3,SURVY,2014_SEAS_LIDAR_Mapping_Survey", "Source_Dataset": "U37CR307.000", "Feature_ID": "U3 1392990210 00001"}}, {"type": "Feature", "id": 2693, "geometry": {"type": "Polygon", "coordinates": [[[-85.9442, 36.2406], [-85.9441, 36.2405], [-85.944, 36.2406], [-85.9442, 36.2406]]]}, "properties": {"OBJECTID": 2693, "Object_Name": "", "Information": "", "Source_Date": "20140603", "Source_Indication": "US,U3,SURVY,2014_SEAS_LIDAR_Mapping_Survey", "Source_Dataset": "U37CR307.000", "Feature_ID": "U3 1392990216 00001"}}, {"type": "Feature", "id": 2694, "geometry": {"type": "Polygon", "coordinates": [[[-85.9544, 36.2487], [-85.9544, 36.2487], [-85.9543, 36.2486], [-85.9544, 36.2487]]]}, "properties": {"OBJECTID": 2694, "Object_Name": "", "Information": "", "Source_Date": "20140603", "Source_Indication": "US,U3,SURVY,2014_SEAS_LIDAR_Mapping_Survey", "Source_Dataset": "U37CR307.000", "Feature_ID": "U3 1392990229 00001"}}, {"type": "Feature", "id": 2695, "geometry": {"type": "Polygon", "coordinates": [[[-85.9553, 36.2481], [-85.9552, 36.2481], [-85.9552, 36.2482], [-85.9553, 36.2481]]]}, "properties": {"OBJECTID": 2695, "Object_Name": "", "Information": "", "Source_Date": "20140603", "Source_Indication": "US,U3,SURVY,2014_SEAS_LIDAR_Mapping_Survey", "Source_Dataset": "U37CR307.000", "Feature_ID": "U3 1392990233 00001"}}, {"type": "Feature", "id": 2713, "geometry": {"type": "Polygon", "coordinates": [[[-85.9271, 36.3022], [-85.9273, 36.3021], [-85.9272, 36.3021], [-85.9271, 36.3022]]]}, "properties": {"OBJECTID": 2713, "Object_Name": "", "Information": "", "Source_Date": "20040930", "Source_Indication": "US,U3,USACE,LRN_GIS", "Source_Dataset": "U37CR307.000", "Feature_ID": "U3 1392990904 00001"}}, {"type": "Feature", "id": 2743, "geometry": {"type": "Polygon", "coordinates": [[[-85.9667, 36.2779], [-85.9667, 36.2686], [-85.963, 36.2671], [-85.9616, 36.2653], [-85.9594, 36.2608], [-85.9582, 36.2555], [-85.9544, 36.2489], [-85.9413, 36.2405], [-85.9379, 36.2413], [-85.9306, 36.2462], [-85.9259, 36.2516], [-85.9249, 36.2554], [-85.9243, 36.2661], [-85.9254, 36.2746], [-85.9363, 36.282], [-85.9442, 36.2893], [-85.9431, 36.2905], [-85.9412, 36.2889], [-85.9443, 36.2918], [-85.9432, 36.2907], [-85.9448, 36.2894], [-85.9499, 36.2961], [-85.9499, 36.2987], [-85.9472, 36.303], [-85.9445, 36.3043], [-85.9458, 36.3067], [-85.9436, 36.3046], [-85.9379, 36.3065], [-85.9402, 36.3091], [-85.9378, 36.3088], [-85.9369, 36.3111], [-85.9365, 36.3078], [-85.9344, 36.3074], [-85.9271, 36.3088], [-85.9218, 36.3086], [-85.9233, 36.3113], [-85.9207, 36.3082], [-85.9146, 36.3041], [-85.9123, 36.3032], [-85.9121, 36.3007], [-85.9109, 36.3006], [-85.9116, 36.2993], [-85.9114, 36.2963], [-85.9082, 36.2963], [-85.9061, 36.2986], [-85.9071, 36.2996], [-85.9071, 36.3011], [-85.9053, 36.2994], [-85.9041, 36.3013], [-85.9049, 36.3024], [-85.9044, 36.3029], [-85.9071, 36.3046], [-85.9084, 36.3034], [-85.9092, 36.3038], [-85.9076, 36.3053], [-85.9086, 36.3073], [-85.9086, 36.3111], [-85.907, 36.3129], [-85.9059, 36.3187], [-85.9081, 36.3206], [-85.9062, 36.3211], [-85.9061, 36.3227], [-85.9052, 36.3225], [-85.904, 36.3234], [-85.9037, 36.3274], [-85.9053, 36.3284], [-85.9023, 36.3322], [-85.9012, 36.3322], [-85.9002, 36.332], [-85.9008, 36.3252], [-85.9022, 36.3233], [-85.9018, 36.3214], [-85.9053, 36.3098], [-85.9017, 36.3031], [-85.8978, 36.3035], [-85.9001, 36.3022], [-85.9021, 36.2995], [-85.9045, 36.293], [-85.9081, 36.2935], [-85.9074, 36.2912], [-85.909, 36.2929], [-85.9113, 36.292], [-85.9116, 36.291], [-85.9104, 36.2907], [-85.9117, 36.2893], [-85.9103, 36.2894], [-85.9117, 36.2882], [-85.9115, 36.286], [-85.9112, 36.2855], [-85.9095, 36.2862], [-85.9104, 36.2856], [-85.9113, 36.2832], [-85.9105, 36.2821], [-85.91, 36.2829], [-85.9075, 36.2834], [-85.9074, 36.2822], [-85.9095, 36.282], [-85.9104, 36.2809], [-85.9068, 36.2767], [-85.9045, 36.2803], [-85.9031, 36.2811], [-85.903, 36.279], [-85.9053, 36.2767], [-85.9055, 36.2749], [-85.9049, 36.2739], [-85.9032, 36.2745], [-85.9017, 36.2741], [-85.9044, 36.2727], [-85.8995, 36.2664], [-85.898, 36.2659], [-85.8973, 36.2685], [-85.896, 36.266], [-85.8942, 36.2665], [-85.8956, 36.2632], [-85.8944, 36.2613], [-85.8947, 36.2602], [-85.8938, 36.2603], [-85.8941, 36.2584], [-85.8924, 36.2576], [-85.8932, 36.2587], [-85.8925, 36.2598], [-85.8905, 36.2605], [-85.892, 36.2594], [-85.8905, 36.2579], [-85.8912, 36.2569], [-85.8898, 36.2562], [-85.8882, 36.2574], [-85.8889, 36.2557], [-85.8876, 36.2553], [-85.8868, 36.2561], [-85.8868, 36.255], [-85.8853, 36.2547], [-85.8853, 36.2557], [-85.8844, 36.2551], [-85.883, 36.2557], [-85.8833, 36.2564], [-85.8824, 36.2563], [-85.8826, 36.2576], [-85.8809, 36.2589], [-85.8811, 36.2565], [-85.8833, 36.2544], [-85.8803, 36.2546], [-85.8771, 36.2563], [-85.8798, 36.2567], [-85.8781, 36.2572], [-85.8773, 36.2587], [-85.8768, 36.2575], [-85.8774, 36.2617], [-85.8792, 36.2597], [-85.8795, 36.261], [-85.8788, 36.2625], [-85.8804, 36.2627], [-85.8811, 36.262], [-85.8833, 36.2637], [-85.8812, 36.2631], [-85.8785, 36.264], [-85.8805, 36.266], [-85.8804, 36.2672], [-85.8831, 36.2685], [-85.8825, 36.2701], [-85.8841, 36.2752], [-85.8904, 36.2847], [-85.8916, 36.2903], [-85.8902, 36.2947], [-85.8873, 36.298], [-85.8791, 36.3042], [-85.8723, 36.3059], [-85.8731, 36.3098], [-85.8766, 36.311], [-85.8724, 36.3115], [-85.871, 36.3169], [-85.8695, 36.3139], [-85.8707, 36.3124], [-85.8705, 36.3081], [-85.8684, 36.3042], [-85.8649, 36.302], [-85.8604, 36.3001], [-85.8616, 36.3041], [-85.8595, 36.3017], [-85.8571, 36.3025], [-85.8589, 36.299], [-85.852, 36.2956], [-85.8503, 36.297], [-85.8506, 36.298], [-85.8493, 36.2979], [-85.8473, 36.2995], [-85.846, 36.3038], [-85.845, 36.3022], [-85.8437, 36.3022], [-85.8458, 36.2986], [-85.8483, 36.2972], [-85.8506, 36.2937], [-85.8494, 36.2923], [-85.8471, 36.293], [-85.8488, 36.2914], [-85.843, 36.2866], [-85.8399, 36.289], [-85.8423, 36.286], [-85.8362, 36.2812], [-85.8348, 36.2808], [-85.833, 36.2832], [-85.833, 36.2816], [-85.8323, 36.2817], [-85.8322, 36.2805], [-85.8342, 36.2794], [-85.8333, 36.2779], [-85.8272, 36.2734], [-85.8279, 36.2733], [-85.8251, 36.2672], [-85.8254, 36.2654], [-85.827, 36.2669], [-85.8278, 36.2698], [-85.8295, 36.2705], [-85.8276, 36.2658], [-85.8276, 36.26], [-85.8269, 36.2599], [-85.8267, 36.2585], [-85.8255, 36.2599], [-85.8225, 36.2599], [-85.8241, 36.2592], [-85.8243, 36.2583], [-85.8253, 36.2589], [-85.8261, 36.2576], [-85.8248, 36.2555], [-85.8234, 36.2552], [-85.8243, 36.2549], [-85.8238, 36.2542], [-85.8186, 36.2518], [-85.8177, 36.2517], [-85.817, 36.2528], [-85.8168, 36.2516], [-85.8143, 36.2514], [-85.814, 36.2524], [-85.8135, 36.2515], [-85.8119, 36.252], [-85.8091, 36.256], [-85.8104, 36.2577], [-85.8103, 36.2593], [-85.8088, 36.2575], [-85.8064, 36.2611], [-85.8058, 36.2661], [-85.8071, 36.2695], [-85.8063, 36.2694], [-85.8064, 36.2704], [-85.8085, 36.2772], [-85.8108, 36.2769], [-85.8085, 36.2787], [-85.8082, 36.2803], [-85.8097, 36.2851], [-85.8118, 36.2841], [-85.8098, 36.286], [-85.812, 36.2973], [-85.8175, 36.2986], [-85.8123, 36.2984], [-85.8123, 36.2991], [-85.8169, 36.3074], [-85.82, 36.3078], [-85.817, 36.3084], [-85.8166, 36.3095], [-85.8177, 36.3094], [-85.8198, 36.3124], [-85.8228, 36.3127], [-85.8202, 36.3135], [-85.8228, 36.3162], [-85.8228, 36.3188], [-85.8225, 36.3176], [-85.8184, 36.3136], [-85.8184, 36.3124], [-85.8158, 36.3104], [-85.8119, 36.3189], [-85.8096, 36.3213], [-85.8102, 36.3222], [-85.8076, 36.3228], [-85.8067, 36.3242], [-85.8066, 36.323], [-85.8009, 36.3237], [-85.7927, 36.3233], [-85.7917, 36.3212], [-85.7916, 36.3219], [-85.7908, 36.3215], [-85.7906, 36.3196], [-85.7895, 36.3196], [-85.7841, 36.3149], [-85.7837, 36.3183], [-85.7846, 36.3192], [-85.784, 36.3202], [-85.7846, 36.3223], [-85.7857, 36.3233], [-85.7881, 36.3237], [-85.7914, 36.3265], [-85.7963, 36.328], [-85.7954, 36.3294], [-85.7965, 36.331], [-85.7964, 36.3345], [-85.794, 36.3337], [-85.7936, 36.3296], [-85.7917, 36.3277], [-85.7853, 36.3257], [-85.7834, 36.3271], [-85.7839, 36.3246], [-85.781, 36.3219], [-85.7822, 36.3201], [-85.7805, 36.3199], [-85.7816, 36.3195], [-85.7817, 36.3179], [-85.7789, 36.3144], [-85.7794, 36.3135], [-85.782, 36.3138], [-85.7785, 36.3126], [-85.7788, 36.3121], [-85.7775, 36.3115], [-85.775, 36.3108], [-85.7739, 36.3121], [-85.773, 36.3109], [-85.7712, 36.3124], [-85.7715, 36.3109], [-85.7632, 36.3097], [-85.7664, 36.3089], [-85.7709, 36.3095], [-85.7652, 36.3078], [-85.7613, 36.3083], [-85.7621, 36.311], [-85.7613, 36.311], [-85.7606, 36.3104], [-85.7604, 36.3085], [-85.7596, 36.3083], [-85.7627, 36.3073], [-85.7624, 36.3068], [-85.7575, 36.3086], [-85.7565, 36.3129], [-85.7557, 36.3123], [-85.757, 36.3089], [-85.7555, 36.3094], [-85.7552, 36.3109], [-85.7554, 36.3096], [-85.7501, 36.3108], [-85.7515, 36.3126], [-85.7504, 36.3114], [-85.7497, 36.3134], [-85.7497, 36.3122], [-85.7477, 36.3138], [-85.7484, 36.3118], [-85.7475, 36.3121], [-85.7454, 36.3159], [-85.7455, 36.3176], [-85.7466, 36.3189], [-85.7483, 36.3201], [-85.7491, 36.3195], [-85.7526, 36.3219], [-85.7533, 36.3213], [-85.7535, 36.3221], [-85.7526, 36.3224], [-85.7488, 36.3204], [-85.7498, 36.3212], [-85.7577, 36.3254], [-85.7635, 36.3269], [-85.7686, 36.3298], [-85.7739, 36.3341], [-85.7755, 36.3381], [-85.7756, 36.343], [-85.774, 36.3477], [-85.7702, 36.3538], [-85.771, 36.3542], [-85.7727, 36.3525], [-85.7711, 36.3548], [-85.7729, 36.3575], [-85.7745, 36.3577], [-85.7745, 36.3583], [-85.7762, 36.3592], [-85.7786, 36.3587], [-85.777, 36.3599], [-85.7758, 36.3598], [-85.7712, 36.3576], [-85.7724, 36.3605], [-85.7754, 36.3613], [-85.7746, 36.3617], [-85.7825, 36.3634], [-85.7794, 36.3639], [-85.7817, 36.367], [-85.7803, 36.3678], [-85.7743, 36.3617], [-85.7706, 36.3614], [-85.7699, 36.3582], [-85.7707, 36.3555], [-85.7699, 36.3543], [-85.7596, 36.359], [-85.7535, 36.3603], [-85.7538, 36.363], [-85.7585, 36.365], [-85.755, 36.3643], [-85.7538, 36.3671], [-85.7529, 36.3662], [-85.7536, 36.3642], [-85.7528, 36.3602], [-85.74, 36.3579], [-85.7369, 36.3564], [-85.736, 36.358], [-85.7345, 36.3572], [-85.7361, 36.3558], [-85.7248, 36.348], [-85.724, 36.3481], [-85.7246, 36.3487], [-85.7238, 36.3485], [-85.724, 36.3475], [-85.7207, 36.3455], [-85.7196, 36.346], [-85.7204, 36.3466], [-85.7199, 36.3479], [-85.7205, 36.3501], [-85.7201, 36.3515], [-85.7193, 36.3517], [-85.7184, 36.351], [-85.719, 36.3506], [-85.7185, 36.35], [-85.7191, 36.35], [-85.7183, 36.3477], [-85.7193, 36.3468], [-85.719, 36.3453], [-85.7131, 36.3467], [-85.7082, 36.3491], [-85.7088, 36.3503], [-85.7075, 36.3529], [-85.7064, 36.3529], [-85.7071, 36.3518], [-85.7067, 36.3505], [-85.7082, 36.3493], [-85.7051, 36.3494], [-85.6959, 36.3549], [-85.6974, 36.3567], [-85.6989, 36.3562], [-85.6973, 36.3574], [-85.6949, 36.3576], [-85.694, 36.3566], [-85.6941, 36.3554], [-85.6928, 36.3555], [-85.6912, 36.3564], [-85.6918, 36.3572], [-85.6911, 36.3588], [-85.6915, 36.3572], [-85.6909, 36.3565], [-85.6832, 36.359], [-85.6822, 36.3602], [-85.6821, 36.3616], [-85.6852, 36.3658], [-85.6935, 36.3714], [-85.6994, 36.3732], [-85.7019, 36.3756], [-85.7052, 36.3822], [-85.7049, 36.3892], [-85.7066, 36.3907], [-85.7075, 36.3938], [-85.7095, 36.3949], [-85.7097, 36.3958], [-85.7093, 36.3964], [-85.7077, 36.3948], [-85.7072, 36.3959], [-85.7061, 36.391], [-85.7047, 36.3899], [-85.7043, 36.3926], [-85.6973, 36.4039], [-85.6954, 36.4055], [-85.6907, 36.4074], [-85.6934, 36.4094], [-85.692, 36.4102], [-85.6923, 36.4095], [-85.6903, 36.408], [-85.6895, 36.4091], [-85.6901, 36.4075], [-85.6792, 36.41], [-85.6723, 36.4084], [-85.6712, 36.4074], [-85.671, 36.4054], [-85.6701, 36.4064], [-85.6708, 36.4074], [-85.6697, 36.4064], [-85.6696, 36.4056], [-85.671, 36.4051], [-85.6698, 36.3966], [-85.6663, 36.3955], [-85.6671, 36.3963], [-85.6653, 36.3966], [-85.6634, 36.4006], [-85.6638, 36.4026], [-85.6606, 36.4035], [-85.6629, 36.4053], [-85.6635, 36.4086], [-85.6663, 36.41], [-85.6651, 36.4132], [-85.6658, 36.416], [-85.673, 36.42], [-85.6653, 36.4162], [-85.6644, 36.4131], [-85.665, 36.4105], [-85.6624, 36.409], [-85.6621, 36.4065], [-85.6601, 36.4038], [-85.6591, 36.4003], [-85.6633, 36.3943], [-85.67, 36.3959], [-85.6707, 36.3887], [-85.6686, 36.3895], [-85.6682, 36.389], [-85.6693, 36.3886], [-85.6687, 36.3879], [-85.6707, 36.3882], [-85.6694, 36.3818], [-85.6655, 36.378], [-85.6592, 36.375], [-85.6527, 36.3742], [-85.6475, 36.3762], [-85.6452, 36.379], [-85.6427, 36.3843], [-85.6397, 36.3977], [-85.6408, 36.4037], [-85.6493, 36.4209], [-85.6494, 36.4272], [-85.6477, 36.4302], [-85.6437, 36.4337], [-85.6389, 36.4366], [-85.6336, 36.4389], [-85.6181, 36.441], [-85.6192, 36.4425], [-85.6186, 36.4431], [-85.6171, 36.4428], [-85.6182, 36.4416], [-85.6173, 36.441], [-85.6016, 36.4416], [-85.5941, 36.441], [-85.5886, 36.4421], [-85.5855, 36.4441], [-85.583, 36.4469], [-85.5781, 36.4549], [-85.5774, 36.4587], [-85.5793, 36.4619], [-85.589, 36.4666], [-85.5969, 36.4681], [-85.6081, 36.4781], [-85.6091, 36.4808], [-85.6093, 36.4879], [-85.6088, 36.4912], [-85.6071, 36.4949], [-85.6026, 36.4976], [-85.5983, 36.4977], [-85.5921, 36.4942], [-85.5887, 36.4905], [-85.5858, 36.4848], [-85.5836, 36.483], [-85.5752, 36.4813], [-85.5678, 36.4833], [-85.5661, 36.486], [-85.5676, 36.4895], [-85.5714, 36.4941], [-85.5788, 36.4991], [-85.5819, 36.5031], [-85.5822, 36.5053], [-85.5809, 36.5083], [-85.5786, 36.5101], [-85.575, 36.5109], [-85.5659, 36.511], [-85.551, 36.5088], [-85.5477, 36.5097], [-85.5445, 36.515], [-85.5418, 36.5228], [-85.5397, 36.5257], [-85.5343, 36.5291], [-85.5246, 36.5326], [-85.522, 36.5349], [-85.5187, 36.5425], [-85.5179, 36.5497], [-85.5104, 36.5609], [-85.5062, 36.5651], [-85.5203, 36.5651], [-85.5286, 36.5523], [-85.5295, 36.5452], [-85.5313, 36.5403], [-85.5412, 36.5362], [-85.5481, 36.5316], [-85.552, 36.5264], [-85.5549, 36.5186], [-85.5752, 36.5216], [-85.5825, 36.5267], [-85.5883, 36.5272], [-85.5891, 36.5252], [-85.5881, 36.5229], [-85.5839, 36.5207], [-85.5832, 36.5188], [-85.59, 36.5135], [-85.5925, 36.5092], [-85.5932, 36.5056], [-85.5982, 36.507], [-85.6041, 36.5066], [-85.6115, 36.5037], [-85.6169, 36.499], [-85.6204, 36.489], [-85.6265, 36.4894], [-85.6273, 36.4847], [-85.6214, 36.4804], [-85.6162, 36.4718], [-85.6041, 36.4613], [-85.5895, 36.4566], [-85.5938, 36.4503], [-85.6109, 36.4503], [-85.6186, 36.4519], [-85.6309, 36.457], [-85.6327, 36.4566], [-85.6357, 36.45], [-85.6392, 36.4467], [-85.6469, 36.4431], [-85.6544, 36.4379], [-85.659, 36.4323], [-85.6609, 36.4249], [-85.671, 36.4289], [-85.6785, 36.4279], [-85.6828, 36.4244], [-85.6842, 36.4184], [-85.6866, 36.418], [-85.692, 36.4192], [-85.6976, 36.418], [-85.702, 36.4152], [-85.709, 36.4054], [-85.713, 36.4049], [-85.7178, 36.4023], [-85.7207, 36.3973], [-85.7204, 36.3931], [-85.716, 36.386], [-85.7162, 36.3806], [-85.7129, 36.3733], [-85.7085, 36.3679], [-85.7036, 36.3648], [-85.7074, 36.362], [-85.7147, 36.3598], [-85.7192, 36.3607], [-85.724, 36.36], [-85.726, 36.363], [-85.7304, 36.3658], [-85.7419, 36.3676], [-85.7453, 36.3729], [-85.7518, 36.376], [-85.7593, 36.3749], [-85.7676, 36.37], [-85.7731, 36.3747], [-85.7783, 36.3767], [-85.7841, 36.3763], [-85.7888, 36.3739], [-85.7921, 36.3701], [-85.7937, 36.3634], [-85.7922, 36.3589], [-85.7871, 36.3529], [-85.7841, 36.3509], [-85.7863, 36.3459], [-85.7869, 36.3406], [-85.7944, 36.3434], [-85.8019, 36.3424], [-85.8064, 36.3386], [-85.8078, 36.3331], [-85.8122, 36.332], [-85.8193, 36.3274], [-85.8247, 36.3277], [-85.8284, 36.3267], [-85.8313, 36.3246], [-85.8337, 36.3212], [-85.8338, 36.3112], [-85.828, 36.3015], [-85.828, 36.2955], [-85.8261, 36.2928], [-85.8218, 36.29], [-85.8226, 36.286], [-85.8248, 36.2892], [-85.8293, 36.2918], [-85.8313, 36.2948], [-85.8345, 36.2969], [-85.8325, 36.3022], [-85.8351, 36.308], [-85.8404, 36.3116], [-85.8441, 36.3126], [-85.8479, 36.3126], [-85.8529, 36.3108], [-85.8585, 36.3128], [-85.8587, 36.3161], [-85.8613, 36.3214], [-85.8654, 36.3247], [-85.8729, 36.3258], [-85.8786, 36.3235], [-85.8862, 36.3155], [-85.8876, 36.3099], [-85.8889, 36.309], [-85.8934, 36.3118], [-85.8891, 36.3285], [-85.8897, 36.3351], [-85.8943, 36.3408], [-85.8947, 36.3435], [-85.8958, 36.3448], [-85.8973, 36.3451], [-85.8988, 36.345], [-85.9022, 36.3416], [-85.9094, 36.3391], [-85.9154, 36.3322], [-85.9161, 36.3266], [-85.9184, 36.3234], [-85.919, 36.3195], [-85.9253, 36.32], [-85.9301, 36.3183], [-85.935, 36.32], [-85.9388, 36.32], [-85.953, 36.3136], [-85.9555, 36.3112], [-85.9609, 36.3], [-85.9609, 36.2949], [-85.9566, 36.2873], [-85.943, 36.2748], [-85.9359, 36.2702], [-85.9362, 36.2554], [-85.9402, 36.2514], [-85.9456, 36.2547], [-85.9513, 36.2687], [-85.9545, 36.2729], [-85.9574, 36.2749], [-85.9667, 36.2779]]]}, "properties": {"OBJECTID": 2743, "Object_Name": "", "Information": "", "Source_Date": "20120101", "Source_Indication": "US,U3,IMAGE,2012_1M_NAIP_Imagery", "Source_Dataset": "U37CR307.000", "Feature_ID": "U3 1393085358 00001"}}, {"type": "Feature", "id": 2744, "geometry": {"type": "Polygon", "coordinates": [[[-85.9667, 36.2611], [-85.9667, 36.2456], [-85.9661, 36.2446], [-85.9625, 36.241], [-85.9541, 36.235], [-85.946, 36.2307], [-85.9406, 36.2301], [-85.9354, 36.231], [-85.93, 36.2335], [-85.9225, 36.2386], [-85.9164, 36.2453], [-85.914, 36.2494], [-85.9124, 36.2552], [-85.9052, 36.2475], [-85.8992, 36.2443], [-85.8937, 36.2439], [-85.8886, 36.242], [-85.8765, 36.2425], [-85.8693, 36.2404], [-85.8655, 36.2409], [-85.8615, 36.2427], [-85.8577, 36.248], [-85.8583, 36.2528], [-85.8565, 36.2562], [-85.8565, 36.2593], [-85.8594, 36.2643], [-85.8618, 36.2743], [-85.8659, 36.2806], [-85.866, 36.2827], [-85.8609, 36.2775], [-85.8585, 36.2731], [-85.8537, 36.2704], [-85.8527, 36.2684], [-85.855, 36.264], [-85.8545, 36.2553], [-85.8514, 36.2482], [-85.8474, 36.2448], [-85.8413, 36.2436], [-85.8375, 36.2442], [-85.8341, 36.2458], [-85.826, 36.2414], [-85.8274, 36.2369], [-85.826, 36.2324], [-85.8235, 36.23], [-85.8183, 36.228], [-85.8108, 36.229], [-85.8022, 36.2358], [-85.798, 36.2358], [-85.7944, 36.2368], [-85.7873, 36.2423], [-85.7839, 36.2384], [-85.777, 36.2355], [-85.7687, 36.2366], [-85.7629, 36.2398], [-85.7605, 36.244], [-85.761, 36.2486], [-85.7631, 36.2516], [-85.7673, 36.2544], [-85.7722, 36.2627], [-85.7708, 36.2664], [-85.766, 36.2677], [-85.7619, 36.271], [-85.7603, 36.2753], [-85.7608, 36.2799], [-85.7641, 36.2838], [-85.7693, 36.2858], [-85.7873, 36.2853], [-85.7913, 36.2863], [-85.7928, 36.2936], [-85.7918, 36.2973], [-85.7924, 36.3048], [-85.7861, 36.3015], [-85.7813, 36.297], [-85.7758, 36.2958], [-85.7711, 36.2966], [-85.768, 36.2945], [-85.7644, 36.2934], [-85.7551, 36.2939], [-85.7492, 36.2957], [-85.7451, 36.2989], [-85.7406, 36.2986], [-85.7358, 36.2998], [-85.7325, 36.3021], [-85.73, 36.3063], [-85.73, 36.3094], [-85.7324, 36.315], [-85.7302, 36.3189], [-85.7302, 36.322], [-85.7327, 36.3262], [-85.7416, 36.3328], [-85.7344, 36.3343], [-85.7286, 36.3375], [-85.7229, 36.3353], [-85.7156, 36.3347], [-85.7082, 36.3363], [-85.701, 36.3364], [-85.6944, 36.3394], [-85.6876, 36.3405], [-85.6835, 36.3438], [-85.6821, 36.3486], [-85.6747, 36.3517], [-85.6715, 36.3552], [-85.669, 36.3619], [-85.6722, 36.3695], [-85.6639, 36.3657], [-85.6558, 36.3638], [-85.6476, 36.3649], [-85.6409, 36.3646], [-85.6342, 36.3676], [-85.6318, 36.3718], [-85.6325, 36.3769], [-85.6273, 36.3942], [-85.6272, 36.4003], [-85.6286, 36.4061], [-85.6372, 36.4247], [-85.6321, 36.4279], [-85.6201, 36.4306], [-85.6052, 36.4313], [-85.5951, 36.4304], [-85.5845, 36.4326], [-85.5783, 36.4354], [-85.5688, 36.444], [-85.5671, 36.4486], [-85.5653, 36.4601], [-85.5671, 36.4655], [-85.5697, 36.4686], [-85.574, 36.4714], [-85.5687, 36.4721], [-85.5608, 36.4751], [-85.5558, 36.4801], [-85.5538, 36.4843], [-85.555, 36.4922], [-85.5617, 36.5002], [-85.5482, 36.4991], [-85.5423, 36.5005], [-85.5384, 36.5031], [-85.5341, 36.5087], [-85.5302, 36.5189], [-85.5164, 36.5252], [-85.5123, 36.5285], [-85.5083, 36.5354], [-85.5058, 36.5461], [-85.4997, 36.5515], [-85.4983, 36.5572], [-85.4943, 36.562], [-85.4943, 36.5651], [-85.5048, 36.5651], [-85.5085, 36.5615], [-85.5121, 36.5556], [-85.5093, 36.556], [-85.5128, 36.5542], [-85.5167, 36.549], [-85.5181, 36.5401], [-85.5208, 36.5343], [-85.524, 36.5319], [-85.5334, 36.5284], [-85.5393, 36.5244], [-85.5447, 36.5114], [-85.5472, 36.5087], [-85.5512, 36.5079], [-85.5641, 36.5097], [-85.5727, 36.5099], [-85.577, 36.5095], [-85.5797, 36.5081], [-85.5812, 36.5047], [-85.5794, 36.5012], [-85.5696, 36.4939], [-85.5652, 36.4888], [-85.5648, 36.4859], [-85.5674, 36.4824], [-85.5753, 36.4803], [-85.5822, 36.4814], [-85.5861, 36.4833], [-85.5913, 36.4901], [-85.5987, 36.4965], [-85.6025, 36.4966], [-85.6062, 36.4941], [-85.6079, 36.4897], [-85.6078, 36.4838], [-85.6059, 36.4801], [-85.5997, 36.4724], [-85.5953, 36.4689], [-85.5852, 36.4667], [-85.5771, 36.4618], [-85.5763, 36.4587], [-85.5785, 36.4486], [-85.5836, 36.4436], [-85.5877, 36.4412], [-85.5951, 36.4394], [-85.6045, 36.4404], [-85.6251, 36.439], [-85.6372, 36.436], [-85.643, 36.4327], [-85.6468, 36.4295], [-85.6483, 36.4267], [-85.6482, 36.4215], [-85.6398, 36.4052], [-85.6383, 36.3993], [-85.6385, 36.3937], [-85.6415, 36.3831], [-85.644, 36.378], [-85.6468, 36.3748], [-85.6436, 36.3745], [-85.6427, 36.3734], [-85.648, 36.374], [-85.6551, 36.3728], [-85.6629, 36.3752], [-85.6684, 36.3783], [-85.6709, 36.3817], [-85.672, 36.3862], [-85.6715, 36.3973], [-85.6719, 36.3992], [-85.6731, 36.3989], [-85.672, 36.3994], [-85.6724, 36.401], [-85.678, 36.4065], [-85.6766, 36.4049], [-85.6801, 36.4076], [-85.6849, 36.4077], [-85.697, 36.4023], [-85.7018, 36.3924], [-85.7028, 36.3863], [-85.7014, 36.3878], [-85.6999, 36.3878], [-85.7029, 36.3859], [-85.7032, 36.3814], [-85.6995, 36.375], [-85.698, 36.3739], [-85.6972, 36.3744], [-85.6978, 36.3738], [-85.6969, 36.3733], [-85.6924, 36.3724], [-85.693, 36.3724], [-85.6862, 36.3694], [-85.6826, 36.366], [-85.6802, 36.3623], [-85.6801, 36.3613], [-85.6818, 36.3587], [-85.6951, 36.3525], [-85.6942, 36.3526], [-85.6958, 36.3511], [-85.6947, 36.3519], [-85.694, 36.3516], [-85.6946, 36.3492], [-85.6932, 36.3483], [-85.6954, 36.3499], [-85.6943, 36.3513], [-85.6986, 36.3493], [-85.6976, 36.3492], [-85.6977, 36.3483], [-85.6991, 36.3499], [-85.7005, 36.3494], [-85.6968, 36.3506], [-85.6956, 36.3516], [-85.6962, 36.3523], [-85.7032, 36.3484], [-85.7009, 36.3492], [-85.7017, 36.348], [-85.7078, 36.3464], [-85.7029, 36.3453], [-85.7066, 36.3452], [-85.7083, 36.3463], [-85.7164, 36.344], [-85.7145, 36.3438], [-85.7191, 36.3438], [-85.7276, 36.3479], [-85.734, 36.3501], [-85.7346, 36.3496], [-85.7356, 36.3529], [-85.7409, 36.3563], [-85.7507, 36.3582], [-85.7464, 36.3566], [-85.7461, 36.3557], [-85.7439, 36.3548], [-85.7479, 36.3548], [-85.7389, 36.3519], [-85.7464, 36.3536], [-85.7464, 36.3526], [-85.7468, 36.3537], [-85.7486, 36.3538], [-85.7491, 36.3545], [-85.7495, 36.354], [-85.7503, 36.3571], [-85.7518, 36.3582], [-85.7554, 36.3584], [-85.7578, 36.3577], [-85.7524, 36.3567], [-85.7547, 36.3565], [-85.7523, 36.3554], [-85.754, 36.3559], [-85.7541, 36.3547], [-85.7543, 36.356], [-85.7585, 36.3577], [-85.7598, 36.3574], [-85.7645, 36.3549], [-85.7592, 36.3547], [-85.7647, 36.3541], [-85.7651, 36.3548], [-85.7695, 36.3521], [-85.7645, 36.3537], [-85.7623, 36.3538], [-85.7621, 36.3529], [-85.7644, 36.3532], [-85.768, 36.3517], [-85.7697, 36.3518], [-85.7711, 36.3499], [-85.7719, 36.348], [-85.7696, 36.35], [-85.7692, 36.3492], [-85.7676, 36.35], [-85.7694, 36.3483], [-85.77, 36.3489], [-85.7722, 36.3476], [-85.773, 36.346], [-85.7709, 36.3467], [-85.7715, 36.3457], [-85.7731, 36.3455], [-85.7738, 36.3432], [-85.774, 36.3397], [-85.7729, 36.3427], [-85.7732, 36.3404], [-85.772, 36.3411], [-85.7724, 36.3399], [-85.774, 36.3391], [-85.773, 36.3357], [-85.7718, 36.335], [-85.7728, 36.339], [-85.7721, 36.3367], [-85.7702, 36.3343], [-85.7645, 36.3303], [-85.7625, 36.3298], [-85.7613, 36.3309], [-85.7621, 36.3335], [-85.7608, 36.3323], [-85.7594, 36.3343], [-85.7541, 36.3376], [-85.7532, 36.3395], [-85.7541, 36.3397], [-85.7517, 36.3409], [-85.7508, 36.3443], [-85.7495, 36.3456], [-85.7448, 36.3445], [-85.7414, 36.3422], [-85.737, 36.3458], [-85.7348, 36.3453], [-85.7414, 36.3417], [-85.7469, 36.3437], [-85.7489, 36.3434], [-85.7496, 36.3421], [-85.7485, 36.3415], [-85.7501, 36.3406], [-85.7551, 36.3308], [-85.7573, 36.3309], [-85.7609, 36.3294], [-85.7535, 36.3267], [-85.7526, 36.3273], [-85.7528, 36.3265], [-85.7513, 36.3257], [-85.7516, 36.3262], [-85.7505, 36.3268], [-85.7495, 36.3266], [-85.746, 36.3223], [-85.7458, 36.324], [-85.7412, 36.3204], [-85.7437, 36.3217], [-85.745, 36.3203], [-85.7442, 36.32], [-85.7437, 36.3184], [-85.7443, 36.313], [-85.7429, 36.3119], [-85.7434, 36.3116], [-85.7414, 36.3076], [-85.7423, 36.3078], [-85.743, 36.3102], [-85.7448, 36.3124], [-85.755, 36.307], [-85.753, 36.3052], [-85.754, 36.305], [-85.7548, 36.3036], [-85.7546, 36.3054], [-85.7557, 36.3067], [-85.7596, 36.3049], [-85.7599, 36.3038], [-85.7589, 36.3024], [-85.7606, 36.3032], [-85.7624, 36.3023], [-85.7608, 36.3046], [-85.7686, 36.3054], [-85.7748, 36.3073], [-85.775, 36.3051], [-85.7758, 36.3048], [-85.7756, 36.3075], [-85.7831, 36.3103], [-85.7903, 36.3156], [-85.7946, 36.3175], [-85.8042, 36.3195], [-85.8037, 36.3185], [-85.8058, 36.3196], [-85.8102, 36.3189], [-85.811, 36.3172], [-85.8102, 36.3173], [-85.8108, 36.3163], [-85.81, 36.3159], [-85.8105, 36.3135], [-85.8088, 36.3146], [-85.8099, 36.313], [-85.8091, 36.3121], [-85.8104, 36.3127], [-85.8112, 36.312], [-85.8119, 36.3055], [-85.8111, 36.3021], [-85.8096, 36.3015], [-85.8105, 36.3051], [-85.8099, 36.3077], [-85.8109, 36.3083], [-85.8102, 36.3091], [-85.809, 36.3084], [-85.8079, 36.3061], [-85.8083, 36.3021], [-85.8074, 36.302], [-85.8085, 36.3001], [-85.808, 36.2987], [-85.8079, 36.3003], [-85.8031, 36.3025], [-85.8041, 36.3001], [-85.8029, 36.2974], [-85.8055, 36.2999], [-85.8067, 36.297], [-85.8057, 36.2955], [-85.8069, 36.2957], [-85.8057, 36.2932], [-85.8058, 36.2943], [-85.8039, 36.2931], [-85.8022, 36.2839], [-85.8038, 36.2806], [-85.8035, 36.2797], [-85.8033, 36.2808], [-85.8015, 36.28], [-85.8001, 36.2768], [-85.7999, 36.2733], [-85.7993, 36.2735], [-85.7993, 36.2748], [-85.7975, 36.2754], [-85.7975, 36.2764], [-85.7928, 36.2774], [-85.7928, 36.276], [-85.7901, 36.2759], [-85.7865, 36.2744], [-85.7849, 36.2754], [-85.7849, 36.2766], [-85.7827, 36.2759], [-85.7763, 36.2767], [-85.7743, 36.2759], [-85.7712, 36.2769], [-85.7715, 36.2756], [-85.7752, 36.2746], [-85.7799, 36.2747], [-85.7824, 36.2733], [-85.7877, 36.2722], [-85.7885, 36.2713], [-85.7852, 36.2683], [-85.7832, 36.2682], [-85.7818, 36.2673], [-85.7867, 36.2671], [-85.7872, 36.265], [-85.7853, 36.2616], [-85.7861, 36.2611], [-85.7864, 36.2585], [-85.7823, 36.2581], [-85.7806, 36.2571], [-85.7775, 36.2512], [-85.7791, 36.2493], [-85.7761, 36.249], [-85.7754, 36.2452], [-85.7722, 36.2464], [-85.7714, 36.2456], [-85.7751, 36.2444], [-85.7767, 36.2452], [-85.7772, 36.2479], [-85.7783, 36.2478], [-85.7805, 36.2496], [-85.7808, 36.251], [-85.7822, 36.2512], [-85.7816, 36.2522], [-85.7829, 36.2555], [-85.7865, 36.2562], [-85.7878, 36.2595], [-85.7886, 36.2601], [-85.7894, 36.2594], [-85.7886, 36.2601], [-85.791, 36.2625], [-85.79, 36.2696], [-85.7936, 36.2729], [-85.7977, 36.2727], [-85.7996, 36.2723], [-85.8005, 36.2709], [-85.801, 36.2676], [-85.8002, 36.2676], [-85.8012, 36.2663], [-85.8014, 36.2613], [-85.8004, 36.2612], [-85.8004, 36.2599], [-85.8009, 36.2584], [-85.8026, 36.2577], [-85.8033, 36.2549], [-85.8024, 36.2577], [-85.8008, 36.2579], [-85.8009, 36.256], [-85.8016, 36.2559], [-85.8003, 36.2549], [-85.8015, 36.2545], [-85.8023, 36.2531], [-85.8008, 36.2507], [-85.8021, 36.2482], [-85.797, 36.2465], [-85.7999, 36.2446], [-85.8025, 36.2458], [-85.8083, 36.2436], [-85.8163, 36.2368], [-85.8153, 36.239], [-85.8026, 36.2504], [-85.8025, 36.2524], [-85.8069, 36.2495], [-85.8105, 36.2484], [-85.8142, 36.2482], [-85.8203, 36.2492], [-85.8241, 36.2503], [-85.8269, 36.2526], [-85.8301, 36.2571], [-85.8304, 36.2562], [-85.8308, 36.258], [-85.8335, 36.262], [-85.8346, 36.2617], [-85.8353, 36.2627], [-85.8386, 36.2635], [-85.8408, 36.2619], [-85.841, 36.2583], [-85.8393, 36.2573], [-85.8413, 36.2575], [-85.8418, 36.2526], [-85.8431, 36.2567], [-85.843, 36.2586], [-85.844, 36.2583], [-85.8443, 36.2594], [-85.8429, 36.2604], [-85.8428, 36.2617], [-85.844, 36.2626], [-85.8404, 36.2649], [-85.8401, 36.2657], [-85.8355, 36.265], [-85.8353, 36.2664], [-85.8364, 36.2695], [-85.8359, 36.2711], [-85.8364, 36.2739], [-85.8385, 36.272], [-85.8392, 36.2737], [-85.8425, 36.2725], [-85.843, 36.2732], [-85.8418, 36.2741], [-85.8425, 36.2751], [-85.8401, 36.2749], [-85.8392, 36.2761], [-85.837, 36.2751], [-85.8377, 36.2773], [-85.8391, 36.2776], [-85.8387, 36.2787], [-85.8396, 36.2794], [-85.8412, 36.2787], [-85.8404, 36.2801], [-85.8425, 36.2817], [-85.8436, 36.2802], [-85.8471, 36.281], [-85.8492, 36.2787], [-85.85, 36.2789], [-85.8485, 36.2822], [-85.8526, 36.2854], [-85.8541, 36.2846], [-85.8548, 36.2876], [-85.8575, 36.2885], [-85.8613, 36.2913], [-85.8612, 36.2928], [-85.8611, 36.2921], [-85.862, 36.292], [-85.8665, 36.2949], [-85.8676, 36.2949], [-85.8722, 36.2913], [-85.8704, 36.2943], [-85.8677, 36.2959], [-85.87, 36.2988], [-85.872, 36.2966], [-85.8719, 36.2976], [-85.8729, 36.2975], [-85.8709, 36.2995], [-85.8746, 36.3011], [-85.8749, 36.3002], [-85.8776, 36.3011], [-85.8787, 36.3005], [-85.8782, 36.2996], [-85.8793, 36.3001], [-85.8808, 36.2991], [-85.88, 36.2986], [-85.8808, 36.2973], [-85.8817, 36.2975], [-85.8817, 36.2965], [-85.8833, 36.2951], [-85.8826, 36.2943], [-85.8844, 36.2953], [-85.8858, 36.2945], [-85.8878, 36.2897], [-85.8851, 36.2923], [-85.8843, 36.2906], [-85.8855, 36.2907], [-85.8865, 36.2892], [-85.8871, 36.2863], [-85.8863, 36.2857], [-85.8854, 36.2868], [-85.885, 36.2856], [-85.886, 36.2843], [-85.8833, 36.2807], [-85.8838, 36.2831], [-85.8823, 36.2848], [-85.8831, 36.2823], [-85.8818, 36.2815], [-85.8824, 36.2796], [-85.8811, 36.2792], [-85.8781, 36.2821], [-85.877, 36.2815], [-85.8799, 36.279], [-85.874, 36.2744], [-85.8717, 36.2699], [-85.8705, 36.2634], [-85.8707, 36.2587], [-85.8675, 36.2578], [-85.8708, 36.2578], [-85.8721, 36.2545], [-85.8688, 36.2495], [-85.8721, 36.2518], [-85.873, 36.2537], [-85.8775, 36.2514], [-85.8838, 36.251], [-85.8862, 36.2516], [-85.8866, 36.2509], [-85.8945, 36.2548], [-85.8953, 36.2528], [-85.8967, 36.2533], [-85.8957, 36.2553], [-85.8994, 36.2581], [-85.9009, 36.2579], [-85.901, 36.2588], [-85.907, 36.2636], [-85.9113, 36.2701], [-85.9124, 36.2702], [-85.9137, 36.2723], [-85.9156, 36.2801], [-85.9163, 36.2892], [-85.9175, 36.2904], [-85.9207, 36.2896], [-85.9173, 36.292], [-85.9181, 36.2969], [-85.9202, 36.2991], [-85.921, 36.2989], [-85.9208, 36.2998], [-85.9222, 36.3017], [-85.9267, 36.3044], [-85.9269, 36.3007], [-85.9286, 36.3033], [-85.9282, 36.3041], [-85.9294, 36.3049], [-85.9311, 36.3046], [-85.93, 36.3035], [-85.9318, 36.3018], [-85.9321, 36.3026], [-85.9329, 36.3013], [-85.9319, 36.3037], [-85.9344, 36.3022], [-85.9348, 36.3028], [-85.9392, 36.3017], [-85.9401, 36.301], [-85.9385, 36.2998], [-85.9392, 36.2991], [-85.9419, 36.3005], [-85.9436, 36.2989], [-85.9448, 36.2991], [-85.9455, 36.2983], [-85.9446, 36.2978], [-85.9457, 36.2973], [-85.9444, 36.2941], [-85.944, 36.2963], [-85.942, 36.2975], [-85.9421, 36.2966], [-85.9433, 36.2963], [-85.9436, 36.2946], [-85.943, 36.2939], [-85.9441, 36.2936], [-85.942, 36.2916], [-85.9432, 36.2912], [-85.9392, 36.2878], [-85.9377, 36.2852], [-85.9327, 36.2807], [-85.9245, 36.2756], [-85.9229, 36.2677], [-85.9237, 36.2616], [-85.9234, 36.2561], [-85.9242, 36.2525], [-85.9259, 36.2498], [-85.9296, 36.2455], [-85.9368, 36.2405], [-85.9394, 36.2393], [-85.9421, 36.2392], [-85.9546, 36.2473], [-85.9571, 36.2499], [-85.9612, 36.2572], [-85.9667, 36.2611]]]}, "properties": {"OBJECTID": 2744, "Object_Name": "", "Information": "", "Source_Date": "20050701", "Source_Indication": "US,U3,IMAGE,Photo_Science_Inc_2005_Digitization", "Source_Dataset": "U37CR307.000", "Feature_ID": "U3 1393085359 00001"}}]}