{"type": "FeatureCollection", "features": [{"type": "Feature", "id": 3006, "geometry": {"type": "LineString", "coordinates": [[-86.517185, 36.258481], [-86.517161, 36.258654], [-86.517091, 36.258664], [-86.517005, 36.258538], [-86.517035, 36.258384], [-86.517193, 36.258389], [-86.517185, 36.258481]]}, "properties": {"OBJECTID": 3006, "Category_of_Coastline": "", "Scale_Minimum": "300000", "Source_Date": "20040930", "Source_Indication": "US,U3,USACE,LRN_GIS", "Source_Dataset": "U37CR221.000", "Feature_ID": "U3 1392979525 00001"}}, {"type": "Feature", "id": 3008, "geometry": {"type": "LineString", "coordinates": [[-86.517038, 36.258241], [-86.516929, 36.258219], [-86.517022, 36.258182], [-86.517063, 36.258066], [-86.517123, 36.258073], [-86.51715, 36.258193], [-86.517212, 36.258254], [-86.517038, 36.258241]]}, "properties": {"OBJECTID": 3008, "Category_of_Coastline": "", "Scale_Minimum": "300000", "Source_Date": "20040930", "Source_Indication": "US,U3,USACE,LRN_GIS", "Source_Dataset": "U37CR221.000", "Feature_ID": "U3 1392979527 00001"}}, {"type": "Feature", "id": 3010, "geometry": {"type": "LineString", "coordinates": [[-86.51769, 36.257697], [-86.517714, 36.257743], [-86.517692, 36.257762], [-86.517611, 36.2577], [-86.51769, 36.257697]]}, "properties": {"OBJECTID": 3010, "Category_of_Coastline": "", "Scale_Minimum": "300000", "Source_Date": "20040930", "Source_Indication": "US,U3,USACE,LRN_GIS", "Source_Dataset": "U37CR221.000", "Feature_ID": "U3 1392979530 00001"}}, {"type": "Feature", "id": 3011, "geometry": {"type": "LineString", "coordinates": [[-86.605364, 36.248414], [-86.6052, 36.248577], [-86.605127, 36.248521], [-86.604966, 36.248475], [-86.604922, 36.2484], [-86.605007, 36.248316], [-86.605068, 36.248154], [-86.605166, 36.248084], [-86.605298, 36.248124], [-86.605402, 36.248264], [-86.605421, 36.248299], [-86.605364, 36.248414]]}, "properties": {"OBJECTID": 3011, "Category_of_Coastline": "", "Scale_Minimum": "300000", "Source_Date": "20040930", "Source_Indication": "US,U3,USACE,LRN_GIS", "Source_Dataset": "U37CR221.000", "Feature_ID": "U3 1392979532 00001"}}, {"type": "Feature", "id": 3013, "geometry": {"type": "LineString", "coordinates": [[-86.515686, 36.258999], [-86.515635, 36.259033], [-86.515553, 36.259029], [-86.515617, 36.258964], [-86.515728, 36.258925], [-86.515686, 36.258999]]}, "properties": {"OBJECTID": 3013, "Category_of_Coastline": "", "Scale_Minimum": "300000", "Source_Date": "20040930", "Source_Indication": "US,U3,USACE,LRN_GIS", "Source_Dataset": "U37CR221.000", "Feature_ID": "U3 1392979536 00001"}}, {"type": "Feature", "id": 3014, "geometry": {"type": "LineString", "coordinates": [[-86.516955, 36.258954], [-86.516986, 36.258907], [-86.517028, 36.258908], [-86.517099, 36.259018], [-86.517051, 36.259036], [-86.516955, 36.258954]]}, "properties": {"OBJECTID": 3014, "Category_of_Coastline": "", "Scale_Minimum": "300000", "Source_Date": "20040930", "Source_Indication": "US,U3,USACE,LRN_GIS", "Source_Dataset": "U37CR221.000", "Feature_ID": "U3 1392979539 00001"}}, {"type": "Feature", "id": 3016, "geometry": {"type": "LineString", "coordinates": [[-86.600392, 36.248981], [-86.600429, 36.249041], [-86.600399, 36.24909], [-86.599767, 36.248782], [-86.59959, 36.248606], [-86.599554, 36.248473], [-86.599629, 36.248473], [-86.599674, 36.248395], [-86.599724, 36.248372], [-86.599841, 36.248401], [-86.600022, 36.248312], [-86.600228, 36.248329], [-86.600277, 36.248402], [-86.600211, 36.248724], [-86.600392, 36.248981]]}, "properties": {"OBJECTID": 3016, "Category_of_Coastline": "", "Scale_Minimum": "300000", "Source_Date": "20040930", "Source_Indication": "US,U3,USACE,LRN_GIS", "Source_Dataset": "U37CR221.000", "Feature_ID": "U3 1392979542 00001"}}, {"type": "Feature", "id": 3021, "geometry": {"type": "LineString", "coordinates": [[-86.600756, 36.249416], [-86.60089, 36.2495], [-86.600976, 36.249621], [-86.600956, 36.24972], [-86.600869, 36.249728], [-86.600732, 36.249577], [-86.60065, 36.249409], [-86.600756, 36.249416]]}, "properties": {"OBJECTID": 3021, "Category_of_Coastline": "", "Scale_Minimum": "300000", "Source_Date": "20040930", "Source_Indication": "US,U3,USACE,LRN_GIS", "Source_Dataset": "U37CR221.000", "Feature_ID": "U3 1392979547 00001"}}, {"type": "Feature", "id": 3023, "geometry": {"type": "LineString", "coordinates": [[-86.569964, 36.25181], [-86.569745, 36.251665], [-86.569626, 36.251388], [-86.569619, 36.251312], [-86.569846, 36.250979], [-86.570015, 36.250887], [-86.570163, 36.250749], [-86.57044, 36.250666], [-86.570768, 36.250653], [-86.571065, 36.250702], [-86.57125, 36.250834], [-86.571483, 36.251128], [-86.571993, 36.251666], [-86.572096, 36.251956], [-86.572017, 36.252059], [-86.571938, 36.252295], [-86.571871, 36.252351], [-86.571715, 36.252402], [-86.571537, 36.252404], [-86.571069, 36.252297], [-86.570863, 36.25219], [-86.57085, 36.252132], [-86.570511, 36.252024], [-86.570253, 36.251869], [-86.569964, 36.25181]]}, "properties": {"OBJECTID": 3023, "Category_of_Coastline": "", "Scale_Minimum": "300000", "Source_Date": "20040930", "Source_Indication": "US,U3,USACE,LRN_GIS", "Source_Dataset": "U37CR221.000", "Feature_ID": "U3 1392979549 00001"}}, {"type": "Feature", "id": 3027, "geometry": {"type": "LineString", "coordinates": [[-86.517669, 36.257591], [-86.517609, 36.257659], [-86.517545, 36.257673], [-86.517554, 36.25752], [-86.517655, 36.257478], [-86.517693, 36.257552], [-86.517669, 36.257591]]}, "properties": {"OBJECTID": 3027, "Category_of_Coastline": "", "Scale_Minimum": "300000", "Source_Date": "20040930", "Source_Indication": "US,U3,USACE,LRN_GIS", "Source_Dataset": "U37CR221.000", "Feature_ID": "U3 1392979553 00001"}}, {"type": "Feature", "id": 3028, "geometry": {"type": "LineString", "coordinates": [[-86.516549, 36.257638], [-86.516137, 36.258382], [-86.516117, 36.258474], [-86.515656, 36.258897], [-86.515549, 36.258916], [-86.515539, 36.25889], [-86.515745, 36.258575], [-86.515735, 36.258489], [-86.515879, 36.258354], [-86.515883, 36.258248], [-86.515942, 36.258171], [-86.515821, 36.258125], [-86.515811, 36.25809], [-86.515841, 36.258072], [-86.5158, 36.258029], [-86.515826, 36.257961], [-86.515809, 36.257936], [-86.515709, 36.25793], [-86.515673, 36.257878], [-86.515623, 36.257867], [-86.515598, 36.257836], [-86.515612, 36.257769], [-86.51575, 36.25769], [-86.516049, 36.257751], [-86.516465, 36.257592], [-86.516573, 36.257589], [-86.516549, 36.257638]]}, "properties": {"OBJECTID": 3028, "Category_of_Coastline": "", "Scale_Minimum": "300000", "Source_Date": "20040930", "Source_Indication": "US,U3,USACE,LRN_GIS", "Source_Dataset": "U37CR221.000", "Feature_ID": "U3 1392979554 00001"}}, {"type": "Feature", "id": 3030, "geometry": {"type": "LineString", "coordinates": [[-86.515517, 36.313], [-86.515615, 36.312988], [-86.515698, 36.312935], [-86.515814, 36.312721], [-86.516041, 36.312644], [-86.516436, 36.312699], [-86.517618, 36.312697], [-86.517785, 36.312617], [-86.518323, 36.312634], [-86.518638, 36.312595], [-86.518118, 36.312559], [-86.517838, 36.312491], [-86.517922, 36.312387], [-86.517942, 36.312305], [-86.517613, 36.312051], [-86.517419, 36.311818], [-86.517379, 36.311718], [-86.517321, 36.311144], [-86.517287, 36.311113], [-86.517154, 36.311152], [-86.516971, 36.311158], [-86.516878, 36.311139], [-86.516712, 36.311034], [-86.516498, 36.310988], [-86.51637, 36.310885], [-86.516375, 36.310802], [-86.516334, 36.310751], [-86.516213, 36.310698], [-86.516193, 36.310667], [-86.516213, 36.310574], [-86.516078, 36.310476], [-86.516008, 36.310498], [-86.515918, 36.310459], [-86.515215, 36.310041], [-86.515091, 36.310104], [-86.514905, 36.310084], [-86.514769, 36.310034], [-86.514642, 36.309875], [-86.514483, 36.309814], [-86.514223, 36.309622], [-86.513812, 36.309116], [-86.513747, 36.309003], [-86.513775, 36.308941], [-86.513679, 36.308727], [-86.513696, 36.308621], [-86.513612, 36.308351], [-86.513686, 36.308243], [-86.513866, 36.308134], [-86.514767, 36.308027], [-86.51501, 36.308037], [-86.515095, 36.308072], [-86.515162, 36.30807], [-86.51528, 36.308007], [-86.515428, 36.308033], [-86.515652, 36.307983], [-86.51586, 36.308004], [-86.516278, 36.307833], [-86.516343, 36.307689], [-86.516457, 36.307627], [-86.516462, 36.307584], [-86.516323, 36.307573], [-86.516294, 36.307498], [-86.516145, 36.307465], [-86.515838, 36.307235], [-86.515525, 36.307191], [-86.515125, 36.307264], [-86.514882, 36.307257], [-86.514718, 36.307325], [-86.514444, 36.307374], [-86.514113, 36.307286], [-86.513914, 36.307137], [-86.513708, 36.307032], [-86.513695, 36.30695], [-86.513622, 36.306938], [-86.513567, 36.30688], [-86.513569, 36.306635], [-86.513521, 36.306578], [-86.513556, 36.30639], [-86.513435, 36.305955], [-86.513414, 36.305647], [-86.513497, 36.305612], [-86.51416, 36.305651], [-86.514444, 36.305601], [-86.515313, 36.305672], [-86.515633, 36.305594], [-86.515849, 36.305577], [-86.516307, 36.305675], [-86.516604, 36.305481], [-86.51697, 36.305408], [-86.516959, 36.305371], [-86.517043, 36.305312], [-86.517067, 36.305218], [-86.516954, 36.305163], [-86.516437, 36.305115], [-86.516249, 36.305179], [-86.515991, 36.305157], [-86.51576, 36.305102], [-86.515621, 36.305035], [-86.515208, 36.305091], [-86.514969, 36.305077], [-86.514817, 36.304978], [-86.514788, 36.304909], [-86.514655, 36.304837], [-86.514421, 36.304772], [-86.514199, 36.304863], [-86.513938, 36.304841], [-86.512972, 36.304514], [-86.512702, 36.30434], [-86.512854, 36.304101], [-86.513196, 36.303842], [-86.513558, 36.303645], [-86.513665, 36.303501], [-86.513679, 36.303396], [-86.513568, 36.302932], [-86.513665, 36.302494], [-86.513642, 36.302184], [-86.513554, 36.302113], [-86.513013, 36.302017], [-86.512959, 36.30194], [-86.512963, 36.301812], [-86.513149, 36.301589], [-86.513304, 36.301532], [-86.513674, 36.301613], [-86.513925, 36.301767], [-86.514088, 36.301803], [-86.514174, 36.301782], [-86.514195, 36.301711], [-86.514145, 36.301552], [-86.514146, 36.301448], [-86.514255, 36.301305], [-86.514423, 36.301291], [-86.514624, 36.301067], [-86.513943, 36.301107], [-86.513785, 36.300994], [-86.51362, 36.300357], [-86.513617, 36.300117], [-86.513498, 36.299999], [-86.513574, 36.299917], [-86.513733, 36.299582], [-86.513823, 36.299239], [-86.51392, 36.2991], [-86.514159, 36.298883], [-86.514595, 36.2987], [-86.514741, 36.29847], [-86.515012, 36.298173], [-86.515116, 36.297959], [-86.515049, 36.29793], [-86.514939, 36.297977], [-86.514408, 36.298296], [-86.514022, 36.298364], [-86.51395, 36.298309], [-86.514013, 36.297614], [-86.514117, 36.297112], [-86.514348, 36.296402], [-86.514787, 36.295464], [-86.514889, 36.295137], [-86.515147, 36.294707], [-86.515445, 36.294044], [-86.515438, 36.29398], [-86.515551, 36.293815], [-86.515689, 36.293368], [-86.515958, 36.292786], [-86.516115, 36.292346], [-86.516292, 36.2923], [-86.51633, 36.292241], [-86.516346, 36.292098], [-86.516253, 36.291939], [-86.516258, 36.291779], [-86.516569, 36.290472], [-86.516652, 36.290279], [-86.516649, 36.289815], [-86.516754, 36.28948], [-86.516877, 36.288523], [-86.51703, 36.28791], [-86.517077, 36.28783], [-86.517337, 36.287672], [-86.517403, 36.287674], [-86.5175, 36.287745], [-86.517618, 36.287781], [-86.517833, 36.287695], [-86.51796, 36.287711], [-86.518117, 36.287667], [-86.518315, 36.28766], [-86.518592, 36.287573], [-86.518784, 36.287383], [-86.518877, 36.287333], [-86.518892, 36.287222], [-86.51907, 36.287188], [-86.519673, 36.287436], [-86.519666, 36.287643], [-86.519578, 36.287796], [-86.519515, 36.288006], [-86.519516, 36.288122], [-86.51955, 36.28817], [-86.5198, 36.28816], [-86.520107, 36.287899], [-86.520343, 36.287886], [-86.520586, 36.288042], [-86.520808, 36.287984], [-86.520959, 36.287849], [-86.521044, 36.287841], [-86.521176, 36.287874], [-86.521315, 36.288054], [-86.521465, 36.28812], [-86.521875, 36.287987], [-86.522096, 36.287849], [-86.522115, 36.287816], [-86.521914, 36.287694], [-86.52159, 36.287398], [-86.521464, 36.287433], [-86.521178, 36.287328], [-86.521047, 36.287223], [-86.521029, 36.28716], [-86.521051, 36.287101], [-86.521117, 36.287068], [-86.521205, 36.287082], [-86.521323, 36.287018], [-86.521621, 36.28714], [-86.521899, 36.287363], [-86.522162, 36.287498], [-86.522224, 36.287553], [-86.522269, 36.287679], [-86.52237, 36.287816], [-86.522743, 36.288018], [-86.52279, 36.288271], [-86.522825, 36.288301], [-86.52321, 36.288337], [-86.523372, 36.288422], [-86.523487, 36.288557], [-86.523619, 36.288634], [-86.523741, 36.288639], [-86.52375, 36.288599], [-86.523698, 36.288502], [-86.523664, 36.288149], [-86.523463, 36.28792], [-86.523389, 36.287729], [-86.523235, 36.287583], [-86.523034, 36.287454], [-86.522919, 36.287328], [-86.522994, 36.287159], [-86.522981, 36.287009], [-86.522891, 36.286967], [-86.522701, 36.286975], [-86.522543, 36.286873], [-86.522439, 36.286665], [-86.522347, 36.286556], [-86.522377, 36.286392], [-86.522343, 36.286119], [-86.522409, 36.285956], [-86.522664, 36.285822], [-86.522834, 36.285788], [-86.522905, 36.285673], [-86.522737, 36.285436], [-86.522677, 36.285261], [-86.522617, 36.285217], [-86.522619, 36.285137], [-86.522511, 36.28493], [-86.522576, 36.284669], [-86.522518, 36.284346], [-86.522539, 36.28421], [-86.523153, 36.283841], [-86.52356, 36.283678], [-86.523598, 36.283614], [-86.523792, 36.283523], [-86.524134, 36.283435], [-86.524811, 36.283363], [-86.525018, 36.283321], [-86.52512, 36.283257], [-86.525217, 36.283239], [-86.525516, 36.283295], [-86.525853, 36.283266], [-86.526119, 36.28319], [-86.526231, 36.282976], [-86.526237, 36.282908], [-86.526283, 36.282874], [-86.526412, 36.282904], [-86.526592, 36.28287], [-86.526859, 36.282927], [-86.526889, 36.283082], [-86.526975, 36.283071], [-86.527466, 36.283288], [-86.527636, 36.283307], [-86.5277, 36.283367], [-86.527832, 36.283411], [-86.527804, 36.283503], [-86.527513, 36.283765], [-86.527421, 36.283987], [-86.527339, 36.284094], [-86.527144, 36.284226], [-86.526903, 36.284329], [-86.526778, 36.284348], [-86.526275, 36.284283], [-86.525979, 36.284271], [-86.525858, 36.284298], [-86.525635, 36.284418], [-86.525525, 36.284556], [-86.525426, 36.284607], [-86.525345, 36.284579], [-86.525286, 36.284419], [-86.525244, 36.28439], [-86.525037, 36.284412], [-86.524823, 36.284323], [-86.524771, 36.284341], [-86.524778, 36.284457], [-86.524643, 36.284456], [-86.524608, 36.284493], [-86.524613, 36.284583], [-86.524369, 36.284856], [-86.524345, 36.284928], [-86.524409, 36.28502], [-86.524676, 36.285169], [-86.524721, 36.285162], [-86.524881, 36.285078], [-86.524975, 36.284894], [-86.524944, 36.284722], [-86.524985, 36.284726], [-86.525135, 36.284873], [-86.525356, 36.284976], [-86.525553, 36.285229], [-86.525726, 36.285351], [-86.52588, 36.285353], [-86.526015, 36.285309], [-86.526184, 36.285438], [-86.526305, 36.285402], [-86.526785, 36.285564], [-86.527112, 36.285584], [-86.527695, 36.285561], [-86.528111, 36.28553], [-86.528416, 36.285471], [-86.528538, 36.285388], [-86.528663, 36.285242], [-86.528705, 36.285115], [-86.528963, 36.284794], [-86.529078, 36.284759], [-86.52916, 36.284815], [-86.529155, 36.285013], [-86.528973, 36.285256], [-86.528938, 36.285333], [-86.528942, 36.285446], [-86.52908, 36.285688], [-86.529238, 36.285818], [-86.529837, 36.285964], [-86.530044, 36.285951], [-86.53035, 36.285984], [-86.530827, 36.286104], [-86.531141, 36.286276], [-86.531196, 36.286407], [-86.531373, 36.286491], [-86.531446, 36.286582], [-86.531943, 36.28687], [-86.531975, 36.286947], [-86.531954, 36.287182], [-86.532012, 36.287269], [-86.532264, 36.287318], [-86.532468, 36.2874], [-86.532856, 36.287949], [-86.533052, 36.288021], [-86.533272, 36.28805], [-86.53339, 36.288256], [-86.533414, 36.288396], [-86.533378, 36.288615], [-86.533394, 36.28869], [-86.533639, 36.289114], [-86.533805, 36.289313], [-86.533958, 36.289597], [-86.534004, 36.289696], [-86.534068, 36.290052], [-86.534196, 36.290159], [-86.53431, 36.290311], [-86.534621, 36.290459], [-86.534776, 36.290651], [-86.534962, 36.29079], [-86.53509, 36.290925], [-86.535314, 36.291333], [-86.535319, 36.291587], [-86.535188, 36.291812], [-86.535036, 36.291923], [-86.534948, 36.292104], [-86.534584, 36.29209], [-86.534273, 36.292198], [-86.534028, 36.292203], [-86.532799, 36.291869], [-86.532544, 36.291748], [-86.531858, 36.291557], [-86.531561, 36.291392], [-86.53113, 36.291302], [-86.530846, 36.291132], [-86.530491, 36.291035], [-86.530181, 36.290869], [-86.530023, 36.29071], [-86.529941, 36.290518], [-86.529828, 36.290458], [-86.529707, 36.290446], [-86.529607, 36.290489], [-86.529594, 36.29056], [-86.529742, 36.290585], [-86.529783, 36.29063], [-86.529816, 36.290839], [-86.529971, 36.29107], [-86.530017, 36.291204], [-86.530176, 36.291325], [-86.530764, 36.291529], [-86.530851, 36.291644], [-86.531076, 36.291826], [-86.531226, 36.291872], [-86.531325, 36.291987], [-86.531788, 36.292083], [-86.531974, 36.292092], [-86.532051, 36.292156], [-86.532086, 36.292284], [-86.532461, 36.292261], [-86.532614, 36.292361], [-86.532806, 36.292376], [-86.533327, 36.292653], [-86.533363, 36.292715], [-86.533327, 36.292812], [-86.533394, 36.292869], [-86.533639, 36.292842], [-86.533777, 36.292866], [-86.533834, 36.292979], [-86.53385, 36.293258], [-86.533885, 36.293274], [-86.533978, 36.293291], [-86.534161, 36.292906], [-86.534245, 36.292834], [-86.534322, 36.292813], [-86.53462, 36.292833], [-86.535076, 36.292992], [-86.535352, 36.293219], [-86.535384, 36.29328], [-86.535449, 36.293732], [-86.535695, 36.294133], [-86.53593, 36.294361], [-86.535932, 36.294476], [-86.535884, 36.294548], [-86.535833, 36.294581], [-86.535686, 36.294593], [-86.535397, 36.294715], [-86.535449, 36.294771], [-86.535682, 36.294876], [-86.535919, 36.294921], [-86.536137, 36.294913], [-86.536256, 36.294967], [-86.536264, 36.295085], [-86.536217, 36.295199], [-86.536044, 36.29538], [-86.53598, 36.295524], [-86.535963, 36.295673], [-86.53591, 36.295736], [-86.535803, 36.29579], [-86.535638, 36.295811], [-86.535464, 36.295978], [-86.535321, 36.29599], [-86.535194, 36.295944], [-86.535127, 36.295957], [-86.534802, 36.296113], [-86.534616, 36.296163], [-86.534363, 36.296177], [-86.533656, 36.296071], [-86.533307, 36.295981], [-86.532891, 36.295818], [-86.532799, 36.295863], [-86.532711, 36.295966], [-86.532655, 36.295976], [-86.532438, 36.295823], [-86.532369, 36.295806], [-86.532496, 36.295972], [-86.532636, 36.296045], [-86.532828, 36.29605], [-86.532983, 36.296093], [-86.533472, 36.296362], [-86.533735, 36.296458], [-86.53388, 36.296569], [-86.534259, 36.296686], [-86.534547, 36.29673], [-86.535084, 36.296721], [-86.535394, 36.296763], [-86.535528, 36.29681], [-86.53561, 36.296891], [-86.535669, 36.29709], [-86.535402, 36.297539], [-86.5352, 36.297696], [-86.534612, 36.29794], [-86.53432, 36.297913], [-86.533984, 36.29796], [-86.533591, 36.298272], [-86.533319, 36.298392], [-86.533209, 36.298338], [-86.533074, 36.298346], [-86.533015, 36.298395], [-86.533133, 36.29853], [-86.533133, 36.298611], [-86.532828, 36.298697], [-86.532762, 36.298729], [-86.532718, 36.298815], [-86.532727, 36.298856], [-86.53279, 36.298898], [-86.532806, 36.298987], [-86.532863, 36.299009], [-86.532891, 36.298857], [-86.533319, 36.298844], [-86.53349, 36.298739], [-86.533537, 36.298674], [-86.533833, 36.298651], [-86.53412, 36.298554], [-86.534205, 36.298571], [-86.534356, 36.298683], [-86.53486, 36.298704], [-86.535472, 36.298823], [-86.535688, 36.298672], [-86.53613, 36.298468], [-86.536282, 36.298472], [-86.536319, 36.298521], [-86.536304, 36.29869], [-86.536215, 36.29917], [-86.536145, 36.29929], [-86.53587, 36.299482], [-86.535593, 36.299604], [-86.535266, 36.299658], [-86.535077, 36.299634], [-86.534654, 36.299856], [-86.534223, 36.29997], [-86.534113, 36.300063], [-86.534064, 36.300174], [-86.533926, 36.300318], [-86.533826, 36.300532], [-86.533826, 36.300616], [-86.533862, 36.300647], [-86.534013, 36.300713], [-86.534149, 36.300711], [-86.534798, 36.300574], [-86.534983, 36.300502], [-86.535899, 36.300331], [-86.535877, 36.30047], [-86.535789, 36.300558], [-86.53574, 36.300722], [-86.5356, 36.300941], [-86.535586, 36.301109], [-86.53521, 36.301381], [-86.535204, 36.301491], [-86.535138, 36.301579], [-86.534741, 36.301941], [-86.534588, 36.302025], [-86.534419, 36.302063], [-86.534353, 36.302058], [-86.534303, 36.302], [-86.53432, 36.30176], [-86.534287, 36.301626], [-86.534211, 36.301543], [-86.533895, 36.301497], [-86.533684, 36.30158], [-86.533523, 36.301537], [-86.5332, 36.301567], [-86.533151, 36.30162], [-86.533147, 36.30172], [-86.533203, 36.301818], [-86.533446, 36.30203], [-86.533369, 36.302289], [-86.533186, 36.302501], [-86.533113, 36.30264], [-86.532759, 36.302793], [-86.532661, 36.302872], [-86.532572, 36.303033], [-86.532595, 36.303171], [-86.532514, 36.303272], [-86.5318, 36.303488], [-86.531532, 36.30368], [-86.531418, 36.303693], [-86.531253, 36.303654], [-86.531229, 36.303679], [-86.53125, 36.303874], [-86.531194, 36.304069], [-86.531017, 36.304342], [-86.530663, 36.30467], [-86.529874, 36.305314], [-86.529827, 36.30548], [-86.529589, 36.305561], [-86.529479, 36.305643], [-86.529325, 36.305942], [-86.52901, 36.306013], [-86.528775, 36.305989], [-86.528722, 36.306003], [-86.528661, 36.306081], [-86.52875, 36.306198], [-86.529064, 36.306411], [-86.529122, 36.306437], [-86.529261, 36.306426], [-86.529843, 36.306181], [-86.530081, 36.306027], [-86.530472, 36.305959], [-86.530662, 36.305746], [-86.530907, 36.30561], [-86.531654, 36.305401], [-86.53171, 36.305347], [-86.532141, 36.305351], [-86.532132, 36.305396], [-86.531982, 36.305531], [-86.531925, 36.305626], [-86.531827, 36.305895], [-86.531486, 36.306181], [-86.531401, 36.306374], [-86.531373, 36.306473], [-86.531398, 36.306637], [-86.531438, 36.306701], [-86.531673, 36.30688], [-86.53166, 36.307111], [-86.531561, 36.307302], [-86.531112, 36.307805], [-86.530985, 36.308204], [-86.530962, 36.308587], [-86.530924, 36.308674], [-86.530962, 36.308722], [-86.53087, 36.309029], [-86.53042, 36.309216], [-86.530274, 36.30939], [-86.530191, 36.309629], [-86.530263, 36.309922], [-86.530369, 36.309981], [-86.530444, 36.310198], [-86.530489, 36.310263], [-86.530603, 36.310307], [-86.530704, 36.310531], [-86.530871, 36.311356], [-86.530919, 36.311401], [-86.531061, 36.311698], [-86.531114, 36.312315], [-86.531191, 36.312587], [-86.531277, 36.312667], [-86.531421, 36.312904], [-86.531382, 36.312977], [-86.531371, 36.313133], [-86.531455, 36.313344], [-86.531429, 36.313593], [-86.531587, 36.314191], [-86.531704, 36.314362], [-86.531706, 36.314582], [-86.531811, 36.314954], [-86.531877, 36.315128], [-86.531991, 36.315304], [-86.532036, 36.31561], [-86.532237, 36.315783], [-86.532173, 36.315847], [-86.532168, 36.315952], [-86.532404, 36.316121], [-86.532598, 36.31633], [-86.532797, 36.316807], [-86.532932, 36.316867], [-86.532968, 36.316943], [-86.53299, 36.317148], [-86.532965, 36.317237], [-86.532706, 36.317574], [-86.532719, 36.317682], [-86.532893, 36.317877], [-86.533014, 36.317904], [-86.533243, 36.317845], [-86.5335, 36.317909], [-86.533647, 36.31799], [-86.533896, 36.318194], [-86.534271, 36.318624], [-86.5346, 36.318942], [-86.534813, 36.319221], [-86.534944, 36.319328], [-86.534956, 36.319406], [-86.535169, 36.31983], [-86.535258, 36.319925], [-86.535315, 36.320379], [-86.535107, 36.320913], [-86.534916, 36.321023], [-86.534658, 36.321061], [-86.53432, 36.321005], [-86.534105, 36.321065], [-86.534238, 36.321286], [-86.534251, 36.321448], [-86.534291, 36.321499], [-86.534219, 36.321734], [-86.534028, 36.322097], [-86.534022, 36.322192], [-86.533959, 36.322309], [-86.533915, 36.322605], [-86.533797, 36.322819], [-86.533643, 36.32298], [-86.533305, 36.323207], [-86.533036, 36.323316], [-86.533206, 36.323402], [-86.533184, 36.32387], [-86.533046, 36.324219], [-86.533119, 36.324196], [-86.533255, 36.324067], [-86.533554, 36.323706], [-86.533648, 36.323659], [-86.53384, 36.323636], [-86.534158, 36.323453], [-86.53486, 36.322879], [-86.534991, 36.322727], [-86.535256, 36.32266], [-86.535628, 36.322672], [-86.535651, 36.322626], [-86.535752, 36.322624], [-86.535823, 36.322667], [-86.536119, 36.32259], [-86.536134, 36.322504], [-86.536169, 36.322492], [-86.536207, 36.322186], [-86.536549, 36.321882], [-86.536953, 36.321293], [-86.537169, 36.321074], [-86.537414, 36.321057], [-86.538069, 36.321227], [-86.539305, 36.321691], [-86.539863, 36.321858], [-86.540271, 36.322061], [-86.540286, 36.322133], [-86.540235, 36.322279], [-86.540017, 36.322592], [-86.5395, 36.32317], [-86.539274, 36.32359], [-86.539223, 36.323807], [-86.539252, 36.32435], [-86.539205, 36.324624], [-86.539208, 36.324821], [-86.539071, 36.325231], [-86.539004, 36.325687], [-86.538828, 36.326131], [-86.538622, 36.326533], [-86.538598, 36.326777], [-86.538628, 36.326849], [-86.538677, 36.326723], [-86.538776, 36.326594], [-86.538966, 36.32641], [-86.539087, 36.326399], [-86.539221, 36.326483], [-86.539326, 36.326431], [-86.539409, 36.326043], [-86.5395, 36.325997], [-86.539635, 36.325763], [-86.540247, 36.32496], [-86.540316, 36.324917], [-86.540468, 36.324941], [-86.540764, 36.325291], [-86.540914, 36.325552], [-86.540974, 36.325727], [-86.541116, 36.325771], [-86.5412, 36.325834], [-86.54135, 36.325789], [-86.541356, 36.325709], [-86.541266, 36.325607], [-86.541309, 36.325545], [-86.541285, 36.32518], [-86.541165, 36.324914], [-86.541098, 36.324581], [-86.540749, 36.324105], [-86.540679, 36.323916], [-86.540685, 36.323818], [-86.540714, 36.323756], [-86.541016, 36.323468], [-86.541082, 36.323344], [-86.541204, 36.323302], [-86.541268, 36.323338], [-86.541687, 36.323339], [-86.541725, 36.323369], [-86.542222, 36.323467], [-86.542395, 36.323436], [-86.542614, 36.323331], [-86.542677, 36.323223], [-86.542665, 36.32317], [-86.542568, 36.323107], [-86.542423, 36.322852], [-86.542331, 36.322818], [-86.542198, 36.322532], [-86.542227, 36.322431], [-86.542334, 36.322344], [-86.543544, 36.322208], [-86.543746, 36.3222], [-86.54389, 36.322233], [-86.544021, 36.322335], [-86.5442, 36.322721], [-86.544342, 36.322917], [-86.545031, 36.32354], [-86.545065, 36.323523], [-86.545091, 36.323434], [-86.545136, 36.323413], [-86.545128, 36.323379], [-86.544925, 36.322954], [-86.544868, 36.322883], [-86.544778, 36.322842], [-86.54471, 36.322682], [-86.544674, 36.322388], [-86.544678, 36.322163], [-86.54472, 36.322073], [-86.545056, 36.321988], [-86.546135, 36.321933], [-86.547555, 36.321801], [-86.548223, 36.321704], [-86.549526, 36.32135], [-86.549659, 36.321347], [-86.549819, 36.321296], [-86.549989, 36.321301], [-86.550044, 36.321244], [-86.550584, 36.321109], [-86.55151, 36.320801], [-86.551629, 36.320833], [-86.551664, 36.320972], [-86.551713, 36.321009], [-86.55177, 36.32082], [-86.551758, 36.320712], [-86.551843, 36.320607], [-86.551987, 36.320532], [-86.552431, 36.320161], [-86.552722, 36.319995], [-86.553202, 36.319775], [-86.55375, 36.319458], [-86.554644, 36.319014], [-86.554822, 36.318888], [-86.554974, 36.318897], [-86.555208, 36.319029], [-86.555277, 36.318996], [-86.555133, 36.318706], [-86.555193, 36.318583], [-86.556207, 36.317671], [-86.556597, 36.317175], [-86.556914, 36.316523], [-86.557435, 36.316118], [-86.557488, 36.31613], [-86.557509, 36.316207], [-86.557381, 36.316451], [-86.557463, 36.316583], [-86.55779, 36.316923], [-86.558461, 36.317329], [-86.558933, 36.317768], [-86.55904, 36.318237], [-86.559066, 36.31856], [-86.559114, 36.318662], [-86.559172, 36.31866], [-86.559228, 36.318627], [-86.559352, 36.318181], [-86.559527, 36.317984], [-86.559718, 36.317861], [-86.560193, 36.317808], [-86.560246, 36.317779], [-86.560263, 36.317714], [-86.55948, 36.317398], [-86.558984, 36.316857], [-86.558523, 36.316418], [-86.558445, 36.31627], [-86.558357, 36.315897], [-86.558278, 36.315805], [-86.558163, 36.315757], [-86.558136, 36.315667], [-86.558226, 36.315515], [-86.558201, 36.315442], [-86.558502, 36.315086], [-86.558544, 36.314984], [-86.559318, 36.314195], [-86.559554, 36.313934], [-86.559558, 36.313885], [-86.559692, 36.313718], [-86.560094, 36.313325], [-86.560152, 36.31319], [-86.560389, 36.312941], [-86.560803, 36.312402], [-86.560823, 36.312321], [-86.560875, 36.312284], [-86.561521, 36.311314], [-86.561779, 36.311012], [-86.561862, 36.310954], [-86.562453, 36.311203], [-86.562643, 36.311234], [-86.562713, 36.311205], [-86.562637, 36.311014], [-86.562339, 36.310561], [-86.562327, 36.310408], [-86.562493, 36.310153], [-86.563329, 36.309084], [-86.563364, 36.309], [-86.563432, 36.308948], [-86.563423, 36.308895], [-86.563485, 36.308892], [-86.563594, 36.308727], [-86.564056, 36.308209], [-86.564786, 36.307548], [-86.564934, 36.307603], [-86.565033, 36.307591], [-86.565061, 36.307336], [-86.565313, 36.307108], [-86.565861, 36.306765], [-86.566169, 36.306636], [-86.566244, 36.306737], [-86.566282, 36.306695], [-86.566315, 36.306866], [-86.566291, 36.306899], [-86.566362, 36.306976], [-86.566421, 36.306988], [-86.56669, 36.306944], [-86.566773, 36.306883], [-86.566809, 36.306776], [-86.567208, 36.306516], [-86.567342, 36.306524], [-86.567449, 36.306594], [-86.567353, 36.306672], [-86.567049, 36.306805], [-86.566905, 36.306947], [-86.566439, 36.30709], [-86.566279, 36.307266], [-86.566263, 36.307381], [-86.56638, 36.307447], [-86.566207, 36.307432], [-86.56614, 36.307482], [-86.566184, 36.307786], [-86.566133, 36.30793], [-86.566164, 36.308021], [-86.56648, 36.308176], [-86.566554, 36.308158], [-86.566764, 36.30796], [-86.567096, 36.307765], [-86.567263, 36.307727], [-86.567312, 36.307754], [-86.567311, 36.307943], [-86.567372, 36.308302], [-86.567356, 36.308462], [-86.567317, 36.30854], [-86.567221, 36.308583], [-86.567271, 36.308734], [-86.567064, 36.308697], [-86.566986, 36.30871], [-86.566833, 36.308817], [-86.566754, 36.309029], [-86.566796, 36.309178], [-86.567037, 36.309164], [-86.567241, 36.309227], [-86.56727, 36.309353], [-86.567191, 36.309408], [-86.567104, 36.309814], [-86.566931, 36.309953], [-86.567076, 36.310052], [-86.567097, 36.310038], [-86.567289, 36.310132], [-86.567171, 36.310445], [-86.567278, 36.310742], [-86.56733, 36.310748], [-86.567368, 36.310711], [-86.567461, 36.310456], [-86.567647, 36.310222], [-86.567857, 36.310071], [-86.567858, 36.309823], [-86.567919, 36.309692], [-86.568113, 36.309503], [-86.568275, 36.309272], [-86.568334, 36.309033], [-86.568405, 36.308925], [-86.568384, 36.308903], [-86.568499, 36.308769], [-86.568648, 36.308724], [-86.569102, 36.308775], [-86.569327, 36.308941], [-86.56954, 36.309171], [-86.569843, 36.309363], [-86.569897, 36.309438], [-86.569923, 36.309872], [-86.569852, 36.309948], [-86.569834, 36.31005], [-86.56977, 36.31015], [-86.569772, 36.310227], [-86.569878, 36.310277], [-86.57022, 36.31005], [-86.570559, 36.309918], [-86.570691, 36.309905], [-86.570963, 36.310036], [-86.571029, 36.310139], [-86.571051, 36.310274], [-86.571363, 36.310403], [-86.571475, 36.310551], [-86.571617, 36.3106], [-86.571671, 36.310662], [-86.571698, 36.310833], [-86.571793, 36.310957], [-86.571765, 36.311014], [-86.571786, 36.311114], [-86.571748, 36.311191], [-86.571469, 36.311475], [-86.57118, 36.311887], [-86.571258, 36.311999], [-86.571363, 36.312027], [-86.571652, 36.311824], [-86.572135, 36.311585], [-86.572673, 36.311621], [-86.572835, 36.311595], [-86.5729, 36.311636], [-86.572926, 36.311781], [-86.573089, 36.3119], [-86.573411, 36.312444], [-86.573582, 36.312581], [-86.573705, 36.312602], [-86.573769, 36.312573], [-86.574139, 36.31263], [-86.574223, 36.312673], [-86.574606, 36.313033], [-86.574632, 36.313077], [-86.574542, 36.313261], [-86.574517, 36.313448], [-86.574205, 36.313856], [-86.574257, 36.314], [-86.574231, 36.314055], [-86.574259, 36.314133], [-86.574215, 36.314164], [-86.574195, 36.314365], [-86.574076, 36.314441], [-86.574184, 36.314571], [-86.574143, 36.314605], [-86.574155, 36.314631], [-86.574257, 36.314739], [-86.574137, 36.314932], [-86.574067, 36.315154], [-86.574191, 36.31528], [-86.574263, 36.315271], [-86.574347, 36.315137], [-86.574498, 36.315024], [-86.574599, 36.314863], [-86.574793, 36.314711], [-86.575001, 36.314319], [-86.575092, 36.314214], [-86.575331, 36.314071], [-86.575554, 36.314039], [-86.575702, 36.314103], [-86.575746, 36.314175], [-86.5757, 36.314461], [-86.575716, 36.314627], [-86.575878, 36.314649], [-86.575978, 36.314723], [-86.575916, 36.314827], [-86.575966, 36.314946], [-86.575939, 36.315002], [-86.575991, 36.315093], [-86.57609, 36.315163], [-86.576282, 36.315176], [-86.576224, 36.315321], [-86.576243, 36.315384], [-86.576455, 36.315412], [-86.576566, 36.31547], [-86.576596, 36.315536], [-86.576845, 36.315481], [-86.576924, 36.3156], [-86.57701, 36.315517], [-86.577155, 36.315549], [-86.576855, 36.315117], [-86.576742, 36.31455], [-86.577215, 36.313597], [-86.577466, 36.31341], [-86.577563, 36.313286], [-86.577968, 36.313107], [-86.578655, 36.31309], [-86.579046, 36.313138], [-86.579247, 36.31309], [-86.579252, 36.313047], [-86.578952, 36.312971], [-86.578208, 36.312527], [-86.577625, 36.312378], [-86.577402, 36.312265], [-86.577208, 36.312209], [-86.576801, 36.311978], [-86.576695, 36.311862], [-86.576681, 36.311808], [-86.576743, 36.311606], [-86.576919, 36.311291], [-86.576888, 36.311156], [-86.576935, 36.311001], [-86.576898, 36.310923], [-86.576826, 36.31097], [-86.57662, 36.31123], [-86.576336, 36.311374], [-86.576193, 36.311404], [-86.575942, 36.311359], [-86.57562, 36.311237], [-86.5754, 36.311192], [-86.57502, 36.310967], [-86.574889, 36.310767], [-86.57476, 36.310696], [-86.574657, 36.31059], [-86.57452, 36.310537], [-86.574473, 36.310421], [-86.574376, 36.310362], [-86.574158, 36.310135], [-86.573836, 36.309744], [-86.573455, 36.309366], [-86.573308, 36.309268], [-86.573205, 36.308985], [-86.573033, 36.308851], [-86.572924, 36.308692], [-86.572882, 36.30858], [-86.572896, 36.308476], [-86.57267, 36.308387], [-86.572517, 36.308281], [-86.572463, 36.308122], [-86.572528, 36.307971], [-86.572899, 36.307695], [-86.572874, 36.307646], [-86.572782, 36.307598], [-86.572358, 36.307627], [-86.57213, 36.307557], [-86.572064, 36.30756], [-86.571796, 36.30769], [-86.571614, 36.307701], [-86.571507, 36.307675], [-86.571216, 36.307322], [-86.571123, 36.307115], [-86.570918, 36.306929], [-86.570894, 36.306759], [-86.570926, 36.306582], [-86.570831, 36.306472], [-86.570459, 36.306365], [-86.570315, 36.306189], [-86.570266, 36.306073], [-86.570233, 36.305782], [-86.570346, 36.305441], [-86.570464, 36.305227], [-86.57077, 36.304997], [-86.57147, 36.304735], [-86.571881, 36.304755], [-86.572142, 36.304729], [-86.573151, 36.304517], [-86.573448, 36.304522], [-86.573581, 36.304586], [-86.574461, 36.304359], [-86.574603, 36.304351], [-86.574919, 36.304235], [-86.574918, 36.304293], [-86.575365, 36.304385], [-86.575572, 36.304386], [-86.576095, 36.304612], [-86.57649, 36.304701], [-86.577378, 36.304696], [-86.577826, 36.304614], [-86.578304, 36.304664], [-86.578395, 36.304608], [-86.578728, 36.304546], [-86.57876, 36.304471], [-86.578537, 36.304372], [-86.578481, 36.304309], [-86.578318, 36.30429], [-86.578181, 36.304179], [-86.577814, 36.304087], [-86.577301, 36.304116], [-86.577128, 36.304092], [-86.57688, 36.303937], [-86.576798, 36.303842], [-86.576408, 36.303803], [-86.576304, 36.303644], [-86.576161, 36.30352], [-86.576195, 36.303481], [-86.576143, 36.303426], [-86.576012, 36.303424], [-86.575993, 36.303371], [-86.575917, 36.303343], [-86.575877, 36.303279], [-86.575698, 36.303399], [-86.575807, 36.303229], [-86.575768, 36.303169], [-86.575603, 36.303142], [-86.575421, 36.303192], [-86.574956, 36.303109], [-86.574591, 36.302956], [-86.574479, 36.302873], [-86.574178, 36.302434], [-86.574078, 36.302377], [-86.573853, 36.302381], [-86.573775, 36.302346], [-86.573823, 36.302328], [-86.573741, 36.302076], [-86.573799, 36.301918], [-86.573781, 36.301562], [-86.573658, 36.300795], [-86.573382, 36.299833], [-86.573213, 36.299377], [-86.57313, 36.29902], [-86.573057, 36.298904], [-86.572879, 36.298147], [-86.572808, 36.297674], [-86.572857, 36.297379], [-86.572816, 36.297252], [-86.572839, 36.297203], [-86.572775, 36.297074], [-86.572582, 36.29636], [-86.572572, 36.295995], [-86.572629, 36.295927], [-86.572707, 36.295916], [-86.572695, 36.295855], [-86.572575, 36.295775], [-86.57246, 36.295636], [-86.571943, 36.294441], [-86.571601, 36.293826], [-86.571228, 36.293039], [-86.569697, 36.290584], [-86.569427, 36.290001], [-86.569234, 36.289686], [-86.568777, 36.288568], [-86.568715, 36.288325], [-86.568654, 36.287832], [-86.568778, 36.287812], [-86.569058, 36.287938], [-86.569486, 36.288065], [-86.569636, 36.288142], [-86.569854, 36.288319], [-86.569988, 36.288366], [-86.570247, 36.288539], [-86.570529, 36.288814], [-86.570871, 36.289042], [-86.571349, 36.289482], [-86.571778, 36.290024], [-86.571958, 36.290115], [-86.572362, 36.290237], [-86.572408, 36.290229], [-86.572472, 36.290151], [-86.572783, 36.290155], [-86.572788, 36.290121], [-86.572454, 36.290044], [-86.572325, 36.28995], [-86.572305, 36.289867], [-86.572327, 36.289776], [-86.572194, 36.289523], [-86.572163, 36.289418], [-86.572181, 36.289344], [-86.57214, 36.28925], [-86.571839, 36.288925], [-86.571825, 36.288859], [-86.571637, 36.288575], [-86.571662, 36.288443], [-86.571645, 36.288356], [-86.571343, 36.288028], [-86.571308, 36.287684], [-86.571363, 36.287581], [-86.571335, 36.287506], [-86.571448, 36.287378], [-86.571427, 36.287305], [-86.571204, 36.287314], [-86.570865, 36.287178], [-86.570672, 36.286908], [-86.570456, 36.286734], [-86.570366, 36.286615], [-86.570293, 36.286563], [-86.569958, 36.286449], [-86.56987, 36.286355], [-86.569837, 36.286121], [-86.569985, 36.285913], [-86.57024, 36.285695], [-86.570165, 36.285516], [-86.570061, 36.285424], [-86.569033, 36.285492], [-86.569108, 36.285145], [-86.569347, 36.284713], [-86.569459, 36.284413], [-86.569506, 36.284132], [-86.56971, 36.283697], [-86.56974, 36.283485], [-86.569776, 36.283449], [-86.569764, 36.283373], [-86.569654, 36.283228], [-86.569529, 36.283187], [-86.569315, 36.28325], [-86.569149, 36.283392], [-86.569079, 36.283411], [-86.568912, 36.283372], [-86.568674, 36.282774], [-86.568197, 36.282331], [-86.568163, 36.282253], [-86.568211, 36.2822], [-86.568347, 36.282185], [-86.568857, 36.282375], [-86.569334, 36.282347], [-86.569594, 36.282145], [-86.569937, 36.281575], [-86.569932, 36.281424], [-86.569982, 36.281418], [-86.570157, 36.281553], [-86.570259, 36.281576], [-86.570921, 36.281423], [-86.571013, 36.281451], [-86.571356, 36.281756], [-86.571475, 36.282022], [-86.571746, 36.282316], [-86.571809, 36.282577], [-86.57187, 36.282664], [-86.571917, 36.282705], [-86.572067, 36.282708], [-86.572154, 36.28268], [-86.57218, 36.282596], [-86.572313, 36.282466], [-86.572412, 36.282409], [-86.572719, 36.2824], [-86.572871, 36.282231], [-86.572622, 36.282115], [-86.572376, 36.28169], [-86.572354, 36.281579], [-86.57238, 36.28142], [-86.572528, 36.281223], [-86.572619, 36.281179], [-86.572961, 36.28116], [-86.573094, 36.281041], [-86.573296, 36.280936], [-86.57374, 36.280921], [-86.574609, 36.281149], [-86.57517, 36.281511], [-86.575437, 36.28158], [-86.575576, 36.281652], [-86.5757, 36.281756], [-86.575833, 36.281938], [-86.576035, 36.282083], [-86.576183, 36.282309], [-86.576253, 36.282341], [-86.5763, 36.282423], [-86.576631, 36.282633], [-86.576936, 36.282892], [-86.577238, 36.282974], [-86.57727, 36.282946], [-86.577223, 36.282889], [-86.577297, 36.28282], [-86.577091, 36.282589], [-86.576932, 36.282504], [-86.576901, 36.282413], [-86.576934, 36.282328], [-86.576991, 36.282298], [-86.577066, 36.282335], [-86.577227, 36.282317], [-86.577303, 36.282419], [-86.577392, 36.282371], [-86.57739, 36.282315], [-86.577164, 36.28202], [-86.576932, 36.281837], [-86.576953, 36.281632], [-86.576917, 36.281597], [-86.576985, 36.281579], [-86.576992, 36.281447], [-86.577088, 36.281405], [-86.577122, 36.281351], [-86.57782, 36.281302], [-86.57808, 36.281189], [-86.57818, 36.281082], [-86.57814, 36.281024], [-86.577909, 36.280917], [-86.577434, 36.280885], [-86.577299, 36.280837], [-86.577221, 36.280763], [-86.576501, 36.280623], [-86.576307, 36.280549], [-86.576192, 36.280358], [-86.575867, 36.280425], [-86.575553, 36.28007], [-86.575401, 36.280001], [-86.574807, 36.27951], [-86.574341, 36.27905], [-86.574177, 36.278788], [-86.574165, 36.278674], [-86.574313, 36.278241], [-86.574793, 36.277554], [-86.574837, 36.277349], [-86.574979, 36.277107], [-86.575025, 36.27691], [-86.575111, 36.276802], [-86.574896, 36.27664], [-86.574583, 36.276879], [-86.574502, 36.277012], [-86.574199, 36.277302], [-86.573491, 36.277823], [-86.573299, 36.277901], [-86.57315, 36.277886], [-86.573032, 36.277935], [-86.572989, 36.277985], [-86.572981, 36.278091], [-86.572803, 36.278304], [-86.572745, 36.278298], [-86.572571, 36.278131], [-86.572374, 36.278064], [-86.572069, 36.278035], [-86.571864, 36.277937], [-86.57172, 36.277983], [-86.571278, 36.278238], [-86.571061, 36.278199], [-86.570247, 36.277825], [-86.569894, 36.277585], [-86.569799, 36.277578], [-86.569614, 36.277364], [-86.569378, 36.276922], [-86.56912, 36.276548], [-86.569043, 36.276354], [-86.569033, 36.276146], [-86.568988, 36.275997], [-86.569145, 36.275823], [-86.569174, 36.275606], [-86.569068, 36.275543], [-86.568949, 36.275407], [-86.568945, 36.275217], [-86.569253, 36.274831], [-86.569319, 36.274638], [-86.569253, 36.274293], [-86.569096, 36.274], [-86.569092, 36.273849], [-86.569168, 36.273585], [-86.569334, 36.273421], [-86.569644, 36.273393], [-86.569838, 36.27331], [-86.570094, 36.273397], [-86.570185, 36.273386], [-86.570259, 36.273318], [-86.570068, 36.273013], [-86.569719, 36.272626], [-86.569592, 36.272281], [-86.569601, 36.272071], [-86.569648, 36.271929], [-86.570035, 36.271406], [-86.570123, 36.270973], [-86.570096, 36.270563], [-86.570167, 36.270387], [-86.570403, 36.270323], [-86.570697, 36.270327], [-86.571001, 36.270526], [-86.571133, 36.270693], [-86.571177, 36.271003], [-86.571299, 36.27135], [-86.571439, 36.271397], [-86.571564, 36.271503], [-86.57182, 36.271618], [-86.572008, 36.271582], [-86.571909, 36.271267], [-86.571921, 36.271101], [-86.571884, 36.270921], [-86.571929, 36.270666], [-86.572138, 36.270276], [-86.572439, 36.270097], [-86.572572, 36.270073], [-86.573277, 36.270158], [-86.573194, 36.269993], [-86.572827, 36.269663], [-86.572268, 36.269464], [-86.572095, 36.269449], [-86.571657, 36.269525], [-86.571454, 36.269483], [-86.571148, 36.269362], [-86.570964, 36.26924], [-86.570893, 36.269145], [-86.570837, 36.2689], [-86.571098, 36.268561], [-86.571099, 36.268327], [-86.571154, 36.268171], [-86.571382, 36.26777], [-86.571689, 36.267351], [-86.571738, 36.267194], [-86.57191, 36.266923], [-86.572112, 36.266773], [-86.572192, 36.266772], [-86.572537, 36.26702], [-86.572842, 36.267192], [-86.573047, 36.267393], [-86.573196, 36.267614], [-86.573253, 36.267812], [-86.573242, 36.267957], [-86.573283, 36.268005], [-86.573644, 36.267969], [-86.57388, 36.268032], [-86.573971, 36.268121], [-86.57406, 36.268152], [-86.574278, 36.26814], [-86.574401, 36.268036], [-86.574357, 36.26792], [-86.57394, 36.267588], [-86.57387, 36.267477], [-86.5739, 36.267415], [-86.574132, 36.267291], [-86.574169, 36.267229], [-86.574237, 36.267197], [-86.574197, 36.267108], [-86.573969, 36.267128], [-86.573788, 36.26705], [-86.573574, 36.266897], [-86.573364, 36.266661], [-86.573214, 36.266548], [-86.573133, 36.266269], [-86.573291, 36.265965], [-86.573247, 36.265767], [-86.573165, 36.265653], [-86.573077, 36.265625], [-86.573043, 36.265498], [-86.573066, 36.265395], [-86.573389, 36.264816], [-86.5735, 36.264722], [-86.573618, 36.264677], [-86.5736, 36.264626], [-86.573671, 36.264571], [-86.573848, 36.26455], [-86.574117, 36.264608], [-86.574363, 36.264713], [-86.574863, 36.265064], [-86.575144, 36.265023], [-86.575162, 36.264962], [-86.575021, 36.264671], [-86.574924, 36.264621], [-86.574875, 36.264427], [-86.574547, 36.264076], [-86.574349, 36.26378], [-86.574389, 36.263594], [-86.574483, 36.263494], [-86.574631, 36.263369], [-86.57479, 36.263292], [-86.574936, 36.26324], [-86.575123, 36.263221], [-86.57533, 36.263299], [-86.575468, 36.263414], [-86.575786, 36.26352], [-86.575914, 36.263523], [-86.575907, 36.263363], [-86.575773, 36.263093], [-86.575754, 36.262989], [-86.575875, 36.262588], [-86.575898, 36.262259], [-86.575958, 36.262138], [-86.575931, 36.262126], [-86.576049, 36.262002], [-86.576144, 36.261977], [-86.576359, 36.261688], [-86.576455, 36.261672], [-86.576774, 36.261452], [-86.576794, 36.261362], [-86.576851, 36.261304], [-86.577266, 36.261098], [-86.577361, 36.261086], [-86.577568, 36.261151], [-86.577657, 36.261217], [-86.577864, 36.261432], [-86.578005, 36.261746], [-86.578418, 36.26208], [-86.578691, 36.262403], [-86.578769, 36.262402], [-86.578789, 36.262158], [-86.578706, 36.261828], [-86.578753, 36.26172], [-86.578868, 36.261674], [-86.578849, 36.261461], [-86.578663, 36.261402], [-86.578384, 36.261195], [-86.577986, 36.260505], [-86.577971, 36.260399], [-86.578098, 36.260243], [-86.578269, 36.260193], [-86.578402, 36.260242], [-86.578642, 36.260463], [-86.578777, 36.260449], [-86.578942, 36.260112], [-86.578913, 36.260054], [-86.578918, 36.25984], [-86.578989, 36.259699], [-86.578974, 36.259672], [-86.579216, 36.259469], [-86.579409, 36.259406], [-86.57975, 36.259183], [-86.579983, 36.259116], [-86.580118, 36.259185], [-86.580278, 36.259426], [-86.580489, 36.259984], [-86.580624, 36.260494], [-86.580824, 36.260742], [-86.581067, 36.261132], [-86.58113, 36.261417], [-86.58145, 36.26166], [-86.581671, 36.261911], [-86.581685, 36.262065], [-86.58188, 36.26219], [-86.582084, 36.262602], [-86.58209, 36.262888], [-86.582165, 36.263111], [-86.582325, 36.263265], [-86.582669, 36.263881], [-86.582741, 36.263919], [-86.582835, 36.263913], [-86.582698, 36.263588], [-86.582608, 36.263233], [-86.582457, 36.263026], [-86.58245, 36.262906], [-86.58247, 36.262726], [-86.582539, 36.262535], [-86.582814, 36.262328], [-86.582928, 36.262301], [-86.582569, 36.262092], [-86.582459, 36.261913], [-86.582273, 36.26174], [-86.581941, 36.261308], [-86.581671, 36.260762], [-86.581666, 36.260588], [-86.581759, 36.260496], [-86.581775, 36.260429], [-86.581489, 36.260218], [-86.581412, 36.26001], [-86.581436, 36.259767], [-86.581582, 36.259517], [-86.581575, 36.259384], [-86.581498, 36.259191], [-86.581483, 36.259045], [-86.581627, 36.258838], [-86.581619, 36.2587], [-86.581526, 36.25841], [-86.581544, 36.258356], [-86.581625, 36.258313], [-86.58169, 36.258325], [-86.582184, 36.258567], [-86.58265, 36.258597], [-86.583048, 36.25875], [-86.583045, 36.25867], [-86.582954, 36.258507], [-86.582752, 36.258304], [-86.582472, 36.258134], [-86.582391, 36.258041], [-86.582316, 36.257809], [-86.582312, 36.257687], [-86.582398, 36.257528], [-86.582645, 36.257278], [-86.582734, 36.257125], [-86.582939, 36.256969], [-86.583073, 36.256949], [-86.583275, 36.25702], [-86.583382, 36.257095], [-86.583489, 36.257235], [-86.583567, 36.257251], [-86.58365, 36.257065], [-86.583665, 36.25695], [-86.58354, 36.256553], [-86.583598, 36.256466], [-86.583743, 36.256351], [-86.584009, 36.256216], [-86.584117, 36.256212], [-86.584204, 36.256267], [-86.584427, 36.256322], [-86.585058, 36.256621], [-86.585286, 36.256841], [-86.585802, 36.256784], [-86.586138, 36.256656], [-86.586286, 36.256659], [-86.586321, 36.256548], [-86.5857, 36.256511], [-86.585547, 36.256425], [-86.585096, 36.256023], [-86.584833, 36.25586], [-86.584747, 36.255677], [-86.584786, 36.255548], [-86.585192, 36.255233], [-86.585451, 36.255059], [-86.585599, 36.254998], [-86.585837, 36.254789], [-86.586114, 36.254631], [-86.586198, 36.254539], [-86.58651, 36.254353], [-86.586671, 36.254308], [-86.586788, 36.254379], [-86.586954, 36.254794], [-86.58687, 36.255218], [-86.586973, 36.255282], [-86.587047, 36.255273], [-86.587452, 36.254837], [-86.587492, 36.25461], [-86.587429, 36.254067], [-86.587453, 36.253952], [-86.58755, 36.253713], [-86.587733, 36.253518], [-86.587954, 36.253365], [-86.588182, 36.253284], [-86.588283, 36.253288], [-86.588453, 36.253362], [-86.588551, 36.253272], [-86.588523, 36.253046], [-86.588727, 36.252877], [-86.589276, 36.252554], [-86.589764, 36.252313], [-86.590288, 36.251992], [-86.590388, 36.251959], [-86.590554, 36.25199], [-86.590709, 36.251925], [-86.590769, 36.251888], [-86.590824, 36.251742], [-86.59102, 36.251613], [-86.591156, 36.251534], [-86.591244, 36.251522], [-86.591417, 36.251371], [-86.591687, 36.251305], [-86.59181, 36.251228], [-86.591844, 36.251257], [-86.591782, 36.251367], [-86.591781, 36.251431], [-86.59189, 36.251525], [-86.592135, 36.251593], [-86.592374, 36.251579], [-86.592484, 36.251479], [-86.59273, 36.251454], [-86.592816, 36.251387], [-86.59283, 36.251289], [-86.592892, 36.251273], [-86.593431, 36.251689], [-86.593468, 36.25175], [-86.594056, 36.252015], [-86.594348, 36.252089], [-86.594538, 36.252084], [-86.594588, 36.252117], [-86.59459, 36.252272], [-86.594484, 36.252384], [-86.594323, 36.252487], [-86.593938, 36.252616], [-86.593319, 36.253015], [-86.593009, 36.253067], [-86.592617, 36.253189], [-86.592728, 36.253231], [-86.592939, 36.253417], [-86.593264, 36.25361], [-86.593666, 36.253648], [-86.593876, 36.253736], [-86.593934, 36.253875], [-86.593914, 36.254063], [-86.59398, 36.25414], [-86.593983, 36.254253], [-86.594032, 36.254288], [-86.594231, 36.254378], [-86.594428, 36.254398], [-86.594681, 36.254328], [-86.594803, 36.254138], [-86.594862, 36.253942], [-86.59509, 36.253765], [-86.595406, 36.253645], [-86.59557, 36.253667], [-86.595798, 36.253816], [-86.595895, 36.253845], [-86.596125, 36.254083], [-86.596162, 36.254209], [-86.596067, 36.254399], [-86.596079, 36.254484], [-86.595906, 36.254528], [-86.595841, 36.254583], [-86.595777, 36.254697], [-86.595644, 36.254813], [-86.595554, 36.255008], [-86.595478, 36.255286], [-86.595524, 36.255577], [-86.59518, 36.255902], [-86.594939, 36.256018], [-86.594447, 36.256139], [-86.594381, 36.256206], [-86.594336, 36.25649], [-86.594211, 36.25683], [-86.594212, 36.256935], [-86.594139, 36.25706], [-86.594171, 36.257187], [-86.59431, 36.257271], [-86.594429, 36.257222], [-86.594787, 36.257189], [-86.595288, 36.257288], [-86.59558, 36.257241], [-86.595636, 36.257186], [-86.595637, 36.257093], [-86.595684, 36.257049], [-86.595785, 36.256754], [-86.595913, 36.256681], [-86.596081, 36.25666], [-86.596331, 36.25671], [-86.596591, 36.256638], [-86.596684, 36.256556], [-86.596891, 36.256086], [-86.597039, 36.255937], [-86.597102, 36.255828], [-86.597328, 36.255694], [-86.59776, 36.255874], [-86.597906, 36.255991], [-86.597957, 36.25608], [-86.597926, 36.256125], [-86.597957, 36.256217], [-86.597931, 36.25624], [-86.598, 36.256367], [-86.597997, 36.256459], [-86.598264, 36.256762], [-86.598616, 36.25706], [-86.59885, 36.257444], [-86.599037, 36.257639], [-86.599263, 36.257742], [-86.599285, 36.257701], [-86.599553, 36.257728], [-86.599553, 36.257693], [-86.599744, 36.257677], [-86.599865, 36.257682], [-86.599863, 36.257717], [-86.60004, 36.257746], [-86.600181, 36.257852], [-86.600428, 36.257971], [-86.600707, 36.258184], [-86.600989, 36.258283], [-86.601067, 36.258364], [-86.601544, 36.258666], [-86.601608, 36.258766], [-86.601598, 36.258891], [-86.601505, 36.259054], [-86.601298, 36.259228], [-86.600886, 36.259475], [-86.600449, 36.259822], [-86.600111, 36.259902], [-86.599966, 36.260094], [-86.599951, 36.260274], [-86.600224, 36.260574], [-86.600301, 36.260753], [-86.600422, 36.261294], [-86.600421, 36.261478], [-86.600371, 36.261681], [-86.600197, 36.262082], [-86.600057, 36.262192], [-86.599866, 36.262273], [-86.59942, 36.26229], [-86.599308, 36.262324], [-86.599149, 36.262457], [-86.599005, 36.262657], [-86.598977, 36.262751], [-86.59903, 36.263076], [-86.599021, 36.263219], [-86.599047, 36.263447], [-86.599094, 36.263464], [-86.599014, 36.26388], [-86.599029, 36.264254], [-86.598872, 36.264568], [-86.598449, 36.26511], [-86.598245, 36.265278], [-86.598089, 36.265308], [-86.597649, 36.265143], [-86.597488, 36.265007], [-86.597075, 36.26479], [-86.596835, 36.264774], [-86.596683, 36.264833], [-86.596369, 36.264808], [-86.596085, 36.264852], [-86.595917, 36.264932], [-86.59564, 36.265167], [-86.595575, 36.265284], [-86.595459, 36.265391], [-86.595391, 36.265551], [-86.595403, 36.265781], [-86.595445, 36.265794], [-86.595635, 36.265724], [-86.596018, 36.2657], [-86.596336, 36.26585], [-86.596391, 36.265965], [-86.596618, 36.266145], [-86.596675, 36.266299], [-86.5969, 36.266586], [-86.596981, 36.266763], [-86.597149, 36.266956], [-86.597219, 36.266985], [-86.597283, 36.267103], [-86.597299, 36.267217], [-86.597224, 36.267268], [-86.597095, 36.267453], [-86.597043, 36.2677], [-86.596962, 36.267838], [-86.597032, 36.268497], [-86.596961, 36.26859], [-86.596812, 36.268682], [-86.596638, 36.268873], [-86.596228, 36.269004], [-86.595898, 36.268998], [-86.595454, 36.268864], [-86.595406, 36.268894], [-86.595485, 36.269119], [-86.595634, 36.269305], [-86.595659, 36.269393], [-86.595742, 36.269454], [-86.595854, 36.269483], [-86.596064, 36.26963], [-86.596109, 36.26975], [-86.59609, 36.26988], [-86.596056, 36.269976], [-86.595954, 36.270025], [-86.595919, 36.270077], [-86.595918, 36.270176], [-86.596093, 36.270433], [-86.596282, 36.270526], [-86.596335, 36.270611], [-86.596352, 36.270731], [-86.596504, 36.270883], [-86.596789, 36.271023], [-86.59749, 36.270789], [-86.597617, 36.270793], [-86.597667, 36.27083], [-86.597704, 36.271063], [-86.597623, 36.271292], [-86.597551, 36.271749], [-86.597428, 36.271973], [-86.597348, 36.272047], [-86.597171, 36.272121], [-86.596965, 36.272135], [-86.596763, 36.272277], [-86.596609, 36.27233], [-86.596335, 36.272349], [-86.596116, 36.272299], [-86.595891, 36.272353], [-86.595766, 36.272427], [-86.595548, 36.272671], [-86.595155, 36.272873], [-86.59507, 36.272872], [-86.594873, 36.272713], [-86.594668, 36.272607], [-86.594276, 36.272532], [-86.594279, 36.272618], [-86.594186, 36.272809], [-86.594241, 36.272944], [-86.594253, 36.273241], [-86.594173, 36.273368], [-86.593916, 36.27349], [-86.593754, 36.273802], [-86.59342, 36.273789], [-86.593063, 36.273861], [-86.592779, 36.273841], [-86.592709, 36.273802], [-86.592684, 36.273839], [-86.592579, 36.273836], [-86.592519, 36.273969], [-86.593066, 36.27425], [-86.593063, 36.274303], [-86.592948, 36.274357], [-86.592946, 36.274412], [-86.593096, 36.274649], [-86.593112, 36.274963], [-86.593071, 36.27544], [-86.59309, 36.275511], [-86.593191, 36.275611], [-86.593249, 36.275638], [-86.593372, 36.275614], [-86.593244, 36.27597], [-86.592935, 36.276276], [-86.593186, 36.276136], [-86.593375, 36.275947], [-86.593481, 36.275683], [-86.593589, 36.27576], [-86.593697, 36.275783], [-86.594163, 36.275491], [-86.594597, 36.27534], [-86.594802, 36.275202], [-86.594756, 36.275049], [-86.594838, 36.275051], [-86.594908, 36.27513], [-86.595084, 36.275105], [-86.595188, 36.274931], [-86.59522, 36.274958], [-86.595208, 36.275129], [-86.595273, 36.275184], [-86.59533, 36.275175], [-86.595475, 36.274773], [-86.595617, 36.274577], [-86.595952, 36.27452], [-86.596121, 36.274611], [-86.596544, 36.274585], [-86.596741, 36.274452], [-86.597016, 36.274346], [-86.597262, 36.274297], [-86.597444, 36.274208], [-86.597611, 36.274192], [-86.59815, 36.274224], [-86.598434, 36.274386], [-86.598605, 36.274592], [-86.599015, 36.275281], [-86.59911, 36.275772], [-86.598958, 36.276148], [-86.598849, 36.276556], [-86.598787, 36.27665], [-86.598802, 36.27669], [-86.598561, 36.276935], [-86.598343, 36.277055], [-86.598294, 36.277129], [-86.597883, 36.277319], [-86.597697, 36.277343], [-86.597545, 36.277425], [-86.597338, 36.277414], [-86.59714, 36.277506], [-86.596933, 36.277534], [-86.596579, 36.277644], [-86.59611, 36.277617], [-86.595988, 36.277579], [-86.595855, 36.277607], [-86.595448, 36.277453], [-86.595028, 36.277362], [-86.594927, 36.277378], [-86.594784, 36.277516], [-86.594702, 36.277764], [-86.594589, 36.277843], [-86.594531, 36.277928], [-86.594522, 36.27806], [-86.594584, 36.278235], [-86.594745, 36.278238], [-86.595043, 36.278364], [-86.595206, 36.278344], [-86.595296, 36.27844], [-86.595549, 36.278507], [-86.595791, 36.278699], [-86.596047, 36.278823], [-86.596482, 36.278857], [-86.596868, 36.278967], [-86.597059, 36.279066], [-86.597537, 36.279428], [-86.597588, 36.279508], [-86.59762, 36.279669], [-86.597631, 36.279959], [-86.597311, 36.280318], [-86.597288, 36.280691], [-86.597513, 36.280918], [-86.59772, 36.280979], [-86.597915, 36.281107], [-86.598028, 36.281104], [-86.598093, 36.281024], [-86.598159, 36.281002], [-86.598176, 36.281017], [-86.598125, 36.281126], [-86.598166, 36.281256], [-86.598444, 36.281384], [-86.598466, 36.281468], [-86.598548, 36.281565], [-86.598547, 36.281813], [-86.598604, 36.281939], [-86.598614, 36.28207], [-86.598573, 36.282202], [-86.598431, 36.282355], [-86.598153, 36.282504], [-86.598063, 36.282501], [-86.597934, 36.282573], [-86.597795, 36.282734], [-86.597705, 36.28279], [-86.597179, 36.282957], [-86.597, 36.283073], [-86.596758, 36.283334], [-86.596606, 36.283362], [-86.59638, 36.283324], [-86.596377, 36.283363], [-86.59668, 36.283453], [-86.596956, 36.283308], [-86.596872, 36.283474], [-86.596991, 36.283615], [-86.597136, 36.283648], [-86.597651, 36.283672], [-86.597965, 36.283788], [-86.598147, 36.283916], [-86.598392, 36.283997], [-86.598523, 36.283975], [-86.598634, 36.283774], [-86.598886, 36.283685], [-86.598983, 36.283703], [-86.599148, 36.283677], [-86.599184, 36.283642], [-86.599472, 36.283659], [-86.599675, 36.283602], [-86.600017, 36.283339], [-86.600472, 36.283092], [-86.600502, 36.283142], [-86.600718, 36.283259], [-86.600765, 36.283326], [-86.600744, 36.283459], [-86.600876, 36.283855], [-86.600786, 36.28406], [-86.600672, 36.284216], [-86.60065, 36.284425], [-86.600583, 36.284531], [-86.600517, 36.284756], [-86.600532, 36.285013], [-86.60049, 36.285463], [-86.600371, 36.28553], [-86.600336, 36.285626], [-86.600186, 36.285763], [-86.599901, 36.285891], [-86.599827, 36.28596], [-86.600192, 36.285899], [-86.60051, 36.28579], [-86.600897, 36.285512], [-86.601095, 36.285309], [-86.601278, 36.285198], [-86.601424, 36.285207], [-86.601566, 36.285279], [-86.602216, 36.285795], [-86.602334, 36.285965], [-86.602425, 36.286176], [-86.602572, 36.286275], [-86.602651, 36.286458], [-86.602811, 36.286667], [-86.603065, 36.286912], [-86.60306, 36.287256], [-86.603121, 36.287578], [-86.602956, 36.287736], [-86.602838, 36.287909], [-86.60285, 36.288039], [-86.602896, 36.288134], [-86.603, 36.2882], [-86.60333, 36.288237], [-86.60347, 36.288302], [-86.603635, 36.288523], [-86.603762, 36.28881], [-86.603744, 36.288866], [-86.603671, 36.288918], [-86.603582, 36.289118], [-86.603586, 36.289378], [-86.603653, 36.289568], [-86.603483, 36.289747], [-86.603357, 36.290019], [-86.60328, 36.290079], [-86.602964, 36.29051], [-86.602579, 36.290885], [-86.602385, 36.291005], [-86.602533, 36.291007], [-86.602699, 36.290932], [-86.602801, 36.291003], [-86.603033, 36.290906], [-86.603144, 36.290895], [-86.603226, 36.290894], [-86.603236, 36.290975], [-86.603266, 36.29098], [-86.603327, 36.290904], [-86.603346, 36.290744], [-86.60339, 36.290662], [-86.603556, 36.290576], [-86.603707, 36.290421], [-86.60391, 36.290364], [-86.604034, 36.290282], [-86.604255, 36.290018], [-86.604506, 36.289932], [-86.604767, 36.290114], [-86.60539, 36.291016], [-86.605588, 36.291717], [-86.605563, 36.291926], [-86.605594, 36.292139], [-86.605656, 36.292197], [-86.605907, 36.292177], [-86.606133, 36.292419], [-86.606334, 36.292712], [-86.606468, 36.293144], [-86.60662, 36.293491], [-86.606974, 36.294043], [-86.607221, 36.294582], [-86.60735, 36.294638], [-86.607409, 36.294732], [-86.607621, 36.294924], [-86.607987, 36.295461], [-86.608072, 36.295663], [-86.608246, 36.296332], [-86.608259, 36.296561], [-86.608207, 36.296642], [-86.60826, 36.296653], [-86.608266, 36.296757], [-86.608225, 36.296863], [-86.608258, 36.296868], [-86.608435, 36.296718], [-86.608584, 36.296444], [-86.608667, 36.296692], [-86.608853, 36.296922], [-86.609458, 36.297058], [-86.609793, 36.297304], [-86.610237, 36.297959], [-86.610504, 36.298276], [-86.610618, 36.298633], [-86.61081, 36.298981], [-86.611532, 36.299399], [-86.611931, 36.299677], [-86.612188, 36.299924], [-86.612411, 36.300227], [-86.612493, 36.300289], [-86.612716, 36.300655], [-86.612956, 36.301194], [-86.613008, 36.3014]]}, "properties": {"OBJECTID": 3030, "Category_of_Coastline": "", "Scale_Minimum": "300000", "Source_Date": "20040930", "Source_Indication": "US,U3,USACE,LRN_GIS", "Source_Dataset": "U37CR221.000", "Feature_ID": "U3 1392979556 00001"}}, {"type": "Feature", "id": 3031, "geometry": {"type": "LineString", "coordinates": [[-86.47441, 36.32302], [-86.474462, 36.32293], [-86.474716, 36.322811], [-86.474829, 36.322684], [-86.474986, 36.322662], [-86.474849, 36.322773], [-86.474774, 36.323032], [-86.474566, 36.323094], [-86.47441, 36.32302]]}, "properties": {"OBJECTID": 3031, "Category_of_Coastline": "", "Scale_Minimum": "300000", "Source_Date": "20040930", "Source_Indication": "US,U3,USACE,LRN_GIS", "Source_Dataset": "U37CR221.000", "Feature_ID": "U3 1392979557 00001"}}, {"type": "Feature", "id": 3036, "geometry": {"type": "LineString", "coordinates": [[-86.512502, 36.34958], [-86.512622, 36.349485], [-86.512593, 36.349388], [-86.512685, 36.349343], [-86.512783, 36.349352], [-86.512946, 36.349274], [-86.512941, 36.349203], [-86.512993, 36.349131], [-86.513134, 36.349239], [-86.514286, 36.348898], [-86.514363, 36.348841], [-86.514346, 36.348728], [-86.514162, 36.34858], [-86.513779, 36.348408], [-86.513576, 36.348261], [-86.513532, 36.348176], [-86.513535, 36.348115], [-86.513591, 36.348048], [-86.513754, 36.347973], [-86.513989, 36.347946], [-86.514064, 36.347828], [-86.514057, 36.347737], [-86.513716, 36.347292], [-86.513563, 36.347217], [-86.51324, 36.347303], [-86.513001, 36.347253], [-86.512915, 36.347178], [-86.512725, 36.347134], [-86.512615, 36.346946], [-86.512476, 36.346852], [-86.512215, 36.3466], [-86.511865, 36.346414], [-86.511434, 36.346277], [-86.510767, 36.346167], [-86.509885, 36.346197], [-86.50958, 36.346108], [-86.508888, 36.346093], [-86.508627, 36.346035], [-86.507551, 36.346004], [-86.507252, 36.345937], [-86.507132, 36.345841], [-86.507114, 36.345452], [-86.507199, 36.345172], [-86.507419, 36.344934], [-86.507484, 36.344796], [-86.507534, 36.344354], [-86.507513, 36.344291], [-86.507397, 36.344197], [-86.507306, 36.344195], [-86.507218, 36.344235], [-86.507152, 36.344361], [-86.507151, 36.344488], [-86.507059, 36.344554], [-86.506981, 36.344682], [-86.506447, 36.34527], [-86.506388, 36.34527], [-86.506097, 36.345447], [-86.505748, 36.345752], [-86.50536, 36.345972], [-86.505059, 36.345852], [-86.504944, 36.345697], [-86.504638, 36.345486], [-86.504164, 36.345057], [-86.503664, 36.344796], [-86.503373, 36.344687], [-86.50321, 36.34443], [-86.503156, 36.344397], [-86.503229, 36.344355], [-86.503184, 36.344091], [-86.503065, 36.343772], [-86.502717, 36.343772], [-86.502246, 36.343888], [-86.501829, 36.344106], [-86.501724, 36.344209], [-86.501758, 36.34427], [-86.501639, 36.344297], [-86.501578, 36.344379], [-86.501476, 36.344399], [-86.50136, 36.344477], [-86.501024, 36.344562], [-86.500895, 36.344514], [-86.500793, 36.344411], [-86.500633, 36.344351], [-86.499867, 36.34375], [-86.499426, 36.343069], [-86.499075, 36.342689], [-86.498475, 36.341908], [-86.498305, 36.341618], [-86.498221, 36.341371], [-86.498072, 36.341228], [-86.497952, 36.341035], [-86.497278, 36.340271], [-86.497176, 36.340099], [-86.49726, 36.339925], [-86.497181, 36.339577], [-86.497217, 36.339487], [-86.49753, 36.339037], [-86.4984, 36.33805], [-86.498691, 36.337864], [-86.498873, 36.337793], [-86.49964, 36.33764], [-86.500266, 36.337604], [-86.500332, 36.337495], [-86.500496, 36.337513], [-86.500405, 36.337339], [-86.500154, 36.337315], [-86.500029, 36.337213], [-86.500015, 36.337126], [-86.500141, 36.336923], [-86.500133, 36.336886], [-86.499701, 36.336585], [-86.499429, 36.336227], [-86.49931, 36.335555], [-86.499248, 36.335438], [-86.499145, 36.33537], [-86.499167, 36.33532], [-86.498968, 36.334959], [-86.498975, 36.334836], [-86.498905, 36.334807], [-86.498829, 36.334915], [-86.498727, 36.334972], [-86.498562, 36.335191], [-86.498412, 36.335594], [-86.498405, 36.33579], [-86.498326, 36.336064], [-86.498324, 36.336203], [-86.49826, 36.336284], [-86.498052, 36.336507], [-86.497955, 36.336559], [-86.497416, 36.337035], [-86.496668, 36.337577], [-86.496414, 36.337716], [-86.4963, 36.337736], [-86.496135, 36.337691], [-86.495795, 36.337407], [-86.495403, 36.336839], [-86.495257, 36.336495], [-86.495255, 36.336284], [-86.495099, 36.336076], [-86.495027, 36.335909], [-86.495005, 36.335561], [-86.495091, 36.335435], [-86.495055, 36.335118], [-86.495162, 36.33486], [-86.495324, 36.334751], [-86.495606, 36.334657], [-86.496366, 36.334475], [-86.496736, 36.334288], [-86.496811, 36.333917], [-86.496777, 36.333761], [-86.496803, 36.333634], [-86.496737, 36.33344], [-86.496766, 36.333139], [-86.496858, 36.332947], [-86.496814, 36.332852], [-86.496874, 36.332696], [-86.496843, 36.332607], [-86.496684, 36.332804], [-86.496271, 36.332917], [-86.495906, 36.333144], [-86.495671, 36.333383], [-86.49565, 36.333565], [-86.495582, 36.333652], [-86.495456, 36.333693], [-86.495093, 36.333671], [-86.495021, 36.333615], [-86.494964, 36.333492], [-86.494938, 36.333118], [-86.494721, 36.332602], [-86.49472, 36.332529], [-86.494471, 36.332083], [-86.494361, 36.331949], [-86.493931, 36.33178], [-86.49381, 36.331688], [-86.493532, 36.331375], [-86.4934, 36.331165], [-86.493361, 36.331201], [-86.493373, 36.331419], [-86.493542, 36.331865], [-86.493796, 36.332111], [-86.493912, 36.332432], [-86.493933, 36.332574], [-86.493887, 36.332727], [-86.493725, 36.332815], [-86.49351, 36.332839], [-86.493399, 36.332925], [-86.493692, 36.333178], [-86.493753, 36.333257], [-86.493775, 36.333392], [-86.493577, 36.33344], [-86.493094, 36.333352], [-86.491875, 36.333357], [-86.491189, 36.33325], [-86.490762, 36.333084], [-86.490325, 36.332824], [-86.489535, 36.332294], [-86.489259, 36.332034], [-86.488079, 36.331144], [-86.487195, 36.330678], [-86.486959, 36.330525], [-86.486937, 36.33046], [-86.486958, 36.330388], [-86.487133, 36.33027], [-86.487289, 36.330228], [-86.487307, 36.330193], [-86.487294, 36.330145], [-86.487212, 36.330108], [-86.486884, 36.330037], [-86.48676, 36.329886], [-86.486758, 36.329784], [-86.486841, 36.329611], [-86.486985, 36.329452], [-86.486895, 36.329353], [-86.486656, 36.32941], [-86.486481, 36.329338], [-86.48641, 36.329346], [-86.486211, 36.329656], [-86.486013, 36.329723], [-86.485827, 36.329703], [-86.485265, 36.329552], [-86.484808, 36.329399], [-86.484457, 36.329338], [-86.484111, 36.329311], [-86.483427, 36.329325], [-86.482626, 36.329223], [-86.482326, 36.329318], [-86.481487, 36.329146], [-86.481447, 36.329105], [-86.481447, 36.329052], [-86.48156, 36.328957], [-86.481729, 36.328923], [-86.482437, 36.328535], [-86.482922, 36.328461], [-86.482953, 36.328378], [-86.482802, 36.328228], [-86.482721, 36.328055], [-86.482642, 36.328001], [-86.481766, 36.327824], [-86.481966, 36.327341], [-86.481954, 36.327181], [-86.481798, 36.326869], [-86.481698, 36.326803], [-86.48155, 36.326634], [-86.481495, 36.326196], [-86.481336, 36.325699], [-86.481385, 36.325543], [-86.481187, 36.325242], [-86.481208, 36.324968], [-86.481144, 36.324861], [-86.480979, 36.324728], [-86.480817, 36.324363], [-86.480913, 36.324075], [-86.481033, 36.323936], [-86.48117, 36.323832], [-86.481347, 36.323778], [-86.481553, 36.32377], [-86.481668, 36.32369], [-86.481726, 36.323581], [-86.481657, 36.323444], [-86.481659, 36.323378], [-86.481864, 36.323215], [-86.482055, 36.322882], [-86.482456, 36.322439], [-86.482946, 36.321993], [-86.48308, 36.321902], [-86.483206, 36.321885], [-86.483343, 36.321661], [-86.483832, 36.321287], [-86.485161, 36.320574], [-86.485681, 36.320341], [-86.485873, 36.320342], [-86.486011, 36.320455], [-86.486042, 36.320649], [-86.485932, 36.321104], [-86.485972, 36.321236], [-86.486111, 36.321511], [-86.486275, 36.321684], [-86.486404, 36.321751], [-86.486604, 36.322148], [-86.486814, 36.322157], [-86.486922, 36.322077], [-86.486924, 36.321809], [-86.486821, 36.321181], [-86.486886, 36.321064], [-86.487028, 36.32098], [-86.487261, 36.320978], [-86.487684, 36.321092], [-86.487798, 36.321075], [-86.487994, 36.321099], [-86.488274, 36.321203], [-86.488746, 36.321486], [-86.489022, 36.321593], [-86.489339, 36.321655], [-86.489793, 36.321599], [-86.489789, 36.321517], [-86.489708, 36.321459], [-86.489401, 36.321355], [-86.489123, 36.321172], [-86.488977, 36.321021], [-86.488982, 36.320908], [-86.489068, 36.320777], [-86.489395, 36.3206], [-86.489406, 36.320545], [-86.489349, 36.320448], [-86.489033, 36.320408], [-86.488369, 36.320415], [-86.487799, 36.320158], [-86.487556, 36.319935], [-86.487531, 36.319874], [-86.487545, 36.319728], [-86.487669, 36.319557], [-86.488094, 36.319291], [-86.488915, 36.318986], [-86.489062, 36.31888], [-86.489341, 36.318822], [-86.489568, 36.31871], [-86.489683, 36.318747], [-86.489898, 36.318711], [-86.490486, 36.318546], [-86.490688, 36.318397], [-86.490695, 36.318251], [-86.490813, 36.318128], [-86.491041, 36.318096], [-86.491277, 36.317942], [-86.491549, 36.317914], [-86.491593, 36.317833], [-86.491854, 36.317681], [-86.492347, 36.317468], [-86.492444, 36.317471], [-86.492649, 36.317324], [-86.492782, 36.317289], [-86.492992, 36.317154], [-86.493189, 36.317099], [-86.493658, 36.316845], [-86.494073, 36.316706], [-86.494113, 36.316584], [-86.494212, 36.316565], [-86.494549, 36.316792], [-86.494641, 36.316814], [-86.494979, 36.316705], [-86.495144, 36.316583], [-86.495178, 36.316516], [-86.495214, 36.316107], [-86.495129, 36.316029], [-86.495122, 36.315946], [-86.495273, 36.315892], [-86.495722, 36.315581], [-86.496124, 36.315396], [-86.496437, 36.315113], [-86.496684, 36.315022], [-86.496947, 36.314817], [-86.497097, 36.314626], [-86.497827, 36.314007], [-86.498378, 36.31343], [-86.49892, 36.31296], [-86.499735, 36.312154], [-86.500821, 36.311238], [-86.501152, 36.311018], [-86.501422, 36.310727], [-86.50181, 36.310402], [-86.501921, 36.310341], [-86.501983, 36.310282], [-86.502032, 36.310118], [-86.502408, 36.309877], [-86.502578, 36.30983], [-86.502752, 36.309823], [-86.503097, 36.309861], [-86.503457, 36.309765], [-86.503637, 36.309795], [-86.503909, 36.309982], [-86.504051, 36.309949], [-86.504128, 36.309883], [-86.504211, 36.309601], [-86.50432, 36.309488], [-86.504502, 36.309429], [-86.504877, 36.309485], [-86.505016, 36.309436], [-86.50511, 36.309321], [-86.505086, 36.309185], [-86.504862, 36.308789], [-86.505041, 36.308682], [-86.505396, 36.308824], [-86.505862, 36.308855], [-86.506293, 36.309108], [-86.506462, 36.3091], [-86.506537, 36.309014], [-86.506495, 36.308865], [-86.506503, 36.308758], [-86.506439, 36.308661], [-86.506381, 36.308454], [-86.506475, 36.308226], [-86.506598, 36.30808], [-86.506634, 36.308052], [-86.506814, 36.308056], [-86.506937, 36.308165], [-86.507094, 36.308205], [-86.507185, 36.308187], [-86.507307, 36.308108], [-86.507454, 36.30794], [-86.507424, 36.307789], [-86.507295, 36.307754], [-86.507051, 36.307856], [-86.506926, 36.307951], [-86.506806, 36.307976], [-86.506659, 36.307941], [-86.506653, 36.307776], [-86.506592, 36.307574], [-86.506667, 36.307447], [-86.506554, 36.307146], [-86.50657, 36.30698], [-86.506708, 36.306762], [-86.506907, 36.306594], [-86.506986, 36.306454], [-86.506976, 36.306382], [-86.507033, 36.306191], [-86.507131, 36.306015], [-86.507556, 36.305753], [-86.507634, 36.305588], [-86.507756, 36.30554], [-86.507916, 36.305399], [-86.508281, 36.305345], [-86.508768, 36.305411], [-86.509227, 36.305332], [-86.509324, 36.305357], [-86.509555, 36.305512], [-86.50956, 36.305555], [-86.509385, 36.305812], [-86.509386, 36.305877], [-86.50945, 36.306123], [-86.509576, 36.3063], [-86.509935, 36.30646], [-86.510041, 36.306436], [-86.510055, 36.306401], [-86.510158, 36.306354], [-86.510251, 36.306366], [-86.510288, 36.306425], [-86.510425, 36.306432], [-86.510606, 36.30656], [-86.510664, 36.306763], [-86.510808, 36.306953], [-86.51081, 36.307137], [-86.510753, 36.307262], [-86.510889, 36.307489], [-86.510919, 36.307683], [-86.51083, 36.307805], [-86.510842, 36.307997], [-86.510646, 36.308072], [-86.510555, 36.308194], [-86.510359, 36.308238], [-86.510247, 36.308299], [-86.510201, 36.30837], [-86.510226, 36.30848], [-86.510479, 36.308562], [-86.510457, 36.308738], [-86.510613, 36.30889], [-86.510376, 36.309192], [-86.510484, 36.309377], [-86.510466, 36.309585], [-86.510546, 36.309745], [-86.510605, 36.30978], [-86.51085, 36.309833], [-86.511137, 36.309834], [-86.511291, 36.309944], [-86.511589, 36.31029], [-86.511644, 36.310571], [-86.511638, 36.311129], [-86.511555, 36.311407], [-86.511429, 36.311687], [-86.511278, 36.311926], [-86.511174, 36.312371], [-86.510907, 36.312552], [-86.510704, 36.312604], [-86.509925, 36.31268], [-86.509837, 36.312731], [-86.509937, 36.312789], [-86.510052, 36.312921], [-86.510597, 36.313142], [-86.510778, 36.313317], [-86.510933, 36.313621], [-86.510872, 36.314043], [-86.510912, 36.314389], [-86.510827, 36.314679], [-86.510754, 36.314771], [-86.510386, 36.314981], [-86.510124, 36.31518], [-86.510117, 36.315334], [-86.510147, 36.315354], [-86.510364, 36.315233], [-86.510785, 36.315219], [-86.510898, 36.315281], [-86.510969, 36.315519], [-86.511071, 36.31612], [-86.51105, 36.316153], [-86.510901, 36.316182], [-86.510801, 36.316297], [-86.510844, 36.316348], [-86.510793, 36.316443], [-86.5108, 36.316502], [-86.510881, 36.316571], [-86.510923, 36.316656], [-86.510812, 36.317042], [-86.51061, 36.317453], [-86.510624, 36.317625], [-86.510766, 36.317685], [-86.511167, 36.31773], [-86.511309, 36.31774], [-86.511483, 36.317707], [-86.511669, 36.317574], [-86.512018, 36.317108], [-86.512056, 36.316804], [-86.512122, 36.316648], [-86.512096, 36.316453], [-86.512133, 36.316347], [-86.512041, 36.315976], [-86.512027, 36.315525], [-86.51206, 36.314948], [-86.512101, 36.314777], [-86.512097, 36.314472], [-86.512171, 36.314348], [-86.512213, 36.314076], [-86.512314, 36.313771], [-86.512303, 36.313633], [-86.512386, 36.313028], [-86.512587, 36.312743], [-86.512762, 36.312645], [-86.513013, 36.312351], [-86.513092, 36.312186], [-86.513398, 36.311946], [-86.513614, 36.311901], [-86.51371, 36.311925], [-86.514009, 36.31217], [-86.514207, 36.312381], [-86.514268, 36.312527], [-86.514478, 36.312709], [-86.514629, 36.312964], [-86.515493, 36.312997]]}, "properties": {"OBJECTID": 3036, "Category_of_Coastline": "", "Scale_Minimum": "300000", "Source_Date": "20040930", "Source_Indication": "US,U3,USACE,LRN_GIS", "Source_Dataset": "U37CR221.000", "Feature_ID": "U3 1392979562 00001"}}, {"type": "Feature", "id": 3042, "geometry": {"type": "LineString", "coordinates": [[-86.571756, 36.245783], [-86.571231, 36.246617], [-86.571373, 36.247041], [-86.571265, 36.24735], [-86.571243, 36.247635], [-86.57104, 36.247951], [-86.570841, 36.248102], [-86.570544, 36.248124], [-86.570425, 36.248195], [-86.570236, 36.248754], [-86.56966, 36.249135], [-86.569028, 36.249405], [-86.56862, 36.249489], [-86.568467, 36.249625], [-86.568209, 36.250066], [-86.568085, 36.250156], [-86.567976, 36.25016], [-86.567819, 36.250067], [-86.56778, 36.249919], [-86.567868, 36.249798], [-86.567916, 36.249663], [-86.5678, 36.249505], [-86.567798, 36.249391], [-86.567745, 36.2493], [-86.56763, 36.249181], [-86.567446, 36.24926], [-86.566399, 36.249889], [-86.566306, 36.250173], [-86.566185, 36.250262], [-86.566002, 36.25049], [-86.565702, 36.250729], [-86.56552, 36.250816], [-86.565217, 36.250816], [-86.564845, 36.250977], [-86.564865, 36.251131], [-86.56496, 36.251212], [-86.564863, 36.251296], [-86.564801, 36.251433], [-86.564864, 36.251527], [-86.565026, 36.251542], [-86.565054, 36.25161], [-86.564921, 36.251688], [-86.564893, 36.251985], [-86.564831, 36.252064], [-86.564708, 36.252365], [-86.564537, 36.252532], [-86.564738, 36.252739], [-86.56565, 36.253475], [-86.566183, 36.253848], [-86.566233, 36.253828], [-86.566492, 36.253528], [-86.566658, 36.253423], [-86.567068, 36.253356], [-86.567386, 36.25334], [-86.567449, 36.253382], [-86.567549, 36.25338], [-86.567987, 36.253515], [-86.568148, 36.253502], [-86.568209, 36.253601], [-86.568277, 36.253635], [-86.568381, 36.253571], [-86.56873, 36.253627], [-86.568862, 36.253604], [-86.569256, 36.253644], [-86.569603, 36.253739], [-86.57004, 36.253973], [-86.570448, 36.254156], [-86.570513, 36.254153], [-86.570532, 36.254224], [-86.570709, 36.254351], [-86.571139, 36.254787], [-86.571225, 36.25485], [-86.571322, 36.254842], [-86.571362, 36.254879], [-86.571317, 36.25498], [-86.571459, 36.255318], [-86.571499, 36.255512], [-86.57147, 36.255807], [-86.571391, 36.255977], [-86.571174, 36.256266], [-86.570939, 36.256494], [-86.570719, 36.256603], [-86.570538, 36.256622], [-86.570216, 36.256518], [-86.570152, 36.256606], [-86.570125, 36.256586], [-86.570116, 36.256411], [-86.569987, 36.256283], [-86.569891, 36.256261], [-86.569775, 36.256336], [-86.569781, 36.256395], [-86.569845, 36.256459], [-86.569833, 36.256499], [-86.569695, 36.256463], [-86.569461, 36.256614], [-86.56926, 36.256834], [-86.56924, 36.256873], [-86.56927, 36.256987], [-86.569132, 36.256893], [-86.568848, 36.25694], [-86.568808, 36.256906], [-86.5686, 36.256973], [-86.568557, 36.257076], [-86.568513, 36.257081], [-86.568475, 36.256972], [-86.56835, 36.256865], [-86.568006, 36.256793], [-86.567967, 36.256725], [-86.567888, 36.256715], [-86.567848, 36.256676], [-86.56776, 36.256479], [-86.56744, 36.256103], [-86.567346, 36.256059], [-86.567346, 36.255948], [-86.567206, 36.255827], [-86.567133, 36.255679], [-86.56706, 36.255648], [-86.56657, 36.255649], [-86.566504, 36.255623], [-86.566115, 36.25527], [-86.565863, 36.254944], [-86.56579, 36.254693], [-86.565722, 36.254688], [-86.565714, 36.254651], [-86.565825, 36.254615], [-86.565837, 36.254523], [-86.565816, 36.254521], [-86.565872, 36.254235], [-86.56603, 36.253998], [-86.565778, 36.253773], [-86.564757, 36.252961], [-86.564387, 36.252709], [-86.564082, 36.252735], [-86.563889, 36.252666], [-86.563722, 36.252499], [-86.56348, 36.252443], [-86.563082, 36.252525], [-86.563038, 36.25249], [-86.563053, 36.252344], [-86.562973, 36.252291], [-86.562857, 36.25227], [-86.562635, 36.252388], [-86.562647, 36.252497], [-86.562579, 36.2527], [-86.56249, 36.252748], [-86.562297, 36.252822], [-86.56196, 36.252786], [-86.561719, 36.2528], [-86.561476, 36.252936], [-86.561048, 36.253336], [-86.560724, 36.2537], [-86.560514, 36.253996], [-86.560347, 36.254405], [-86.560382, 36.254449], [-86.560369, 36.254507], [-86.560068, 36.254862], [-86.559816, 36.255025], [-86.559738, 36.255111], [-86.559788, 36.255165], [-86.559998, 36.255032], [-86.560129, 36.255043], [-86.56029, 36.255413], [-86.560632, 36.255604], [-86.560685, 36.255691], [-86.560767, 36.255666], [-86.560828, 36.255596], [-86.560958, 36.255639], [-86.560916, 36.255749], [-86.560932, 36.255802], [-86.56112, 36.255877], [-86.561504, 36.25594], [-86.561516, 36.255908], [-86.561653, 36.255941], [-86.561741, 36.255903], [-86.562502, 36.25596], [-86.562504, 36.255983], [-86.56289, 36.25596], [-86.563001, 36.256005], [-86.563497, 36.256337], [-86.563537, 36.256438], [-86.563674, 36.256595], [-86.563849, 36.256714], [-86.563866, 36.256826], [-86.564016, 36.256948], [-86.564288, 36.257274], [-86.564318, 36.257347], [-86.564238, 36.2575], [-86.564341, 36.257687], [-86.564355, 36.25786], [-86.564162, 36.258636], [-86.563974, 36.258759], [-86.563877, 36.258878], [-86.563441, 36.259226], [-86.563283, 36.259317], [-86.563049, 36.259536], [-86.562878, 36.259564], [-86.562792, 36.259651], [-86.56279, 36.259686], [-86.562861, 36.259724], [-86.562854, 36.259754], [-86.562736, 36.25977], [-86.562744, 36.25986], [-86.562649, 36.260097], [-86.562652, 36.260175], [-86.562573, 36.260204], [-86.562379, 36.260379], [-86.562383, 36.260439], [-86.562463, 36.260552], [-86.562386, 36.26062], [-86.562346, 36.260785], [-86.562512, 36.260774], [-86.562549, 36.260842], [-86.562577, 36.260811], [-86.562706, 36.260804], [-86.562732, 36.260718], [-86.562759, 36.260718], [-86.56276, 36.260766], [-86.562831, 36.260786], [-86.562939, 36.260769], [-86.562965, 36.26071], [-86.562977, 36.26079], [-86.563026, 36.260807], [-86.563142, 36.260759], [-86.563232, 36.26076], [-86.563266, 36.260633], [-86.563313, 36.260637], [-86.563337, 36.260686], [-86.563444, 36.26071], [-86.563811, 36.260614], [-86.564287, 36.260591], [-86.564524, 36.260629], [-86.564909, 36.260781], [-86.565025, 36.260936], [-86.565183, 36.260976], [-86.565162, 36.260907], [-86.565262, 36.260777], [-86.56538, 36.260551], [-86.565355, 36.260533], [-86.565411, 36.260463], [-86.565325, 36.260352], [-86.565375, 36.260341], [-86.565497, 36.260403], [-86.565907, 36.260165], [-86.566057, 36.260126], [-86.566291, 36.260118], [-86.566333, 36.260063], [-86.566293, 36.259879], [-86.566328, 36.25984], [-86.566404, 36.259827], [-86.566646, 36.259925], [-86.566909, 36.259967], [-86.56698, 36.260005], [-86.567173, 36.259957], [-86.567388, 36.260009], [-86.567521, 36.260118], [-86.567647, 36.260304], [-86.56783, 36.260325], [-86.567876, 36.260358], [-86.56818, 36.260994], [-86.568076, 36.261151], [-86.567962, 36.26154], [-86.567592, 36.262152], [-86.566188, 36.264317], [-86.565522, 36.265155], [-86.565037, 36.265532], [-86.564655, 36.265897], [-86.564506, 36.265969], [-86.564387, 36.265995], [-86.563926, 36.265969], [-86.56341, 36.265811], [-86.563148, 36.265899], [-86.56288, 36.266096], [-86.562815, 36.266205], [-86.562825, 36.266251], [-86.563011, 36.266536], [-86.563177, 36.266935], [-86.563178, 36.267077], [-86.563115, 36.267221], [-86.563005, 36.267341], [-86.562534, 36.267573], [-86.562323, 36.267748], [-86.562149, 36.267815], [-86.562006, 36.267912], [-86.561968, 36.267992], [-86.561962, 36.268164], [-86.562067, 36.26851], [-86.562055, 36.268666], [-86.562005, 36.268796], [-86.561844, 36.269017], [-86.561678, 36.26933], [-86.560992, 36.270058], [-86.56094, 36.27041], [-86.560835, 36.270597], [-86.560621, 36.270827], [-86.560605, 36.270878], [-86.560522, 36.270911], [-86.560484, 36.270987], [-86.560366, 36.271092], [-86.560173, 36.271211], [-86.559961, 36.271289], [-86.559574, 36.271329], [-86.559332, 36.271292], [-86.55902, 36.271164], [-86.558768, 36.270983], [-86.558589, 36.270789], [-86.558384, 36.270483], [-86.558317, 36.270437], [-86.558242, 36.270419], [-86.557876, 36.270513], [-86.557676, 36.270474], [-86.557461, 36.270385], [-86.556861, 36.269889], [-86.556575, 36.269379], [-86.556572, 36.269133], [-86.556506, 36.268867], [-86.556448, 36.268789], [-86.556332, 36.268721], [-86.556078, 36.268835], [-86.556023, 36.268983], [-86.555927, 36.269117], [-86.555699, 36.269324], [-86.555443, 36.269398], [-86.555135, 36.269447], [-86.554831, 36.269452], [-86.554596, 36.269394], [-86.554096, 36.269203], [-86.553855, 36.269036], [-86.55324, 36.268741], [-86.552979, 36.268563], [-86.552896, 36.268463], [-86.552834, 36.268251], [-86.552698, 36.267998], [-86.552679, 36.267855], [-86.552324, 36.267483], [-86.55217, 36.267427], [-86.552069, 36.26734], [-86.552012, 36.267088], [-86.551961, 36.267003], [-86.55197, 36.266781], [-86.551874, 36.266805], [-86.551877, 36.267013], [-86.551795, 36.267083], [-86.551801, 36.267248], [-86.551734, 36.267432], [-86.551983, 36.267673], [-86.552152, 36.267946], [-86.55223, 36.268193], [-86.552255, 36.268604], [-86.552192, 36.268727], [-86.552097, 36.268826], [-86.551691, 36.269186], [-86.551599, 36.269214], [-86.551509, 36.269177], [-86.551308, 36.268909], [-86.551079, 36.268802], [-86.550827, 36.268552], [-86.550616, 36.268448], [-86.550545, 36.268382], [-86.550192, 36.268413], [-86.549323, 36.268629], [-86.549171, 36.268677], [-86.548837, 36.268864], [-86.548795, 36.268922], [-86.548895, 36.268934], [-86.549768, 36.268636], [-86.550296, 36.268582], [-86.550322, 36.268665], [-86.550293, 36.268725], [-86.550082, 36.268758], [-86.550091, 36.268863], [-86.549918, 36.268797], [-86.549798, 36.268817], [-86.549801, 36.268879], [-86.549876, 36.268973], [-86.550037, 36.269001], [-86.550131, 36.268984], [-86.55022, 36.269117], [-86.550341, 36.269162], [-86.550396, 36.269233], [-86.550537, 36.269625], [-86.550651, 36.269791], [-86.55086, 36.269987], [-86.550978, 36.270041], [-86.551231, 36.270103], [-86.551341, 36.270086], [-86.551401, 36.270136], [-86.552151, 36.270052], [-86.55254, 36.269891], [-86.552608, 36.2698], [-86.552727, 36.269719], [-86.553002, 36.269657], [-86.553203, 36.26971], [-86.553381, 36.26985], [-86.553443, 36.270232], [-86.553522, 36.270484], [-86.553492, 36.270627], [-86.553493, 36.270704], [-86.55352, 36.27072], [-86.553786, 36.270576], [-86.553864, 36.270507], [-86.553919, 36.270391], [-86.554158, 36.270247], [-86.554288, 36.270243], [-86.554651, 36.270399], [-86.554717, 36.2704], [-86.555046, 36.270579], [-86.555236, 36.270595], [-86.555381, 36.27075], [-86.555375, 36.270796], [-86.555128, 36.271023], [-86.555126, 36.271083], [-86.555305, 36.271453], [-86.555304, 36.271658], [-86.555361, 36.271756], [-86.555562, 36.271873], [-86.555704, 36.272063], [-86.555964, 36.272136], [-86.556155, 36.272365], [-86.556535, 36.272657], [-86.556819, 36.273159], [-86.557206, 36.273299], [-86.557381, 36.273476], [-86.557587, 36.273538], [-86.557878, 36.273793], [-86.558316, 36.27375], [-86.558435, 36.273818], [-86.558547, 36.273922], [-86.55856, 36.273971], [-86.558471, 36.274082], [-86.558567, 36.274236], [-86.55861, 36.274412], [-86.558732, 36.2746], [-86.558776, 36.27477], [-86.558793, 36.274852], [-86.558746, 36.275184], [-86.558781, 36.27522], [-86.558895, 36.275235], [-86.559113, 36.275119], [-86.559233, 36.275258], [-86.559235, 36.275297], [-86.559155, 36.275467], [-86.558989, 36.275616], [-86.558935, 36.275714], [-86.559012, 36.275823], [-86.558863, 36.275935], [-86.558806, 36.276154], [-86.558652, 36.276292], [-86.558636, 36.276348], [-86.558675, 36.276412], [-86.558613, 36.276481], [-86.55842, 36.276517], [-86.558485, 36.276709], [-86.558445, 36.276881], [-86.558498, 36.276957], [-86.558029, 36.277292], [-86.557856, 36.277345], [-86.557804, 36.277402], [-86.557789, 36.277499], [-86.557836, 36.277706], [-86.558053, 36.277964], [-86.55803, 36.278101], [-86.557942, 36.278312], [-86.557768, 36.278553], [-86.557439, 36.279143], [-86.557205, 36.279292], [-86.557109, 36.279404], [-86.557067, 36.279512], [-86.556811, 36.279643], [-86.556231, 36.279748], [-86.555974, 36.279704], [-86.555836, 36.279828], [-86.555802, 36.27995], [-86.55583, 36.280025], [-86.556107, 36.280035], [-86.556609, 36.280244], [-86.556533, 36.280652], [-86.556354, 36.281019], [-86.556244, 36.281361], [-86.556117, 36.281575], [-86.555968, 36.281926], [-86.555563, 36.282613], [-86.555307, 36.28296], [-86.554821, 36.28343], [-86.554612, 36.28355], [-86.554063, 36.283756], [-86.553507, 36.283911], [-86.553232, 36.283941], [-86.552687, 36.283853], [-86.552373, 36.283761], [-86.552054, 36.283594], [-86.550996, 36.282896], [-86.550675, 36.282612], [-86.550628, 36.282541], [-86.550574, 36.282264], [-86.550365, 36.282254], [-86.550123, 36.282067], [-86.549926, 36.282057], [-86.549804, 36.281991], [-86.549751, 36.28207], [-86.549744, 36.282303], [-86.549651, 36.282412], [-86.549229, 36.282509], [-86.548793, 36.282475], [-86.548132, 36.282353], [-86.548076, 36.282369], [-86.548116, 36.28244], [-86.548354, 36.282476], [-86.548755, 36.282641], [-86.548847, 36.282714], [-86.549061, 36.282696], [-86.549269, 36.282744], [-86.549614, 36.282979], [-86.549844, 36.283087], [-86.549922, 36.283181], [-86.550157, 36.283282], [-86.550439, 36.283499], [-86.550451, 36.283551], [-86.550564, 36.283601], [-86.550777, 36.283809], [-86.550798, 36.283969], [-86.550633, 36.284203], [-86.55069, 36.28425], [-86.550975, 36.284288], [-86.551065, 36.284332], [-86.551508, 36.284313], [-86.551663, 36.284339], [-86.552101, 36.28457], [-86.552321, 36.284749], [-86.552356, 36.28481], [-86.552366, 36.285023], [-86.552312, 36.285233], [-86.552199, 36.28531], [-86.552278, 36.28557], [-86.552183, 36.286078], [-86.551961, 36.286316], [-86.551853, 36.286487], [-86.551848, 36.286545], [-86.552024, 36.28647], [-86.552301, 36.286427], [-86.552481, 36.286289], [-86.552601, 36.286155], [-86.552622, 36.286083], [-86.552692, 36.286069], [-86.552939, 36.285853], [-86.553131, 36.285557], [-86.55333, 36.285435], [-86.553359, 36.285344], [-86.553458, 36.285307], [-86.553712, 36.285062], [-86.553909, 36.285048], [-86.554195, 36.284911], [-86.55436, 36.284887], [-86.554499, 36.284903], [-86.554613, 36.285001], [-86.554661, 36.285119], [-86.554772, 36.28586], [-86.554677, 36.286313], [-86.554722, 36.286632], [-86.554567, 36.287135], [-86.554626, 36.287387], [-86.55444, 36.287826], [-86.554248, 36.288419], [-86.554185, 36.288748], [-86.55412, 36.288911], [-86.554169, 36.289003], [-86.554154, 36.289035], [-86.553908, 36.289143], [-86.553849, 36.289306], [-86.553949, 36.289551], [-86.554066, 36.289629], [-86.554128, 36.289603], [-86.554276, 36.289838], [-86.554194, 36.289935], [-86.554156, 36.290056], [-86.554217, 36.290215], [-86.55419, 36.290231], [-86.554305, 36.29041], [-86.5542, 36.290511], [-86.55429, 36.290699], [-86.554416, 36.290874], [-86.554659, 36.291075], [-86.554878, 36.291607], [-86.555211, 36.292014], [-86.555591, 36.292367], [-86.555816, 36.292648], [-86.555836, 36.292735], [-86.555691, 36.292918], [-86.555582, 36.293139], [-86.555436, 36.293136], [-86.555308, 36.293067], [-86.554636, 36.293114], [-86.554309, 36.293034], [-86.554056, 36.293027], [-86.553546, 36.292931], [-86.553194, 36.292787], [-86.552878, 36.292709], [-86.552562, 36.292531], [-86.552524, 36.292532], [-86.552479, 36.292586], [-86.552776, 36.293046], [-86.552814, 36.293045], [-86.552973, 36.293191], [-86.553097, 36.29338], [-86.553217, 36.293469], [-86.553372, 36.293464], [-86.553552, 36.293602], [-86.553852, 36.293705], [-86.554278, 36.2938], [-86.554476, 36.293932], [-86.554699, 36.294021], [-86.554774, 36.294112], [-86.555328, 36.294464], [-86.5555, 36.294643], [-86.555758, 36.294806], [-86.556155, 36.294798], [-86.556233, 36.294844], [-86.556265, 36.294909], [-86.55627, 36.295059], [-86.556184, 36.295166], [-86.555974, 36.295246], [-86.555952, 36.295293], [-86.555838, 36.295277], [-86.555735, 36.295346], [-86.555558, 36.295731], [-86.555363, 36.295987], [-86.555133, 36.296499], [-86.554885, 36.29676], [-86.554754, 36.296832], [-86.554496, 36.296876], [-86.553713, 36.296717], [-86.553543, 36.296826], [-86.553534, 36.296922], [-86.55357, 36.29698], [-86.553898, 36.297102], [-86.554161, 36.297313], [-86.554394, 36.297371], [-86.554757, 36.297564], [-86.555166, 36.297595], [-86.555409, 36.297536], [-86.555423, 36.29746], [-86.555482, 36.297394], [-86.555636, 36.297371], [-86.55567, 36.297336], [-86.555954, 36.297356], [-86.556007, 36.29745], [-86.556189, 36.2976], [-86.556697, 36.297876], [-86.556562, 36.29791], [-86.556555, 36.298128], [-86.556356, 36.298212], [-86.556313, 36.298269], [-86.55631, 36.298678], [-86.55618, 36.298754], [-86.555947, 36.298731], [-86.555792, 36.298781], [-86.555679, 36.2989], [-86.555576, 36.299089], [-86.555559, 36.29918], [-86.555635, 36.299408], [-86.555852, 36.299496], [-86.55612, 36.299472], [-86.556423, 36.299337], [-86.556501, 36.299357], [-86.556668, 36.299843], [-86.556708, 36.300059], [-86.556641, 36.300293], [-86.55632, 36.30031], [-86.556175, 36.300367], [-86.555869, 36.300303], [-86.555475, 36.300164], [-86.555092, 36.299901], [-86.554931, 36.299825], [-86.554642, 36.299798], [-86.554103, 36.299868], [-86.553132, 36.300125], [-86.55267, 36.300626], [-86.552102, 36.300993], [-86.552031, 36.301072], [-86.552036, 36.301127], [-86.552151, 36.301209], [-86.55219, 36.301156], [-86.552698, 36.301017], [-86.552967, 36.300977], [-86.553061, 36.300937], [-86.553322, 36.300702], [-86.553506, 36.300624], [-86.554158, 36.30049], [-86.554336, 36.30055], [-86.554665, 36.300777], [-86.55472, 36.300881], [-86.554892, 36.301028], [-86.555035, 36.301086], [-86.555346, 36.301295], [-86.555397, 36.301444], [-86.55492, 36.30189], [-86.554742, 36.301998], [-86.554708, 36.302067], [-86.554709, 36.302178], [-86.554784, 36.302268], [-86.554989, 36.302387], [-86.554991, 36.302452], [-86.555089, 36.302504], [-86.555254, 36.302718], [-86.555308, 36.303023], [-86.55547, 36.303185], [-86.555447, 36.303259], [-86.555123, 36.303443], [-86.555044, 36.30353], [-86.555054, 36.303631], [-86.555141, 36.303781], [-86.555101, 36.303884], [-86.55518, 36.303999], [-86.555295, 36.304092], [-86.555501, 36.304179], [-86.555739, 36.304365], [-86.555771, 36.30445], [-86.555649, 36.30446], [-86.555493, 36.304382], [-86.555249, 36.304327], [-86.554962, 36.304324], [-86.554926, 36.304346], [-86.554898, 36.304443], [-86.5549, 36.304578], [-86.554962, 36.304646], [-86.554925, 36.304663], [-86.554905, 36.304748], [-86.554827, 36.304828], [-86.554765, 36.30498], [-86.554856, 36.305218], [-86.554973, 36.305357], [-86.555075, 36.305422], [-86.555228, 36.305408], [-86.555347, 36.305262], [-86.555392, 36.305139], [-86.555461, 36.305116], [-86.555804, 36.305241], [-86.556136, 36.305449], [-86.556704, 36.305419], [-86.556773, 36.305434], [-86.556806, 36.305551], [-86.556662, 36.305619], [-86.556517, 36.305753], [-86.556538, 36.305966], [-86.5565, 36.306019], [-86.556518, 36.306125], [-86.556459, 36.306239], [-86.556468, 36.306436], [-86.556339, 36.306438], [-86.555949, 36.306563], [-86.555813, 36.306571], [-86.555213, 36.306299], [-86.554961, 36.306241], [-86.554677, 36.306417], [-86.554545, 36.306597], [-86.554136, 36.306714], [-86.553816, 36.306711], [-86.553889, 36.306793], [-86.553866, 36.306989], [-86.553746, 36.307102], [-86.553704, 36.307185], [-86.553613, 36.307211], [-86.553573, 36.30734], [-86.553623, 36.307604], [-86.553614, 36.307704], [-86.553732, 36.308025], [-86.553713, 36.308049], [-86.553746, 36.308244], [-86.553879, 36.308445], [-86.553885, 36.308565], [-86.553854, 36.308632], [-86.553934, 36.308744], [-86.553923, 36.308805], [-86.553987, 36.308848], [-86.55447, 36.308785], [-86.554653, 36.308378], [-86.554851, 36.308185], [-86.55519, 36.308227], [-86.555413, 36.308218], [-86.555673, 36.308298], [-86.555771, 36.308362], [-86.556043, 36.308453], [-86.556156, 36.308594], [-86.556095, 36.308638], [-86.556001, 36.308577], [-86.555853, 36.308537], [-86.555721, 36.30859], [-86.555626, 36.308725], [-86.555668, 36.308961], [-86.555528, 36.309082], [-86.55546, 36.309068], [-86.555294, 36.30912], [-86.555303, 36.30915], [-86.555235, 36.309198], [-86.555235, 36.309299], [-86.555346, 36.309461], [-86.55545, 36.309504], [-86.555547, 36.309618], [-86.55584, 36.30955], [-86.555935, 36.309498], [-86.555989, 36.309511], [-86.556062, 36.309599], [-86.555874, 36.309722], [-86.555896, 36.309759], [-86.555853, 36.309806], [-86.555867, 36.309833], [-86.555821, 36.309823], [-86.55577, 36.309877], [-86.555487, 36.309973], [-86.555326, 36.310164], [-86.554855, 36.310234], [-86.554774, 36.310312], [-86.554581, 36.31041], [-86.554557, 36.310519], [-86.554642, 36.310625], [-86.554571, 36.310619], [-86.554274, 36.310809], [-86.554135, 36.310859], [-86.553894, 36.31102], [-86.553877, 36.311098], [-86.553609, 36.311251], [-86.553482, 36.311364], [-86.553342, 36.311373], [-86.553314, 36.311434], [-86.553231, 36.311476], [-86.553228, 36.311536], [-86.553144, 36.311559], [-86.553191, 36.311616], [-86.553122, 36.311621], [-86.553091, 36.311672], [-86.553028, 36.311661], [-86.553, 36.31172], [-86.552837, 36.311732], [-86.55278, 36.311766], [-86.552605, 36.31174], [-86.552494, 36.311686], [-86.552345, 36.311706], [-86.55214, 36.311643], [-86.552088, 36.311569], [-86.552048, 36.311562], [-86.551991, 36.311682], [-86.551907, 36.311692], [-86.55172, 36.311986], [-86.551688, 36.312157], [-86.551534, 36.312255], [-86.551681, 36.312584], [-86.552022, 36.312722], [-86.552564, 36.312612], [-86.552984, 36.312623], [-86.553382, 36.312531], [-86.553435, 36.312572], [-86.553363, 36.312657], [-86.553389, 36.312706], [-86.553307, 36.312761], [-86.55331, 36.312851], [-86.553144, 36.313007], [-86.55288, 36.313111], [-86.552843, 36.313196], [-86.552786, 36.313225], [-86.552651, 36.313219], [-86.552607, 36.313178], [-86.552152, 36.313248], [-86.551961, 36.313236], [-86.55159, 36.313405], [-86.551608, 36.313429], [-86.551577, 36.31344], [-86.551523, 36.313438], [-86.551436, 36.313365], [-86.55134, 36.313378], [-86.55126, 36.313305], [-86.551088, 36.313326], [-86.551018, 36.313367], [-86.550912, 36.313476], [-86.550933, 36.313631], [-86.551085, 36.313691], [-86.551189, 36.313892], [-86.551267, 36.313953], [-86.551368, 36.313946], [-86.551544, 36.314022], [-86.551725, 36.314027], [-86.551729, 36.314129], [-86.551763, 36.314178], [-86.551716, 36.314242], [-86.551744, 36.31433], [-86.551569, 36.314503], [-86.551417, 36.314729], [-86.551264, 36.314841], [-86.551225, 36.314915], [-86.551015, 36.315099], [-86.550549, 36.315244], [-86.550401, 36.315245], [-86.550301, 36.315179], [-86.550308, 36.315027], [-86.550277, 36.314982], [-86.550382, 36.314866], [-86.550379, 36.314817], [-86.550262, 36.314652], [-86.549946, 36.314459], [-86.549056, 36.314406], [-86.548963, 36.314413], [-86.548928, 36.314448], [-86.548946, 36.314523], [-86.549077, 36.314627], [-86.549409, 36.315036], [-86.549328, 36.315208], [-86.549227, 36.315278], [-86.549185, 36.315348], [-86.548941, 36.315288], [-86.548834, 36.315187], [-86.548737, 36.315021], [-86.548462, 36.314949], [-86.548237, 36.314941], [-86.547977, 36.314974], [-86.547549, 36.315101], [-86.546931, 36.315142], [-86.546683, 36.315274], [-86.546673, 36.315427], [-86.546635, 36.315503], [-86.546505, 36.31549], [-86.546287, 36.315094], [-86.546081, 36.314964], [-86.545509, 36.31476], [-86.544741, 36.31416], [-86.544499, 36.313928], [-86.544466, 36.313834], [-86.54438, 36.31376], [-86.544237, 36.313544], [-86.544141, 36.313312], [-86.544193, 36.313103], [-86.544307, 36.312897], [-86.544732, 36.312719], [-86.545094, 36.312489], [-86.545578, 36.31212], [-86.54556, 36.312088], [-86.545486, 36.312031], [-86.545445, 36.312042], [-86.544646, 36.312492], [-86.544529, 36.312527], [-86.544298, 36.312568], [-86.544062, 36.312529], [-86.543659, 36.312649], [-86.54342, 36.312629], [-86.543145, 36.312459], [-86.542902, 36.312222], [-86.542732, 36.312132], [-86.542513, 36.311945], [-86.542229, 36.31154], [-86.541904, 36.31127], [-86.541892, 36.311216], [-86.54166, 36.311004], [-86.541557, 36.310795], [-86.541513, 36.310778], [-86.541452, 36.310598], [-86.541124, 36.310333], [-86.540806, 36.309981], [-86.540679, 36.309741], [-86.540612, 36.309515], [-86.540571, 36.309047], [-86.540603, 36.308823], [-86.540573, 36.308745], [-86.540614, 36.308651], [-86.54059, 36.308594], [-86.540616, 36.308573], [-86.540614, 36.308153], [-86.540694, 36.307934], [-86.540657, 36.307643], [-86.540764, 36.307384], [-86.540778, 36.307196], [-86.540828, 36.3071], [-86.54101, 36.307093], [-86.54126, 36.307189], [-86.541442, 36.307285], [-86.541607, 36.307436], [-86.541752, 36.307471], [-86.541826, 36.307623], [-86.541854, 36.307844], [-86.54193, 36.308067], [-86.542101, 36.308094], [-86.542158, 36.308071], [-86.54212, 36.307681], [-86.542197, 36.307604], [-86.542372, 36.30754], [-86.54268, 36.307543], [-86.542885, 36.307483], [-86.543277, 36.307464], [-86.543574, 36.307515], [-86.544028, 36.307688], [-86.544117, 36.307655], [-86.544118, 36.307561], [-86.544067, 36.307501], [-86.543597, 36.307169], [-86.54354, 36.307045], [-86.543545, 36.306926], [-86.543601, 36.306766], [-86.543806, 36.306549], [-86.54391, 36.306392], [-86.543925, 36.306318], [-86.543864, 36.306256], [-86.543763, 36.306236], [-86.543666, 36.306266], [-86.543533, 36.306487], [-86.543303, 36.306621], [-86.542733, 36.306802], [-86.542342, 36.306859], [-86.541743, 36.306651], [-86.541504, 36.306351], [-86.541255, 36.306269], [-86.541183, 36.306217], [-86.540978, 36.305988], [-86.540912, 36.30583], [-86.54095, 36.305709], [-86.540952, 36.305425], [-86.541075, 36.305178], [-86.541112, 36.304873], [-86.541198, 36.304758], [-86.541151, 36.304634], [-86.541102, 36.304596], [-86.54092, 36.304601], [-86.54087, 36.304575], [-86.540884, 36.304187], [-86.54092, 36.303944], [-86.540956, 36.303897], [-86.540953, 36.303513], [-86.541315, 36.301946], [-86.541533, 36.301344], [-86.541685, 36.300594], [-86.541776, 36.3004], [-86.54178, 36.300179], [-86.541873, 36.30006], [-86.541926, 36.299892], [-86.542042, 36.299699], [-86.542225, 36.29919], [-86.54274, 36.297439], [-86.542854, 36.296874], [-86.542929, 36.296716], [-86.542962, 36.296498], [-86.543049, 36.296289], [-86.543185, 36.295467], [-86.543332, 36.294809], [-86.543512, 36.293448], [-86.543564, 36.293315], [-86.543537, 36.293108], [-86.543542, 36.292342], [-86.543455, 36.291637], [-86.543337, 36.291377], [-86.54336, 36.291124], [-86.543323, 36.290862], [-86.54323, 36.290748], [-86.543236, 36.290493], [-86.543128, 36.290196], [-86.542943, 36.28987], [-86.542938, 36.289746], [-86.542844, 36.28964], [-86.54261, 36.289103], [-86.54241, 36.288908], [-86.542204, 36.288605], [-86.541097, 36.287338], [-86.541029, 36.287221], [-86.540915, 36.287153], [-86.540901, 36.287114], [-86.54093, 36.287063], [-86.541183, 36.287063], [-86.541316, 36.286951], [-86.541389, 36.286791], [-86.541388, 36.286699], [-86.54132, 36.286612], [-86.541249, 36.286586], [-86.540773, 36.28651], [-86.540201, 36.286502], [-86.540069, 36.286531], [-86.54002, 36.286496], [-86.540026, 36.286428], [-86.539668, 36.286149], [-86.539413, 36.285775], [-86.53943, 36.285681], [-86.53956, 36.285549], [-86.53981, 36.285364], [-86.540305, 36.285069], [-86.540405, 36.284981], [-86.540365, 36.284933], [-86.540432, 36.284867], [-86.540564, 36.284908], [-86.540664, 36.284824], [-86.540885, 36.284811], [-86.540917, 36.284635], [-86.540802, 36.284408], [-86.540817, 36.284329], [-86.540785, 36.284211], [-86.54083, 36.283905], [-86.541086, 36.283636], [-86.541774, 36.283257], [-86.541706, 36.28306], [-86.541468, 36.282921], [-86.541037, 36.282935], [-86.540887, 36.283012], [-86.540488, 36.283384], [-86.539824, 36.283872], [-86.539671, 36.28403], [-86.539573, 36.284041], [-86.53953, 36.283991], [-86.539457, 36.283323], [-86.539345, 36.283023], [-86.53932, 36.282833], [-86.539391, 36.282788], [-86.539458, 36.282576], [-86.539514, 36.282525], [-86.539775, 36.282333], [-86.540092, 36.282213], [-86.54012, 36.282175], [-86.540136, 36.282009], [-86.540101, 36.281939], [-86.540005, 36.281866], [-86.539551, 36.281867], [-86.539424, 36.28183], [-86.539271, 36.281717], [-86.53913, 36.281513], [-86.538737, 36.281486], [-86.538679, 36.281512], [-86.538554, 36.281669], [-86.538573, 36.282078], [-86.538273, 36.282471], [-86.538202, 36.282658], [-86.537992, 36.282738], [-86.537919, 36.282729], [-86.537783, 36.282616], [-86.537621, 36.282595], [-86.537229, 36.282765], [-86.537151, 36.282933], [-86.537041, 36.283346], [-86.53676, 36.283692], [-86.536772, 36.28388], [-86.536639, 36.283958], [-86.536132, 36.283762], [-86.535482, 36.283344], [-86.53503, 36.28311], [-86.534974, 36.282994], [-86.534874, 36.282896], [-86.534636, 36.282783], [-86.534364, 36.282598], [-86.533973, 36.282415], [-86.533843, 36.282282], [-86.533669, 36.282198], [-86.533654, 36.282101], [-86.533484, 36.282023], [-86.533451, 36.281945], [-86.533277, 36.281875], [-86.533271, 36.281785], [-86.533171, 36.281686], [-86.532692, 36.281408], [-86.532581, 36.281317], [-86.532546, 36.281233], [-86.532431, 36.281194], [-86.532299, 36.281079], [-86.53205, 36.280961], [-86.531745, 36.280671], [-86.531411, 36.280462], [-86.531028, 36.280066], [-86.53068, 36.2798], [-86.530745, 36.279604], [-86.530837, 36.279531], [-86.530804, 36.279313], [-86.530684, 36.279192], [-86.530476, 36.279204], [-86.530316, 36.27931], [-86.530056, 36.279642], [-86.529761, 36.279661], [-86.529155, 36.279618], [-86.528817, 36.279523], [-86.528265, 36.27926], [-86.527618, 36.27879], [-86.527194, 36.278438], [-86.526402, 36.277994], [-86.526316, 36.277887], [-86.526334, 36.277781], [-86.52624, 36.277643], [-86.526263, 36.277546], [-86.526243, 36.277339], [-86.526456, 36.277312], [-86.52659, 36.277357], [-86.526819, 36.277136], [-86.527012, 36.27708], [-86.527245, 36.277083], [-86.527408, 36.276997], [-86.527536, 36.276975], [-86.527578, 36.276895], [-86.52737, 36.276796], [-86.52716, 36.276479], [-86.52708, 36.276431], [-86.527025, 36.276306], [-86.527036, 36.275774], [-86.527153, 36.275595], [-86.527405, 36.275341], [-86.52709, 36.275135], [-86.52706, 36.275083], [-86.527036, 36.274761], [-86.527079, 36.274654], [-86.527279, 36.274432], [-86.527427, 36.274332], [-86.527549, 36.274128], [-86.527777, 36.273915], [-86.527737, 36.273875], [-86.526877, 36.274151], [-86.526639, 36.274293], [-86.526475, 36.274459], [-86.526388, 36.274592], [-86.526297, 36.274824], [-86.526187, 36.275293], [-86.525793, 36.275946], [-86.525678, 36.276428], [-86.525429, 36.277011], [-86.525392, 36.277197], [-86.525149, 36.277379], [-86.525061, 36.277495], [-86.524892, 36.277524], [-86.524707, 36.277472], [-86.524077, 36.277474], [-86.523647, 36.277408], [-86.522052, 36.27731], [-86.522025, 36.277253], [-86.522289, 36.277007], [-86.522312, 36.276884], [-86.522364, 36.276854], [-86.522455, 36.276605], [-86.522427, 36.276468], [-86.522312, 36.276312], [-86.52245, 36.276047], [-86.522472, 36.275944], [-86.522442, 36.275856], [-86.522376, 36.275905], [-86.522247, 36.276124], [-86.521858, 36.276384], [-86.521567, 36.276637], [-86.521559, 36.276662], [-86.521657, 36.276756], [-86.521641, 36.276791], [-86.521529, 36.276724], [-86.521364, 36.276717], [-86.520898, 36.276966], [-86.520593, 36.277065], [-86.520082, 36.277116], [-86.519734, 36.27707], [-86.519181, 36.277312], [-86.5187, 36.277407], [-86.517771, 36.277436], [-86.517535, 36.277389], [-86.517487, 36.277335], [-86.517526, 36.277222], [-86.517503, 36.277141], [-86.517415, 36.277064], [-86.517593, 36.276827], [-86.517584, 36.276542], [-86.517539, 36.276468], [-86.517471, 36.276439], [-86.517231, 36.276426], [-86.517105, 36.276482], [-86.516972, 36.27662], [-86.516971, 36.276696], [-86.517057, 36.27676], [-86.51706, 36.276803], [-86.516817, 36.276725], [-86.516707, 36.276736], [-86.516624, 36.276837], [-86.516261, 36.276977], [-86.516208, 36.277054], [-86.516107, 36.277095], [-86.515855, 36.277334], [-86.515458, 36.277421], [-86.51511, 36.277445], [-86.514928, 36.277545], [-86.514737, 36.277563], [-86.514679, 36.277641], [-86.514465, 36.277751], [-86.514379, 36.277736], [-86.514292, 36.277798], [-86.513987, 36.277656], [-86.513806, 36.277636], [-86.51369, 36.277589], [-86.513502, 36.277605], [-86.513409, 36.27756], [-86.513077, 36.277662], [-86.512975, 36.277751], [-86.512934, 36.277879], [-86.512752, 36.278111], [-86.512645, 36.278168], [-86.512535, 36.278478], [-86.512429, 36.278609], [-86.512186, 36.278736], [-86.511745, 36.279067], [-86.511121, 36.279394], [-86.510881, 36.279553], [-86.510707, 36.279621], [-86.510503, 36.279618], [-86.510385, 36.279674], [-86.510287, 36.279772], [-86.510153, 36.27981], [-86.509961, 36.279808], [-86.509421, 36.27966], [-86.508989, 36.27966], [-86.508913, 36.279642], [-86.508848, 36.279574], [-86.508798, 36.279474], [-86.508749, 36.279228], [-86.508562, 36.27894], [-86.508385, 36.278808], [-86.508342, 36.278742], [-86.50827, 36.278534], [-86.508244, 36.278324], [-86.507977, 36.277977], [-86.507976, 36.277842], [-86.508089, 36.277777], [-86.508182, 36.277652], [-86.508362, 36.277193], [-86.508407, 36.277025], [-86.508408, 36.276756], [-86.508324, 36.276561], [-86.507789, 36.276067], [-86.507663, 36.275989], [-86.507487, 36.275954], [-86.50741, 36.276184], [-86.507327, 36.276294], [-86.506977, 36.276593], [-86.506757, 36.276592], [-86.506255, 36.276453], [-86.505927, 36.276276], [-86.505824, 36.276186], [-86.505832, 36.27609], [-86.505979, 36.275907], [-86.506162, 36.275787], [-86.50641, 36.275688], [-86.506776, 36.275634], [-86.507397, 36.27568], [-86.507516, 36.275655], [-86.507649, 36.275505], [-86.507524, 36.275406], [-86.507531, 36.275372], [-86.507721, 36.275399], [-86.508213, 36.275165], [-86.508438, 36.275112], [-86.509125, 36.274524], [-86.509498, 36.274472], [-86.509854, 36.274358], [-86.51043, 36.274328], [-86.510608, 36.274376], [-86.510747, 36.274473], [-86.511014, 36.274577], [-86.511259, 36.274575], [-86.51134, 36.27448], [-86.511242, 36.274399], [-86.511265, 36.274246], [-86.511122, 36.274041], [-86.511102, 36.27393], [-86.511178, 36.273675], [-86.511269, 36.273536], [-86.511494, 36.273413], [-86.511653, 36.273429], [-86.512174, 36.273214], [-86.512336, 36.273197], [-86.512379, 36.273298], [-86.512496, 36.273351], [-86.512774, 36.27299], [-86.512891, 36.272901], [-86.512929, 36.272817], [-86.513062, 36.27277], [-86.513156, 36.272654], [-86.513269, 36.272587], [-86.513277, 36.272525], [-86.513191, 36.272493], [-86.512873, 36.272608], [-86.51253, 36.272659], [-86.512277, 36.272661], [-86.511929, 36.272565], [-86.5119, 36.272446], [-86.512064, 36.272167], [-86.512085, 36.272069], [-86.512256, 36.271842], [-86.512275, 36.271798], [-86.512242, 36.27177], [-86.512329, 36.271663], [-86.512428, 36.271405], [-86.512524, 36.271317], [-86.51257, 36.271195], [-86.512649, 36.271106], [-86.512663, 36.270981], [-86.512615, 36.270852], [-86.512236, 36.270527], [-86.512126, 36.270314], [-86.511718, 36.26991], [-86.511717, 36.26979], [-86.511599, 36.269384], [-86.511582, 36.269124], [-86.511527, 36.268933], [-86.511556, 36.268861], [-86.511645, 36.268783], [-86.51173, 36.268321], [-86.511799, 36.26818], [-86.511789, 36.268118], [-86.511974, 36.26775], [-86.511988, 36.267593], [-86.512056, 36.267427], [-86.512313, 36.266959], [-86.512499, 36.266865], [-86.512627, 36.266847], [-86.512652, 36.266714], [-86.512774, 36.266646], [-86.512794, 36.266582], [-86.512725, 36.266514], [-86.512557, 36.266522], [-86.512658, 36.266387], [-86.512538, 36.26611], [-86.512509, 36.265821], [-86.512526, 36.26571], [-86.512455, 36.265523], [-86.512441, 36.265346], [-86.512287, 36.265065], [-86.512231, 36.264871], [-86.512163, 36.264821], [-86.511775, 36.264694], [-86.511639, 36.264546], [-86.511631, 36.264452], [-86.511695, 36.26427], [-86.511674, 36.264129], [-86.511885, 36.263919], [-86.512448, 36.263648], [-86.512601, 36.263529], [-86.512869, 36.263492], [-86.513023, 36.263408], [-86.513058, 36.263306], [-86.513035, 36.263215], [-86.513084, 36.263169], [-86.513817, 36.263233], [-86.51443, 36.263229], [-86.515164, 36.263333], [-86.515307, 36.263326], [-86.515476, 36.263184], [-86.516496, 36.262802], [-86.517171, 36.262394], [-86.517257, 36.26231], [-86.517328, 36.262174], [-86.517393, 36.26213], [-86.517459, 36.261992], [-86.517743, 36.261805], [-86.51778, 36.261728], [-86.517914, 36.261702], [-86.518004, 36.261527], [-86.518032, 36.261392], [-86.51802, 36.261238], [-86.518065, 36.261067], [-86.518165, 36.260938], [-86.518345, 36.2609], [-86.518823, 36.260914], [-86.519329, 36.260884], [-86.519329, 36.260848], [-86.519275, 36.260827], [-86.518899, 36.260827], [-86.518075, 36.260734], [-86.517956, 36.260674], [-86.517996, 36.260291], [-86.518106, 36.260135], [-86.51817, 36.260132], [-86.518243, 36.260226], [-86.518223, 36.260369], [-86.518243, 36.260403], [-86.518329, 36.260493], [-86.518464, 36.260541], [-86.518522, 36.260555], [-86.518704, 36.26051], [-86.518794, 36.260439], [-86.518829, 36.260335], [-86.518811, 36.260314], [-86.51859, 36.260327], [-86.51847, 36.260198], [-86.518241, 36.260068], [-86.518016, 36.259826], [-86.518003, 36.259629], [-86.518036, 36.259482], [-86.518098, 36.259411], [-86.51816, 36.259238], [-86.518121, 36.259136], [-86.518143, 36.259036], [-86.518092, 36.258844], [-86.517866, 36.258564], [-86.517871, 36.25847], [-86.517919, 36.258445], [-86.517901, 36.258366], [-86.518039, 36.258281], [-86.517993, 36.258105], [-86.517933, 36.25812], [-86.517889, 36.258079], [-86.517936, 36.257992], [-86.517883, 36.257953], [-86.517944, 36.257907], [-86.517851, 36.257819], [-86.517887, 36.257655], [-86.517771, 36.257558], [-86.517794, 36.257437], [-86.517761, 36.257414], [-86.517816, 36.257401], [-86.517847, 36.257343], [-86.517759, 36.257283], [-86.517667, 36.257292], [-86.517635, 36.25733], [-86.51752, 36.257319], [-86.517523, 36.257278], [-86.51757, 36.257254], [-86.517496, 36.257135], [-86.517455, 36.256961], [-86.517472, 36.256916], [-86.517376, 36.256839], [-86.517372, 36.25669], [-86.517286, 36.256687]]}, "properties": {"OBJECTID": 3042, "Category_of_Coastline": "", "Scale_Minimum": "300000", "Source_Date": "20040930", "Source_Indication": "US,U3,USACE,LRN_GIS", "Source_Dataset": "U37CR221.000", "Feature_ID": "U3 1392979568 00001"}}, {"type": "Feature", "id": 3049, "geometry": {"type": "LineString", "coordinates": [[-86.442169, 36.336942], [-86.442043, 36.336986], [-86.441941, 36.33697], [-86.441964, 36.336899], [-86.442013, 36.336866], [-86.44227, 36.336764], [-86.442392, 36.336745], [-86.442528, 36.336804], [-86.442528, 36.336851], [-86.44247, 36.336899], [-86.442169, 36.336942]]}, "properties": {"OBJECTID": 3049, "Category_of_Coastline": "", "Scale_Minimum": "300000", "Source_Date": "20040930", "Source_Indication": "US,U3,USACE,LRN_GIS", "Source_Dataset": "U37CR221.000", "Feature_ID": "U3 1392979575 00001"}}, {"type": "Feature", "id": 3050, "geometry": {"type": "LineString", "coordinates": [[-86.468814, 36.323476], [-86.468713, 36.323317], [-86.468802, 36.323124], [-86.468603, 36.322827], [-86.468537, 36.322386], [-86.468556, 36.322203], [-86.468348, 36.322062], [-86.46827, 36.321745], [-86.468476, 36.321519], [-86.468547, 36.321285], [-86.46862, 36.321274], [-86.469246, 36.321611], [-86.469567, 36.321656], [-86.469801, 36.321633], [-86.469919, 36.321688], [-86.470048, 36.32182], [-86.470186, 36.321841], [-86.470544, 36.321709], [-86.470733, 36.321497], [-86.470937, 36.321486], [-86.471058, 36.321437], [-86.471155, 36.321305], [-86.471167, 36.321039], [-86.471668, 36.321028], [-86.471858, 36.320954], [-86.472448, 36.320415], [-86.472531, 36.320454], [-86.472771, 36.320815], [-86.472843, 36.320888], [-86.472878, 36.32088], [-86.47272, 36.320638], [-86.472698, 36.320486], [-86.47263, 36.320343], [-86.472541, 36.320355], [-86.472496, 36.320314], [-86.472541, 36.320251], [-86.472737, 36.320163], [-86.472775, 36.320103], [-86.472746, 36.319989], [-86.472662, 36.31989], [-86.472396, 36.319733], [-86.472357, 36.319361], [-86.472495, 36.319143], [-86.473002, 36.318684], [-86.473131, 36.318418], [-86.47347, 36.318257], [-86.473599, 36.318076], [-86.473753, 36.317945], [-86.473824, 36.317909], [-86.47416, 36.317866], [-86.474344, 36.317776], [-86.474461, 36.317672], [-86.47461, 36.317645], [-86.475243, 36.31774], [-86.475259, 36.317772], [-86.475495, 36.317771], [-86.475768, 36.317896], [-86.475913, 36.317899], [-86.476188, 36.317964], [-86.476641, 36.317887], [-86.476746, 36.317891], [-86.476874, 36.317946], [-86.476896, 36.31804], [-86.476822, 36.318222], [-86.476554, 36.318507], [-86.476133, 36.318858], [-86.476077, 36.318931], [-86.476063, 36.319078], [-86.476024, 36.319134], [-86.475934, 36.319199], [-86.475708, 36.319248], [-86.475618, 36.319303], [-86.475362, 36.319635], [-86.47506, 36.319924], [-86.474835, 36.32003], [-86.474424, 36.320089], [-86.474252, 36.320203], [-86.474167, 36.320357], [-86.47405, 36.320457], [-86.473702, 36.320521], [-86.473245, 36.320749], [-86.472834, 36.321056], [-86.47123, 36.322391], [-86.470674, 36.322736], [-86.470546, 36.322872], [-86.470284, 36.323043], [-86.469897, 36.323482], [-86.469638, 36.323621], [-86.469409, 36.323789], [-86.469291, 36.323665], [-86.468891, 36.323555], [-86.468814, 36.323476]]}, "properties": {"OBJECTID": 3050, "Category_of_Coastline": "", "Scale_Minimum": "300000", "Source_Date": "20040930", "Source_Indication": "US,U3,USACE,LRN_GIS", "Source_Dataset": "U37CR221.000", "Feature_ID": "U3 1392979576 00001"}}, {"type": "Feature", "id": 3055, "geometry": {"type": "LineString", "coordinates": [[-86.475603, 36.3479], [-86.476137, 36.347951]]}, "properties": {"OBJECTID": 3055, "Category_of_Coastline": "", "Scale_Minimum": "300000", "Source_Date": "20050412", "Source_Indication": "US,U3,USACE,LRN_GIS", "Source_Dataset": "U37CR221.000", "Feature_ID": "U3 1392979582 00001"}}, {"type": "Feature", "id": 3058, "geometry": {"type": "LineString", "coordinates": [[-86.604789, 36.263571], [-86.604679, 36.263325], [-86.604708, 36.26318], [-86.604933, 36.263095], [-86.605148, 36.26309], [-86.605224, 36.263141], [-86.605315, 36.263472], [-86.60547, 36.263592], [-86.605329, 36.263577], [-86.605061, 36.263699], [-86.604955, 36.263707], [-86.604846, 36.263678], [-86.604789, 36.263571]]}, "properties": {"OBJECTID": 3058, "Category_of_Coastline": "", "Scale_Minimum": "300000", "Source_Date": "20040930", "Source_Indication": "US,U3,USACE,LRN_GIS", "Source_Dataset": "U37CR221.000", "Feature_ID": "U3 1392979585 00001"}}, {"type": "Feature", "id": 3060, "geometry": {"type": "LineString", "coordinates": [[-86.477052, 36.347437], [-86.477153, 36.347308], [-86.477144, 36.347246], [-86.477195, 36.347187]]}, "properties": {"OBJECTID": 3060, "Category_of_Coastline": "", "Scale_Minimum": "300000", "Source_Date": "20050412", "Source_Indication": "US,U3,USACE,LRN_GIS", "Source_Dataset": "U37CR221.000", "Feature_ID": "U3 1392979587 00001"}}, {"type": "Feature", "id": 3061, "geometry": {"type": "LineString", "coordinates": [[-86.444708, 36.336298], [-86.444414, 36.336418], [-86.444317, 36.336406], [-86.444238, 36.336453], [-86.443929, 36.336482], [-86.443878, 36.33651], [-86.443832, 36.33649], [-86.443915, 36.336432], [-86.443926, 36.336336], [-86.444041, 36.336275], [-86.44431, 36.336218], [-86.444489, 36.336244], [-86.444694, 36.336133], [-86.444843, 36.336155], [-86.445156, 36.336029], [-86.445271, 36.336059], [-86.445265, 36.336086], [-86.445018, 36.336152], [-86.444708, 36.336298]]}, "properties": {"OBJECTID": 3061, "Category_of_Coastline": "", "Scale_Minimum": "300000", "Source_Date": "20040930", "Source_Indication": "US,U3,USACE,LRN_GIS", "Source_Dataset": "U37CR221.000", "Feature_ID": "U3 1392979588 00001"}}, {"type": "Feature", "id": 3062, "geometry": {"type": "LineString", "coordinates": [[-86.477103, 36.335423], [-86.477057, 36.335434], [-86.477029, 36.3354], [-86.477077, 36.335378], [-86.477112, 36.335286], [-86.477215, 36.335264], [-86.47732, 36.335404], [-86.477158, 36.335448], [-86.477103, 36.335423]]}, "properties": {"OBJECTID": 3062, "Category_of_Coastline": "", "Scale_Minimum": "300000", "Source_Date": "20040930", "Source_Indication": "US,U3,USACE,LRN_GIS", "Source_Dataset": "U37CR221.000", "Feature_ID": "U3 1392979589 00001"}}, {"type": "Feature", "id": 3066, "geometry": {"type": "LineString", "coordinates": [[-86.51666, 36.256802], [-86.516621, 36.257234], [-86.516652, 36.257269], [-86.516606, 36.25751], [-86.516207, 36.257619], [-86.516083, 36.257142], [-86.516187, 36.25693], [-86.516078, 36.256889], [-86.515907, 36.256978], [-86.515806, 36.256946], [-86.515786, 36.256912], [-86.515848, 36.2568], [-86.515828, 36.25662], [-86.515783, 36.256568], [-86.515755, 36.256408], [-86.515623, 36.256486], [-86.515471, 36.256498], [-86.515181, 36.25671], [-86.5151, 36.256907], [-86.514856, 36.257092], [-86.515055, 36.257871], [-86.51519, 36.258257], [-86.515233, 36.258503], [-86.515177, 36.258774], [-86.515183, 36.25899], [-86.515323, 36.259433], [-86.515262, 36.259522], [-86.514922, 36.259547], [-86.514807, 36.259588], [-86.514781, 36.259634], [-86.515139, 36.259847], [-86.515274, 36.26015], [-86.515231, 36.260249], [-86.514903, 36.260457], [-86.514985, 36.260599], [-86.514865, 36.260757], [-86.514798, 36.260806], [-86.514657, 36.260836], [-86.514639, 36.260815], [-86.514681, 36.260753], [-86.514612, 36.260656], [-86.514476, 36.260625], [-86.514365, 36.260661], [-86.514349, 36.260726], [-86.51424, 36.260822], [-86.514021, 36.260824], [-86.513902, 36.260707], [-86.513075, 36.260418], [-86.512673, 36.260089], [-86.512456, 36.260052], [-86.512127, 36.260106], [-86.511915, 36.260436], [-86.511695, 36.260629], [-86.511244, 36.260827], [-86.510888, 36.260884], [-86.510634, 36.260997], [-86.510327, 36.261065], [-86.510237, 36.261129], [-86.510105, 36.261343], [-86.510024, 36.261414], [-86.510001, 36.261492], [-86.509844, 36.261603], [-86.509808, 36.261703], [-86.509225, 36.262365], [-86.508894, 36.262913], [-86.508749, 36.263233], [-86.508648, 36.263368], [-86.50856, 36.263602], [-86.508359, 36.26366], [-86.508151, 36.263566], [-86.507941, 36.263674], [-86.507904, 36.263802], [-86.507944, 36.264054], [-86.508151, 36.26432], [-86.508151, 36.264529], [-86.508258, 36.264897], [-86.508362, 36.265045], [-86.508358, 36.265162], [-86.508453, 36.265583], [-86.508381, 36.266422], [-86.508407, 36.266606], [-86.508382, 36.266723], [-86.508412, 36.266978], [-86.50851, 36.267343], [-86.508523, 36.267936], [-86.508473, 36.268141], [-86.508363, 36.268299], [-86.508047, 36.268395], [-86.507985, 36.268343], [-86.507788, 36.268437], [-86.507743, 36.268971], [-86.507583, 36.269325], [-86.507617, 36.269472], [-86.507684, 36.269534], [-86.508068, 36.269634], [-86.508123, 36.270164], [-86.508093, 36.270392], [-86.508093, 36.271012], [-86.507973, 36.271379], [-86.507847, 36.271474], [-86.507607, 36.271558], [-86.507368, 36.271585], [-86.507001, 36.271539], [-86.506827, 36.271461], [-86.506827, 36.271355], [-86.506889, 36.271205], [-86.50686, 36.270894], [-86.506905, 36.270665], [-86.50675, 36.270163], [-86.506753, 36.26993], [-86.506707, 36.26983], [-86.506586, 36.269762], [-86.506146, 36.269654], [-86.505715, 36.269465], [-86.505589, 36.269453], [-86.505225, 36.269221], [-86.50511, 36.269199], [-86.504297, 36.268478], [-86.504221, 36.268352], [-86.504127, 36.268281], [-86.504123, 36.268225], [-86.504015, 36.268124], [-86.503995, 36.268025], [-86.503775, 36.267708], [-86.503439, 36.267449], [-86.503366, 36.267314], [-86.503155, 36.26712], [-86.503164, 36.266758], [-86.502776, 36.266697], [-86.502189, 36.266537], [-86.501973, 36.266402], [-86.501247, 36.266096], [-86.501148, 36.26607], [-86.500679, 36.266074], [-86.500238, 36.265898], [-86.499733, 36.265791], [-86.49953, 36.265697], [-86.499244, 36.265666], [-86.498908, 36.265496], [-86.498547, 36.265222], [-86.498186, 36.26463], [-86.498071, 36.264565], [-86.497824, 36.264557], [-86.49776, 36.264756], [-86.497645, 36.264856], [-86.497601, 36.264651], [-86.497542, 36.264573], [-86.497056, 36.264455], [-86.496963, 36.264475], [-86.496656, 36.264718], [-86.496606, 36.264919], [-86.49667, 36.265083], [-86.496565, 36.265201], [-86.496511, 36.265334]]}, "properties": {"OBJECTID": 3066, "Category_of_Coastline": "", "Scale_Minimum": "300000", "Source_Date": "20040930", "Source_Indication": "US,U3,USACE,LRN_GIS", "Source_Dataset": "U37CR221.000", "Feature_ID": "U3 1392979593 00001"}}, {"type": "Feature", "id": 3070, "geometry": {"type": "LineString", "coordinates": [[-86.620833, 36.242797], [-86.620342, 36.242322], [-86.620296, 36.242252], [-86.620321, 36.242241], [-86.620306, 36.242127], [-86.620043, 36.241949], [-86.619665, 36.241538], [-86.619408, 36.241453], [-86.619218, 36.241341], [-86.618999, 36.241315], [-86.618982, 36.241368], [-86.619089, 36.24143], [-86.619237, 36.241589], [-86.619261, 36.241838], [-86.619369, 36.242157], [-86.619408, 36.242243], [-86.619447, 36.242234], [-86.619474, 36.242387], [-86.619599, 36.242543], [-86.61983, 36.243046], [-86.619875, 36.243274], [-86.619888, 36.243594], [-86.619874, 36.243704], [-86.61974, 36.243802], [-86.618691, 36.243836], [-86.617744, 36.243804], [-86.616851, 36.243452], [-86.61645, 36.243262], [-86.616368, 36.24319], [-86.616153, 36.243222], [-86.616081, 36.243203], [-86.615807, 36.243302], [-86.615644, 36.243298], [-86.614858, 36.243143], [-86.614732, 36.243075], [-86.614541, 36.243075], [-86.614058, 36.242991], [-86.613457, 36.242773], [-86.613277, 36.242878], [-86.613216, 36.24297], [-86.613149, 36.243509], [-86.614009, 36.243768], [-86.614815, 36.243913], [-86.615127, 36.243919], [-86.61526, 36.244026], [-86.615748, 36.244052], [-86.615841, 36.244102], [-86.615849, 36.244157], [-86.615799, 36.244206], [-86.615618, 36.244212], [-86.615505, 36.244268], [-86.615411, 36.244184], [-86.615031, 36.244068], [-86.614685, 36.244043], [-86.614542, 36.243976], [-86.614451, 36.243981], [-86.614164, 36.243885], [-86.613637, 36.243866], [-86.613455, 36.243809], [-86.613174, 36.243822], [-86.612843, 36.243706], [-86.60927, 36.242936], [-86.607493, 36.242466], [-86.606535, 36.242285], [-86.605462, 36.241981], [-86.605309, 36.24193], [-86.605172, 36.241833], [-86.605213, 36.241752], [-86.605368, 36.241658], [-86.605426, 36.241575], [-86.60557, 36.241481], [-86.605577, 36.241437], [-86.60549, 36.241362], [-86.605433, 36.241366], [-86.605359, 36.24131], [-86.605302, 36.241209], [-86.605324, 36.241168], [-86.605281, 36.241042], [-86.605172, 36.240928], [-86.605018, 36.240923], [-86.604947, 36.240955], [-86.604871, 36.241147], [-86.604778, 36.241243], [-86.604496, 36.241402], [-86.603932, 36.241599], [-86.603784, 36.241725], [-86.603255, 36.241781], [-86.60292, 36.241786], [-86.602629, 36.241751], [-86.602443, 36.241652], [-86.602383, 36.241571], [-86.602306, 36.241354], [-86.602282, 36.241097], [-86.602292, 36.240841], [-86.60235, 36.240658], [-86.602319, 36.24044], [-86.602366, 36.240147], [-86.602457, 36.239751], [-86.602492, 36.239702], [-86.602554, 36.239246], [-86.602601, 36.239175], [-86.602614, 36.239083], [-86.602222, 36.238377], [-86.602175, 36.238221], [-86.60222, 36.238166], [-86.602352, 36.237776], [-86.602332, 36.237616], [-86.602423, 36.23733], [-86.602812, 36.236781], [-86.602777, 36.236729], [-86.60271, 36.236712], [-86.602403, 36.237014], [-86.602228, 36.237068], [-86.60172, 36.236786], [-86.601533, 36.236803], [-86.601437, 36.236852], [-86.601393, 36.236915], [-86.601393, 36.237026], [-86.601738, 36.237212], [-86.601814, 36.237319], [-86.601645, 36.237409], [-86.6016, 36.237473], [-86.601553, 36.237658], [-86.601599, 36.237807], [-86.601448, 36.238021], [-86.60123, 36.238037], [-86.600976, 36.237949], [-86.600755, 36.237812], [-86.600486, 36.237564], [-86.600363, 36.237645], [-86.600509, 36.23797], [-86.600663, 36.238201], [-86.600802, 36.23833], [-86.601024, 36.238418], [-86.601216, 36.238548], [-86.601272, 36.238698], [-86.601438, 36.238946], [-86.60134, 36.239408], [-86.601177, 36.239726], [-86.60121, 36.239754], [-86.6012, 36.239802], [-86.600688, 36.24021], [-86.600592, 36.240344], [-86.60072, 36.240649], [-86.600513, 36.24129], [-86.600479, 36.241532], [-86.600535, 36.241792], [-86.600515, 36.24186], [-86.600412, 36.241965], [-86.600021, 36.2421], [-86.599416, 36.242192], [-86.598025, 36.242487], [-86.597594, 36.24252], [-86.597354, 36.242496], [-86.596654, 36.242603], [-86.595467, 36.242852], [-86.595271, 36.24285], [-86.595101, 36.242788], [-86.595047, 36.242667], [-86.595055, 36.242577], [-86.595101, 36.242507], [-86.595311, 36.242355], [-86.595295, 36.242272], [-86.595076, 36.242027], [-86.595098, 36.241959], [-86.595012, 36.241871], [-86.594981, 36.241726], [-86.59474, 36.241681], [-86.594682, 36.24179], [-86.594519, 36.24184], [-86.594522, 36.241937], [-86.594461, 36.242051], [-86.594499, 36.242149], [-86.594436, 36.242292], [-86.594427, 36.242456], [-86.594295, 36.242794], [-86.594151, 36.243021], [-86.593855, 36.243182], [-86.593534, 36.243202], [-86.593261, 36.242987], [-86.593187, 36.242682], [-86.593226, 36.242419], [-86.593194, 36.242328], [-86.593104, 36.242288], [-86.593039, 36.242304], [-86.592599, 36.24254], [-86.592235, 36.242563], [-86.592043, 36.242471], [-86.59191, 36.242315], [-86.591894, 36.242071], [-86.591991, 36.241799], [-86.592167, 36.241505], [-86.592512, 36.241123], [-86.592585, 36.240991], [-86.592466, 36.240951], [-86.592413, 36.240973], [-86.592081, 36.241198], [-86.591947, 36.24136], [-86.591834, 36.24138], [-86.591637, 36.241305], [-86.591336, 36.241016], [-86.591234, 36.240846], [-86.590891, 36.24043], [-86.590808, 36.240426], [-86.590772, 36.240462], [-86.59081, 36.240629], [-86.591, 36.241038], [-86.591026, 36.241284], [-86.59111, 36.24151], [-86.591066, 36.241621], [-86.590959, 36.241752], [-86.590595, 36.242031], [-86.590774, 36.242357], [-86.59059, 36.242658], [-86.590397, 36.242732], [-86.590203, 36.242728], [-86.590146, 36.242687], [-86.59002, 36.242706], [-86.589621, 36.242672], [-86.589068, 36.242577], [-86.588964, 36.242611], [-86.588935, 36.242739], [-86.588972, 36.242976], [-86.589478, 36.243143], [-86.589665, 36.243275], [-86.589684, 36.243339], [-86.589679, 36.243426], [-86.589617, 36.243527], [-86.589205, 36.243806], [-86.589193, 36.243863], [-86.589076, 36.243905], [-86.589069, 36.243939], [-86.589743, 36.243827], [-86.590543, 36.243585], [-86.590554, 36.243616], [-86.590953, 36.243634], [-86.591217, 36.24375], [-86.591301, 36.243834], [-86.591379, 36.243995], [-86.591275, 36.244237], [-86.591121, 36.244371], [-86.590631, 36.244639], [-86.590574, 36.24472], [-86.58996, 36.244946], [-86.589742, 36.245143], [-86.589516, 36.245276], [-86.588816, 36.245525], [-86.587707, 36.245819], [-86.587649, 36.24585], [-86.587566, 36.246046], [-86.587495, 36.246081], [-86.586599, 36.246362], [-86.586375, 36.246379], [-86.585874, 36.246544], [-86.585137, 36.2469], [-86.584842, 36.246991], [-86.584275, 36.247099], [-86.584101, 36.247171], [-86.583906, 36.247093], [-86.583855, 36.247127], [-86.583773, 36.247077], [-86.583566, 36.247128], [-86.583495, 36.247222], [-86.583521, 36.247464], [-86.583382, 36.247464], [-86.583105, 36.247686], [-86.582899, 36.247745], [-86.582399, 36.247994], [-86.581808, 36.24822], [-86.581608, 36.248328], [-86.581456, 36.248472], [-86.580925, 36.248787], [-86.579529, 36.249524], [-86.578894, 36.249766], [-86.57809, 36.250165], [-86.577618, 36.250342], [-86.577176, 36.250565], [-86.577123, 36.250631], [-86.576805, 36.250677], [-86.576519, 36.250615], [-86.576263, 36.250455], [-86.576187, 36.250358], [-86.576094, 36.250337], [-86.575773, 36.249884], [-86.57574, 36.249425], [-86.575697, 36.24933], [-86.575758, 36.24907], [-86.575834, 36.248974], [-86.575799, 36.248889], [-86.575836, 36.248848], [-86.575995, 36.248906], [-86.576234, 36.248757], [-86.576396, 36.248549], [-86.576386, 36.248392], [-86.576488, 36.248373], [-86.57661, 36.248186], [-86.576583, 36.248015], [-86.576538, 36.247986], [-86.576433, 36.247991], [-86.575749, 36.248165], [-86.575597, 36.248233], [-86.575089, 36.248303], [-86.5749, 36.248289], [-86.574694, 36.248182], [-86.574666, 36.248026], [-86.574506, 36.247679], [-86.574502, 36.247565], [-86.574565, 36.247486], [-86.574569, 36.247412], [-86.574725, 36.247068], [-86.574779, 36.246723], [-86.57489, 36.246563], [-86.574976, 36.246556], [-86.575106, 36.246344], [-86.575251, 36.246267], [-86.575159, 36.246101], [-86.574752, 36.246004], [-86.574088, 36.245729], [-86.573961, 36.24544], [-86.573836, 36.245464], [-86.573766, 36.245514], [-86.573713, 36.245596], [-86.57369, 36.245739], [-86.573632, 36.245758], [-86.573611, 36.245564], [-86.573365, 36.245382], [-86.573304, 36.245127], [-86.573367, 36.244808], [-86.573504, 36.244525], [-86.573527, 36.244224], [-86.573414, 36.244179], [-86.573293, 36.244182], [-86.572773, 36.244511], [-86.572464, 36.244788], [-86.571932, 36.245529]]}, "properties": {"OBJECTID": 3070, "Category_of_Coastline": "", "Scale_Minimum": "300000", "Source_Date": "20040930", "Source_Indication": "US,U3,USACE,LRN_GIS_Data", "Source_Dataset": "U37CR221.000", "Feature_ID": "U3 1392979597 00001"}}, {"type": "Feature", "id": 3071, "geometry": {"type": "LineString", "coordinates": [[-86.555796, 36.302496], [-86.555771, 36.30224], [-86.555824, 36.302097], [-86.555892, 36.302012], [-86.556119, 36.301891], [-86.556408, 36.301831], [-86.556569, 36.301838], [-86.557169, 36.302299], [-86.557263, 36.302464], [-86.557577, 36.302837], [-86.557699, 36.303189], [-86.557898, 36.303318], [-86.558162, 36.303356], [-86.558219, 36.303416], [-86.558217, 36.303454], [-86.557966, 36.303501], [-86.557866, 36.303419], [-86.557558, 36.303558], [-86.557432, 36.303766], [-86.557326, 36.303881], [-86.557241, 36.30392], [-86.55723, 36.304153], [-86.557178, 36.304234], [-86.557095, 36.304214], [-86.557012, 36.30412], [-86.556896, 36.304101], [-86.556694, 36.3042], [-86.556566, 36.304221], [-86.556586, 36.304032], [-86.556308, 36.303922], [-86.556128, 36.303711], [-86.556154, 36.30363], [-86.556278, 36.30358], [-86.556268, 36.303447], [-86.555987, 36.303052], [-86.555826, 36.302725], [-86.555796, 36.302496]]}, "properties": {"OBJECTID": 3071, "Category_of_Coastline": "", "Scale_Minimum": "300000", "Source_Date": "20040930", "Source_Indication": "US,U3,USACE,LRN_GIS", "Source_Dataset": "U37CR221.000", "Feature_ID": "U3 1392979598 00001"}}, {"type": "Feature", "id": 3073, "geometry": {"type": "LineString", "coordinates": [[-86.534528, 36.304042], [-86.534544, 36.304001], [-86.534683, 36.304017], [-86.534671, 36.304058], [-86.534559, 36.3041], [-86.534528, 36.304042]]}, "properties": {"OBJECTID": 3073, "Category_of_Coastline": "", "Scale_Minimum": "300000", "Source_Date": "20040930", "Source_Indication": "US,U3,USACE,LRN_GIS", "Source_Dataset": "U37CR221.000", "Feature_ID": "U3 1392979600 00001"}}, {"type": "Feature", "id": 3074, "geometry": {"type": "LineString", "coordinates": [[-86.50527, 36.303668], [-86.5054, 36.303603], [-86.505465, 36.303654], [-86.505124, 36.303899], [-86.504989, 36.304053], [-86.504853, 36.304083], [-86.50479, 36.304049], [-86.504773, 36.304014], [-86.504958, 36.303885], [-86.504985, 36.303829], [-86.505155, 36.303767], [-86.50527, 36.303668]]}, "properties": {"OBJECTID": 3074, "Category_of_Coastline": "", "Scale_Minimum": "300000", "Source_Date": "20040930", "Source_Indication": "US,U3,USACE,LRN_GIS", "Source_Dataset": "U37CR221.000", "Feature_ID": "U3 1392979601 00001"}}, {"type": "Feature", "id": 3078, "geometry": {"type": "LineString", "coordinates": [[-86.56881, 36.260065], [-86.568865, 36.259973], [-86.568926, 36.25971], [-86.569021, 36.25957], [-86.569095, 36.259599], [-86.569312, 36.259584], [-86.569309, 36.259646], [-86.569242, 36.259725], [-86.569179, 36.25977], [-86.569093, 36.259775], [-86.56907, 36.259868], [-86.568971, 36.259939], [-86.568922, 36.260042], [-86.568835, 36.260083], [-86.56881, 36.260065]]}, "properties": {"OBJECTID": 3078, "Category_of_Coastline": "", "Scale_Minimum": "300000", "Source_Date": "20040930", "Source_Indication": "US,U3,USACE,LRN_GIS", "Source_Dataset": "U37CR221.000", "Feature_ID": "U3 1392979605 00001"}}, {"type": "Feature", "id": 3079, "geometry": {"type": "LineString", "coordinates": [[-86.475259, 36.348236], [-86.475369, 36.348309], [-86.475587, 36.348353], [-86.475757, 36.348467], [-86.475863, 36.348644], [-86.4758, 36.348731]]}, "properties": {"OBJECTID": 3079, "Category_of_Coastline": "", "Scale_Minimum": "300000", "Source_Date": "20050412", "Source_Indication": "US,U3,USACE,LRN_GIS", "Source_Dataset": "U37CR221.000", "Feature_ID": "U3 1392979606 00001"}}, {"type": "Feature", "id": 3083, "geometry": {"type": "LineString", "coordinates": [[-86.503138, 36.30888], [-86.503211, 36.308533], [-86.503231, 36.308227], [-86.503589, 36.30758], [-86.503957, 36.307064], [-86.504281, 36.306864], [-86.504443, 36.306687], [-86.504497, 36.306597], [-86.50446, 36.306479], [-86.504522, 36.306411], [-86.504937, 36.306246], [-86.505007, 36.306265], [-86.505058, 36.306407], [-86.505055, 36.306688], [-86.504858, 36.307363], [-86.504823, 36.307769], [-86.50425, 36.308741], [-86.504147, 36.308845], [-86.503868, 36.308993], [-86.503647, 36.309057], [-86.503249, 36.30906], [-86.503141, 36.308933], [-86.503138, 36.30888]]}, "properties": {"OBJECTID": 3083, "Category_of_Coastline": "", "Scale_Minimum": "300000", "Source_Date": "20040930", "Source_Indication": "US,U3,USACE,LRN_GIS", "Source_Dataset": "U37CR221.000", "Feature_ID": "U3 1392979610 00001"}}, {"type": "Feature", "id": 3102, "geometry": {"type": "LineString", "coordinates": [[-86.49169, 36.313501], [-86.491896, 36.313404], [-86.492016, 36.313572], [-86.49181, 36.313669], [-86.49169, 36.313501]]}, "properties": {"OBJECTID": 3102, "Category_of_Coastline": "", "Scale_Minimum": "300000", "Source_Date": "20040930", "Source_Indication": "US,U3,USACE,LRN_GIS", "Source_Dataset": "U37CR221.000", "Feature_ID": "U3 1392979631 00001"}}, {"type": "Feature", "id": 3105, "geometry": {"type": "LineString", "coordinates": [[-86.476156, 36.347952], [-86.476418, 36.347922]]}, "properties": {"OBJECTID": 3105, "Category_of_Coastline": "", "Scale_Minimum": "300000", "Source_Date": "20050412", "Source_Indication": "US,U3,USACE,LRN_GIS", "Source_Dataset": "U37CR221.000", "Feature_ID": "U3 1392979634 00001"}}, {"type": "Feature", "id": 3106, "geometry": {"type": "LineString", "coordinates": [[-86.475009, 36.336048], [-86.475051, 36.336124], [-86.475043, 36.336392], [-86.47515, 36.336544], [-86.475209, 36.3366], [-86.475398, 36.336677], [-86.475545, 36.3367], [-86.475705, 36.336645], [-86.475844, 36.336453], [-86.475858, 36.336359], [-86.475777, 36.336046], [-86.47602, 36.335944], [-86.476213, 36.335956], [-86.476282, 36.335911], [-86.476376, 36.336061], [-86.476331, 36.336247], [-86.476372, 36.337006], [-86.476278, 36.337215], [-86.476279, 36.337314], [-86.475984, 36.337558], [-86.475903, 36.337773], [-86.475941, 36.337945], [-86.475854, 36.338107], [-86.475914, 36.338293], [-86.475973, 36.33837], [-86.476296, 36.338454], [-86.476347, 36.338549], [-86.47635, 36.338704], [-86.476308, 36.338704], [-86.476263, 36.338823], [-86.476166, 36.338879], [-86.476043, 36.339025], [-86.475945, 36.339281], [-86.475977, 36.339422], [-86.475962, 36.339587], [-86.475908, 36.339688], [-86.475723, 36.339863], [-86.475532, 36.340166], [-86.475267, 36.340802], [-86.475174, 36.340892], [-86.475043, 36.340941], [-86.474954, 36.341156], [-86.475022, 36.341318], [-86.475259, 36.34148], [-86.475422, 36.341649], [-86.475576, 36.341938], [-86.475651, 36.342269], [-86.475862, 36.34265], [-86.475896, 36.342789], [-86.475961, 36.342887], [-86.47594, 36.34292], [-86.475983, 36.343068], [-86.476056, 36.343191], [-86.476033, 36.343216], [-86.47607, 36.343272], [-86.47604, 36.343644], [-86.475938, 36.34379], [-86.475761, 36.34385], [-86.475278, 36.344118], [-86.475115, 36.344322], [-86.474982, 36.344385], [-86.474742, 36.344419], [-86.474156, 36.344403], [-86.473927, 36.34448], [-86.473792, 36.344426], [-86.473664, 36.344469], [-86.473508, 36.344464], [-86.473497, 36.344505], [-86.473542, 36.344527], [-86.47357, 36.344631], [-86.473673, 36.344748], [-86.473976, 36.344769], [-86.474027, 36.344807], [-86.474513, 36.344864], [-86.475226, 36.345085], [-86.475683, 36.345049], [-86.476153, 36.344886], [-86.476541, 36.344939], [-86.476581, 36.344998], [-86.47669, 36.345035], [-86.477028, 36.345267], [-86.477165, 36.345444], [-86.477344, 36.345841], [-86.477378, 36.346065], [-86.477352, 36.346353], [-86.477467, 36.346672], [-86.477464, 36.346809], [-86.477231, 36.347087], [-86.477205, 36.347172]]}, "properties": {"OBJECTID": 3106, "Category_of_Coastline": "", "Scale_Minimum": "300000", "Source_Date": "20050412", "Source_Indication": "US,U3,USACE,LRN_GIS", "Source_Dataset": "U37CR221.000", "Feature_ID": "U3 1392979635 00001"}}, {"type": "Feature", "id": 3109, "geometry": {"type": "LineString", "coordinates": [[-86.572717, 36.278555], [-86.572754, 36.278541], [-86.572781, 36.278594], [-86.572725, 36.278596], [-86.572717, 36.278555]]}, "properties": {"OBJECTID": 3109, "Category_of_Coastline": "", "Scale_Minimum": "300000", "Source_Date": "20040930", "Source_Indication": "US,U3,USACE,LRN_GIS", "Source_Dataset": "U37CR221.000", "Feature_ID": "U3 1392979638 00001"}}, {"type": "Feature", "id": 3110, "geometry": {"type": "LineString", "coordinates": [[-86.559551, 36.273407], [-86.559441, 36.27328], [-86.559404, 36.273124], [-86.559436, 36.273125], [-86.559702, 36.273423], [-86.559642, 36.273444], [-86.559551, 36.273407]]}, "properties": {"OBJECTID": 3110, "Category_of_Coastline": "", "Scale_Minimum": "300000", "Source_Date": "20040930", "Source_Indication": "US,U3,USACE,LRN_GIS", "Source_Dataset": "U37CR221.000", "Feature_ID": "U3 1392979639 00001"}}, {"type": "Feature", "id": 3114, "geometry": {"type": "LineString", "coordinates": [[-86.474811, 36.349415], [-86.474197, 36.35001], [-86.474302, 36.350008], [-86.475639, 36.349571], [-86.476488, 36.349125], [-86.477178, 36.348633], [-86.477582, 36.348505], [-86.477669, 36.348422], [-86.477944, 36.348344], [-86.478073, 36.348159], [-86.478129, 36.348127], [-86.478331, 36.348134], [-86.478392, 36.348212], [-86.478414, 36.348446], [-86.478391, 36.348729], [-86.478299, 36.348959], [-86.478306, 36.349091], [-86.478192, 36.349329], [-86.477795, 36.349845], [-86.477433, 36.350066], [-86.477022, 36.350245], [-86.476692, 36.350331], [-86.476025, 36.350376], [-86.475428, 36.350467], [-86.475061, 36.350542], [-86.474781, 36.350649], [-86.474088, 36.351044], [-86.473914, 36.35118], [-86.473479, 36.351615], [-86.473187, 36.351976], [-86.473113, 36.352152], [-86.473018, 36.352248], [-86.472712, 36.353014], [-86.472565, 36.353523], [-86.472314, 36.353994], [-86.472241, 36.354352], [-86.472245, 36.354633], [-86.472291, 36.354799], [-86.472461, 36.355067], [-86.472539, 36.355372], [-86.472534, 36.355457], [-86.472402, 36.355632], [-86.47196, 36.356024], [-86.47179, 36.356099], [-86.471403, 36.356169], [-86.471979, 36.356611], [-86.472267, 36.356482], [-86.472764, 36.356386], [-86.472946, 36.356393], [-86.473129, 36.356473], [-86.473183, 36.356657], [-86.473107, 36.357119], [-86.473093, 36.357798], [-86.473305, 36.359013], [-86.473252, 36.359325], [-86.473095, 36.359726], [-86.47253, 36.360123], [-86.471899, 36.360377], [-86.471719, 36.360407], [-86.471471, 36.360518], [-86.47117, 36.360575], [-86.470741, 36.360782], [-86.470433, 36.360881], [-86.470139, 36.361047], [-86.46911, 36.361761], [-86.468939, 36.361821], [-86.468401, 36.362222], [-86.468432, 36.362301], [-86.468548, 36.362271], [-86.468682, 36.362402], [-86.468851, 36.36232], [-86.468842, 36.362263], [-86.468934, 36.362199], [-86.468973, 36.362121], [-86.469556, 36.36184], [-86.469848, 36.361881], [-86.469867, 36.361938], [-86.469759, 36.362008], [-86.469552, 36.362028], [-86.469508, 36.362059], [-86.469788, 36.362093], [-86.469996, 36.362053], [-86.470111, 36.362072], [-86.470167, 36.362017], [-86.470624, 36.361843], [-86.470818, 36.361828], [-86.470909, 36.361775], [-86.471317, 36.361797], [-86.471805, 36.361637], [-86.47206, 36.361509], [-86.472797, 36.361242], [-86.473052, 36.361238], [-86.473591, 36.36158], [-86.474123, 36.361742], [-86.474676, 36.362026], [-86.475507, 36.362546], [-86.476203, 36.362796], [-86.476725, 36.3632], [-86.476881, 36.363387], [-86.477095, 36.36376], [-86.477179, 36.363795], [-86.477683, 36.364549], [-86.477802, 36.364791], [-86.477749, 36.364991], [-86.477828, 36.365076], [-86.477829, 36.365192], [-86.477919, 36.365373], [-86.477972, 36.365803], [-86.477959, 36.365926], [-86.477982, 36.365945], [-86.47803, 36.365938], [-86.478061, 36.36582], [-86.478115, 36.365815], [-86.478275, 36.365866], [-86.47829, 36.36594], [-86.478402, 36.366048], [-86.478707, 36.366268], [-86.47898, 36.36631], [-86.479013, 36.366354], [-86.479144, 36.366347], [-86.479263, 36.366384], [-86.479722, 36.366338], [-86.479794, 36.366354], [-86.479922, 36.366475], [-86.48009, 36.366512], [-86.480263, 36.366493], [-86.480498, 36.366537], [-86.480684, 36.366475], [-86.480676, 36.366404], [-86.480894, 36.366301], [-86.481048, 36.366344], [-86.481312, 36.366325]]}, "properties": {"OBJECTID": 3114, "Category_of_Coastline": "", "Scale_Minimum": "300000", "Source_Date": "20050412", "Source_Indication": "US,U3,USACE,LRN_GIS", "Source_Dataset": "U37CR221.000", "Feature_ID": "U3 1392979643 00001"}}, {"type": "Feature", "id": 3122, "geometry": {"type": "LineString", "coordinates": [[-86.511981, 36.349569], [-86.51137, 36.349393], [-86.51099, 36.349105], [-86.510706, 36.348952], [-86.510582, 36.348817], [-86.510539, 36.348817], [-86.510501, 36.348843], [-86.510504, 36.348886], [-86.51059, 36.349019], [-86.510591, 36.349177], [-86.510282, 36.349576], [-86.509894, 36.349901], [-86.509826, 36.350001], [-86.509875, 36.350149], [-86.509744, 36.350211], [-86.509439, 36.350214], [-86.509307, 36.350126], [-86.509112, 36.349858], [-86.508645, 36.349469], [-86.508424, 36.349368], [-86.508287, 36.34934], [-86.508062, 36.349214], [-86.50782, 36.349143], [-86.507769, 36.349095], [-86.507316, 36.349013], [-86.507196, 36.34904], [-86.507084, 36.349004], [-86.506795, 36.349082], [-86.506669, 36.349187], [-86.506624, 36.349267], [-86.506449, 36.349275], [-86.506135, 36.349168], [-86.505948, 36.348945], [-86.505765, 36.348814], [-86.50558, 36.348737], [-86.505539, 36.348664], [-86.505301, 36.348636], [-86.50498, 36.348494], [-86.504764, 36.348455], [-86.504339, 36.348422], [-86.504111, 36.34845], [-86.503961, 36.3485], [-86.503674, 36.348699], [-86.503492, 36.348673], [-86.503386, 36.348629], [-86.503303, 36.348522], [-86.503254, 36.348238], [-86.503213, 36.348196], [-86.502748, 36.347999], [-86.502416, 36.347943], [-86.501856, 36.347735], [-86.501641, 36.347727], [-86.501558, 36.347665], [-86.501357, 36.347708], [-86.501304, 36.347819], [-86.501179, 36.347926], [-86.501183, 36.348037], [-86.501148, 36.34807], [-86.501167, 36.348094], [-86.501053, 36.348192], [-86.501068, 36.348209], [-86.500982, 36.348304], [-86.500997, 36.348374], [-86.50094, 36.348447], [-86.50091, 36.34856], [-86.50084, 36.348588], [-86.500748, 36.348522], [-86.500586, 36.348534], [-86.50053, 36.348162], [-86.500538, 36.347906], [-86.500442, 36.347451], [-86.500353, 36.347295], [-86.500315, 36.347115], [-86.500189, 36.346977], [-86.499753, 36.346745], [-86.499641, 36.346712], [-86.49958, 36.346729], [-86.499264, 36.346628], [-86.499149, 36.346627], [-86.498816, 36.346517], [-86.498751, 36.346468], [-86.498718, 36.346492], [-86.498557, 36.346455], [-86.498416, 36.346364], [-86.498416, 36.346299], [-86.498348, 36.346223], [-86.498227, 36.346192], [-86.498167, 36.346047], [-86.498127, 36.346059], [-86.497946, 36.345964], [-86.497907, 36.345978], [-86.497562, 36.345831], [-86.497431, 36.345823], [-86.49728, 36.345883], [-86.497177, 36.345866], [-86.496966, 36.345742], [-86.496881, 36.345637], [-86.496776, 36.345573], [-86.496615, 36.345508], [-86.496439, 36.345528], [-86.496315, 36.345473], [-86.496062, 36.345159], [-86.495682, 36.344941], [-86.495445, 36.344739], [-86.495371, 36.344741], [-86.495141, 36.344612], [-86.495027, 36.344605], [-86.495001, 36.344538], [-86.494853, 36.344483], [-86.494688, 36.344198], [-86.494021, 36.343485], [-86.493863, 36.343169], [-86.493798, 36.342904], [-86.493389, 36.342305], [-86.493275, 36.341846], [-86.493303, 36.341673], [-86.493214, 36.341417], [-86.493164, 36.341098], [-86.493183, 36.340983], [-86.493354, 36.340741], [-86.493229, 36.340144], [-86.493234, 36.340041], [-86.493272, 36.339983], [-86.493272, 36.33991], [-86.49348, 36.339654], [-86.49358, 36.339578], [-86.493703, 36.339554], [-86.49375, 36.339443], [-86.493753, 36.339225], [-86.492827, 36.338367], [-86.492583, 36.338249], [-86.492514, 36.338185], [-86.491973, 36.337488], [-86.491441, 36.336729], [-86.491389, 36.336695], [-86.491204, 36.336684], [-86.491005, 36.336848], [-86.490873, 36.336845], [-86.490681, 36.336671], [-86.490815, 36.33642], [-86.49079, 36.336254], [-86.490647, 36.336145], [-86.489668, 36.335714], [-86.489367, 36.335684], [-86.489291, 36.335765], [-86.48932, 36.336095], [-86.489241, 36.336436], [-86.489245, 36.336628], [-86.489216, 36.336703], [-86.489255, 36.336948], [-86.489172, 36.337164], [-86.48911, 36.337602], [-86.488962, 36.337946], [-86.488997, 36.338342], [-86.489131, 36.338533], [-86.489307, 36.338657], [-86.489471, 36.338709], [-86.489565, 36.338789], [-86.489551, 36.338872], [-86.489443, 36.338994], [-86.489402, 36.33913], [-86.489577, 36.339551], [-86.489695, 36.339655], [-86.489827, 36.339718], [-86.490196, 36.339728], [-86.490287, 36.33978], [-86.490252, 36.339877], [-86.490306, 36.340347], [-86.490389, 36.340578], [-86.490528, 36.340782], [-86.490642, 36.341102], [-86.490664, 36.341259], [-86.490804, 36.341616], [-86.491448, 36.342448], [-86.491698, 36.343049], [-86.491692, 36.343235], [-86.491531, 36.343276], [-86.491538, 36.343299], [-86.491134, 36.343384], [-86.490858, 36.343644], [-86.490785, 36.343732], [-86.490613, 36.344127], [-86.490435, 36.344167], [-86.490133, 36.344153], [-86.489896, 36.343813], [-86.489837, 36.343372], [-86.489952, 36.34332], [-86.490303, 36.34327], [-86.490387, 36.343177], [-86.490393, 36.343089], [-86.490252, 36.342967], [-86.489933, 36.342825], [-86.4898, 36.342911], [-86.489786, 36.343001], [-86.489735, 36.343021], [-86.48956, 36.343033], [-86.48947, 36.343006], [-86.489343, 36.342913], [-86.488835, 36.342228], [-86.488434, 36.341825], [-86.488357, 36.3418], [-86.488213, 36.341655], [-86.488114, 36.341479], [-86.488167, 36.341242], [-86.488101, 36.341041], [-86.487928, 36.340749], [-86.487582, 36.340375], [-86.487572, 36.340297], [-86.487233, 36.339817], [-86.487198, 36.339685], [-86.487037, 36.339503], [-86.487021, 36.339394], [-86.487223, 36.339229], [-86.487206, 36.339137], [-86.486828, 36.338946], [-86.486796, 36.33886], [-86.486729, 36.338802], [-86.486534, 36.338752], [-86.486787, 36.33864], [-86.48704, 36.338615], [-86.487106, 36.338482], [-86.487185, 36.338406], [-86.487216, 36.3383], [-86.487207, 36.338203], [-86.487061, 36.33786], [-86.487072, 36.337596], [-86.487163, 36.3374], [-86.487135, 36.337146], [-86.487084, 36.337088], [-86.48708, 36.336707], [-86.487105, 36.336592], [-86.487183, 36.336506], [-86.487179, 36.336359], [-86.487258, 36.33622], [-86.487178, 36.335867], [-86.487322, 36.335445], [-86.487279, 36.335141], [-86.487177, 36.334955], [-86.48676, 36.33455], [-86.486518, 36.33442], [-86.486238, 36.334179], [-86.486191, 36.334102], [-86.485891, 36.33408], [-86.485504, 36.333969], [-86.48537, 36.333881], [-86.485044, 36.333541], [-86.484468, 36.333287], [-86.484124, 36.332971], [-86.483848, 36.33282], [-86.48364, 36.332787], [-86.483468, 36.332876], [-86.483364, 36.333156], [-86.483082, 36.333368], [-86.48297, 36.333505], [-86.482918, 36.333715], [-86.482859, 36.333755], [-86.482628, 36.333797], [-86.482476, 36.333775], [-86.482307, 36.333516], [-86.482237, 36.333466], [-86.482231, 36.333419], [-86.481753, 36.333162], [-86.481629, 36.333058], [-86.481582, 36.332992], [-86.481527, 36.332733], [-86.481478, 36.332675], [-86.481466, 36.333122], [-86.481385, 36.333385], [-86.481411, 36.333523], [-86.481372, 36.333671], [-86.481359, 36.334254], [-86.481309, 36.33435], [-86.48122, 36.334425], [-86.481145, 36.334453], [-86.480917, 36.334428], [-86.480806, 36.334912], [-86.480593, 36.335438], [-86.480301, 36.335991], [-86.47983, 36.336693], [-86.479759, 36.336875], [-86.479737, 36.337051], [-86.479968, 36.33743], [-86.479912, 36.337633], [-86.479924, 36.337692], [-86.47997, 36.337739], [-86.480067, 36.337763], [-86.480127, 36.337845], [-86.48012, 36.337943], [-86.480049, 36.337959], [-86.480033, 36.337999], [-86.480054, 36.338063], [-86.480133, 36.338121], [-86.480182, 36.33836], [-86.480518, 36.338483], [-86.480714, 36.33865], [-86.480778, 36.339077], [-86.4807, 36.339269], [-86.480619, 36.339341], [-86.480607, 36.339395], [-86.480285, 36.339563], [-86.480156, 36.340253], [-86.480033, 36.340439], [-86.479882, 36.340547], [-86.479815, 36.340636], [-86.479583, 36.341089], [-86.479526, 36.341137], [-86.479503, 36.341261], [-86.479577, 36.34161], [-86.479732, 36.341847], [-86.479886, 36.341943], [-86.479951, 36.341959], [-86.48018, 36.341827], [-86.480327, 36.341844], [-86.480531, 36.341797], [-86.4808, 36.341668], [-86.481056, 36.341619], [-86.481204, 36.34163], [-86.481196, 36.341677], [-86.481293, 36.341854], [-86.481405, 36.341989], [-86.481562, 36.34205], [-86.481674, 36.342027], [-86.481771, 36.342061], [-86.481912, 36.342043], [-86.48201, 36.342152], [-86.482392, 36.342323], [-86.482526, 36.342528], [-86.482489, 36.342801], [-86.482503, 36.342927], [-86.482263, 36.342995], [-86.48209, 36.343004], [-86.481684, 36.342949], [-86.481617, 36.342909], [-86.481346, 36.342881], [-86.481266, 36.342828], [-86.480815, 36.342777], [-86.480312, 36.342831], [-86.480191, 36.342912], [-86.480014, 36.342927], [-86.479853, 36.343082], [-86.479697, 36.34339], [-86.479654, 36.343594], [-86.479682, 36.343624], [-86.479715, 36.343924], [-86.47968, 36.344003], [-86.479761, 36.344138], [-86.479741, 36.344215], [-86.479854, 36.344874], [-86.480093, 36.345633], [-86.480334, 36.346094], [-86.48121, 36.347266], [-86.481365, 36.3476], [-86.481507, 36.347792], [-86.481538, 36.347956], [-86.481685, 36.348234], [-86.481804, 36.349011], [-86.481762, 36.349154], [-86.481767, 36.349365], [-86.481681, 36.349749], [-86.481586, 36.349815], [-86.481548, 36.350041], [-86.481478, 36.350099], [-86.481267, 36.350431], [-86.480956, 36.350688], [-86.480812, 36.351146], [-86.480551, 36.351334], [-86.480479, 36.351458], [-86.480367, 36.351519], [-86.48042, 36.351629], [-86.480397, 36.351883], [-86.480563, 36.352079], [-86.480527, 36.352114], [-86.480337, 36.352128], [-86.480132, 36.352224], [-86.480086, 36.352281], [-86.480126, 36.352387], [-86.480098, 36.352443], [-86.48, 36.352492], [-86.479757, 36.352501], [-86.47946, 36.352351], [-86.479284, 36.352485], [-86.479254, 36.352551], [-86.479097, 36.352618], [-86.478803, 36.352577], [-86.478723, 36.352534], [-86.478539, 36.35226], [-86.478419, 36.352196], [-86.478268, 36.351993], [-86.478054, 36.351843], [-86.477909, 36.351815], [-86.477715, 36.351853], [-86.477345, 36.351992], [-86.477053, 36.352194], [-86.476752, 36.352321], [-86.476345, 36.352428], [-86.476093, 36.35242], [-86.475703, 36.352563], [-86.475307, 36.352759], [-86.475113, 36.352956], [-86.474997, 36.353187], [-86.474983, 36.353684], [-86.474818, 36.354151], [-86.474819, 36.354317], [-86.474922, 36.35483], [-86.475002, 36.354973], [-86.475255, 36.35567], [-86.475589, 36.356307], [-86.475665, 36.356515], [-86.475741, 36.356964], [-86.475749, 36.357317], [-86.475803, 36.357387], [-86.47577, 36.357664], [-86.475663, 36.357776], [-86.475756, 36.35783], [-86.475842, 36.358204], [-86.476008, 36.358456], [-86.476116, 36.358982], [-86.476181, 36.359515], [-86.476249, 36.359588], [-86.47624, 36.359654], [-86.476433, 36.359917], [-86.476445, 36.360004], [-86.476409, 36.360103], [-86.476442, 36.36024], [-86.476442, 36.360456], [-86.47668, 36.360737], [-86.476934, 36.361113], [-86.477169, 36.361317], [-86.477343, 36.361572], [-86.477865, 36.362099], [-86.478668, 36.362621], [-86.479019, 36.362718], [-86.479107, 36.362782], [-86.479165, 36.36302], [-86.479346, 36.36313], [-86.479117, 36.363401], [-86.479157, 36.363468], [-86.479259, 36.363379], [-86.47939, 36.363337], [-86.479256, 36.363517], [-86.479199, 36.363798], [-86.479097, 36.363882], [-86.47895, 36.363808], [-86.478854, 36.363902], [-86.478812, 36.364032], [-86.478818, 36.364174], [-86.478869, 36.36431], [-86.478849, 36.364422], [-86.478922, 36.364757], [-86.478931, 36.364979], [-86.47909, 36.365264], [-86.47924, 36.365381], [-86.479496, 36.3655], [-86.479535, 36.365569], [-86.479601, 36.365577], [-86.479805, 36.365548], [-86.480099, 36.365416], [-86.48038, 36.365441], [-86.481326, 36.365294], [-86.481565, 36.365286], [-86.481968, 36.365377], [-86.481981, 36.365441], [-86.482119, 36.365537], [-86.482117, 36.365647], [-86.482156, 36.365712], [-86.482103, 36.365839], [-86.482164, 36.365951], [-86.482108, 36.365966], [-86.482091, 36.366027], [-86.482026, 36.366012], [-86.482059, 36.36607], [-86.482033, 36.3661]]}, "properties": {"OBJECTID": 3122, "Category_of_Coastline": "", "Scale_Minimum": "300000", "Source_Date": "20040930", "Source_Indication": "US,U3,USACE,LRN_GIS", "Source_Dataset": "U37CR221.000", "Feature_ID": "U3 1392979651 00001"}}, {"type": "Feature", "id": 3123, "geometry": {"type": "LineString", "coordinates": [[-86.474987, 36.34804], [-86.475243, 36.34822]]}, "properties": {"OBJECTID": 3123, "Category_of_Coastline": "", "Scale_Minimum": "300000", "Source_Date": "20050412", "Source_Indication": "US,U3,USACE,LRN_GIS", "Source_Dataset": "U37CR221.000", "Feature_ID": "U3 1392979652 00001"}}, {"type": "Feature", "id": 3125, "geometry": {"type": "LineString", "coordinates": [[-86.479449, 36.351766], [-86.479497, 36.351924], [-86.479476, 36.351953], [-86.479341, 36.351973], [-86.479286, 36.352015], [-86.479162, 36.351918], [-86.479215, 36.351849], [-86.479188, 36.351776], [-86.479242, 36.351639], [-86.479362, 36.351645], [-86.479447, 36.351722], [-86.479449, 36.351766]]}, "properties": {"OBJECTID": 3125, "Category_of_Coastline": "", "Scale_Minimum": "300000", "Source_Date": "20040930", "Source_Indication": "US,U3,USACE,LRN_GIS", "Source_Dataset": "U37CR221.000", "Feature_ID": "U3 1392979654 00001"}}, {"type": "Feature", "id": 3127, "geometry": {"type": "LineString", "coordinates": [[-86.443896, 36.287282], [-86.443932, 36.288018], [-86.443928, 36.28973], [-86.444099, 36.289798], [-86.444345, 36.289757], [-86.444454, 36.289692], [-86.444465, 36.289582], [-86.444492, 36.289566], [-86.444525, 36.28964], [-86.444626, 36.289708], [-86.444691, 36.289685], [-86.444901, 36.289763], [-86.445274, 36.289836], [-86.445501, 36.289942], [-86.445707, 36.290086], [-86.44575, 36.29016], [-86.445743, 36.290243], [-86.445787, 36.290258], [-86.44591, 36.290222], [-86.445875, 36.290063], [-86.445765, 36.289898], [-86.446138, 36.289666], [-86.44661, 36.289713], [-86.447027, 36.289675], [-86.448024, 36.289675], [-86.448495, 36.289465], [-86.448492, 36.289425], [-86.448609, 36.289347], [-86.448643, 36.289191], [-86.448687, 36.289148], [-86.449009, 36.289069], [-86.449215, 36.289097], [-86.449393, 36.289075], [-86.449566, 36.289036], [-86.449623, 36.288987], [-86.449695, 36.288992], [-86.449753, 36.288931], [-86.450185, 36.288931], [-86.450308, 36.288979], [-86.450433, 36.289084], [-86.45058, 36.289325], [-86.450628, 36.289577], [-86.450504, 36.290176], [-86.450568, 36.290861], [-86.450559, 36.290919], [-86.450446, 36.291019], [-86.450397, 36.291269], [-86.450438, 36.291401], [-86.450516, 36.291506], [-86.450478, 36.291613], [-86.450579, 36.291655], [-86.450694, 36.291535], [-86.451215, 36.291471], [-86.451708, 36.291546], [-86.451845, 36.291634], [-86.452018, 36.292045], [-86.452029, 36.292277], [-86.451781, 36.293131], [-86.45194, 36.293416], [-86.451934, 36.293522], [-86.451786, 36.293938], [-86.451688, 36.294024], [-86.451621, 36.293987], [-86.451628, 36.293908], [-86.451597, 36.293869], [-86.451481, 36.293843], [-86.451369, 36.293867], [-86.451267, 36.294049], [-86.45127, 36.294182], [-86.451189, 36.294385], [-86.450925, 36.294404], [-86.450706, 36.294459], [-86.450677, 36.294722], [-86.450563, 36.29488], [-86.450181, 36.295098], [-86.449859, 36.295158], [-86.449755, 36.29529], [-86.449669, 36.295298], [-86.449603, 36.295201], [-86.449497, 36.295221], [-86.449514, 36.295472], [-86.449313, 36.295654], [-86.449279, 36.29585], [-86.449195, 36.296034], [-86.448996, 36.296194], [-86.448736, 36.296292], [-86.448606, 36.296604], [-86.448318, 36.296846], [-86.447879, 36.297415], [-86.447707, 36.297852], [-86.447702, 36.298278], [-86.447607, 36.298777], [-86.447457, 36.299069], [-86.447542, 36.299154], [-86.447818, 36.299128], [-86.447873, 36.299282], [-86.447997, 36.299265], [-86.44796, 36.29909], [-86.448004, 36.299054], [-86.448088, 36.299273], [-86.448159, 36.299289], [-86.448177, 36.299187], [-86.448334, 36.298913], [-86.448496, 36.298303], [-86.448827, 36.297966], [-86.448834, 36.297858], [-86.448761, 36.297627], [-86.448824, 36.297507], [-86.449098, 36.297339], [-86.449477, 36.297187], [-86.449703, 36.296952], [-86.449902, 36.296799], [-86.450004, 36.296643], [-86.450601, 36.296516], [-86.450931, 36.296377], [-86.45114, 36.296252], [-86.451307, 36.296241], [-86.451625, 36.296302], [-86.451956, 36.296195], [-86.452014, 36.296237], [-86.452023, 36.296289], [-86.451941, 36.296621], [-86.451951, 36.29668], [-86.452022, 36.296817], [-86.4521, 36.296891], [-86.452292, 36.296884], [-86.452461, 36.296757], [-86.452494, 36.296611], [-86.45261, 36.296517], [-86.4529, 36.296541], [-86.453021, 36.296531], [-86.453078, 36.296493], [-86.45313, 36.296396], [-86.453013, 36.296188], [-86.453423, 36.296006], [-86.453919, 36.295453], [-86.454034, 36.295351], [-86.454121, 36.295323], [-86.454056, 36.294988], [-86.454109, 36.294898], [-86.454196, 36.294834], [-86.454499, 36.29478], [-86.454692, 36.294649], [-86.454937, 36.294755], [-86.45504, 36.29499], [-86.45526, 36.295095], [-86.455573, 36.295114], [-86.455789, 36.295083], [-86.456097, 36.294957], [-86.456512, 36.294501], [-86.456609, 36.294164], [-86.456731, 36.293908], [-86.456934, 36.293654], [-86.457214, 36.293396], [-86.457696, 36.293156], [-86.457681, 36.293105], [-86.457549, 36.292999], [-86.457544, 36.292949], [-86.457599, 36.292857], [-86.457912, 36.292667], [-86.458051, 36.292635], [-86.458317, 36.292652], [-86.458536, 36.292584], [-86.458669, 36.292531], [-86.459022, 36.292305], [-86.459068, 36.292119], [-86.459081, 36.291777], [-86.459174, 36.291675], [-86.459379, 36.291566], [-86.460428, 36.291461], [-86.460751, 36.291301], [-86.460946, 36.291284], [-86.461381, 36.291392], [-86.461976, 36.291461], [-86.462498, 36.291645], [-86.462906, 36.291836], [-86.463312, 36.292183], [-86.463357, 36.292342], [-86.46335, 36.292611], [-86.463479, 36.292802], [-86.463625, 36.292927], [-86.463655, 36.29305], [-86.463627, 36.293115], [-86.46357, 36.293146], [-86.463549, 36.293231], [-86.463729, 36.293438], [-86.464144, 36.29357], [-86.464176, 36.293656], [-86.464198, 36.293938], [-86.464179, 36.293996], [-86.464143, 36.294051], [-86.463772, 36.294318], [-86.463681, 36.294463], [-86.463678, 36.294601], [-86.463833, 36.294857], [-86.463834, 36.295027], [-86.463707, 36.295164], [-86.463621, 36.295394], [-86.463516, 36.295509], [-86.463427, 36.295722], [-86.463244, 36.295872], [-86.463106, 36.296054], [-86.463053, 36.296207], [-86.463076, 36.296413], [-86.463131, 36.296528], [-86.463315, 36.296698], [-86.463305, 36.296753], [-86.463398, 36.296905], [-86.463421, 36.297005], [-86.463671, 36.297278], [-86.46363, 36.297488], [-86.46365, 36.297722], [-86.463612, 36.297836], [-86.463269, 36.2982], [-86.463018, 36.298279], [-86.46291, 36.298357], [-86.46286, 36.298581], [-86.462876, 36.298675], [-86.462951, 36.298743], [-86.463254, 36.298798], [-86.463656, 36.298996], [-86.463782, 36.299125], [-86.4638, 36.299252], [-86.463876, 36.299314], [-86.463911, 36.299502], [-86.46389, 36.299653], [-86.464001, 36.300146], [-86.464111, 36.300333], [-86.464115, 36.30043], [-86.464228, 36.300656], [-86.464519, 36.300995], [-86.464515, 36.301173], [-86.464626, 36.301438], [-86.464657, 36.301601], [-86.46464, 36.301783], [-86.464676, 36.301967], [-86.464651, 36.302489], [-86.464662, 36.302548], [-86.464722, 36.302577], [-86.464759, 36.302739], [-86.464752, 36.302782], [-86.464615, 36.302847], [-86.464374, 36.303304], [-86.464164, 36.303486], [-86.463849, 36.303559], [-86.463873, 36.303613], [-86.46367, 36.303731], [-86.463422, 36.30398], [-86.463366, 36.30415], [-86.463004, 36.304486], [-86.462998, 36.304563], [-86.463072, 36.304571], [-86.463501, 36.304172], [-86.463754, 36.304024], [-86.463877, 36.303905], [-86.46415, 36.30384], [-86.464192, 36.303785], [-86.464168, 36.303722], [-86.464279, 36.303634], [-86.464657, 36.303547], [-86.464844, 36.303429], [-86.465031, 36.303362], [-86.465258, 36.303349], [-86.465519, 36.30342], [-86.465763, 36.303682], [-86.465907, 36.303992], [-86.465959, 36.304288], [-86.466032, 36.30439], [-86.465963, 36.304493], [-86.465942, 36.304688], [-86.466013, 36.304776], [-86.46606, 36.304788], [-86.466204, 36.30474], [-86.466186, 36.305009], [-86.466271, 36.305571], [-86.46594, 36.305981], [-86.465649, 36.305958], [-86.465608, 36.306], [-86.465602, 36.306159], [-86.465669, 36.306207], [-86.465767, 36.306162], [-86.465847, 36.306168], [-86.465935, 36.306478], [-86.466054, 36.306622], [-86.466245, 36.306758], [-86.466394, 36.306813], [-86.466517, 36.306815], [-86.4664, 36.306831], [-86.466344, 36.306934], [-86.466482, 36.307047], [-86.466438, 36.307208], [-86.466144, 36.307511], [-86.466089, 36.307622], [-86.466197, 36.30764], [-86.466303, 36.307526], [-86.466512, 36.307421], [-86.466674, 36.307059], [-86.466873, 36.306889], [-86.466993, 36.306679], [-86.467289, 36.306777], [-86.467322, 36.306748], [-86.467426, 36.306771], [-86.467641, 36.306902], [-86.467583, 36.307257], [-86.467399, 36.307524], [-86.467256, 36.307578], [-86.467175, 36.307761], [-86.467054, 36.307809], [-86.467003, 36.307889], [-86.466976, 36.307961], [-86.466997, 36.308029], [-86.466941, 36.308128], [-86.466985, 36.308207], [-86.466944, 36.3085], [-86.466748, 36.308696], [-86.466422, 36.308927], [-86.466336, 36.309118], [-86.465909, 36.309324], [-86.465876, 36.309408], [-86.465771, 36.309518], [-86.46578, 36.309608], [-86.46615, 36.309751], [-86.466341, 36.309709], [-86.46634, 36.309618], [-86.466443, 36.309451], [-86.466469, 36.30934], [-86.466552, 36.309258], [-86.466749, 36.309262], [-86.466937, 36.309223], [-86.46709, 36.309144], [-86.467254, 36.309127], [-86.467499, 36.309037], [-86.467517, 36.308996], [-86.467876, 36.308991], [-86.468078, 36.308896], [-86.468252, 36.308888], [-86.468377, 36.308822], [-86.468653, 36.308801], [-86.468704, 36.308733], [-86.468718, 36.308585], [-86.468944, 36.308422], [-86.469043, 36.30824], [-86.469158, 36.308096], [-86.469215, 36.308075], [-86.46954, 36.308027], [-86.469862, 36.308049], [-86.469965, 36.308134], [-86.470013, 36.308323], [-86.470057, 36.308379], [-86.470216, 36.308441], [-86.470673, 36.308202], [-86.470795, 36.30822], [-86.471031, 36.308356], [-86.47117, 36.308519], [-86.471273, 36.308718], [-86.47135, 36.308928], [-86.471369, 36.3091], [-86.471475, 36.309307], [-86.471518, 36.309501], [-86.471677, 36.309743], [-86.471694, 36.309836], [-86.471726, 36.31029], [-86.471681, 36.310614], [-86.47157, 36.310836], [-86.471358, 36.311102], [-86.471431, 36.31119], [-86.471514, 36.311221], [-86.472006, 36.311048], [-86.472052, 36.311069], [-86.471702, 36.311274], [-86.47147, 36.311363], [-86.471373, 36.311343], [-86.471297, 36.31123], [-86.471179, 36.311165], [-86.471136, 36.311282], [-86.470903, 36.311508], [-86.470881, 36.311567], [-86.470908, 36.311628], [-86.471008, 36.311747], [-86.471087, 36.311779], [-86.471643, 36.311882], [-86.471636, 36.311836], [-86.47153, 36.311803], [-86.471522, 36.311755], [-86.471728, 36.311694], [-86.47214, 36.311447], [-86.472166, 36.311386], [-86.472235, 36.311387], [-86.472219, 36.311475], [-86.472361, 36.311631], [-86.472742, 36.311769], [-86.472911, 36.311988], [-86.473036, 36.312296], [-86.472988, 36.312799], [-86.473129, 36.312983], [-86.473197, 36.313023], [-86.473191, 36.31316], [-86.473415, 36.313447], [-86.473616, 36.313815], [-86.47394, 36.314131], [-86.473996, 36.314281], [-86.474061, 36.314345], [-86.474449, 36.314624], [-86.474656, 36.314908], [-86.474679, 36.315033], [-86.474653, 36.315092], [-86.474525, 36.315164], [-86.474383, 36.31518], [-86.474312, 36.315091], [-86.474231, 36.315118], [-86.473986, 36.315431], [-86.473922, 36.31565], [-86.473726, 36.315744], [-86.473538, 36.315895], [-86.472179, 36.316483], [-86.471628, 36.316585], [-86.471446, 36.3166], [-86.471193, 36.316568], [-86.471024, 36.316452], [-86.471001, 36.316347], [-86.47088, 36.316187], [-86.470754, 36.316198], [-86.470587, 36.316333], [-86.470604, 36.316597], [-86.470546, 36.316697], [-86.470578, 36.316767], [-86.470749, 36.316844], [-86.470746, 36.316883], [-86.470675, 36.316926], [-86.470479, 36.316928], [-86.470414, 36.317045], [-86.47038, 36.31705], [-86.469949, 36.31684], [-86.469878, 36.316885], [-86.469719, 36.317085], [-86.469766, 36.317192], [-86.469961, 36.317316], [-86.469985, 36.317376], [-86.469912, 36.317456], [-86.469647, 36.317578], [-86.469561, 36.317575], [-86.46927, 36.317384], [-86.469033, 36.317325], [-86.468873, 36.317224], [-86.468871, 36.317151], [-86.468829, 36.317103], [-86.468726, 36.317215], [-86.468493, 36.317144], [-86.468368, 36.317171], [-86.468202, 36.317332], [-86.468236, 36.317512], [-86.468416, 36.317808], [-86.468644, 36.317938], [-86.468676, 36.317999], [-86.468649, 36.318051], [-86.468492, 36.318083], [-86.46838, 36.318168], [-86.468336, 36.318214], [-86.468281, 36.318406], [-86.468289, 36.318471], [-86.468489, 36.31878], [-86.46856, 36.318975], [-86.468572, 36.319091], [-86.468501, 36.319699], [-86.468186, 36.32009], [-86.467629, 36.32107], [-86.467395, 36.321379], [-86.46737, 36.321534], [-86.467401, 36.32166], [-86.467331, 36.321646], [-86.467228, 36.321558], [-86.467057, 36.32152], [-86.466984, 36.321413], [-86.467215, 36.321091], [-86.467196, 36.321059], [-86.466958, 36.321117], [-86.46674, 36.321263], [-86.466665, 36.321276], [-86.466242, 36.321125], [-86.466145, 36.320973], [-86.465901, 36.320946], [-86.465744, 36.320866], [-86.46518, 36.320734], [-86.46453, 36.320631], [-86.464393, 36.320641], [-86.464262, 36.320694], [-86.464211, 36.320809], [-86.464245, 36.320854], [-86.464379, 36.320878], [-86.464743, 36.32107], [-86.464902, 36.321065], [-86.46517, 36.321138], [-86.465333, 36.321354], [-86.465465, 36.321633], [-86.465517, 36.321652], [-86.465652, 36.321977], [-86.465823, 36.322196], [-86.465917, 36.3222], [-86.466023, 36.322103], [-86.46606, 36.322104], [-86.46603, 36.322249], [-86.466052, 36.322345], [-86.4665, 36.32266], [-86.466839, 36.322975], [-86.467442, 36.323329], [-86.467612, 36.32352], [-86.468006, 36.323558], [-86.468549, 36.323423], [-86.468891, 36.32377], [-86.46893, 36.323861], [-86.468737, 36.324221], [-86.468407, 36.324617], [-86.468033, 36.324852], [-86.467889, 36.324969], [-86.467813, 36.325089], [-86.467693, 36.325108], [-86.467546, 36.325214], [-86.467119, 36.325341], [-86.467054, 36.325322], [-86.466895, 36.325188], [-86.466904, 36.325111], [-86.467015, 36.325094], [-86.467024, 36.325046], [-86.466915, 36.324895], [-86.466625, 36.324613], [-86.466524, 36.324461], [-86.465754, 36.324406], [-86.465469, 36.324448], [-86.465085, 36.324567], [-86.464994, 36.324673], [-86.465013, 36.324804], [-86.465217, 36.325072], [-86.465345, 36.325144], [-86.465639, 36.32523], [-86.466258, 36.325626], [-86.466488, 36.325633], [-86.466569, 36.325757], [-86.466567, 36.325802], [-86.465859, 36.326189], [-86.465514, 36.326487], [-86.464348, 36.327274], [-86.463763, 36.327536], [-86.463484, 36.327634], [-86.463267, 36.327672], [-86.463175, 36.327638], [-86.46305, 36.327481], [-86.462844, 36.327513], [-86.462785, 36.327542], [-86.462715, 36.327716], [-86.4627, 36.327787], [-86.462743, 36.327855], [-86.46273, 36.327882], [-86.461993, 36.328101], [-86.46155, 36.328196], [-86.46107, 36.328239], [-86.460764, 36.328301], [-86.459622, 36.328397], [-86.459517, 36.328346], [-86.459136, 36.327992], [-86.458571, 36.327288], [-86.458415, 36.327131], [-86.458275, 36.327051], [-86.458151, 36.327044], [-86.458053, 36.327101], [-86.458082, 36.327416], [-86.45805, 36.327548], [-86.458002, 36.327573], [-86.457413, 36.327344], [-86.456907, 36.327287], [-86.456754, 36.327009], [-86.456892, 36.326442], [-86.456989, 36.32631], [-86.457111, 36.325974], [-86.457157, 36.325942], [-86.45742, 36.325913], [-86.457631, 36.325834], [-86.457577, 36.325522], [-86.457267, 36.325428], [-86.457038, 36.325162], [-86.456971, 36.324998], [-86.456886, 36.324947], [-86.456652, 36.324986], [-86.456552, 36.325049], [-86.456604, 36.325433], [-86.456565, 36.325498], [-86.45639, 36.325565], [-86.456058, 36.325608], [-86.455853, 36.325596], [-86.455544, 36.325375], [-86.455356, 36.325184], [-86.45484, 36.324832], [-86.454681, 36.32464], [-86.454711, 36.324517], [-86.454799, 36.324449], [-86.454922, 36.324416], [-86.455251, 36.324452], [-86.455343, 36.324407], [-86.454858, 36.324227], [-86.454783, 36.324111], [-86.454717, 36.324076], [-86.45456, 36.324081], [-86.454472, 36.324197], [-86.454191, 36.324432], [-86.454155, 36.324565], [-86.454053, 36.324559], [-86.453823, 36.324403], [-86.453515, 36.324092], [-86.453339, 36.32403], [-86.453269, 36.323924], [-86.453287, 36.32388], [-86.453402, 36.323808], [-86.453522, 36.32377], [-86.453499, 36.323712], [-86.453199, 36.323633], [-86.452967, 36.323718], [-86.45284, 36.32366], [-86.452737, 36.323523], [-86.452728, 36.323421], [-86.452777, 36.323203], [-86.452889, 36.3231], [-86.45286, 36.323084], [-86.452435, 36.323192], [-86.45215, 36.322716], [-86.452348, 36.322294], [-86.452137, 36.32224], [-86.452055, 36.322174], [-86.451902, 36.321809], [-86.451887, 36.321747], [-86.451952, 36.321685], [-86.451991, 36.321404], [-86.452135, 36.321087], [-86.452088, 36.320825], [-86.451896, 36.320676], [-86.451843, 36.320568], [-86.451745, 36.320559], [-86.451701, 36.320597], [-86.45167, 36.320718], [-86.451608, 36.321126], [-86.451507, 36.321343], [-86.451369, 36.321399], [-86.451248, 36.321382], [-86.451038, 36.321275], [-86.450783, 36.321069], [-86.450558, 36.320957], [-86.450482, 36.320766], [-86.45029, 36.32057], [-86.450193, 36.320403], [-86.449927, 36.320197], [-86.449992, 36.320004], [-86.449893, 36.319787], [-86.449903, 36.31965], [-86.449771, 36.319623], [-86.449691, 36.31954], [-86.449577, 36.319205], [-86.449506, 36.31912], [-86.449442, 36.319111], [-86.449392, 36.318997], [-86.449301, 36.318919], [-86.449244, 36.318677], [-86.449203, 36.318664], [-86.449148, 36.318695], [-86.449091, 36.318796], [-86.449123, 36.318973], [-86.449046, 36.319236], [-86.449009, 36.319224], [-86.448996, 36.31917], [-86.448989, 36.318906], [-86.448916, 36.318877], [-86.448847, 36.318981], [-86.448757, 36.318927], [-86.44872, 36.318943], [-86.448683, 36.319081], [-86.448791, 36.319358], [-86.448782, 36.319622], [-86.448915, 36.320006], [-86.448957, 36.320245], [-86.448985, 36.320309], [-86.449068, 36.32037], [-86.449125, 36.320486], [-86.449137, 36.320578], [-86.449065, 36.320678], [-86.449318, 36.321046], [-86.449361, 36.321189], [-86.449282, 36.321273], [-86.448352, 36.321225], [-86.448194, 36.321281], [-86.448134, 36.321417], [-86.448214, 36.32151], [-86.448433, 36.3216], [-86.448839, 36.321957], [-86.449409, 36.322247], [-86.449365, 36.322343], [-86.449389, 36.322379], [-86.449575, 36.322437], [-86.449868, 36.322769], [-86.449963, 36.322938], [-86.449991, 36.323196], [-86.450073, 36.323348], [-86.45018, 36.323376], [-86.450258, 36.323335], [-86.450366, 36.323209], [-86.450522, 36.323148], [-86.450914, 36.323216], [-86.45096, 36.323301], [-86.450954, 36.323401], [-86.450761, 36.323559], [-86.450509, 36.323575], [-86.449933, 36.323842], [-86.449757, 36.323795], [-86.449677, 36.323845], [-86.449586, 36.323955], [-86.44941, 36.324043], [-86.449422, 36.324329], [-86.449547, 36.324376], [-86.449925, 36.324388], [-86.450392, 36.324166], [-86.450619, 36.32416], [-86.450733, 36.324215], [-86.451066, 36.324495], [-86.451181, 36.324659], [-86.451172, 36.32491], [-86.450957, 36.325218], [-86.450943, 36.325292], [-86.450995, 36.325381], [-86.451015, 36.325721], [-86.45109, 36.32585], [-86.451574, 36.325936], [-86.451835, 36.326014], [-86.452121, 36.325938], [-86.452196, 36.325865], [-86.452333, 36.3255], [-86.452491, 36.325288], [-86.45257, 36.325263], [-86.452713, 36.325338], [-86.452755, 36.325425], [-86.452976, 36.32559], [-86.453118, 36.325769], [-86.453324, 36.325946], [-86.453337, 36.32615], [-86.453256, 36.326323], [-86.453284, 36.326371], [-86.453434, 36.326428], [-86.45351, 36.326565], [-86.453606, 36.326607], [-86.45373, 36.326748], [-86.454, 36.326855], [-86.454106, 36.327051], [-86.45379, 36.327427], [-86.453655, 36.327667], [-86.453553, 36.327776], [-86.453511, 36.327856], [-86.453465, 36.328159], [-86.4535, 36.32819], [-86.453603, 36.328189], [-86.453745, 36.328137], [-86.453897, 36.327902], [-86.454129, 36.327799], [-86.454461, 36.327716], [-86.454616, 36.327767], [-86.454704, 36.327753], [-86.455096, 36.328039], [-86.455582, 36.328797], [-86.45576, 36.328974], [-86.45576, 36.329218], [-86.455705, 36.329455], [-86.455487, 36.32977], [-86.455364, 36.330058], [-86.455286, 36.330141], [-86.455294, 36.33028], [-86.455209, 36.330501], [-86.45488, 36.330648], [-86.45449, 36.330745], [-86.454091, 36.330952], [-86.453372, 36.331667], [-86.453232, 36.331773], [-86.452765, 36.331937], [-86.452332, 36.332259], [-86.452044, 36.332367], [-86.451889, 36.332475], [-86.451764, 36.332496], [-86.451729, 36.332462], [-86.4517, 36.332322], [-86.451494, 36.332052], [-86.451226, 36.331911], [-86.451153, 36.331931], [-86.451135, 36.332076], [-86.451249, 36.332185], [-86.451311, 36.332305], [-86.451303, 36.332363], [-86.45118, 36.332485], [-86.450748, 36.332789], [-86.450549, 36.333058], [-86.450422, 36.333118], [-86.449907, 36.333237], [-86.449855, 36.333219], [-86.449836, 36.332902], [-86.449717, 36.332826], [-86.449589, 36.332823], [-86.449211, 36.33288], [-86.449046, 36.332981], [-86.448944, 36.333102], [-86.448742, 36.33322], [-86.448457, 36.333255], [-86.448238, 36.333112], [-86.447958, 36.333101], [-86.447707, 36.333123], [-86.447352, 36.333304], [-86.447108, 36.333364], [-86.447005, 36.333348], [-86.446947, 36.333283], [-86.446933, 36.333204], [-86.447012, 36.333007], [-86.446964, 36.332886], [-86.44676, 36.332838], [-86.446362, 36.333086], [-86.446309, 36.333232], [-86.446189, 36.333337], [-86.446048, 36.333653], [-86.446002, 36.334114], [-86.445955, 36.334175], [-86.445528, 36.334474], [-86.445229, 36.334485], [-86.444861, 36.334401], [-86.444701, 36.334396], [-86.444684, 36.334367], [-86.444758, 36.334283], [-86.444647, 36.334152], [-86.444623, 36.334027], [-86.444467, 36.333922], [-86.444393, 36.33391], [-86.44399, 36.334039], [-86.443731, 36.333987], [-86.443501, 36.334032], [-86.443024, 36.334338], [-86.442632, 36.334386], [-86.442516, 36.334299], [-86.442377, 36.334296], [-86.442172, 36.334367], [-86.442008, 36.334647], [-86.44192, 36.334963], [-86.441843, 36.33508], [-86.441692, 36.335616], [-86.441702, 36.335713], [-86.441825, 36.335986], [-86.441759, 36.336074], [-86.441753, 36.336166], [-86.441259, 36.336378], [-86.440709, 36.336805], [-86.440394, 36.336833], [-86.440215, 36.336815], [-86.439909, 36.336642], [-86.439866, 36.336586], [-86.439877, 36.336514], [-86.439833, 36.336409], [-86.439887, 36.336295], [-86.439841, 36.336123], [-86.439846, 36.335868], [-86.439825, 36.335842], [-86.439751, 36.335856], [-86.439585, 36.336026], [-86.439514, 36.336026], [-86.439397, 36.335998], [-86.439289, 36.335892], [-86.438638, 36.335899], [-86.438377, 36.335756], [-86.438339, 36.335664], [-86.438105, 36.335436], [-86.4381, 36.335262], [-86.43816, 36.335065], [-86.43811, 36.334957], [-86.437939, 36.334773], [-86.437974, 36.334655], [-86.438088, 36.334506], [-86.438008, 36.334385], [-86.4378, 36.334256], [-86.437668, 36.334094], [-86.437553, 36.334026], [-86.437462, 36.334061], [-86.437505, 36.334239], [-86.437604, 36.33431], [-86.437698, 36.334332], [-86.437749, 36.334379], [-86.437748, 36.33443], [-86.43753, 36.334788], [-86.437529, 36.33493], [-86.437605, 36.335132], [-86.437593, 36.3352], [-86.437432, 36.335359], [-86.437364, 36.335687], [-86.437414, 36.335814], [-86.437665, 36.336091], [-86.438172, 36.336374], [-86.438259, 36.336575], [-86.43825, 36.336679], [-86.438344, 36.336771], [-86.438347, 36.336811], [-86.438181, 36.337045], [-86.438075, 36.337106], [-86.437885, 36.337148], [-86.437689, 36.337132], [-86.437623, 36.337173], [-86.437533, 36.337144], [-86.437371, 36.337233], [-86.43734, 36.337208], [-86.437221, 36.337238], [-86.437106, 36.337176], [-86.436922, 36.33715], [-86.43675, 36.337153], [-86.43646, 36.337216], [-86.436341, 36.337159], [-86.436269, 36.337071], [-86.435885, 36.337028], [-86.435831, 36.336978], [-86.435626, 36.33691], [-86.435353, 36.33691], [-86.435184, 36.336961], [-86.435018, 36.337075], [-86.434735, 36.337076], [-86.434045, 36.336999], [-86.433537, 36.33685], [-86.433336, 36.336634], [-86.433294, 36.336324], [-86.433327, 36.335941], [-86.433426, 36.335533], [-86.433401, 36.335424], [-86.43336, 36.335412], [-86.433132, 36.335537], [-86.432871, 36.336101], [-86.432618, 36.336469], [-86.432403, 36.336628], [-86.432187, 36.336644], [-86.431886, 36.336512], [-86.431685, 36.336322], [-86.431547, 36.335829], [-86.431477, 36.335728], [-86.431436, 36.335577], [-86.430961, 36.335058], [-86.430867, 36.334826], [-86.430869, 36.334688], [-86.430986, 36.33453], [-86.431018, 36.334415], [-86.430996, 36.334356], [-86.430849, 36.334217], [-86.430855, 36.334066], [-86.430656, 36.333578], [-86.430295, 36.333333], [-86.430243, 36.333342], [-86.430137, 36.333463], [-86.430247, 36.333821], [-86.430208, 36.334067], [-86.43024, 36.334289], [-86.430145, 36.334685], [-86.430137, 36.334876], [-86.430158, 36.335006], [-86.430475, 36.33551], [-86.43054, 36.335712], [-86.430478, 36.335901], [-86.430488, 36.336079], [-86.430459, 36.336125], [-86.430342, 36.336136], [-86.430123, 36.336034], [-86.429768, 36.335981], [-86.429522, 36.335989], [-86.428846, 36.335497], [-86.42831, 36.335247], [-86.428133, 36.335114], [-86.427553, 36.334358], [-86.427188, 36.333776], [-86.426805, 36.332947], [-86.426796, 36.332664], [-86.426702, 36.332415], [-86.426741, 36.332381], [-86.426812, 36.332158], [-86.426665, 36.331785], [-86.426399, 36.331486], [-86.426306, 36.331425], [-86.425983, 36.330974], [-86.425979, 36.330855], [-86.42605, 36.330678], [-86.42597, 36.330401], [-86.425921, 36.329881], [-86.425865, 36.32971], [-86.42586, 36.329458], [-86.425731, 36.329204], [-86.425627, 36.328817], [-86.425464, 36.328472], [-86.425126, 36.32817], [-86.425113, 36.328066], [-86.425239, 36.327767], [-86.425357, 36.327685], [-86.425685, 36.327766], [-86.425768, 36.327742], [-86.42611, 36.327754], [-86.426254, 36.327836], [-86.426391, 36.327833], [-86.426595, 36.32791], [-86.427241, 36.328002], [-86.427445, 36.328114], [-86.427945, 36.32815], [-86.428308, 36.32831], [-86.428411, 36.328159], [-86.428419, 36.32807], [-86.428331, 36.327979], [-86.427921, 36.327709], [-86.427789, 36.327675], [-86.427524, 36.327385], [-86.427281, 36.327214], [-86.427287, 36.327061], [-86.427191, 36.326892], [-86.427034, 36.326858], [-86.426868, 36.326967], [-86.426629, 36.327002], [-86.426522, 36.326974], [-86.426491, 36.326935], [-86.426529, 36.326772], [-86.426754, 36.326597], [-86.427017, 36.326257], [-86.427062, 36.326123], [-86.427459, 36.325909], [-86.427566, 36.325796], [-86.42757, 36.325733], [-86.426982, 36.325707], [-86.426735, 36.325756], [-86.426393, 36.325937], [-86.426318, 36.326068], [-86.426068, 36.326177], [-86.425773, 36.32608], [-86.425494, 36.326123], [-86.425363, 36.326211], [-86.425095, 36.326319], [-86.424595, 36.326242], [-86.424467, 36.326285], [-86.424293, 36.326249], [-86.424229, 36.326152], [-86.424232, 36.326037], [-86.424086, 36.32587], [-86.424037, 36.325624], [-86.424071, 36.325424], [-86.424209, 36.325346], [-86.42437, 36.325123], [-86.424388, 36.324952], [-86.424332, 36.324834], [-86.424208, 36.324693], [-86.424339, 36.324537], [-86.424348, 36.324477], [-86.424065, 36.324082], [-86.42396, 36.324013], [-86.423484, 36.323933], [-86.423231, 36.323833], [-86.422907, 36.323765], [-86.422783, 36.323657], [-86.422412, 36.322869], [-86.422357, 36.322661], [-86.422392, 36.322461], [-86.422417, 36.322447], [-86.422595, 36.322478], [-86.422963, 36.322619], [-86.423228, 36.322619], [-86.423605, 36.322551], [-86.423767, 36.32269], [-86.423794, 36.322516], [-86.424234, 36.322423], [-86.424355, 36.322449], [-86.424423, 36.322352], [-86.424853, 36.322198], [-86.42514, 36.32203], [-86.425667, 36.321831], [-86.42644, 36.321383], [-86.426418, 36.321269], [-86.426323, 36.32125], [-86.426278, 36.321326], [-86.426118, 36.321374], [-86.426054, 36.321272], [-86.42598, 36.321257], [-86.425663, 36.321328], [-86.425368, 36.321349], [-86.424937, 36.321292], [-86.424558, 36.321195], [-86.424322, 36.321274], [-86.424034, 36.321534], [-86.423931, 36.321571], [-86.423595, 36.321596], [-86.423292, 36.321567], [-86.421951, 36.321129], [-86.421885, 36.321078], [-86.421881, 36.320934], [-86.42202, 36.320783], [-86.422074, 36.320668], [-86.422227, 36.320121], [-86.422397, 36.320003], [-86.422363, 36.319959], [-86.422204, 36.319979], [-86.42166, 36.320474], [-86.421529, 36.320555], [-86.421429, 36.320578], [-86.421272, 36.320585], [-86.4212, 36.320549], [-86.420973, 36.320344], [-86.420605, 36.320144], [-86.420504, 36.319934], [-86.42074, 36.319753], [-86.420799, 36.319646], [-86.420795, 36.319526], [-86.420771, 36.31946], [-86.420672, 36.31937], [-86.42048, 36.319316], [-86.420182, 36.319292], [-86.420124, 36.319207], [-86.420091, 36.319099], [-86.420177, 36.318219], [-86.420036, 36.317786], [-86.420091, 36.317504], [-86.419986, 36.317316], [-86.41994, 36.317015], [-86.41988, 36.316849], [-86.41973, 36.316707], [-86.419686, 36.316615], [-86.419474, 36.316633], [-86.419266, 36.316699], [-86.419152, 36.317124], [-86.419148, 36.317188], [-86.419188, 36.317261], [-86.419138, 36.317782], [-86.419156, 36.317972], [-86.419309, 36.318135], [-86.419391, 36.31834], [-86.419335, 36.318366], [-86.419223, 36.318247], [-86.419052, 36.317966], [-86.418852, 36.317797], [-86.418786, 36.317673], [-86.418817, 36.317643], [-86.418638, 36.317422], [-86.418564, 36.317411], [-86.418575, 36.317341], [-86.418467, 36.317201], [-86.418338, 36.317097], [-86.418274, 36.317025], [-86.418291, 36.316998], [-86.418135, 36.316851], [-86.418011, 36.316609], [-86.417752, 36.316317], [-86.417489, 36.316149], [-86.417395, 36.316044], [-86.417288, 36.31581], [-86.417139, 36.315667], [-86.416905, 36.3151], [-86.416705, 36.314813], [-86.416627, 36.314761], [-86.416622, 36.314627], [-86.416454, 36.314386], [-86.416109, 36.314012], [-86.415804, 36.313455], [-86.415309, 36.312944], [-86.41518, 36.312789], [-86.415174, 36.312712], [-86.415128, 36.31265], [-86.414872, 36.312467], [-86.41438, 36.311896], [-86.413504, 36.311077], [-86.413227, 36.310904], [-86.41309, 36.31076], [-86.412958, 36.310708], [-86.412597, 36.310327], [-86.411715, 36.309552], [-86.411152, 36.309162], [-86.410592, 36.308851], [-86.409798, 36.308153], [-86.409193, 36.307783], [-86.408917, 36.307668], [-86.4074, 36.3066], [-86.404965, 36.305548], [-86.404786, 36.305505], [-86.404618, 36.305533], [-86.404327, 36.305426], [-86.404165, 36.305505], [-86.40403, 36.305508], [-86.403827, 36.305462], [-86.40359, 36.305356], [-86.403564, 36.305306], [-86.403573, 36.305073], [-86.403666, 36.304879], [-86.403902, 36.303899], [-86.403917, 36.303765], [-86.403838, 36.303132], [-86.403923, 36.303008], [-86.403905, 36.30293], [-86.40382, 36.302923], [-86.403737, 36.303068], [-86.403597, 36.30315], [-86.403665, 36.303607], [-86.40366, 36.303772], [-86.403113, 36.305076], [-86.402796, 36.305255], [-86.402689, 36.305224], [-86.402502, 36.305089], [-86.402144, 36.305107], [-86.402112, 36.305155], [-86.402176, 36.305248], [-86.402311, 36.30533], [-86.402338, 36.305377], [-86.40233, 36.305489], [-86.402242, 36.305567], [-86.401963, 36.305597], [-86.401476, 36.305539], [-86.400773, 36.305508], [-86.400079, 36.305359], [-86.399459, 36.305414], [-86.398048, 36.305685], [-86.397628, 36.305735], [-86.397423, 36.305698], [-86.397301, 36.305606], [-86.39724, 36.305353], [-86.397161, 36.305364], [-86.397168, 36.305459], [-86.397224, 36.305498], [-86.397201, 36.305551], [-86.397163, 36.305561], [-86.397143, 36.305801], [-86.397086, 36.305848], [-86.395482, 36.306228], [-86.394635, 36.306493], [-86.394518, 36.306516], [-86.394271, 36.306479], [-86.394242, 36.30661], [-86.394146, 36.30668], [-86.393756, 36.306929], [-86.392959, 36.307301], [-86.392676, 36.30755], [-86.39223, 36.307802], [-86.391974, 36.307993], [-86.391846, 36.308103], [-86.39184, 36.308159], [-86.391512, 36.308287], [-86.391209, 36.308357], [-86.390957, 36.308374], [-86.390971, 36.308082], [-86.391234, 36.307876], [-86.391275, 36.307637], [-86.391368, 36.307501], [-86.391366, 36.307342], [-86.391673, 36.306954], [-86.391795, 36.306677], [-86.392051, 36.306484], [-86.392012, 36.306426], [-86.392443, 36.30581], [-86.392407, 36.305694], [-86.392334, 36.305628], [-86.39187, 36.305854], [-86.391745, 36.305894], [-86.391491, 36.30591], [-86.391469, 36.305925], [-86.391489, 36.305947], [-86.391596, 36.305949], [-86.391607, 36.306044], [-86.3911, 36.30627], [-86.390692, 36.306557], [-86.390318, 36.306745], [-86.390172, 36.306896], [-86.390094, 36.307297], [-86.389979, 36.307398], [-86.389946, 36.307477], [-86.389949, 36.307587], [-86.3899, 36.307626], [-86.389813, 36.307593], [-86.389607, 36.307359], [-86.389171, 36.306509], [-86.38909, 36.306501], [-86.389022, 36.306537], [-86.388972, 36.306486], [-86.388869, 36.306472], [-86.388697, 36.30635], [-86.388604, 36.306341], [-86.388466, 36.306714], [-86.388194, 36.306945], [-86.388198, 36.30711], [-86.388278, 36.30735], [-86.388215, 36.307483], [-86.388118, 36.307541], [-86.387892, 36.307594], [-86.387018, 36.307644], [-86.386814, 36.307712], [-86.385052, 36.30805], [-86.384909, 36.308171], [-86.384896, 36.308248], [-86.384934, 36.308438], [-86.384771, 36.308648], [-86.384694, 36.308666], [-86.384498, 36.308616], [-86.384312, 36.308647], [-86.384177, 36.308717], [-86.384162, 36.308799], [-86.384177, 36.308866], [-86.384313, 36.308927], [-86.384953, 36.309012], [-86.384992, 36.308992], [-86.385004, 36.308882], [-86.385039, 36.308863], [-86.385224, 36.308792], [-86.385637, 36.30872], [-86.385931, 36.308772], [-86.386479, 36.308788], [-86.386893, 36.308869], [-86.387171, 36.308854], [-86.387584, 36.308943], [-86.387662, 36.308904], [-86.387743, 36.308933], [-86.387786, 36.308927], [-86.387793, 36.308863], [-86.387926, 36.308782], [-86.388049, 36.308726], [-86.388255, 36.308693], [-86.388678, 36.308851], [-86.389125, 36.308783], [-86.389487, 36.308789], [-86.390209, 36.308532], [-86.390555, 36.308313], [-86.390745, 36.308688], [-86.390724, 36.308724], [-86.39075, 36.308971], [-86.390607, 36.309159], [-86.390252, 36.309433], [-86.390008, 36.30968], [-86.38996, 36.309826], [-86.389881, 36.309919], [-86.389121, 36.310768], [-86.388722, 36.311135], [-86.387459, 36.311953], [-86.387085, 36.312315], [-86.386976, 36.31238], [-86.386619, 36.312529], [-86.386141, 36.312663], [-86.385909, 36.312618], [-86.385758, 36.312537], [-86.385003, 36.311978], [-86.384899, 36.311959], [-86.384407, 36.311994], [-86.383569, 36.311775], [-86.38314, 36.311804], [-86.382933, 36.312005], [-86.382837, 36.311938], [-86.382774, 36.311957], [-86.382712, 36.312044], [-86.38245, 36.312176], [-86.382434, 36.31222], [-86.382699, 36.312173], [-86.382973, 36.312214], [-86.383349, 36.312392], [-86.384995, 36.312918], [-86.385049, 36.312999], [-86.385033, 36.31325], [-86.38487, 36.313807], [-86.384701, 36.313953], [-86.384281, 36.314209], [-86.384027, 36.31421], [-86.383751, 36.314144], [-86.383287, 36.313963], [-86.382878, 36.31397], [-86.382452, 36.3139], [-86.381928, 36.314111], [-86.381696, 36.314174], [-86.380199, 36.314366], [-86.379722, 36.314578], [-86.378504, 36.314951], [-86.378265, 36.314955], [-86.378031, 36.314914], [-86.377687, 36.314732], [-86.377405, 36.314772], [-86.377255, 36.314723], [-86.377137, 36.314728], [-86.377143, 36.314759], [-86.377497, 36.315018], [-86.377892, 36.315194], [-86.378075, 36.31533], [-86.378057, 36.315392], [-86.378143, 36.315481], [-86.378465, 36.315567], [-86.378908, 36.315543], [-86.379341, 36.315479], [-86.379843, 36.315363], [-86.380245, 36.315233], [-86.380763, 36.315129], [-86.381038, 36.315172], [-86.381486, 36.315174], [-86.382161, 36.315125], [-86.382488, 36.315059], [-86.382776, 36.31504], [-86.383376, 36.315072], [-86.383721, 36.31515], [-86.383797, 36.315262], [-86.383774, 36.315593], [-86.383724, 36.31582], [-86.383545, 36.316122], [-86.383489, 36.316156], [-86.383452, 36.316246], [-86.383067, 36.31675], [-86.382587, 36.317296], [-86.382494, 36.317459], [-86.382225, 36.317601], [-86.381985, 36.317873], [-86.381981, 36.317984], [-86.382046, 36.318083], [-86.38221, 36.318137], [-86.382814, 36.317845], [-86.382979, 36.317736], [-86.383424, 36.317718], [-86.383471, 36.317614], [-86.383437, 36.31745], [-86.383763, 36.317249], [-86.383956, 36.316987], [-86.384087, 36.31692], [-86.384128, 36.316861], [-86.384207, 36.316613], [-86.384721, 36.31572], [-86.384745, 36.315649], [-86.384735, 36.315248], [-86.384807, 36.31508], [-86.384924, 36.31496], [-86.385066, 36.31491], [-86.385151, 36.314983], [-86.38524, 36.315213], [-86.385182, 36.315484], [-86.384909, 36.316028], [-86.38488, 36.316332], [-86.384909, 36.316453], [-86.384677, 36.316829], [-86.38452, 36.317237], [-86.384514, 36.31737], [-86.384623, 36.317472], [-86.384633, 36.317631], [-86.384546, 36.317908], [-86.384523, 36.318094], [-86.384564, 36.318281], [-86.384492, 36.318482], [-86.38441, 36.31858], [-86.384175, 36.318653], [-86.383858, 36.318676], [-86.383528, 36.318646], [-86.383315, 36.318705], [-86.382962, 36.318963], [-86.382807, 36.31925], [-86.382435, 36.319739], [-86.382353, 36.319942], [-86.382341, 36.320072], [-86.382413, 36.320257], [-86.382538, 36.320393], [-86.382648, 36.320417], [-86.382732, 36.32036], [-86.382961, 36.32], [-86.383259, 36.319746], [-86.383952, 36.319477], [-86.384156, 36.319471], [-86.384304, 36.319517], [-86.384276, 36.319783], [-86.384219, 36.319911], [-86.384058, 36.320148], [-86.383975, 36.32041], [-86.38377, 36.320726], [-86.38374, 36.320887], [-86.383553, 36.321142], [-86.383432, 36.321474], [-86.383255, 36.321822], [-86.382682, 36.322113], [-86.38256, 36.322278], [-86.38239, 36.322645], [-86.382156, 36.322906], [-86.382142, 36.32341], [-86.382047, 36.32358], [-86.382037, 36.323676], [-86.382068, 36.323837], [-86.382167, 36.324047], [-86.382182, 36.324433], [-86.38204, 36.324593], [-86.381974, 36.324947], [-86.382211, 36.325308], [-86.382301, 36.325555], [-86.382371, 36.325598], [-86.38242, 36.325485], [-86.382468, 36.325478], [-86.382508, 36.325712], [-86.382556, 36.325736], [-86.382653, 36.32572], [-86.382694, 36.325407], [-86.382813, 36.325272], [-86.382855, 36.32481], [-86.382821, 36.324734], [-86.382931, 36.324127], [-86.383253, 36.323253], [-86.383373, 36.323149], [-86.383939, 36.323134], [-86.383978, 36.323109], [-86.38409, 36.32296], [-86.384107, 36.32266], [-86.384188, 36.32249], [-86.384486, 36.322286], [-86.384525, 36.322199], [-86.38466, 36.322089], [-86.384751, 36.321897], [-86.38504, 36.321615], [-86.385237, 36.321508], [-86.38532, 36.321406], [-86.385335, 36.321353], [-86.385242, 36.320888], [-86.385293, 36.320805], [-86.38537, 36.320783], [-86.3854, 36.320715], [-86.385369, 36.320493], [-86.38539, 36.320428], [-86.385488, 36.320318], [-86.385718, 36.320159], [-86.385826, 36.319903], [-86.385758, 36.31977], [-86.385752, 36.319677], [-86.385641, 36.319532], [-86.385654, 36.319453], [-86.38581, 36.31938], [-86.385975, 36.319455], [-86.386008, 36.319505], [-86.386049, 36.319802], [-86.385982, 36.320197], [-86.386083, 36.320281], [-86.386208, 36.32082], [-86.386296, 36.320964], [-86.386285, 36.321104], [-86.386074, 36.321407], [-86.386066, 36.321521], [-86.386118, 36.321681], [-86.386434, 36.322154], [-86.386432, 36.322469], [-86.386496, 36.322789], [-86.386474, 36.323346], [-86.386407, 36.323348], [-86.386187, 36.323035], [-86.38613, 36.322809], [-86.386182, 36.322608], [-86.386167, 36.322375], [-86.386085, 36.32219], [-86.38596, 36.322101], [-86.385731, 36.322081], [-86.385526, 36.322165], [-86.38518, 36.322627], [-86.38511, 36.322837], [-86.385314, 36.323178], [-86.385347, 36.323333], [-86.385308, 36.323509], [-86.385452, 36.323917], [-86.385783, 36.324142], [-86.385922, 36.324344], [-86.386281, 36.32454], [-86.386352, 36.324734], [-86.386413, 36.324808], [-86.386456, 36.324939], [-86.386248, 36.325147], [-86.386333, 36.325361], [-86.386298, 36.325436], [-86.386384, 36.325492], [-86.386388, 36.325939], [-86.386306, 36.326041], [-86.38582, 36.325952], [-86.385683, 36.325687], [-86.385575, 36.325254], [-86.38551, 36.325146], [-86.385361, 36.325008], [-86.385294, 36.324877], [-86.385196, 36.324875], [-86.385044, 36.325271], [-86.385102, 36.325449], [-86.385089, 36.325546], [-86.385003, 36.325649], [-86.384997, 36.325719], [-86.385047, 36.325853], [-86.385126, 36.325943], [-86.385038, 36.326152], [-86.385028, 36.326249], [-86.385067, 36.326387], [-86.385211, 36.326494], [-86.385303, 36.326516], [-86.385758, 36.326484], [-86.38585, 36.326537], [-86.385839, 36.326566], [-86.385742, 36.326594], [-86.385342, 36.32664], [-86.385053, 36.326578], [-86.384964, 36.326676], [-86.384972, 36.327], [-86.385013, 36.32716], [-86.385182, 36.32737], [-86.385363, 36.327796], [-86.385492, 36.327857], [-86.385227, 36.328098], [-86.384918, 36.328256], [-86.384795, 36.328422], [-86.384872, 36.329308], [-86.385092, 36.329615], [-86.38513, 36.329811], [-86.385182, 36.32987], [-86.385243, 36.329887], [-86.385412, 36.329811], [-86.385633, 36.329593], [-86.38585, 36.329043], [-86.385913, 36.329014], [-86.385933, 36.329044], [-86.385913, 36.329697], [-86.385872, 36.32981], [-86.385756, 36.329942], [-86.38578, 36.330294], [-86.385706, 36.33095], [-86.385631, 36.330956], [-86.385556, 36.330902], [-86.3854, 36.330629], [-86.385393, 36.330562], [-86.385343, 36.330532], [-86.385264, 36.330576], [-86.385262, 36.330828], [-86.385121, 36.331016], [-86.385148, 36.331156], [-86.385514, 36.331422], [-86.385612, 36.331544], [-86.385644, 36.331699], [-86.385532, 36.331824], [-86.385196, 36.332002], [-86.385115, 36.332118], [-86.385123, 36.33231], [-86.385085, 36.332471], [-86.385103, 36.33267], [-86.385154, 36.332741], [-86.385374, 36.332898], [-86.385406, 36.333076], [-86.385388, 36.333191], [-86.38514, 36.333221], [-86.385024, 36.333291], [-86.384997, 36.333347], [-86.384994, 36.333432], [-86.385054, 36.333603], [-86.385261, 36.333764], [-86.385252, 36.333874], [-86.384981, 36.334366], [-86.38491, 36.33485], [-86.384917, 36.335018], [-86.384412, 36.33531], [-86.384247, 36.335428], [-86.384217, 36.335483], [-86.384238, 36.335554], [-86.384361, 36.335643], [-86.38443, 36.335663], [-86.384677, 36.335633], [-86.384837, 36.335887], [-86.384686, 36.336232], [-86.384706, 36.336485], [-86.384646, 36.33658], [-86.384707, 36.336718], [-86.384465, 36.336665], [-86.384389, 36.336675], [-86.384312, 36.336747], [-86.384087, 36.336758], [-86.384019, 36.336809], [-86.383959, 36.337028], [-86.383826, 36.337271], [-86.383741, 36.337367], [-86.383526, 36.337451], [-86.383467, 36.337526], [-86.383418, 36.337702], [-86.383443, 36.337786], [-86.383565, 36.337933], [-86.383493, 36.338223], [-86.383369, 36.338373], [-86.383312, 36.338724], [-86.383267, 36.338795], [-86.383313, 36.339166], [-86.383444, 36.339062], [-86.383617, 36.338817], [-86.383687, 36.338626], [-86.383845, 36.338487], [-86.384056, 36.338228], [-86.384177, 36.337932], [-86.384203, 36.337789], [-86.384167, 36.337554], [-86.384185, 36.3375], [-86.384641, 36.337307], [-86.384675, 36.337233], [-86.384807, 36.337116], [-86.384875, 36.337095], [-86.384966, 36.337138], [-86.384986, 36.337238], [-86.384925, 36.337474], [-86.384942, 36.337632], [-86.384687, 36.338043], [-86.384646, 36.338248], [-86.384455, 36.338589], [-86.383965, 36.339217], [-86.383945, 36.339314], [-86.383371, 36.340313], [-86.383301, 36.340398], [-86.383204, 36.340452], [-86.383052, 36.340354], [-86.382746, 36.340234], [-86.382485, 36.339911], [-86.382372, 36.339846], [-86.381626, 36.339881], [-86.381393, 36.339864], [-86.381148, 36.339697], [-86.380707, 36.339538], [-86.380589, 36.339291], [-86.38029, 36.339165], [-86.380339, 36.338674], [-86.38051, 36.338486], [-86.380817, 36.338295], [-86.380955, 36.337999], [-86.380928, 36.337986], [-86.380542, 36.338157], [-86.38034, 36.338283], [-86.379921, 36.338333], [-86.379763, 36.338201], [-86.379753, 36.33825], [-86.379869, 36.338594], [-86.379864, 36.338701], [-86.37977, 36.338875], [-86.379726, 36.339101], [-86.379632, 36.339248], [-86.379346, 36.33947], [-86.379151, 36.33954], [-86.37867, 36.339566], [-86.378544, 36.339682], [-86.378518, 36.339901], [-86.378395, 36.340033], [-86.378007, 36.340251], [-86.377908, 36.340353], [-86.377569, 36.340432], [-86.377517, 36.340707], [-86.377477, 36.340777], [-86.37736, 36.34084], [-86.377057, 36.340923], [-86.376685, 36.340916], [-86.376194, 36.340665], [-86.375803, 36.340604], [-86.375687, 36.340456], [-86.375288, 36.340223], [-86.375042, 36.339945], [-86.375016, 36.339876], [-86.374875, 36.339825], [-86.37461, 36.33982], [-86.374552, 36.339787], [-86.374535, 36.339636], [-86.37456, 36.33943], [-86.374501, 36.339334], [-86.374497, 36.339223], [-86.374602, 36.33907], [-86.374624, 36.338726], [-86.3746, 36.338658], [-86.374698, 36.338537], [-86.374738, 36.338397], [-86.374667, 36.338251], [-86.374608, 36.337984], [-86.374525, 36.33788], [-86.374479, 36.337886], [-86.374403, 36.338118], [-86.374351, 36.33816], [-86.374238, 36.338417], [-86.374077, 36.338676], [-86.374066, 36.338833], [-86.373885, 36.339112], [-86.373793, 36.339196], [-86.373701, 36.339589], [-86.37354, 36.339706], [-86.373521, 36.339758], [-86.373589, 36.339905], [-86.373658, 36.339941], [-86.373547, 36.340157], [-86.373734, 36.340264], [-86.373862, 36.340286], [-86.373879, 36.340398], [-86.373774, 36.340511], [-86.373692, 36.340725], [-86.373485, 36.340915], [-86.373309, 36.341127], [-86.3733, 36.341199], [-86.37321, 36.341303], [-86.373189, 36.341353], [-86.373241, 36.341562], [-86.373325, 36.341566], [-86.373572, 36.341436], [-86.373757, 36.34126], [-86.373988, 36.341213], [-86.374343, 36.341012], [-86.374539, 36.340848], [-86.374618, 36.340838], [-86.37518, 36.340999], [-86.375284, 36.341061], [-86.375354, 36.341142], [-86.375397, 36.341475], [-86.37552, 36.341581], [-86.375605, 36.341707], [-86.375594, 36.341824], [-86.37563, 36.341841], [-86.375688, 36.341827], [-86.375667, 36.341523], [-86.37571, 36.341503], [-86.375821, 36.34161], [-86.375876, 36.341621], [-86.376242, 36.34151], [-86.376313, 36.341514], [-86.376454, 36.341655], [-86.376605, 36.34192], [-86.376705, 36.341894], [-86.37677, 36.341773], [-86.376873, 36.341701], [-86.376923, 36.341756], [-86.377422, 36.341679], [-86.377604, 36.341702], [-86.377876, 36.341926], [-86.378131, 36.342062], [-86.378183, 36.342063], [-86.378298, 36.341895], [-86.378634, 36.341162], [-86.378825, 36.341011], [-86.378906, 36.340884], [-86.379025, 36.340814], [-86.37916, 36.340654], [-86.379306, 36.340585], [-86.379396, 36.340605], [-86.379517, 36.340556], [-86.379906, 36.340365], [-86.379934, 36.3403], [-86.380012, 36.340243], [-86.380361, 36.340136], [-86.381191, 36.340454], [-86.381768, 36.340533], [-86.381827, 36.340583], [-86.381984, 36.340976], [-86.382032, 36.341002], [-86.382101, 36.340975], [-86.382233, 36.34079], [-86.382298, 36.340746], [-86.38254, 36.340789], [-86.382717, 36.340865], [-86.382775, 36.34091], [-86.382775, 36.340975], [-86.382723, 36.341087], [-86.382484, 36.341403], [-86.382374, 36.341458], [-86.382174, 36.341756], [-86.382064, 36.341848], [-86.381952, 36.342007], [-86.381668, 36.342248], [-86.381631, 36.342345], [-86.381715, 36.342448], [-86.381684, 36.342506], [-86.381361, 36.342579], [-86.381107, 36.342713], [-86.380604, 36.343374], [-86.380046, 36.343779], [-86.379973, 36.343794], [-86.379809, 36.343679], [-86.379681, 36.343639], [-86.379425, 36.343763], [-86.379303, 36.343943], [-86.379164, 36.344471], [-86.37909, 36.344578], [-86.378894, 36.344777], [-86.378829, 36.344807], [-86.378742, 36.344972], [-86.378581, 36.345064], [-86.378428, 36.345281], [-86.378184, 36.345482], [-86.377868, 36.345672], [-86.377842, 36.345759], [-86.377693, 36.345967], [-86.37754, 36.346052], [-86.377186, 36.345881], [-86.37751, 36.345666], [-86.377596, 36.345517], [-86.377587, 36.345435], [-86.377388, 36.345162], [-86.377289, 36.345098], [-86.377031, 36.345009], [-86.376931, 36.344931], [-86.376851, 36.344923], [-86.376933, 36.345222], [-86.376897, 36.345413], [-86.376971, 36.345572], [-86.376794, 36.34577], [-86.376643, 36.345875], [-86.376414, 36.346371], [-86.376789, 36.346278], [-86.376985, 36.346265], [-86.377091, 36.346271], [-86.377096, 36.346395], [-86.376923, 36.346647], [-86.376449, 36.347107], [-86.376065, 36.347251], [-86.375914, 36.347367], [-86.375817, 36.347478], [-86.375706, 36.347726], [-86.375376, 36.347911], [-86.375169, 36.347947], [-86.374776, 36.348089], [-86.374697, 36.348148], [-86.374433, 36.348227], [-86.373922, 36.348516], [-86.37374, 36.348509], [-86.373575, 36.348446], [-86.373525, 36.348208], [-86.373446, 36.348151], [-86.37277, 36.348278], [-86.372596, 36.348392], [-86.372356, 36.348469], [-86.372322, 36.348516], [-86.372292, 36.348777], [-86.372242, 36.348866], [-86.371901, 36.349275], [-86.371882, 36.349457], [-86.371913, 36.349594], [-86.371854, 36.349973], [-86.371703, 36.350093], [-86.371454, 36.350194], [-86.371121, 36.350264], [-86.370989, 36.350421], [-86.370932, 36.350695], [-86.370945, 36.350754], [-86.371028, 36.35092], [-86.37115, 36.351045], [-86.371152, 36.351103], [-86.370979, 36.351432], [-86.37065, 36.351745], [-86.370635, 36.351892], [-86.370527, 36.351992], [-86.369644, 36.352394], [-86.369233, 36.352516], [-86.368511, 36.352487], [-86.36814, 36.352328], [-86.367238, 36.352333], [-86.366483, 36.35245], [-86.366348, 36.352516], [-86.366105, 36.352572], [-86.365947, 36.352685], [-86.365938, 36.352786], [-86.366109, 36.352865], [-86.366407, 36.353155], [-86.366495, 36.353402], [-86.366443, 36.353561], [-86.366482, 36.35361], [-86.366973, 36.353677], [-86.367101, 36.353758], [-86.367158, 36.353879], [-86.367162, 36.35399], [-86.367114, 36.354053], [-86.36643, 36.354049], [-86.366288, 36.35411], [-86.366271, 36.354158], [-86.36633, 36.354184], [-86.366332, 36.354233], [-86.36619, 36.354341], [-86.366189, 36.354397], [-86.366241, 36.35442], [-86.366495, 36.354451], [-86.366675, 36.354354], [-86.366805, 36.354452], [-86.367067, 36.354501], [-86.367446, 36.354424], [-86.36754, 36.35432], [-86.368084, 36.354256], [-86.368332, 36.354181], [-86.368571, 36.354165], [-86.36873, 36.35422], [-86.368841, 36.3541], [-86.369045, 36.354111], [-86.369332, 36.353996], [-86.369399, 36.354031], [-86.369559, 36.354231], [-86.370001, 36.354206], [-86.370079, 36.354159], [-86.370237, 36.353855], [-86.370253, 36.353429], [-86.370227, 36.353328], [-86.370119, 36.353195], [-86.370138, 36.352994], [-86.370361, 36.352911], [-86.370753, 36.352949], [-86.37078, 36.353018], [-86.370767, 36.353101], [-86.370799, 36.353147], [-86.370896, 36.353159], [-86.371118, 36.353002], [-86.371331, 36.352744], [-86.371299, 36.352648], [-86.371318, 36.352606], [-86.371384, 36.352563], [-86.371614, 36.352546], [-86.371666, 36.352501], [-86.371729, 36.352264], [-86.371702, 36.351703], [-86.371798, 36.351536], [-86.371858, 36.351325], [-86.37208, 36.351119], [-86.372159, 36.350997], [-86.372166, 36.350793], [-86.3722, 36.350753], [-86.372416, 36.350682], [-86.372528, 36.350602], [-86.372832, 36.350511], [-86.372871, 36.350387], [-86.372933, 36.350388], [-86.372931, 36.350648], [-86.372861, 36.350781], [-86.372827, 36.351015], [-86.372763, 36.35106], [-86.372723, 36.35135], [-86.372747, 36.351476], [-86.372857, 36.351641], [-86.373297, 36.351608], [-86.373348, 36.351645], [-86.37333, 36.351747], [-86.373268, 36.351849], [-86.37329, 36.351898], [-86.373406, 36.351972], [-86.373662, 36.351924], [-86.374015, 36.351654], [-86.374133, 36.351528], [-86.374386, 36.351375], [-86.374539, 36.351126], [-86.374865, 36.350776], [-86.37495, 36.35058], [-86.375081, 36.350493], [-86.376022, 36.349428], [-86.376079, 36.349422], [-86.376034, 36.349651], [-86.37593, 36.349886], [-86.375753, 36.350158], [-86.375389, 36.350828], [-86.375354, 36.350941], [-86.375172, 36.35124], [-86.375011, 36.35133], [-86.374986, 36.351425], [-86.374899, 36.351521], [-86.373487, 36.352613], [-86.372946, 36.352814], [-86.372385, 36.353173], [-86.371708, 36.353507], [-86.370303, 36.354412], [-86.370164, 36.354569], [-86.370224, 36.354674], [-86.369798, 36.355018], [-86.369433, 36.355212], [-86.369332, 36.355165], [-86.369227, 36.355186], [-86.368685, 36.355608], [-86.368551, 36.355802], [-86.368489, 36.356114], [-86.368387, 36.356228], [-86.367758, 36.356584], [-86.367567, 36.356728], [-86.367293, 36.356823], [-86.367223, 36.356788], [-86.367249, 36.356615], [-86.36757, 36.356333], [-86.367899, 36.355971], [-86.36832, 36.355704], [-86.368361, 36.35553], [-86.368879, 36.355098], [-86.369096, 36.3548], [-86.36891, 36.354679], [-86.368778, 36.354677], [-86.368149, 36.354927], [-86.366665, 36.355317], [-86.366041, 36.355357], [-86.365508, 36.355444], [-86.364926, 36.35548], [-86.364655, 36.355475], [-86.364465, 36.355431], [-86.364234, 36.355504], [-86.363953, 36.355539], [-86.36258, 36.355241], [-86.362341, 36.355263], [-86.362199, 36.355134], [-86.36181, 36.355004], [-86.361613, 36.354888], [-86.361197, 36.354751], [-86.361076, 36.354604], [-86.360766, 36.354393], [-86.36075, 36.354346], [-86.360845, 36.354198], [-86.360771, 36.354043], [-86.360712, 36.354006], [-86.360468, 36.354032], [-86.360396, 36.354146], [-86.360317, 36.354173], [-86.360238, 36.35416], [-86.360165, 36.35409], [-86.36015, 36.353916], [-86.360196, 36.353851], [-86.360441, 36.35374], [-86.360545, 36.353461], [-86.360639, 36.353327], [-86.360702, 36.35331], [-86.360812, 36.353355], [-86.360902, 36.353523], [-86.360998, 36.353312], [-86.36109, 36.35326], [-86.361337, 36.353304], [-86.361506, 36.353216], [-86.361609, 36.353112], [-86.361804, 36.353027], [-86.36211, 36.35302], [-86.362186, 36.353047], [-86.362359, 36.353214], [-86.362453, 36.353202], [-86.362551, 36.353137], [-86.362362, 36.352816], [-86.362481, 36.352652], [-86.362627, 36.352543], [-86.362701, 36.35238], [-86.362666, 36.352274], [-86.362696, 36.352135], [-86.3625, 36.352101], [-86.362313, 36.352294], [-86.362076, 36.352367], [-86.361965, 36.352368], [-86.361697, 36.352283], [-86.361417, 36.352238], [-86.361087, 36.352321], [-86.360918, 36.352301], [-86.360819, 36.352255], [-86.36076, 36.35218], [-86.360644, 36.351924], [-86.360411, 36.351832], [-86.360354, 36.351688], [-86.360306, 36.351644], [-86.359993, 36.35154], [-86.359794, 36.351384], [-86.359557, 36.351348], [-86.35935, 36.351479], [-86.359135, 36.351479], [-86.358893, 36.351178], [-86.358707, 36.351118], [-86.358573, 36.351024], [-86.358281, 36.351044], [-86.358252, 36.351074], [-86.35827, 36.351106], [-86.358414, 36.351167], [-86.358655, 36.351494], [-86.358883, 36.351717], [-86.359414, 36.351819], [-86.359564, 36.352222], [-86.359723, 36.352458], [-86.359806, 36.352526], [-86.359972, 36.352566], [-86.360059, 36.352632], [-86.360035, 36.352828], [-86.359975, 36.35292], [-86.35981, 36.353018], [-86.359745, 36.353099], [-86.359614, 36.353381], [-86.359524, 36.353431], [-86.359308, 36.353423], [-86.358941, 36.353252], [-86.358889, 36.353155], [-86.358799, 36.353093], [-86.358102, 36.352855], [-86.357931, 36.352698], [-86.357177, 36.352338], [-86.356878, 36.352066], [-86.35665, 36.351959], [-86.356482, 36.351839], [-86.356218, 36.351752], [-86.355939, 36.351582], [-86.355379, 36.351057], [-86.355035, 36.350858], [-86.354478, 36.350409], [-86.354492, 36.350248], [-86.354591, 36.350029], [-86.354597, 36.349968], [-86.354562, 36.349908], [-86.354344, 36.349852], [-86.354009, 36.349895], [-86.353939, 36.349963], [-86.35385, 36.350204], [-86.353859, 36.350427], [-86.354038, 36.350643], [-86.354134, 36.350677], [-86.354208, 36.350921], [-86.354325, 36.350969], [-86.354629, 36.351258], [-86.355005, 36.351489], [-86.355248, 36.351723], [-86.356636, 36.352741], [-86.357133, 36.353259], [-86.357468, 36.353451], [-86.357557, 36.353554], [-86.357878, 36.353793], [-86.358145, 36.353938], [-86.358602, 36.354046], [-86.359205, 36.35442], [-86.359191, 36.35447], [-86.359141, 36.354498], [-86.358917, 36.354513], [-86.35883, 36.354583], [-86.35877, 36.354689], [-86.358765, 36.354845], [-86.358701, 36.354875], [-86.358609, 36.354866], [-86.358193, 36.354652], [-86.357799, 36.354276], [-86.357646, 36.35418], [-86.357083, 36.353925], [-86.356739, 36.353722], [-86.35656, 36.353675], [-86.356396, 36.353493], [-86.355585, 36.353025], [-86.355504, 36.352932], [-86.355352, 36.352852], [-86.355098, 36.352639], [-86.354511, 36.352268], [-86.354094, 36.351886], [-86.35343, 36.351384], [-86.352574, 36.350621], [-86.352519, 36.350527], [-86.352209, 36.350234], [-86.351918, 36.349857], [-86.351805, 36.3498], [-86.351598, 36.349591], [-86.351515, 36.349445], [-86.351315, 36.349228], [-86.351102, 36.349153], [-86.351228, 36.349046], [-86.351224, 36.348994], [-86.351088, 36.348879], [-86.3508, 36.348514], [-86.350641, 36.348365], [-86.350649, 36.348329], [-86.35087, 36.348296], [-86.351005, 36.348229], [-86.351098, 36.34806], [-86.351094, 36.347956], [-86.351017, 36.347764], [-86.35105, 36.347677], [-86.351136, 36.347596], [-86.351078, 36.347405], [-86.351007, 36.347302], [-86.350686, 36.347177], [-86.350652, 36.347139], [-86.350651, 36.347085], [-86.350712, 36.347058], [-86.350926, 36.347065], [-86.351012, 36.347034], [-86.351045, 36.346964], [-86.351035, 36.346778], [-86.350953, 36.346632], [-86.350873, 36.3466], [-86.350742, 36.346603], [-86.350654, 36.34664], [-86.350594, 36.346714], [-86.350565, 36.346792], [-86.350602, 36.346948], [-86.350566, 36.346967], [-86.350478, 36.346934], [-86.350203, 36.346361], [-86.350228, 36.346311], [-86.350385, 36.346328], [-86.35074, 36.346457], [-86.350954, 36.346491], [-86.351038, 36.346543], [-86.351216, 36.346774], [-86.351243, 36.346853], [-86.351246, 36.346944], [-86.351103, 36.34708], [-86.3511, 36.347124], [-86.351286, 36.347288], [-86.351418, 36.347353], [-86.351485, 36.34735], [-86.351562, 36.3473], [-86.351647, 36.347178], [-86.351692, 36.347182], [-86.352516, 36.347916], [-86.352866, 36.348009], [-86.353105, 36.347968], [-86.353319, 36.347663], [-86.353578, 36.347548], [-86.354132, 36.347601], [-86.35448, 36.347758], [-86.355027, 36.347761], [-86.355264, 36.347686], [-86.355369, 36.347633], [-86.355398, 36.347585], [-86.355582, 36.347505], [-86.355616, 36.347369], [-86.355737, 36.347272], [-86.355719, 36.347225], [-86.355489, 36.347284], [-86.35522, 36.347306], [-86.355173, 36.34734], [-86.35489, 36.347363], [-86.354603, 36.347268], [-86.354504, 36.347123], [-86.354515, 36.347047], [-86.354696, 36.346744], [-86.354804, 36.34664], [-86.354802, 36.346539], [-86.354881, 36.3464], [-86.354876, 36.346347], [-86.355053, 36.346251], [-86.355083, 36.346059], [-86.355144, 36.346017], [-86.355129, 36.345837], [-86.354986, 36.345812], [-86.354958, 36.345779], [-86.354899, 36.345772], [-86.354835, 36.345813], [-86.354766, 36.345938], [-86.354406, 36.346215], [-86.354372, 36.346308], [-86.354227, 36.346484], [-86.353995, 36.346678], [-86.35385, 36.346742], [-86.353493, 36.346816], [-86.353329, 36.346725], [-86.353234, 36.346593], [-86.353167, 36.346289], [-86.353186, 36.345953], [-86.352918, 36.345625], [-86.352877, 36.345445], [-86.352876, 36.345221], [-86.352989, 36.345102], [-86.352923, 36.345089], [-86.352556, 36.345283], [-86.352481, 36.345388], [-86.352441, 36.345529], [-86.352506, 36.346026], [-86.352645, 36.346416], [-86.35264, 36.346647], [-86.352603, 36.346679], [-86.352326, 36.346696], [-86.352224, 36.346673], [-86.352118, 36.346589], [-86.351866, 36.346473], [-86.35158, 36.346151], [-86.351403, 36.346065], [-86.351233, 36.345789], [-86.350943, 36.345622], [-86.350535, 36.345587], [-86.350362, 36.345469], [-86.350348, 36.345396], [-86.35044, 36.345058], [-86.350455, 36.344823], [-86.350032, 36.344605], [-86.349738, 36.34425], [-86.349757, 36.344205], [-86.350049, 36.344112], [-86.350639, 36.343851], [-86.350691, 36.34378], [-86.350689, 36.343721], [-86.350577, 36.343605], [-86.350216, 36.343602], [-86.350035, 36.34372], [-86.349808, 36.34376], [-86.349602, 36.343704], [-86.34925, 36.343306], [-86.349011, 36.34294], [-86.34892, 36.342692], [-86.349008, 36.342597], [-86.349132, 36.342626], [-86.349538, 36.342796], [-86.349736, 36.343006], [-86.349868, 36.343075], [-86.350142, 36.343156], [-86.350335, 36.343146], [-86.350518, 36.343049], [-86.350634, 36.34277], [-86.351112, 36.342487], [-86.351143, 36.342313], [-86.351196, 36.342221], [-86.351569, 36.341742], [-86.351797, 36.34155], [-86.351996, 36.34147], [-86.352114, 36.341479], [-86.352443, 36.341709], [-86.352589, 36.34177], [-86.352636, 36.341828], [-86.352683, 36.341823], [-86.352738, 36.341774], [-86.352759, 36.341568], [-86.353124, 36.341453], [-86.353217, 36.34128], [-86.35334, 36.341175], [-86.353292, 36.341108], [-86.353225, 36.341101], [-86.352919, 36.341225], [-86.352798, 36.341225], [-86.352323, 36.340836], [-86.352229, 36.340798], [-86.352145, 36.340691], [-86.351341, 36.340735], [-86.351241, 36.340758], [-86.350962, 36.340943], [-86.350827, 36.341106], [-86.350685, 36.341395], [-86.350344, 36.34171], [-86.350124, 36.341835], [-86.349737, 36.341948], [-86.349589, 36.341962], [-86.349431, 36.341906], [-86.349231, 36.34173], [-86.348943, 36.341197], [-86.348857, 36.341111], [-86.348932, 36.340923], [-86.349216, 36.340937], [-86.349378, 36.34087], [-86.349436, 36.340668], [-86.349676, 36.340201], [-86.350361, 36.339737], [-86.350332, 36.339679], [-86.35024, 36.339615], [-86.349914, 36.339445], [-86.349759, 36.33948], [-86.3493, 36.339704], [-86.349073, 36.339882], [-86.348994, 36.339843], [-86.349179, 36.339033], [-86.349222, 36.339031], [-86.349237, 36.338996], [-86.349179, 36.33889], [-86.349199, 36.338756], [-86.349323, 36.338754], [-86.349541, 36.338553], [-86.349608, 36.33843], [-86.349469, 36.337979], [-86.349421, 36.337908], [-86.349496, 36.337837], [-86.349665, 36.337829], [-86.350389, 36.337912], [-86.350535, 36.337944], [-86.350611, 36.337996], [-86.350779, 36.337991], [-86.350803, 36.337946], [-86.350658, 36.337549], [-86.35055, 36.337457], [-86.349956, 36.337469], [-86.349774, 36.337388], [-86.349653, 36.337261], [-86.349642, 36.337144], [-86.350104, 36.336719], [-86.350214, 36.336683], [-86.350417, 36.336685], [-86.350629, 36.336852], [-86.350679, 36.336859], [-86.350845, 36.33674], [-86.350872, 36.336685], [-86.35106, 36.336684], [-86.351297, 36.33652], [-86.351585, 36.336447], [-86.351704, 36.336515], [-86.351833, 36.336794], [-86.351915, 36.336897], [-86.352493, 36.337456], [-86.352788, 36.337795], [-86.352944, 36.337842], [-86.353418, 36.33783], [-86.35367, 36.337874], [-86.353721, 36.337848], [-86.353871, 36.337641], [-86.353879, 36.337605], [-86.353834, 36.337561], [-86.353659, 36.337473], [-86.35325, 36.337402], [-86.352884, 36.337212], [-86.352787, 36.337105], [-86.35275, 36.337012], [-86.352615, 36.33694], [-86.352534, 36.336858], [-86.352433, 36.336697], [-86.352452, 36.336516], [-86.352351, 36.336282], [-86.352393, 36.336169], [-86.352627, 36.335945], [-86.352674, 36.335849], [-86.352585, 36.335731], [-86.352483, 36.335699], [-86.352298, 36.335715], [-86.352133, 36.335819], [-86.352005, 36.335811], [-86.351975, 36.335717], [-86.352003, 36.33564], [-86.352104, 36.335532], [-86.352111, 36.335427], [-86.352074, 36.335401], [-86.351652, 36.335406], [-86.351476, 36.335532], [-86.351294, 36.335608], [-86.351216, 36.335716], [-86.350768, 36.335856], [-86.350599, 36.335843], [-86.350548, 36.335748], [-86.350665, 36.335538], [-86.350676, 36.335419], [-86.351061, 36.334869], [-86.351259, 36.334384], [-86.351305, 36.334348], [-86.351534, 36.334309], [-86.35166, 36.334359], [-86.351709, 36.334482], [-86.351769, 36.334472], [-86.352093, 36.334094], [-86.352096, 36.333877], [-86.352027, 36.333804], [-86.351965, 36.333778], [-86.351483, 36.333823], [-86.35147, 36.333764], [-86.351595, 36.333753], [-86.351812, 36.333386], [-86.351888, 36.333362], [-86.3519, 36.333274], [-86.351963, 36.333231], [-86.352046, 36.333079], [-86.352019, 36.332999], [-86.352121, 36.332753], [-86.352152, 36.332722], [-86.352351, 36.332683], [-86.352477, 36.332794], [-86.352608, 36.332851], [-86.352747, 36.332814], [-86.35278, 36.332764], [-86.352748, 36.33255], [-86.352441, 36.332225], [-86.352667, 36.331703], [-86.352954, 36.33168], [-86.353073, 36.33161], [-86.353097, 36.331543], [-86.353071, 36.331458], [-86.352883, 36.331272], [-86.352861, 36.33118], [-86.353035, 36.330907], [-86.353168, 36.330452], [-86.353325, 36.330277], [-86.353445, 36.330204], [-86.353508, 36.330211], [-86.353589, 36.330261], [-86.353678, 36.330512], [-86.353746, 36.330524], [-86.354018, 36.330436], [-86.354379, 36.330627], [-86.354941, 36.331039], [-86.355428, 36.331631], [-86.355471, 36.331477], [-86.355752, 36.3315], [-86.35608, 36.331403], [-86.356077, 36.331367], [-86.355695, 36.331181], [-86.355507, 36.331049], [-86.355229, 36.330714], [-86.355003, 36.330515], [-86.354805, 36.33023], [-86.354703, 36.330149], [-86.354192, 36.329974], [-86.3541, 36.329858], [-86.353689, 36.329673], [-86.353648, 36.329616], [-86.353685, 36.329603], [-86.354047, 36.328727], [-86.354003, 36.328678], [-86.353575, 36.328573], [-86.353587, 36.328465], [-86.353551, 36.328423], [-86.35343, 36.328395], [-86.353382, 36.328412], [-86.353303, 36.328514], [-86.352967, 36.328553], [-86.352733, 36.328684], [-86.352666, 36.32893], [-86.352583, 36.329075], [-86.352337, 36.329232], [-86.352067, 36.329553], [-86.351923, 36.329897], [-86.351476, 36.330692], [-86.351452, 36.330972], [-86.351393, 36.331024], [-86.348746, 36.330812], [-86.348432, 36.330812], [-86.348292, 36.330842], [-86.348289, 36.330943], [-86.348328, 36.330958], [-86.348655, 36.330926], [-86.348756, 36.330951], [-86.348803, 36.330982], [-86.348808, 36.331084], [-86.348617, 36.331765], [-86.348427, 36.331879], [-86.348364, 36.331958], [-86.34841, 36.332232], [-86.34823, 36.33276], [-86.348015, 36.333088], [-86.347747, 36.333623], [-86.347623, 36.334148], [-86.347414, 36.334527], [-86.347309, 36.335159], [-86.347393, 36.335377], [-86.347305, 36.335535], [-86.34757, 36.336164], [-86.347598, 36.336413], [-86.347555, 36.336629], [-86.347606, 36.336677], [-86.347569, 36.337002], [-86.347626, 36.337105], [-86.347596, 36.337437], [-86.347648, 36.337557], [-86.347724, 36.337639], [-86.347773, 36.337877], [-86.347861, 36.337872], [-86.348006, 36.33792], [-86.348182, 36.338265], [-86.348451, 36.338402], [-86.348553, 36.338604], [-86.349164, 36.338729], [-86.349133, 36.338879], [-86.348558, 36.338813], [-86.348471, 36.338819], [-86.348391, 36.338886], [-86.348388, 36.338947], [-86.348473, 36.339036], [-86.3487, 36.339156], [-86.348706, 36.339222], [-86.348497, 36.339979], [-86.34837, 36.340261], [-86.348287, 36.340396], [-86.347979, 36.340678], [-86.347912, 36.340784], [-86.347962, 36.341076], [-86.347946, 36.341394], [-86.347891, 36.341497], [-86.347804, 36.341541], [-86.347757, 36.34153], [-86.347711, 36.341455], [-86.347689, 36.340566], [-86.347723, 36.34043], [-86.347667, 36.339591], [-86.347676, 36.339228], [-86.347597, 36.338871], [-86.347583, 36.33865], [-86.347626, 36.338569], [-86.347849, 36.338466], [-86.347859, 36.338382], [-86.347723, 36.338031], [-86.347573, 36.337995], [-86.347511, 36.33786], [-86.347412, 36.337266], [-86.347429, 36.336717], [-86.347381, 36.336678], [-86.347465, 36.336644], [-86.347463, 36.336604], [-86.34741, 36.336562], [-86.347482, 36.336512], [-86.347405, 36.336466], [-86.347349, 36.336251], [-86.347132, 36.335773], [-86.347137, 36.335603], [-86.347076, 36.335326], [-86.347086, 36.33514], [-86.34706, 36.334985], [-86.347007, 36.334958], [-86.347071, 36.334859], [-86.347019, 36.334004], [-86.347067, 36.333776], [-86.346994, 36.333249], [-86.347032, 36.333229], [-86.347043, 36.333166], [-86.347017, 36.332459], [-86.347058, 36.33235], [-86.347006, 36.332265], [-86.347013, 36.33202], [-86.346961, 36.331762], [-86.34696, 36.331487], [-86.346889, 36.331092], [-86.346897, 36.331007], [-86.346975, 36.330891], [-86.346873, 36.330785], [-86.346899, 36.330639], [-86.346836, 36.330361], [-86.346818, 36.329841], [-86.346972, 36.329314], [-86.347033, 36.328995], [-86.347509, 36.328474], [-86.347879, 36.32824], [-86.348113, 36.327993], [-86.349488, 36.327459], [-86.349726, 36.327394], [-86.34993, 36.327378], [-86.350056, 36.327265], [-86.350379, 36.327228], [-86.351234, 36.32686], [-86.352011, 36.326388], [-86.352192, 36.326211], [-86.352767, 36.325832], [-86.352923, 36.325635], [-86.353596, 36.325175], [-86.353834, 36.325052], [-86.354068, 36.324978], [-86.354396, 36.324942], [-86.354499, 36.324863]]}, "properties": {"OBJECTID": 3127, "Category_of_Coastline": "", "Scale_Minimum": "300000", "Source_Date": "20040930", "Source_Indication": "US,U3,USACE,LRN_GIS", "Source_Dataset": "U37CR221.000", "Feature_ID": "U3 1392979656 00001"}}, {"type": "Feature", "id": 3136, "geometry": {"type": "LineString", "coordinates": [[-86.469748, 36.318604], [-86.469565, 36.318704], [-86.469471, 36.318806], [-86.469453, 36.318883], [-86.46921, 36.319015], [-86.469243, 36.318648], [-86.469294, 36.318551], [-86.46981, 36.318566], [-86.469795, 36.318622], [-86.469748, 36.318604]]}, "properties": {"OBJECTID": 3136, "Category_of_Coastline": "", "Scale_Minimum": "300000", "Source_Date": "20040930", "Source_Indication": "US,U3,USACE,LRN_GIS", "Source_Dataset": "U37CR221.000", "Feature_ID": "U3 1392979665 00001"}}, {"type": "Feature", "id": 3144, "geometry": {"type": "LineString", "coordinates": [[-86.490053, 36.311158], [-86.489935, 36.31099], [-86.490134, 36.310898], [-86.490252, 36.311066], [-86.490053, 36.311158]]}, "properties": {"OBJECTID": 3144, "Category_of_Coastline": "", "Scale_Minimum": "300000", "Source_Date": "20040930", "Source_Indication": "US,U3,USACE,LRN_GIS", "Source_Dataset": "U37CR221.000", "Feature_ID": "U3 1392979673 00001"}}, {"type": "Feature", "id": 3150, "geometry": {"type": "LineString", "coordinates": [[-86.475014, 36.335956], [-86.474874, 36.335547], [-86.474573, 36.335112], [-86.474512, 36.334931], [-86.474345, 36.334772], [-86.474323, 36.334504], [-86.474393, 36.334359], [-86.474557, 36.334207], [-86.474574, 36.334145], [-86.474873, 36.334053], [-86.475087, 36.334056], [-86.475183, 36.333982], [-86.475191, 36.333933], [-86.475077, 36.333617], [-86.475043, 36.333265], [-86.475101, 36.332713], [-86.475203, 36.332471], [-86.47528, 36.332393], [-86.475338, 36.332103], [-86.475537, 36.331728], [-86.475676, 36.33133], [-86.475936, 36.331007], [-86.475932, 36.330922], [-86.475961, 36.330887], [-86.475909, 36.330825], [-86.475894, 36.330694], [-86.475966, 36.330571], [-86.475845, 36.330432], [-86.47578, 36.330163], [-86.475702, 36.330011], [-86.475803, 36.32976], [-86.475912, 36.329594], [-86.476063, 36.329481], [-86.476192, 36.329429], [-86.476364, 36.32948], [-86.476754, 36.329395], [-86.477008, 36.32927], [-86.47705, 36.329226], [-86.4771, 36.329063], [-86.477033, 36.328384], [-86.477045, 36.327908], [-86.477143, 36.327254], [-86.47712, 36.327117], [-86.476845, 36.326526], [-86.476515, 36.32632], [-86.476344, 36.326249], [-86.47592, 36.326361], [-86.475573, 36.326276], [-86.475529, 36.326353], [-86.475537, 36.326442], [-86.475699, 36.326462], [-86.475788, 36.326624], [-86.475705, 36.326823], [-86.475446, 36.32709], [-86.475457, 36.327145], [-86.475422, 36.327229], [-86.475451, 36.327287], [-86.475429, 36.327355], [-86.475522, 36.327506], [-86.47559, 36.327772], [-86.475862, 36.327872], [-86.476188, 36.327871], [-86.476432, 36.327954], [-86.476534, 36.328274], [-86.47648, 36.328411], [-86.476676, 36.328698], [-86.476628, 36.328785], [-86.476516, 36.32884], [-86.476126, 36.328864], [-86.475991, 36.328917], [-86.475946, 36.329179], [-86.476012, 36.32931], [-86.475906, 36.329403], [-86.47571, 36.329474], [-86.475666, 36.329396], [-86.475711, 36.329206], [-86.475694, 36.329171], [-86.475278, 36.32908], [-86.475249, 36.328977], [-86.475273, 36.328906], [-86.475154, 36.328688], [-86.475034, 36.328537], [-86.474923, 36.328463], [-86.474885, 36.328321], [-86.474661, 36.32818], [-86.474494, 36.327989], [-86.474487, 36.327829], [-86.474516, 36.327787], [-86.474685, 36.327688], [-86.474764, 36.327732], [-86.474808, 36.327697], [-86.474655, 36.327243], [-86.474555, 36.327087], [-86.474394, 36.326933], [-86.473967, 36.326794], [-86.473522, 36.326923], [-86.473381, 36.326983], [-86.473365, 36.327033], [-86.473707, 36.327276], [-86.473778, 36.327429], [-86.473713, 36.327546], [-86.473577, 36.327663], [-86.473293, 36.327802], [-86.473239, 36.327754], [-86.473203, 36.327772], [-86.473179, 36.327843], [-86.473045, 36.32798], [-86.473058, 36.32812], [-86.473024, 36.328174], [-86.47305, 36.328218], [-86.47298, 36.328433], [-86.472898, 36.328504], [-86.472383, 36.32854], [-86.472376, 36.328459], [-86.472501, 36.328025], [-86.472375, 36.327774], [-86.472286, 36.327706], [-86.472234, 36.327696], [-86.47192, 36.327844], [-86.47174, 36.327888], [-86.470984, 36.328636], [-86.470683, 36.32888], [-86.470249, 36.32937], [-86.469138, 36.330179], [-86.468682, 36.3306], [-86.468529, 36.330632], [-86.468357, 36.330894], [-86.468281, 36.331196], [-86.468186, 36.331288], [-86.468054, 36.331548], [-86.467995, 36.33159], [-86.467692, 36.331685], [-86.467569, 36.331691], [-86.467526, 36.33168], [-86.467411, 36.331458], [-86.467344, 36.331409], [-86.467167, 36.331423], [-86.465115, 36.3325], [-86.464918, 36.332667], [-86.464807, 36.33284], [-86.464587, 36.33302], [-86.46426, 36.333143], [-86.464128, 36.333142], [-86.464, 36.333096], [-86.463387, 36.333452], [-86.463139, 36.333528], [-86.462832, 36.333673], [-86.462046, 36.33413], [-86.461744, 36.334255], [-86.461043, 36.334695], [-86.460757, 36.334793], [-86.460662, 36.33496], [-86.460659, 36.335103], [-86.460701, 36.335237], [-86.460591, 36.33534], [-86.460545, 36.335447], [-86.460437, 36.33545], [-86.460296, 36.33526], [-86.460192, 36.335215], [-86.460085, 36.335221], [-86.459704, 36.335376], [-86.459489, 36.335527], [-86.458979, 36.335745], [-86.458504, 36.336036], [-86.458418, 36.336117], [-86.457322, 36.336745], [-86.456228, 36.33748], [-86.455845, 36.337664], [-86.455576, 36.337864], [-86.455398, 36.337927], [-86.455273, 36.338016], [-86.455107, 36.338058], [-86.454942, 36.338173], [-86.454798, 36.338202], [-86.454675, 36.338367], [-86.45441, 36.338439], [-86.453921, 36.338671], [-86.452942, 36.339206], [-86.452868, 36.339289], [-86.4526, 36.339435], [-86.452481, 36.339658], [-86.452376, 36.339776], [-86.452104, 36.339823], [-86.451955, 36.33991], [-86.451612, 36.339979], [-86.451489, 36.339952], [-86.451264, 36.340038], [-86.451005, 36.340032], [-86.450567, 36.340174], [-86.449865, 36.340225], [-86.449527, 36.340309], [-86.449536, 36.340348], [-86.449647, 36.340407], [-86.449885, 36.340475], [-86.450437, 36.340714], [-86.45062, 36.34084], [-86.450799, 36.341108], [-86.450698, 36.341147], [-86.450586, 36.341052], [-86.450337, 36.340958], [-86.450033, 36.340915], [-86.44964, 36.34093], [-86.449365, 36.340891], [-86.449112, 36.340976], [-86.448771, 36.341014], [-86.44872, 36.340994], [-86.448478, 36.341066], [-86.448388, 36.341172], [-86.448299, 36.341543], [-86.448385, 36.341844], [-86.44867, 36.342494], [-86.448635, 36.342615], [-86.448519, 36.342755], [-86.448469, 36.342976], [-86.448474, 36.343149], [-86.448616, 36.343328], [-86.448856, 36.34354], [-86.448906, 36.343686], [-86.448873, 36.343767], [-86.448924, 36.343813], [-86.449027, 36.344044], [-86.449676, 36.344652], [-86.44969, 36.344714], [-86.449646, 36.344808], [-86.449249, 36.344756], [-86.44881, 36.344639], [-86.448484, 36.344394], [-86.448291, 36.344008], [-86.447864, 36.343596], [-86.447542, 36.343361], [-86.447176, 36.343272], [-86.446924, 36.343135], [-86.447079, 36.343058], [-86.447164, 36.342948], [-86.447437, 36.342779], [-86.447551, 36.3424], [-86.447404, 36.342079], [-86.447315, 36.342004], [-86.447252, 36.34175], [-86.447261, 36.340932], [-86.447147, 36.340791], [-86.447113, 36.340687], [-86.446942, 36.3406], [-86.446784, 36.340407], [-86.446894, 36.340323], [-86.4472, 36.340256], [-86.447268, 36.340275], [-86.447293, 36.340234], [-86.446904, 36.340177], [-86.446697, 36.340073], [-86.445839, 36.339998], [-86.445558, 36.339999], [-86.445363, 36.340038], [-86.44536, 36.340013], [-86.445247, 36.33999], [-86.445021, 36.34], [-86.444868, 36.339958], [-86.444314, 36.340008], [-86.443733, 36.340004], [-86.443206, 36.33991], [-86.442451, 36.339858], [-86.441431, 36.339912], [-86.440931, 36.339901], [-86.440754, 36.339973], [-86.440615, 36.339986], [-86.440199, 36.33993], [-86.439974, 36.33998], [-86.439909, 36.339959], [-86.439835, 36.340001], [-86.439612, 36.340032], [-86.439463, 36.340009], [-86.439325, 36.340108], [-86.439238, 36.340064], [-86.438939, 36.340152], [-86.438745, 36.340122], [-86.438649, 36.340191], [-86.438431, 36.340146], [-86.438096, 36.340167], [-86.438034, 36.340145], [-86.43791, 36.340239], [-86.437665, 36.34023], [-86.437413, 36.340344], [-86.437313, 36.340301], [-86.437223, 36.34035], [-86.436844, 36.340343], [-86.436779, 36.340383], [-86.436754, 36.34045], [-86.436575, 36.340502], [-86.436485, 36.340516], [-86.436416, 36.340489], [-86.436302, 36.340544], [-86.436223, 36.340496], [-86.436154, 36.340503], [-86.436139, 36.340606], [-86.436025, 36.340554], [-86.435921, 36.340622], [-86.435766, 36.340575], [-86.435491, 36.340682], [-86.43531, 36.340638], [-86.4351, 36.340757], [-86.434944, 36.340762], [-86.434655, 36.340883], [-86.433907, 36.340973], [-86.433669, 36.341055], [-86.433648, 36.341096], [-86.433672, 36.341127], [-86.433876, 36.341187], [-86.434019, 36.341273], [-86.434198, 36.341304], [-86.434314, 36.341361], [-86.434594, 36.341363], [-86.435016, 36.341692], [-86.435263, 36.341833], [-86.435686, 36.341964], [-86.43573, 36.342028], [-86.435844, 36.342053], [-86.435754, 36.342445], [-86.435767, 36.342533], [-86.436012, 36.342981], [-86.436345, 36.343295], [-86.436869, 36.343614], [-86.437076, 36.343647], [-86.437364, 36.343626], [-86.437404, 36.343693], [-86.437359, 36.343885], [-86.437421, 36.344018], [-86.437685, 36.34416], [-86.43804, 36.344471], [-86.43833, 36.344884], [-86.438533, 36.34505], [-86.438652, 36.345333], [-86.438829, 36.346132]]}, "properties": {"OBJECTID": 3150, "Category_of_Coastline": "", "Scale_Minimum": "300000", "Source_Date": "20040930", "Source_Indication": "US,U3,USACE,LRN_GIS", "Source_Dataset": "U37CR221.000", "Feature_ID": "U3 1392979679 00001"}}, {"type": "Feature", "id": 3161, "geometry": {"type": "LineString", "coordinates": [[-86.474965, 36.348025], [-86.474876, 36.34793], [-86.474867, 36.347868], [-86.474938, 36.347798], [-86.475047, 36.34782]]}, "properties": {"OBJECTID": 3161, "Category_of_Coastline": "", "Scale_Minimum": "300000", "Source_Date": "20050412", "Source_Indication": "US,U3,USACE,LRN_GIS", "Source_Dataset": "U37CR221.000", "Feature_ID": "U3 1392979690 00001"}}, {"type": "Feature", "id": 3162, "geometry": {"type": "LineString", "coordinates": [[-86.500029, 36.303553], [-86.500389, 36.303281], [-86.500673, 36.303186], [-86.501028, 36.303013], [-86.501142, 36.302878], [-86.501174, 36.30281], [-86.501187, 36.302521], [-86.501403, 36.30229], [-86.501606, 36.302139], [-86.50171, 36.301953], [-86.501718, 36.301857], [-86.501623, 36.301746], [-86.501616, 36.301679], [-86.501637, 36.301498], [-86.501724, 36.301381], [-86.501847, 36.301333], [-86.502023, 36.301396], [-86.502114, 36.301538], [-86.502216, 36.301627], [-86.502402, 36.301609], [-86.502601, 36.301647], [-86.502793, 36.301757], [-86.502671, 36.301965], [-86.502623, 36.302131], [-86.502498, 36.302283], [-86.502074, 36.302613], [-86.501866, 36.302697], [-86.501627, 36.302724], [-86.50132, 36.302946], [-86.501232, 36.303309], [-86.501116, 36.303513], [-86.501009, 36.303607], [-86.499932, 36.304288], [-86.499797, 36.304333], [-86.499738, 36.30427], [-86.499741, 36.304116], [-86.499788, 36.303967], [-86.4999, 36.303824], [-86.499942, 36.303666], [-86.500029, 36.303553]]}, "properties": {"OBJECTID": 3162, "Category_of_Coastline": "", "Scale_Minimum": "300000", "Source_Date": "20040930", "Source_Indication": "US,U3,USACE,LRN_GIS", "Source_Dataset": "U37CR221.000", "Feature_ID": "U3 1392979691 00001"}}, {"type": "Feature", "id": 3163, "geometry": {"type": "LineString", "coordinates": [[-86.448119, 36.298748], [-86.448097, 36.298533], [-86.448121, 36.298494], [-86.448217, 36.298667], [-86.448157, 36.298769], [-86.448125, 36.298774], [-86.448119, 36.298748]]}, "properties": {"OBJECTID": 3163, "Category_of_Coastline": "", "Scale_Minimum": "300000", "Source_Date": "20040930", "Source_Indication": "US,U3,USACE,LRN_GIS", "Source_Dataset": "U37CR221.000", "Feature_ID": "U3 1392979692 00001"}}, {"type": "Feature", "id": 3165, "geometry": {"type": "LineString", "coordinates": [[-86.44798, 36.298706], [-86.447894, 36.298578], [-86.447883, 36.298525], [-86.447915, 36.298464], [-86.447978, 36.29849], [-86.447988, 36.298527], [-86.44798, 36.298706]]}, "properties": {"OBJECTID": 3165, "Category_of_Coastline": "", "Scale_Minimum": "300000", "Source_Date": "20040930", "Source_Indication": "US,U3,USACE,LRN_GIS", "Source_Dataset": "U37CR221.000", "Feature_ID": "U3 1392979694 00001"}}, {"type": "Feature", "id": 3166, "geometry": {"type": "LineString", "coordinates": [[-86.614265, 36.301338], [-86.614179, 36.301114], [-86.61405, 36.300168], [-86.613913, 36.299519], [-86.613689, 36.298805], [-86.613311, 36.297925], [-86.613342, 36.297778], [-86.613399, 36.297743], [-86.613459, 36.297641], [-86.614061, 36.297673], [-86.614062, 36.297631], [-86.613593, 36.296919], [-86.613341, 36.296831], [-86.612873, 36.29648], [-86.612865, 36.29641], [-86.612798, 36.296314], [-86.612814, 36.296108], [-86.612638, 36.29584], [-86.612436, 36.295736], [-86.612308, 36.295627], [-86.611142, 36.294123], [-86.610711, 36.293283], [-86.610693, 36.293195], [-86.610292, 36.29284], [-86.610269, 36.292734], [-86.610194, 36.292729], [-86.610232, 36.292643], [-86.610287, 36.29264], [-86.610299, 36.292498], [-86.609649, 36.291209]]}, "properties": {"OBJECTID": 3166, "Category_of_Coastline": "", "Scale_Minimum": "300000", "Source_Date": "20040930", "Source_Indication": "US,U3,USACE,LRN_GIS", "Source_Dataset": "U37CR221.000", "Feature_ID": "U3 1392979696 00001"}}, {"type": "Feature", "id": 3170, "geometry": {"type": "LineString", "coordinates": [[-86.498626, 36.289101], [-86.498975, 36.289523], [-86.499077, 36.289547], [-86.499164, 36.289521], [-86.499257, 36.289438], [-86.499665, 36.289341], [-86.499874, 36.289253], [-86.499974, 36.289154], [-86.500271, 36.288979], [-86.500373, 36.288813], [-86.500831, 36.288578], [-86.501337, 36.287847], [-86.501651, 36.287634], [-86.501975, 36.287245], [-86.502856, 36.286914], [-86.503101, 36.286338], [-86.503188, 36.286034], [-86.503833, 36.285529], [-86.50386, 36.285101], [-86.504005, 36.284891], [-86.504001, 36.284814], [-86.504048, 36.284788], [-86.504061, 36.284715], [-86.504122, 36.284712], [-86.504202, 36.284629], [-86.504423, 36.284503], [-86.504627, 36.28426], [-86.504821, 36.284095], [-86.505422, 36.283858], [-86.505704, 36.283714], [-86.505952, 36.283684], [-86.506101, 36.283758], [-86.506266, 36.283915], [-86.506457, 36.284191], [-86.506486, 36.284297], [-86.506456, 36.284391], [-86.506257, 36.284599], [-86.506214, 36.284751], [-86.506115, 36.284889], [-86.505684, 36.285253], [-86.505569, 36.285394], [-86.505233, 36.286154], [-86.505193, 36.286749], [-86.505232, 36.286888], [-86.505199, 36.287015], [-86.505067, 36.287083], [-86.504954, 36.287305], [-86.504754, 36.287396], [-86.504656, 36.287509], [-86.504549, 36.287724], [-86.504537, 36.287857], [-86.504475, 36.287975], [-86.504463, 36.288235], [-86.504471, 36.288306], [-86.504603, 36.288514], [-86.504664, 36.288565], [-86.504832, 36.288617], [-86.505, 36.288565], [-86.505104, 36.288428], [-86.505359, 36.288354], [-86.505562, 36.288146], [-86.505637, 36.288114], [-86.505791, 36.288112], [-86.505874, 36.28815], [-86.506016, 36.288122], [-86.506187, 36.288137], [-86.506448, 36.288088], [-86.506614, 36.288123], [-86.506667, 36.288237], [-86.50617, 36.288802], [-86.506019, 36.288868], [-86.505685, 36.288927], [-86.50544, 36.289096], [-86.505374, 36.28919], [-86.505295, 36.289432], [-86.505288, 36.289594], [-86.505347, 36.289781], [-86.505289, 36.290008], [-86.505205, 36.290085], [-86.505251, 36.290272], [-86.505237, 36.290391], [-86.504598, 36.290713], [-86.50453, 36.290898], [-86.504236, 36.290937], [-86.503678, 36.290704], [-86.503295, 36.290713], [-86.503115, 36.290765], [-86.503052, 36.291063], [-86.502914, 36.291183], [-86.502819, 36.291352], [-86.502623, 36.291333], [-86.502548, 36.291449], [-86.502568, 36.291628], [-86.502616, 36.291651], [-86.502794, 36.291614], [-86.502944, 36.291717], [-86.502989, 36.291841], [-86.50282, 36.292004], [-86.502529, 36.292199], [-86.502524, 36.292294], [-86.502445, 36.292385], [-86.502445, 36.292429], [-86.50254, 36.292499], [-86.502796, 36.292892], [-86.502692, 36.293132], [-86.502777, 36.293304], [-86.502924, 36.293231], [-86.50298, 36.293328], [-86.503211, 36.293371], [-86.503344, 36.293491], [-86.503367, 36.293557], [-86.503323, 36.293718], [-86.503406, 36.293834], [-86.503392, 36.293935], [-86.503287, 36.293982], [-86.502997, 36.294229], [-86.502886, 36.294252], [-86.502858, 36.294297], [-86.502913, 36.294393], [-86.503108, 36.294388], [-86.50324, 36.294448], [-86.503323, 36.294596], [-86.503436, 36.294675], [-86.503493, 36.294754], [-86.503543, 36.294918], [-86.503556, 36.29515], [-86.503625, 36.295147], [-86.50372, 36.294919], [-86.503654, 36.294752], [-86.503739, 36.294485], [-86.503916, 36.294346], [-86.504403, 36.294131], [-86.504735, 36.294094], [-86.504754, 36.294166], [-86.504654, 36.294343], [-86.504766, 36.294432], [-86.504887, 36.294469], [-86.504986, 36.294468], [-86.505105, 36.294403], [-86.505094, 36.294211], [-86.505134, 36.294174], [-86.505255, 36.294154], [-86.505353, 36.294205], [-86.505473, 36.294343], [-86.505776, 36.294488], [-86.505832, 36.294486], [-86.505942, 36.294404], [-86.505986, 36.294135], [-86.506046, 36.294049], [-86.506031, 36.293747], [-86.506096, 36.293617], [-86.506116, 36.293449], [-86.506286, 36.293411], [-86.506337, 36.293496], [-86.506436, 36.293528], [-86.506471, 36.293601], [-86.506534, 36.293595], [-86.506693, 36.293683], [-86.506987, 36.293708], [-86.507039, 36.293592], [-86.50702, 36.293466], [-86.506911, 36.293255], [-86.506975, 36.293066], [-86.506956, 36.292967], [-86.506663, 36.292931], [-86.506566, 36.292964], [-86.506472, 36.292949], [-86.506299, 36.292803], [-86.506142, 36.292773], [-86.505762, 36.292804], [-86.505591, 36.292709], [-86.505589, 36.292627], [-86.505989, 36.292114], [-86.505991, 36.291923], [-86.506019, 36.291878], [-86.506185, 36.291789], [-86.506403, 36.29177], [-86.506528, 36.291719], [-86.506915, 36.291654], [-86.507042, 36.291466], [-86.507141, 36.291402], [-86.507214, 36.291381], [-86.507599, 36.291401], [-86.507923, 36.291303], [-86.508045, 36.291154], [-86.50801, 36.290798], [-86.50806, 36.290623], [-86.508368, 36.290286], [-86.508454, 36.290071], [-86.508558, 36.289975], [-86.509003, 36.289723], [-86.509345, 36.28959], [-86.509427, 36.289615], [-86.509516, 36.289765], [-86.509509, 36.289861], [-86.509461, 36.290068], [-86.509224, 36.290222], [-86.509172, 36.290296], [-86.509153, 36.290373], [-86.509206, 36.290581], [-86.509202, 36.290745], [-86.509114, 36.290862], [-86.509057, 36.29103], [-86.508931, 36.291091], [-86.508702, 36.291316], [-86.508654, 36.291776], [-86.50848, 36.292069], [-86.508441, 36.29223], [-86.508352, 36.292335], [-86.508231, 36.292595], [-86.508244, 36.292739], [-86.508201, 36.292808], [-86.508222, 36.292933], [-86.508067, 36.293241], [-86.508042, 36.293413], [-86.507964, 36.293563], [-86.507818, 36.293732], [-86.507817, 36.293838], [-86.507772, 36.293918], [-86.50777, 36.294236], [-86.507714, 36.294472], [-86.507785, 36.294593], [-86.507639, 36.294765], [-86.507505, 36.294838], [-86.507473, 36.294901], [-86.507408, 36.294933], [-86.507232, 36.294921], [-86.506978, 36.295011], [-86.506645, 36.295335], [-86.506616, 36.295486], [-86.506686, 36.295898], [-86.506848, 36.296269], [-86.506985, 36.296402], [-86.506998, 36.296508], [-86.506913, 36.296666], [-86.506644, 36.296839], [-86.506602, 36.296898], [-86.506608, 36.297129], [-86.506512, 36.297191], [-86.506531, 36.297234], [-86.506259, 36.297554], [-86.50613, 36.297777], [-86.506066, 36.29786], [-86.5059, 36.297905], [-86.505741, 36.297998], [-86.505525, 36.298262], [-86.505277, 36.298451], [-86.505152, 36.298503], [-86.505133, 36.298557], [-86.504885, 36.298755], [-86.504828, 36.298777], [-86.50468, 36.298706], [-86.504586, 36.298556], [-86.504521, 36.298525], [-86.504319, 36.298538], [-86.503761, 36.298686], [-86.503382, 36.298843], [-86.503048, 36.299033], [-86.502698, 36.299317], [-86.502609, 36.299468], [-86.502506, 36.299474], [-86.50243, 36.299393], [-86.502453, 36.299166], [-86.502354, 36.298988], [-86.502303, 36.298816], [-86.502354, 36.298779], [-86.50227, 36.29848], [-86.502425, 36.298394], [-86.50245, 36.298326], [-86.502346, 36.298219], [-86.502348, 36.298171], [-86.502577, 36.298066], [-86.502777, 36.297915], [-86.502675, 36.297786], [-86.502681, 36.297589], [-86.502848, 36.297486], [-86.502817, 36.297278], [-86.502844, 36.297089], [-86.502882, 36.297036], [-86.503008, 36.296999], [-86.503034, 36.296959], [-86.502973, 36.296731], [-86.502892, 36.296665], [-86.502861, 36.296671], [-86.502798, 36.296771], [-86.502618, 36.296865], [-86.502642, 36.297012], [-86.502381, 36.297059], [-86.502417, 36.297177], [-86.502379, 36.297223], [-86.502284, 36.297269], [-86.501934, 36.29733], [-86.501895, 36.297445], [-86.501905, 36.297523], [-86.502016, 36.297622], [-86.50213, 36.297668], [-86.502133, 36.297697], [-86.502029, 36.297731], [-86.501784, 36.297731], [-86.501703, 36.297693], [-86.501605, 36.297562], [-86.501592, 36.297402], [-86.501216, 36.29729], [-86.501041, 36.297306], [-86.500859, 36.297119], [-86.500679, 36.297039], [-86.500488, 36.296868], [-86.500416, 36.29685], [-86.500368, 36.296874], [-86.500336, 36.297203], [-86.500358, 36.29751], [-86.500472, 36.297633], [-86.500782, 36.29773], [-86.50083, 36.297774], [-86.50072, 36.297859], [-86.500487, 36.297893], [-86.500426, 36.297956], [-86.500426, 36.298018], [-86.500461, 36.298067], [-86.500729, 36.298082], [-86.500757, 36.298116], [-86.500729, 36.29826], [-86.500775, 36.298306], [-86.501001, 36.298244], [-86.501029, 36.298156], [-86.501116, 36.298088], [-86.501388, 36.29824], [-86.501475, 36.298415], [-86.501496, 36.298578], [-86.50146, 36.298616], [-86.501373, 36.298631], [-86.501033, 36.298622], [-86.501, 36.298654], [-86.501099, 36.298801], [-86.500978, 36.298959], [-86.501062, 36.299012], [-86.501331, 36.298967], [-86.501696, 36.298978], [-86.501533, 36.29907], [-86.501418, 36.299187], [-86.501411, 36.299238], [-86.501436, 36.29929], [-86.501551, 36.299346], [-86.501588, 36.299409], [-86.501847, 36.299505], [-86.501908, 36.299649], [-86.501872, 36.299674], [-86.501841, 36.299814], [-86.501626, 36.29988], [-86.501478, 36.299657], [-86.501412, 36.299627], [-86.501309, 36.299607], [-86.500958, 36.299683], [-86.500705, 36.299688], [-86.500628, 36.299716], [-86.500531, 36.299945], [-86.500428, 36.300031], [-86.499996, 36.300012], [-86.499729, 36.300089], [-86.499649, 36.300156], [-86.49959, 36.300345], [-86.499708, 36.300821], [-86.499736, 36.301117], [-86.499799, 36.301307], [-86.499917, 36.301516], [-86.500032, 36.30195], [-86.500013, 36.302462], [-86.49994, 36.302876], [-86.499832, 36.302928], [-86.499775, 36.303025], [-86.499515, 36.303211], [-86.499426, 36.303326], [-86.499086, 36.303629], [-86.499053, 36.303774], [-86.498881, 36.303967], [-86.49864, 36.304369], [-86.498584, 36.304679], [-86.498353, 36.305039], [-86.49829, 36.305222], [-86.49802, 36.305525], [-86.497833, 36.305636], [-86.497639, 36.305675], [-86.497396, 36.30556], [-86.497287, 36.305457], [-86.497237, 36.305246], [-86.497415, 36.304925], [-86.497483, 36.304722], [-86.49753, 36.304317], [-86.497515, 36.304096], [-86.497388, 36.303939], [-86.497325, 36.30392], [-86.497046, 36.303935], [-86.496921, 36.304109], [-86.496856, 36.304133], [-86.496753, 36.304265], [-86.496607, 36.304608], [-86.496387, 36.304911], [-86.496189, 36.304975], [-86.496062, 36.30497], [-86.495872, 36.304824], [-86.495806, 36.304816], [-86.495654, 36.304815], [-86.495259, 36.304902], [-86.494869, 36.304914], [-86.494582, 36.305132], [-86.494532, 36.305205], [-86.494377, 36.305226], [-86.494213, 36.305195], [-86.494146, 36.30515], [-86.494079, 36.305042], [-86.493837, 36.304869], [-86.49346, 36.304953], [-86.49326, 36.304919], [-86.493101, 36.304919], [-86.492997, 36.304953], [-86.492667, 36.304939], [-86.492408, 36.304894], [-86.491904, 36.304899], [-86.491728, 36.304935], [-86.491549, 36.305104], [-86.491406, 36.305152], [-86.491528, 36.305204], [-86.491633, 36.305381], [-86.491812, 36.305417], [-86.491905, 36.305494], [-86.492904, 36.305614], [-86.49307, 36.305683], [-86.493133, 36.305752], [-86.493446, 36.305841], [-86.494107, 36.306247], [-86.494291, 36.306324], [-86.494406, 36.306336], [-86.494548, 36.306253], [-86.49472, 36.306231], [-86.49499, 36.306297], [-86.495079, 36.306435], [-86.495204, 36.306778], [-86.494861, 36.306746], [-86.494744, 36.30679], [-86.4944, 36.307414], [-86.494255, 36.307606], [-86.494215, 36.307727], [-86.493857, 36.307875], [-86.493319, 36.308253], [-86.493217, 36.308366], [-86.493179, 36.308569], [-86.493058, 36.308697], [-86.492784, 36.308802], [-86.492292, 36.308912], [-86.492171, 36.309028], [-86.492022, 36.309086], [-86.491848, 36.309086], [-86.491618, 36.309033], [-86.491483, 36.308941], [-86.491371, 36.308956], [-86.491102, 36.309127], [-86.491103, 36.309224], [-86.491186, 36.309355], [-86.491132, 36.309456], [-86.490632, 36.309743], [-86.489962, 36.310046], [-86.4893, 36.310162], [-86.488696, 36.310403], [-86.488467, 36.310627], [-86.488236, 36.310717], [-86.487543, 36.311105], [-86.487236, 36.311226], [-86.486399, 36.311484], [-86.485942, 36.311585], [-86.485832, 36.311572], [-86.485763, 36.311516], [-86.485614, 36.311477], [-86.48544, 36.311334], [-86.485304, 36.31116], [-86.48528, 36.310861], [-86.485099, 36.310346], [-86.484962, 36.309607], [-86.485053, 36.309512], [-86.485034, 36.309376], [-86.485104, 36.30926], [-86.485145, 36.309086], [-86.485105, 36.30904], [-86.484982, 36.30902], [-86.484872, 36.309059], [-86.484885, 36.30922], [-86.48486, 36.309285], [-86.484662, 36.309509], [-86.484741, 36.30978], [-86.484732, 36.309942], [-86.484771, 36.309996], [-86.484692, 36.310095], [-86.484755, 36.310199], [-86.484855, 36.310635], [-86.484918, 36.310731], [-86.484889, 36.310965], [-86.484811, 36.311105], [-86.484912, 36.311434], [-86.48482, 36.311533], [-86.484471, 36.311676], [-86.48412, 36.311639], [-86.483724, 36.311744], [-86.483452, 36.311875], [-86.483184, 36.311934], [-86.482988, 36.311895], [-86.48249, 36.311919], [-86.48197, 36.311846], [-86.481193, 36.311848], [-86.48102, 36.311801], [-86.480888, 36.311594], [-86.480845, 36.311427], [-86.480784, 36.311379], [-86.480787, 36.31129], [-86.480834, 36.31121], [-86.480813, 36.311117], [-86.480674, 36.311284], [-86.480401, 36.311185], [-86.480032, 36.310918], [-86.479645, 36.310725], [-86.479449, 36.310589], [-86.479381, 36.310407], [-86.479586, 36.310147], [-86.479609, 36.310073], [-86.479559, 36.310003], [-86.479265, 36.30995], [-86.478987, 36.31015], [-86.478752, 36.310243], [-86.478452, 36.310231], [-86.477841, 36.309993], [-86.47773, 36.309855], [-86.477625, 36.309795], [-86.477463, 36.309623], [-86.47697, 36.309307], [-86.476464, 36.308903], [-86.476398, 36.308845], [-86.476309, 36.308669], [-86.476144, 36.308585], [-86.475893, 36.308394], [-86.475695, 36.307927], [-86.475594, 36.307839], [-86.475606, 36.307721], [-86.475873, 36.307628], [-86.476225, 36.307413], [-86.476358, 36.307427], [-86.476476, 36.307382], [-86.476761, 36.307346], [-86.47722, 36.307514], [-86.477313, 36.307501], [-86.477835, 36.307639], [-86.477966, 36.307601], [-86.477914, 36.307476], [-86.477392, 36.307135], [-86.476642, 36.306715], [-86.476468, 36.306668], [-86.47585, 36.306068], [-86.475641, 36.305956], [-86.475608, 36.305852], [-86.475649, 36.305633], [-86.475725, 36.305461], [-86.475856, 36.304883], [-86.475749, 36.304854], [-86.475296, 36.304916], [-86.475147, 36.304889], [-86.475045, 36.304782], [-86.47502, 36.304665], [-86.475081, 36.304401], [-86.475045, 36.304313], [-86.474485, 36.304058], [-86.474288, 36.303875], [-86.474297, 36.303766], [-86.474427, 36.303652], [-86.474449, 36.303518], [-86.47449, 36.303472], [-86.474443, 36.303298], [-86.474521, 36.303034], [-86.474859, 36.302717], [-86.474884, 36.302653], [-86.475049, 36.302544], [-86.4753, 36.302305], [-86.475361, 36.302292], [-86.475531, 36.302159], [-86.475607, 36.302065], [-86.475946, 36.302002], [-86.476477, 36.302081], [-86.476899, 36.302097], [-86.477101, 36.302199], [-86.477128, 36.302184], [-86.477021, 36.302108], [-86.476869, 36.301909], [-86.476508, 36.30182], [-86.476414, 36.301764], [-86.476308, 36.301592], [-86.476121, 36.301449], [-86.476237, 36.301285], [-86.476248, 36.301193], [-86.476311, 36.301095], [-86.476433, 36.300969], [-86.476586, 36.300888], [-86.476892, 36.300839], [-86.476955, 36.3008], [-86.476965, 36.300625], [-86.47688, 36.300353], [-86.476933, 36.300065], [-86.476907, 36.30004], [-86.476826, 36.300062], [-86.476497, 36.300397], [-86.476182, 36.300373], [-86.475891, 36.300469], [-86.475144, 36.301224], [-86.474763, 36.301393], [-86.474524, 36.301591], [-86.474245, 36.301601], [-86.474117, 36.30165], [-86.473949, 36.301878], [-86.473656, 36.302063], [-86.473584, 36.302026], [-86.473363, 36.302006], [-86.473105, 36.301883], [-86.473009, 36.301699], [-86.472808, 36.30152], [-86.472827, 36.301316], [-86.472878, 36.301263], [-86.472772, 36.301142], [-86.472727, 36.301021], [-86.472462, 36.300775], [-86.472342, 36.300718], [-86.472219, 36.300534], [-86.472277, 36.300482], [-86.472576, 36.300461], [-86.472663, 36.300353], [-86.472777, 36.300323], [-86.47284, 36.300357], [-86.472939, 36.30053], [-86.473041, 36.300536], [-86.47308, 36.300447], [-86.473139, 36.300405], [-86.473217, 36.300188], [-86.473078, 36.299962], [-86.472977, 36.299914], [-86.472694, 36.299893], [-86.472575, 36.299723], [-86.472344, 36.299534], [-86.471931, 36.299478], [-86.471832, 36.299391], [-86.47167, 36.29903], [-86.47151, 36.298882], [-86.471168, 36.298825], [-86.471088, 36.298838], [-86.470913, 36.298955], [-86.470835, 36.298962], [-86.470484, 36.298951], [-86.470362, 36.298867], [-86.470295, 36.298768], [-86.470042, 36.298554], [-86.469969, 36.298391], [-86.46995, 36.298258], [-86.469733, 36.297993], [-86.469637, 36.297788], [-86.469053, 36.29724], [-86.468883, 36.297035], [-86.468826, 36.296907], [-86.468831, 36.296808], [-86.468912, 36.296706], [-86.469049, 36.296609], [-86.46936, 36.296524], [-86.469695, 36.296484], [-86.470252, 36.296298], [-86.470546, 36.296286], [-86.47065, 36.296315], [-86.470776, 36.296256], [-86.471075, 36.296226], [-86.471108, 36.296189], [-86.470949, 36.296147], [-86.470864, 36.296074], [-86.470772, 36.295924], [-86.470376, 36.295715], [-86.469539, 36.295717], [-86.469115, 36.295628], [-86.468821, 36.295712], [-86.468654, 36.295717], [-86.46841, 36.295614], [-86.468011, 36.295343], [-86.467464, 36.294558], [-86.467391, 36.294359], [-86.467229, 36.293747], [-86.467082, 36.292129], [-86.466965, 36.291586], [-86.466856, 36.291399], [-86.466828, 36.291261], [-86.466686, 36.291024], [-86.466621, 36.29078], [-86.466203, 36.290167], [-86.466165, 36.290065], [-86.466248, 36.289922], [-86.46663, 36.289728], [-86.466505, 36.2897], [-86.466142, 36.289712], [-86.465938, 36.289663], [-86.465441, 36.289434], [-86.465301, 36.289284], [-86.465272, 36.289185], [-86.464926, 36.289235], [-86.464619, 36.289123], [-86.464104, 36.288814], [-86.463278, 36.288179], [-86.462881, 36.287796], [-86.462703, 36.287504], [-86.46286, 36.287187], [-86.462971, 36.287091], [-86.462981, 36.286978], [-86.463075, 36.286808], [-86.46308, 36.286744], [-86.462996, 36.286629], [-86.462873, 36.286566], [-86.4627, 36.286536], [-86.462144, 36.286588], [-86.461626, 36.28683], [-86.461561, 36.286896], [-86.461152, 36.287054], [-86.460976, 36.287084], [-86.460724, 36.287014], [-86.46069, 36.286942], [-86.460754, 36.286776], [-86.460687, 36.28667], [-86.460676, 36.286541], [-86.460784, 36.286439], [-86.460749, 36.286232], [-86.460775, 36.286181], [-86.46058, 36.285856], [-86.460369, 36.285617], [-86.460282, 36.285423], [-86.460227, 36.2854], [-86.460242, 36.285269], [-86.460193, 36.285093], [-86.460038, 36.285049], [-86.459727, 36.285035], [-86.459498, 36.285138], [-86.459552, 36.285285], [-86.459568, 36.286104], [-86.459509, 36.286296], [-86.459489, 36.286791], [-86.459445, 36.286875], [-86.459232, 36.287042], [-86.458877, 36.287112], [-86.458507, 36.287119], [-86.45684, 36.286853], [-86.456672, 36.286853], [-86.456399, 36.286932], [-86.456149, 36.286939], [-86.455363, 36.286845], [-86.455215, 36.286771], [-86.454776, 36.286325], [-86.453973, 36.285674], [-86.453753, 36.285442], [-86.453315, 36.285108], [-86.453046, 36.284753], [-86.452269, 36.284353], [-86.451768, 36.284009], [-86.450878, 36.282612], [-86.450827, 36.282468], [-86.450881, 36.282324], [-86.451068, 36.282298], [-86.45135, 36.282322], [-86.452313, 36.282826], [-86.453246, 36.283091], [-86.454031, 36.283416], [-86.454696, 36.283519], [-86.454753, 36.283504], [-86.454861, 36.283398], [-86.455027, 36.283326], [-86.455359, 36.282782], [-86.455624, 36.282625], [-86.455867, 36.282369], [-86.45597, 36.282315], [-86.455966, 36.282267], [-86.456089, 36.282211], [-86.456232, 36.282191], [-86.456297, 36.282131], [-86.456509, 36.28206], [-86.456322, 36.281945], [-86.456279, 36.281858], [-86.454572, 36.281227]]}, "properties": {"OBJECTID": 3170, "Category_of_Coastline": "", "Scale_Minimum": "300000", "Source_Date": "20040930", "Source_Indication": "US,U3,USACE,LRN_GIS", "Source_Dataset": "U37CR221.000", "Feature_ID": "U3 1392979700 00001"}}, {"type": "Feature", "id": 3176, "geometry": {"type": "LineString", "coordinates": [[-86.556306, 36.30859], [-86.556273, 36.308647], [-86.556231, 36.308654], [-86.556192, 36.308555], [-86.55622, 36.308542], [-86.556306, 36.30859]]}, "properties": {"OBJECTID": 3176, "Category_of_Coastline": "", "Scale_Minimum": "300000", "Source_Date": "20040930", "Source_Indication": "US,U3,USACE,LRN_GIS", "Source_Dataset": "U37CR221.000", "Feature_ID": "U3 1392979706 00001"}}, {"type": "Feature", "id": 3177, "geometry": {"type": "LineString", "coordinates": [[-86.476438, 36.347916], [-86.476675, 36.347765]]}, "properties": {"OBJECTID": 3177, "Category_of_Coastline": "", "Scale_Minimum": "300000", "Source_Date": "20050412", "Source_Indication": "US,U3,USACE,LRN_GIS", "Source_Dataset": "U37CR221.000", "Feature_ID": "U3 1392979707 00001"}}, {"type": "Feature", "id": 3180, "geometry": {"type": "LineString", "coordinates": [[-86.536125, 36.292293], [-86.536031, 36.291854], [-86.535927, 36.291791], [-86.535978, 36.291698], [-86.536143, 36.291616], [-86.536226, 36.291666], [-86.536276, 36.291762], [-86.536337, 36.29209], [-86.536459, 36.292417], [-86.536432, 36.292624], [-86.536328, 36.292605], [-86.536125, 36.292293]]}, "properties": {"OBJECTID": 3180, "Category_of_Coastline": "", "Scale_Minimum": "300000", "Source_Date": "20040930", "Source_Indication": "US,U3,USACE,LRN_GIS", "Source_Dataset": "U37CR221.000", "Feature_ID": "U3 1392979710 00001"}}, {"type": "Feature", "id": 3182, "geometry": {"type": "LineString", "coordinates": [[-86.529225, 36.283606], [-86.529315, 36.283644], [-86.529272, 36.283764], [-86.529234, 36.283792], [-86.529176, 36.283783], [-86.52908, 36.283703], [-86.529114, 36.283612], [-86.529225, 36.283606]]}, "properties": {"OBJECTID": 3182, "Category_of_Coastline": "", "Scale_Minimum": "300000", "Source_Date": "20040930", "Source_Indication": "US,U3,USACE,LRN_GIS", "Source_Dataset": "U37CR221.000", "Feature_ID": "U3 1392979712 00001"}}, {"type": "Feature", "id": 3184, "geometry": {"type": "LineString", "coordinates": [[-86.465307, 36.294316], [-86.465051, 36.294365], [-86.465038, 36.294399], [-86.465093, 36.29443], [-86.465022, 36.294472], [-86.464804, 36.294263], [-86.464666, 36.29403], [-86.464672, 36.293843], [-86.464713, 36.29379], [-86.464828, 36.293752], [-86.464868, 36.293689], [-86.464847, 36.293565], [-86.464702, 36.293413], [-86.464569, 36.293368], [-86.464478, 36.293275], [-86.464213, 36.293286], [-86.464182, 36.293159], [-86.464131, 36.29312], [-86.464155, 36.293072], [-86.464387, 36.292994], [-86.464488, 36.293018], [-86.464917, 36.293424], [-86.465194, 36.293539], [-86.465259, 36.293594], [-86.465462, 36.293655], [-86.465487, 36.293748], [-86.46546, 36.293876], [-86.465417, 36.293928], [-86.465483, 36.294038], [-86.465471, 36.29417], [-86.465418, 36.294312], [-86.465307, 36.294316]]}, "properties": {"OBJECTID": 3184, "Category_of_Coastline": "", "Scale_Minimum": "300000", "Source_Date": "20040930", "Source_Indication": "US,U3,USACE,LRN_GIS", "Source_Dataset": "U37CR221.000", "Feature_ID": "U3 1392979714 00001"}}, {"type": "Feature", "id": 3188, "geometry": {"type": "LineString", "coordinates": [[-86.506629, 36.287487], [-86.506744, 36.287476], [-86.506954, 36.287378], [-86.507029, 36.287226], [-86.507018, 36.287086], [-86.507065, 36.286904], [-86.507171, 36.286734], [-86.507194, 36.286624], [-86.507271, 36.286513], [-86.507648, 36.286241], [-86.507654, 36.286199], [-86.507588, 36.2861], [-86.507339, 36.286027], [-86.507166, 36.28586], [-86.507105, 36.285839], [-86.506978, 36.285902], [-86.506923, 36.28598], [-86.506878, 36.286145], [-86.506663, 36.286319], [-86.506527, 36.286485], [-86.506632, 36.286721], [-86.5066, 36.286833], [-86.50638, 36.287036], [-86.506285, 36.287163], [-86.506254, 36.287322], [-86.506172, 36.287379], [-86.506225, 36.287433], [-86.506629, 36.287487]]}, "properties": {"OBJECTID": 3188, "Category_of_Coastline": "", "Scale_Minimum": "300000", "Source_Date": "20040930", "Source_Indication": "US,U3,USACE,LRN_GIS", "Source_Dataset": "U37CR221.000", "Feature_ID": "U3 1392979718 00001"}}, {"type": "Feature", "id": 3189, "geometry": {"type": "LineString", "coordinates": [[-86.508689, 36.288874], [-86.508713, 36.289005], [-86.508861, 36.289232], [-86.50884, 36.289367], [-86.508777, 36.289408], [-86.508505, 36.289471], [-86.508344, 36.289591], [-86.508289, 36.289604], [-86.508134, 36.289541], [-86.508038, 36.289406], [-86.507957, 36.289144], [-86.507956, 36.288955], [-86.508053, 36.288652], [-86.508233, 36.288487], [-86.508325, 36.288323], [-86.50848, 36.288279], [-86.50857, 36.288408], [-86.508714, 36.288529], [-86.508749, 36.288643], [-86.508694, 36.288696], [-86.508689, 36.288874]]}, "properties": {"OBJECTID": 3189, "Category_of_Coastline": "", "Scale_Minimum": "300000", "Source_Date": "20040930", "Source_Indication": "US,U3,USACE,LRN_GIS", "Source_Dataset": "U37CR221.000", "Feature_ID": "U3 1392979719 00001"}}, {"type": "Feature", "id": 3193, "geometry": {"type": "LineString", "coordinates": [[-86.531612, 36.28503], [-86.531905, 36.285198], [-86.531991, 36.285291], [-86.532271, 36.285463], [-86.532314, 36.285514], [-86.532357, 36.285695], [-86.532357, 36.285795], [-86.532315, 36.285841], [-86.532149, 36.285854], [-86.532005, 36.285713], [-86.531835, 36.28566], [-86.531602, 36.285514], [-86.531498, 36.285495], [-86.531285, 36.285531], [-86.53118, 36.285624], [-86.531098, 36.285619], [-86.530761, 36.285443], [-86.53056, 36.285258], [-86.530475, 36.285062], [-86.530554, 36.284823], [-86.530631, 36.284728], [-86.530656, 36.284539], [-86.530753, 36.284479], [-86.530957, 36.284493], [-86.531135, 36.284691], [-86.531403, 36.284856], [-86.53152, 36.284984], [-86.531612, 36.28503]]}, "properties": {"OBJECTID": 3193, "Category_of_Coastline": "", "Scale_Minimum": "300000", "Source_Date": "20040930", "Source_Indication": "US,U3,USACE,LRN_GIS", "Source_Dataset": "U37CR221.000", "Feature_ID": "U3 1392979723 00001"}}, {"type": "Feature", "id": 3196, "geometry": {"type": "LineString", "coordinates": [[-86.518225, 36.286361], [-86.518035, 36.286409], [-86.517671, 36.286639], [-86.517592, 36.286636], [-86.517521, 36.286583], [-86.517543, 36.28642], [-86.517611, 36.286315], [-86.517824, 36.286261], [-86.517965, 36.286143], [-86.518389, 36.286085], [-86.518648, 36.286145], [-86.518679, 36.286191], [-86.518636, 36.286234], [-86.518377, 36.28629], [-86.518225, 36.286361]]}, "properties": {"OBJECTID": 3196, "Category_of_Coastline": "", "Scale_Minimum": "300000", "Source_Date": "20040930", "Source_Indication": "US,U3,USACE,LRN_GIS", "Source_Dataset": "U37CR221.000", "Feature_ID": "U3 1392979726 00001"}}, {"type": "Feature", "id": 3197, "geometry": {"type": "LineString", "coordinates": [[-86.534039, 36.287411], [-86.534162, 36.287705], [-86.534154, 36.287806], [-86.533736, 36.288005], [-86.533667, 36.288014], [-86.533557, 36.287969], [-86.533519, 36.287892], [-86.533525, 36.287675], [-86.533424, 36.287313], [-86.533223, 36.287006], [-86.533065, 36.286862], [-86.533099, 36.286681], [-86.533371, 36.28659], [-86.533511, 36.286574], [-86.53349, 36.286649], [-86.533521, 36.286703], [-86.533821, 36.286958], [-86.534039, 36.287411]]}, "properties": {"OBJECTID": 3197, "Category_of_Coastline": "", "Scale_Minimum": "300000", "Source_Date": "20040930", "Source_Indication": "US,U3,USACE,LRN_GIS", "Source_Dataset": "U37CR221.000", "Feature_ID": "U3 1392979727 00001"}}, {"type": "Feature", "id": 3199, "geometry": {"type": "LineString", "coordinates": [[-86.454248, 36.28112], [-86.452954, 36.280683], [-86.452784, 36.280644], [-86.452671, 36.280741], [-86.452377, 36.280731], [-86.45143, 36.280425], [-86.451206, 36.280389], [-86.45054, 36.280372], [-86.44994, 36.280581], [-86.449427, 36.280621], [-86.449287, 36.280603], [-86.449026, 36.280405], [-86.448842, 36.280353], [-86.44872, 36.280277], [-86.448356, 36.280247], [-86.448002, 36.28027], [-86.447892, 36.280351], [-86.447865, 36.280426], [-86.447885, 36.2805], [-86.447994, 36.280589], [-86.448023, 36.28078], [-86.447936, 36.28103], [-86.447676, 36.281343], [-86.447755, 36.281458], [-86.447792, 36.281659], [-86.448017, 36.281863], [-86.448205, 36.28217], [-86.448457, 36.282872], [-86.448609, 36.283505], [-86.448977, 36.284538], [-86.448986, 36.284949], [-86.448911, 36.285531], [-86.448835, 36.285706], [-86.44869, 36.285761], [-86.448446, 36.285753], [-86.447613, 36.285479], [-86.447465, 36.285399], [-86.447263, 36.285217], [-86.446826, 36.284736], [-86.446673, 36.284735], [-86.446458, 36.28459], [-86.446399, 36.284592], [-86.446362, 36.28462], [-86.446356, 36.284718], [-86.446458, 36.284978], [-86.446652, 36.285235], [-86.44664, 36.285343], [-86.446963, 36.28572], [-86.447071, 36.285891], [-86.447331, 36.286065], [-86.447754, 36.286286], [-86.447808, 36.286382], [-86.448017, 36.286599], [-86.448061, 36.286745], [-86.448047, 36.286821], [-86.447797, 36.286992], [-86.447706, 36.287021], [-86.447, 36.287117], [-86.446766, 36.287186], [-86.445979, 36.287806], [-86.445758, 36.287936], [-86.445256, 36.288071], [-86.445033, 36.288098], [-86.444879, 36.28805], [-86.444783, 36.287923], [-86.444721, 36.287218], [-86.444656, 36.286929], [-86.444415, 36.286658], [-86.444001, 36.286316], [-86.44392, 36.286325], [-86.443914, 36.287084]]}, "properties": {"OBJECTID": 3199, "Category_of_Coastline": "", "Scale_Minimum": "300000", "Source_Date": "20040930", "Source_Indication": "US,U3,USACE,LRN_GIS", "Source_Dataset": "U37CR221.000", "Feature_ID": "U3 1392979729 00001"}}, {"type": "Feature", "id": 3200, "geometry": {"type": "LineString", "coordinates": [[-86.496534, 36.265406], [-86.496616, 36.26545], [-86.496679, 36.26558], [-86.497058, 36.26651], [-86.497179, 36.266614], [-86.497325, 36.266628], [-86.497348, 36.266793], [-86.497423, 36.266806], [-86.497456, 36.266645], [-86.497529, 36.266616], [-86.497545, 36.266823], [-86.497624, 36.266952], [-86.498674, 36.267347], [-86.499021, 36.267542], [-86.499005, 36.26763], [-86.499081, 36.267705], [-86.499317, 36.267756], [-86.499586, 36.267889], [-86.499639, 36.267966], [-86.499677, 36.268113], [-86.499652, 36.268207], [-86.499695, 36.268262], [-86.499639, 36.268269], [-86.499461, 36.26845], [-86.499435, 36.268514], [-86.499189, 36.268678], [-86.499217, 36.268726], [-86.499393, 36.268688], [-86.499397, 36.268742], [-86.499474, 36.268774], [-86.499612, 36.268773], [-86.499664, 36.26871], [-86.499972, 36.268746], [-86.500155, 36.268648], [-86.500917, 36.268548], [-86.501156, 36.268547], [-86.501285, 36.268612], [-86.501483, 36.26883], [-86.501686, 36.269223], [-86.501916, 36.26945], [-86.50231, 36.270001], [-86.50245, 36.270288], [-86.502559, 36.270322], [-86.502633, 36.270412], [-86.502819, 36.270479], [-86.502835, 36.270625], [-86.502908, 36.270698], [-86.502886, 36.270748], [-86.502947, 36.270787], [-86.503157, 36.271133], [-86.503355, 36.271337], [-86.503412, 36.271439], [-86.503385, 36.271755], [-86.503348, 36.271854], [-86.503176, 36.272057], [-86.50288, 36.27219], [-86.502516, 36.272406], [-86.501543, 36.272787], [-86.501295, 36.272814], [-86.501069, 36.272972], [-86.500334, 36.273943], [-86.500214, 36.274176], [-86.500115, 36.274426], [-86.499915, 36.275317], [-86.499949, 36.275544], [-86.500408, 36.276458], [-86.500497, 36.276593], [-86.501272, 36.277368], [-86.50135, 36.277541], [-86.501269, 36.277774], [-86.501181, 36.277842], [-86.500892, 36.277945], [-86.50086, 36.278024], [-86.500919, 36.278175], [-86.501014, 36.278208], [-86.501083, 36.278298], [-86.501184, 36.278361], [-86.5013, 36.278527], [-86.50161, 36.278459], [-86.502372, 36.278534], [-86.502632, 36.278525], [-86.502883, 36.27858], [-86.503141, 36.278556], [-86.503519, 36.278659], [-86.50391, 36.278808], [-86.50416, 36.278959], [-86.504473, 36.279193], [-86.504677, 36.279456], [-86.504746, 36.279648], [-86.504727, 36.279829], [-86.504645, 36.279972], [-86.504522, 36.280051], [-86.50381, 36.28031], [-86.503504, 36.280324], [-86.503166, 36.280387], [-86.502856, 36.280348], [-86.502528, 36.280385], [-86.502476, 36.280998], [-86.504091, 36.281439], [-86.504341, 36.281336], [-86.504724, 36.281275], [-86.504924, 36.281157], [-86.505001, 36.281077], [-86.505237, 36.280418], [-86.505421, 36.280066], [-86.505482, 36.280023], [-86.50555, 36.280026], [-86.505702, 36.280132], [-86.505524, 36.280417], [-86.505243, 36.280598], [-86.505042, 36.281144], [-86.504824, 36.281327], [-86.504851, 36.281424], [-86.505258, 36.281718], [-86.505276, 36.281769], [-86.505243, 36.281852], [-86.504443, 36.282225], [-86.504011, 36.282789], [-86.503873, 36.282841], [-86.503704, 36.282851], [-86.503152, 36.282759], [-86.502946, 36.282557], [-86.502897, 36.282457], [-86.502259, 36.282238], [-86.501743, 36.282317], [-86.501635, 36.282304], [-86.501572, 36.282343], [-86.501544, 36.282413], [-86.501411, 36.282506], [-86.501271, 36.282682], [-86.501087, 36.28276], [-86.501085, 36.282904], [-86.501135, 36.283026], [-86.501324, 36.283205], [-86.501765, 36.283422], [-86.501906, 36.283546], [-86.502073, 36.283545], [-86.502185, 36.283632], [-86.502374, 36.283604], [-86.502467, 36.283709], [-86.502445, 36.283933], [-86.502406, 36.284012], [-86.502336, 36.284114], [-86.502067, 36.284347], [-86.502061, 36.284399], [-86.502186, 36.284777], [-86.502132, 36.284995], [-86.501826, 36.285305], [-86.501414, 36.285471], [-86.501165, 36.285455], [-86.500902, 36.285392], [-86.500775, 36.285403], [-86.50057, 36.28544], [-86.500091, 36.285628], [-86.499825, 36.285673], [-86.499624, 36.285652], [-86.499534, 36.285675], [-86.499497, 36.285719], [-86.49927, 36.28649], [-86.499294, 36.286696], [-86.499262, 36.286956], [-86.499016, 36.287473], [-86.498606, 36.288163], [-86.498486, 36.2883], [-86.498439, 36.288426], [-86.498253, 36.288583], [-86.498242, 36.288658], [-86.498273, 36.28873], [-86.498462, 36.288929]]}, "properties": {"OBJECTID": 3200, "Category_of_Coastline": "", "Scale_Minimum": "300000", "Source_Date": "20040930", "Source_Indication": "US,U3,USACE,LRN_GIS", "Source_Dataset": "U37CR221.000", "Feature_ID": "U3 1392979730 00001"}}, {"type": "Feature", "id": 3202, "geometry": {"type": "LineString", "coordinates": [[-86.47516, 36.347839], [-86.475581, 36.347898]]}, "properties": {"OBJECTID": 3202, "Category_of_Coastline": "", "Scale_Minimum": "300000", "Source_Date": "20050412", "Source_Indication": "US,U3,USACE,LRN_GIS", "Source_Dataset": "U37CR221.000", "Feature_ID": "U3 1392979732 00001"}}, {"type": "Feature", "id": 3203, "geometry": {"type": "LineString", "coordinates": [[-86.548327, 36.316137], [-86.548106, 36.316086], [-86.548066, 36.315989], [-86.548112, 36.31595], [-86.548367, 36.315987], [-86.54864, 36.316092], [-86.54873, 36.316235], [-86.548327, 36.316137]]}, "properties": {"OBJECTID": 3203, "Category_of_Coastline": "", "Scale_Minimum": "300000", "Source_Date": "20040930", "Source_Indication": "US,U3,USACE,LRN_GIS", "Source_Dataset": "U37CR221.000", "Feature_ID": "U3 1392979733 00001"}}, {"type": "Feature", "id": 3208, "geometry": {"type": "LineString", "coordinates": [[-86.52092, 36.28506], [-86.520724, 36.284947], [-86.520696, 36.284886], [-86.52056, 36.284836], [-86.520206, 36.284614], [-86.519971, 36.284565], [-86.519819, 36.28462], [-86.519781, 36.284533], [-86.519804, 36.284453], [-86.519755, 36.284414], [-86.519804, 36.284321], [-86.51975, 36.284233], [-86.519846, 36.284089], [-86.520028, 36.283964], [-86.520051, 36.283858], [-86.520142, 36.28376], [-86.52015, 36.283634], [-86.520211, 36.283549], [-86.520361, 36.283531], [-86.520695, 36.28323], [-86.520792, 36.283294], [-86.520856, 36.283203], [-86.520894, 36.2832], [-86.520949, 36.283262], [-86.520939, 36.283375], [-86.520838, 36.283598], [-86.520637, 36.283799], [-86.520403, 36.283921], [-86.520257, 36.284075], [-86.520203, 36.284199], [-86.520279, 36.284346], [-86.520295, 36.284484], [-86.520335, 36.284528], [-86.52074, 36.284714], [-86.520926, 36.284761], [-86.520982, 36.284715], [-86.521166, 36.284773], [-86.521217, 36.284925], [-86.521087, 36.285114], [-86.520989, 36.285113], [-86.52092, 36.28506]]}, "properties": {"OBJECTID": 3208, "Category_of_Coastline": "", "Scale_Minimum": "300000", "Source_Date": "20040930", "Source_Indication": "US,U3,USACE,LRN_GIS", "Source_Dataset": "U37CR221.000", "Feature_ID": "U3 1392979738 00001"}}, {"type": "Feature", "id": 3209, "geometry": {"type": "LineString", "coordinates": [[-86.509365, 36.282605], [-86.509039, 36.282637], [-86.508795, 36.282565], [-86.508782, 36.282535], [-86.508899, 36.282474], [-86.509127, 36.28246], [-86.5093, 36.282557], [-86.509351, 36.282537], [-86.509365, 36.282605]]}, "properties": {"OBJECTID": 3209, "Category_of_Coastline": "", "Scale_Minimum": "300000", "Source_Date": "20040930", "Source_Indication": "US,U3,USACE,LRN_GIS", "Source_Dataset": "U37CR221.000", "Feature_ID": "U3 1392979739 00001"}}, {"type": "Feature", "id": 3210, "geometry": {"type": "LineString", "coordinates": [[-86.476689, 36.347755], [-86.476854, 36.347641], [-86.477038, 36.347458]]}, "properties": {"OBJECTID": 3210, "Category_of_Coastline": "", "Scale_Minimum": "300000", "Source_Date": "20050412", "Source_Indication": "US,U3,USACE,LRN_GIS", "Source_Dataset": "U37CR221.000", "Feature_ID": "U3 1392979740 00001"}}, {"type": "Feature", "id": 3215, "geometry": {"type": "LineString", "coordinates": [[-86.475788, 36.348746], [-86.475658, 36.348892], [-86.47516, 36.349206]]}, "properties": {"OBJECTID": 3215, "Category_of_Coastline": "", "Scale_Minimum": "300000", "Source_Date": "20050412", "Source_Indication": "US,U3,USACE,LRN_GIS", "Source_Dataset": "U37CR221.000", "Feature_ID": "U3 1392979745 00001"}}, {"type": "Feature", "id": 3219, "geometry": {"type": "LineString", "coordinates": [[-86.60964, 36.291177], [-86.609508, 36.290912], [-86.609283, 36.290931], [-86.608588, 36.290567], [-86.608333, 36.290301], [-86.608282, 36.290234], [-86.608268, 36.290149], [-86.608158, 36.290011], [-86.60814, 36.289478], [-86.608368, 36.288817], [-86.608323, 36.288348], [-86.60835, 36.288094], [-86.608399, 36.287989], [-86.608733, 36.287619], [-86.608718, 36.287341], [-86.608678, 36.287128], [-86.608549, 36.287035], [-86.608402, 36.28701], [-86.608185, 36.286921], [-86.608008, 36.286759], [-86.607854, 36.286457], [-86.607828, 36.28631], [-86.60773, 36.286072], [-86.607708, 36.285908], [-86.607533, 36.285661], [-86.607423, 36.285413], [-86.607333, 36.285294], [-86.607239, 36.284805], [-86.607179, 36.284737], [-86.607094, 36.28473], [-86.60678, 36.28481], [-86.606353, 36.28481], [-86.606025, 36.284746], [-86.605639, 36.284562], [-86.605061, 36.284087], [-86.604706, 36.283575], [-86.604638, 36.283351], [-86.604605, 36.283058], [-86.60463, 36.282998], [-86.605056, 36.282716], [-86.60574, 36.282591], [-86.606019, 36.282494], [-86.606217, 36.282485], [-86.606456, 36.282416], [-86.606573, 36.282348], [-86.606669, 36.282219], [-86.60687, 36.282224], [-86.606916, 36.282036], [-86.606897, 36.281781], [-86.606834, 36.281701], [-86.606754, 36.281673], [-86.606061, 36.281507], [-86.605805, 36.281387], [-86.605344, 36.281325], [-86.605307, 36.281269], [-86.605183, 36.281221], [-86.604902, 36.281197], [-86.604629, 36.281221], [-86.604154, 36.281072], [-86.60413, 36.281058], [-86.604147, 36.280975], [-86.60408, 36.280929], [-86.603974, 36.280953], [-86.603608, 36.280443], [-86.603471, 36.28016], [-86.603389, 36.279856], [-86.60342, 36.279808], [-86.603433, 36.279577], [-86.603412, 36.279384], [-86.603321, 36.279137], [-86.603243, 36.279034], [-86.603054, 36.278028], [-86.603116, 36.277932], [-86.60326, 36.277935], [-86.604222, 36.278425], [-86.604373, 36.278566], [-86.604579, 36.27865], [-86.605035, 36.278713], [-86.60559, 36.278641], [-86.605719, 36.278689], [-86.605801, 36.278683], [-86.605955, 36.278609], [-86.606067, 36.278616], [-86.606123, 36.278561], [-86.606225, 36.278547], [-86.606386, 36.27861], [-86.606461, 36.278575], [-86.606525, 36.278317], [-86.606485, 36.278208], [-86.606381, 36.278159], [-86.606362, 36.277984], [-86.606428, 36.277945], [-86.606449, 36.277884], [-86.606382, 36.277786], [-86.606371, 36.277713], [-86.606196, 36.277662], [-86.606018, 36.277735], [-86.605883, 36.277719], [-86.605571, 36.277779], [-86.605311, 36.27777], [-86.605159, 36.277692], [-86.605147, 36.27763], [-86.605022, 36.277622], [-86.604716, 36.27733], [-86.60461, 36.277182], [-86.604655, 36.276932], [-86.604425, 36.276721], [-86.604168, 36.276626], [-86.603996, 36.276654], [-86.603969, 36.276694], [-86.603896, 36.276709], [-86.603631, 36.276719], [-86.603358, 36.276673], [-86.603177, 36.276594], [-86.603159, 36.27654], [-86.603225, 36.276316], [-86.603382, 36.276215], [-86.603512, 36.276029], [-86.603617, 36.276043], [-86.603837, 36.276217], [-86.603981, 36.276213], [-86.604116, 36.276105], [-86.604154, 36.275983], [-86.604123, 36.275874], [-86.604005, 36.275784], [-86.603765, 36.275716], [-86.603717, 36.275652], [-86.603717, 36.275572], [-86.603812, 36.275378], [-86.604049, 36.275247], [-86.60425, 36.275063], [-86.604327, 36.274812], [-86.604424, 36.274716], [-86.604766, 36.274699], [-86.604981, 36.274827], [-86.605094, 36.274949], [-86.605124, 36.275021], [-86.605125, 36.275206], [-86.605187, 36.275261], [-86.605286, 36.275248], [-86.605322, 36.275148], [-86.605376, 36.275193], [-86.60543, 36.275163], [-86.605487, 36.275024], [-86.605459, 36.274732], [-86.605562, 36.274526], [-86.605511, 36.27435], [-86.605442, 36.274343], [-86.60541, 36.274212], [-86.605436, 36.273991], [-86.605545, 36.273896], [-86.605676, 36.273705], [-86.606211, 36.273404], [-86.60618, 36.272783], [-86.606077, 36.272576], [-86.605748, 36.272509], [-86.605041, 36.272191], [-86.604612, 36.272086], [-86.604259, 36.271959], [-86.604027, 36.271916], [-86.603691, 36.271955], [-86.603511, 36.271895], [-86.603278, 36.271715], [-86.603018, 36.271432], [-86.602382, 36.270929], [-86.602196, 36.270631], [-86.602134, 36.270387], [-86.602142, 36.270254], [-86.602224, 36.270127], [-86.602522, 36.270045], [-86.602865, 36.270087], [-86.603481, 36.270351], [-86.603842, 36.270448], [-86.603913, 36.270493], [-86.604158, 36.270495], [-86.605195, 36.270112], [-86.605358, 36.269948], [-86.605424, 36.269837], [-86.60565, 36.269777], [-86.605733, 36.26963], [-86.605949, 36.269562], [-86.605925, 36.269455], [-86.605741, 36.269408], [-86.605708, 36.269368], [-86.60558, 36.269372], [-86.605458, 36.26929], [-86.604833, 36.269092], [-86.604759, 36.269041], [-86.604632, 36.269024], [-86.604339, 36.268682], [-86.604099, 36.268478], [-86.604014, 36.268443], [-86.603722, 36.268497], [-86.60326, 36.268479], [-86.60321, 36.268341], [-86.603225, 36.268185], [-86.603396, 36.267373], [-86.603459, 36.26719], [-86.60353, 36.267092], [-86.603748, 36.26693], [-86.603876, 36.267], [-86.604097, 36.267203], [-86.604225, 36.2672], [-86.604391, 36.267246], [-86.605158, 36.266996], [-86.605837, 36.266854], [-86.606262, 36.266862], [-86.606961, 36.266998], [-86.607214, 36.266922], [-86.607318, 36.266816], [-86.60735, 36.266701], [-86.607315, 36.266625], [-86.607342, 36.266445], [-86.607322, 36.266256], [-86.607378, 36.266004], [-86.607555, 36.265901], [-86.608032, 36.265887], [-86.608124, 36.265681], [-86.608114, 36.265622], [-86.607977, 36.265487], [-86.60793, 36.265327], [-86.607755, 36.265304], [-86.607563, 36.265221], [-86.607464, 36.26498], [-86.607185, 36.264574], [-86.607167, 36.264463], [-86.606919, 36.264239], [-86.60689, 36.264169], [-86.60699, 36.264068], [-86.607023, 36.263901], [-86.607111, 36.263785], [-86.607244, 36.263773], [-86.60728, 36.263691], [-86.607221, 36.263614], [-86.607289, 36.26339], [-86.607441, 36.263164], [-86.607478, 36.263031], [-86.607799, 36.262575], [-86.608386, 36.262398], [-86.6087, 36.262369], [-86.60901, 36.262402], [-86.608786, 36.262126], [-86.60861, 36.262026], [-86.608392, 36.261813], [-86.608193, 36.261672], [-86.60797, 36.261446], [-86.607917, 36.261318], [-86.607963, 36.261198], [-86.608145, 36.261032], [-86.608321, 36.260973], [-86.608679, 36.26094], [-86.608669, 36.260713], [-86.608559, 36.260673], [-86.608574, 36.260626], [-86.608526, 36.260598], [-86.608484, 36.26061], [-86.60842, 36.260433], [-86.608423, 36.260311], [-86.608444, 36.260268], [-86.60872, 36.260099], [-86.609007, 36.259805], [-86.609049, 36.259655], [-86.608941, 36.259573], [-86.608806, 36.259585], [-86.608467, 36.259695], [-86.608182, 36.259863], [-86.608056, 36.259975], [-86.606965, 36.260278], [-86.606515, 36.260205], [-86.606366, 36.260099], [-86.606413, 36.259768], [-86.606542, 36.259279], [-86.606491, 36.259056], [-86.606388, 36.258849], [-86.606107, 36.258547], [-86.605775, 36.258329], [-86.605577, 36.257899], [-86.605335, 36.257631], [-86.605049, 36.257493], [-86.60491, 36.257475], [-86.604431, 36.257243], [-86.60427, 36.257117], [-86.604024, 36.257003], [-86.603822, 36.256803], [-86.603481, 36.256123], [-86.603606, 36.255962], [-86.60372, 36.255902], [-86.603734, 36.255801], [-86.603679, 36.255686], [-86.60348, 36.255511], [-86.603267, 36.255531], [-86.603229, 36.25551], [-86.603007, 36.255236], [-86.602845, 36.254938], [-86.60283, 36.254583], [-86.602672, 36.25439], [-86.602353, 36.254144], [-86.602178, 36.253954], [-86.602098, 36.253791], [-86.601928, 36.253592], [-86.601876, 36.25338], [-86.601573, 36.253029], [-86.60143, 36.252733], [-86.601569, 36.25267], [-86.601797, 36.252686], [-86.602576, 36.253178], [-86.602984, 36.253161], [-86.603237, 36.253112], [-86.603302, 36.253072], [-86.603196, 36.252835], [-86.602545, 36.252617], [-86.602389, 36.252466], [-86.602423, 36.25235], [-86.602553, 36.252275], [-86.602641, 36.252243], [-86.602873, 36.252247], [-86.60293, 36.252216], [-86.602964, 36.252146], [-86.602945, 36.252085], [-86.602781, 36.251868], [-86.60255, 36.251787], [-86.602422, 36.251798], [-86.602326, 36.251855], [-86.602119, 36.252068], [-86.602051, 36.252096], [-86.601943, 36.252045], [-86.601753, 36.251871], [-86.601781, 36.251745], [-86.601751, 36.25163], [-86.601812, 36.251537], [-86.601736, 36.251054], [-86.601755, 36.250986], [-86.60167, 36.250884], [-86.601536, 36.25047], [-86.601461, 36.250377], [-86.601475, 36.250212], [-86.601414, 36.250058], [-86.601485, 36.250007], [-86.601741, 36.249932], [-86.601894, 36.249758], [-86.602132, 36.249725], [-86.602492, 36.249596], [-86.602892, 36.249687], [-86.603365, 36.249627], [-86.603502, 36.249661], [-86.603681, 36.249658], [-86.603922, 36.249615], [-86.60403, 36.249549], [-86.604489, 36.249519], [-86.605033, 36.249325], [-86.605267, 36.249334], [-86.605459, 36.249245], [-86.605756, 36.249184], [-86.606089, 36.249056], [-86.606202, 36.248978], [-86.606239, 36.248883], [-86.606223, 36.24873], [-86.606254, 36.248692], [-86.606348, 36.248692], [-86.606737, 36.248544], [-86.606795, 36.248436], [-86.606797, 36.248292], [-86.606836, 36.248265], [-86.607159, 36.248278], [-86.607186, 36.248303], [-86.607533, 36.248282], [-86.607999, 36.248339], [-86.608174, 36.248282], [-86.608298, 36.24836], [-86.609101, 36.248538], [-86.609203, 36.248622], [-86.609204, 36.248686], [-86.609024, 36.249129], [-86.609053, 36.24963], [-86.609112, 36.249761], [-86.609165, 36.250157], [-86.609239, 36.250336], [-86.609238, 36.250574], [-86.609275, 36.250711], [-86.609239, 36.250844], [-86.609259, 36.250978], [-86.609236, 36.251306], [-86.60918, 36.251462], [-86.609175, 36.2516], [-86.609221, 36.251813], [-86.609394, 36.251887], [-86.609356, 36.252085], [-86.60937, 36.252175], [-86.609399, 36.25217], [-86.609527, 36.251925], [-86.609547, 36.251771], [-86.609793, 36.251476], [-86.609867, 36.251269], [-86.609945, 36.251155], [-86.610033, 36.2511], [-86.610083, 36.251022], [-86.610108, 36.250774], [-86.610196, 36.250641], [-86.610225, 36.250534], [-86.610268, 36.250507], [-86.610234, 36.250338], [-86.610301, 36.250039], [-86.610302, 36.249743], [-86.610524, 36.249295], [-86.61104, 36.248965], [-86.611585, 36.248748], [-86.611699, 36.248607], [-86.611876, 36.248522], [-86.611981, 36.248431], [-86.612148, 36.248416], [-86.612392, 36.248501], [-86.612443, 36.248551], [-86.612467, 36.248649], [-86.61235, 36.248762], [-86.612315, 36.248879], [-86.612355, 36.249009], [-86.612465, 36.249125], [-86.612622, 36.249163], [-86.612828, 36.249159], [-86.613055, 36.249075], [-86.6132, 36.249069], [-86.613441, 36.249108], [-86.613537, 36.249136], [-86.61354, 36.249163], [-86.613596, 36.249146], [-86.613701, 36.249173], [-86.614124, 36.249401], [-86.614274, 36.249557], [-86.614333, 36.249713], [-86.614315, 36.249914], [-86.614344, 36.250111], [-86.614457, 36.25028], [-86.614614, 36.250367], [-86.614887, 36.250444], [-86.615222, 36.250447], [-86.615337, 36.250289], [-86.615555, 36.25013], [-86.616154, 36.249854], [-86.616294, 36.249849], [-86.616643, 36.250005], [-86.616809, 36.250058], [-86.617105, 36.250074], [-86.617706, 36.250308], [-86.618001, 36.250449], [-86.61828, 36.250662], [-86.618502, 36.250731], [-86.61855, 36.250813], [-86.618938, 36.251002], [-86.619472, 36.251096], [-86.619605, 36.251226], [-86.619628, 36.251323], [-86.619515, 36.251585], [-86.619648, 36.251667], [-86.619761, 36.251691], [-86.61989, 36.251667], [-86.620335, 36.251342], [-86.620833, 36.251464]]}, "properties": {"OBJECTID": 3219, "Category_of_Coastline": "", "Scale_Minimum": "300000", "Source_Date": "20040930", "Source_Indication": "US,U3,USACE,LRN_GIS_Data", "Source_Dataset": "U37CR221.000", "Feature_ID": "U3 1392991975 00001"}}, {"type": "Feature", "id": 3220, "geometry": {"type": "LineString", "coordinates": [[-86.620833, 36.254333], [-86.620265, 36.25447], [-86.619528, 36.254892], [-86.619569, 36.255166], [-86.619484, 36.255634], [-86.619391, 36.255807], [-86.619365, 36.256067], [-86.619397, 36.256283], [-86.619485, 36.256277], [-86.619504, 36.25619], [-86.619558, 36.256146], [-86.619725, 36.256096], [-86.620171, 36.255649], [-86.620386, 36.25549], [-86.620539, 36.255452], [-86.620607, 36.255377], [-86.62067, 36.25537], [-86.620833, 36.255267]]}, "properties": {"OBJECTID": 3220, "Category_of_Coastline": "", "Scale_Minimum": "300000", "Source_Date": "20040930", "Source_Indication": "US,U3,USACE,LRN_GIS_Data", "Source_Dataset": "U37CR221.000", "Feature_ID": "U3 1392991975 00001"}}]}