{"type": "FeatureCollection", "features": [{"type": "Feature", "id": 1956, "geometry": {"type": "LineString", "coordinates": [[-86.666675, 36.299975], [-86.666788, 36.299981], [-86.666947, 36.30007], [-86.667507, 36.300115], [-86.667627, 36.300193], [-86.668708, 36.300377], [-86.668934, 36.300466], [-86.66955, 36.300515], [-86.669748, 36.300584], [-86.67064, 36.300725], [-86.671302, 36.300741], [-86.671618, 36.300706], [-86.671973, 36.300599], [-86.67262, 36.300535], [-86.674233, 36.299902], [-86.674783, 36.29965], [-86.674964, 36.299537], [-86.675313, 36.299388], [-86.67608, 36.298917], [-86.676321, 36.298706], [-86.67644, 36.29866], [-86.677062, 36.298198], [-86.677485, 36.297777], [-86.677625, 36.297688], [-86.677671, 36.297593], [-86.677786, 36.297547], [-86.677831, 36.297447], [-86.67795, 36.297408], [-86.677988, 36.297303], [-86.678116, 36.297266], [-86.678153, 36.297162], [-86.678276, 36.297121], [-86.678329, 36.296998], [-86.678416, 36.29696], [-86.678508, 36.296761], [-86.678625, 36.29672], [-86.678666, 36.296611], [-86.678792, 36.296578], [-86.678827, 36.296472], [-86.678995, 36.296336], [-86.679029, 36.29625], [-86.679156, 36.296188], [-86.679177, 36.296065], [-86.679423, 36.295856], [-86.679646, 36.295613], [-86.679681, 36.295514], [-86.679782, 36.29546], [-86.680017, 36.295105], [-86.680139, 36.295006], [-86.680294, 36.294743], [-86.680444, 36.294579], [-86.680521, 36.294412], [-86.680655, 36.294265], [-86.680688, 36.294136], [-86.680789, 36.294084], [-86.680976, 36.293846], [-86.68101, 36.293708], [-86.681117, 36.29366], [-86.681337, 36.293292], [-86.681453, 36.293246], [-86.681514, 36.29302], [-86.681683, 36.292856], [-86.681768, 36.292816], [-86.681853, 36.292613], [-86.681967, 36.292567], [-86.682021, 36.292442], [-86.682201, 36.292215], [-86.682297, 36.292152], [-86.682352, 36.292018], [-86.68243, 36.29198], [-86.682516, 36.291794], [-86.682625, 36.291731], [-86.682665, 36.291615], [-86.683126, 36.290963], [-86.683196, 36.290817], [-86.683456, 36.290524], [-86.683527, 36.290375], [-86.683601, 36.290326], [-86.683801, 36.290075], [-86.683913, 36.289841], [-86.68417, 36.28957], [-86.684207, 36.28944], [-86.684322, 36.289399], [-86.684379, 36.289271], [-86.684479, 36.289252], [-86.684548, 36.289033], [-86.68466, 36.288998], [-86.68471, 36.288881], [-86.684825, 36.288852], [-86.684881, 36.288619], [-86.685021, 36.288598], [-86.685037, 36.288476], [-86.685191, 36.288336], [-86.685222, 36.288207], [-86.685339, 36.288165], [-86.685394, 36.287979], [-86.685521, 36.287895], [-86.685551, 36.287759], [-86.68564, 36.287723], [-86.685698, 36.28762], [-86.685721, 36.287493], [-86.685828, 36.287466], [-86.685889, 36.287217], [-86.685998, 36.287102], [-86.686025, 36.286986], [-86.686192, 36.286676], [-86.686224, 36.286417], [-86.686313, 36.286282], [-86.686467, 36.285731], [-86.686535, 36.285288], [-86.686551, 36.284762], [-86.68663, 36.284558], [-86.68649, 36.282332], [-86.686397, 36.281884], [-86.686456, 36.281743], [-86.686431, 36.281679], [-86.686363, 36.281656], [-86.686336, 36.281609], [-86.686315, 36.280741], [-86.686378, 36.280455], [-86.686287, 36.279975], [-86.686183, 36.279751], [-86.686089, 36.279421], [-86.686087, 36.279319], [-86.685988, 36.279137], [-86.685969, 36.278892], [-86.685815, 36.278725], [-86.685843, 36.278604], [-86.685765, 36.27822], [-86.685638, 36.278041], [-86.685658, 36.277895], [-86.685464, 36.27749], [-86.685434, 36.277252], [-86.685295, 36.277072], [-86.685262, 36.276841], [-86.685212, 36.276726], [-86.685132, 36.276644], [-86.685088, 36.276427], [-86.684947, 36.276255], [-86.684887, 36.276028], [-86.684806, 36.275972], [-86.684798, 36.275825], [-86.68467, 36.275651], [-86.684598, 36.275603], [-86.684575, 36.275377], [-86.684542, 36.275336], [-86.684426, 36.275301], [-86.684411, 36.275141], [-86.684444, 36.275024], [-86.684371, 36.27493], [-86.68425, 36.274894], [-86.684235, 36.274624], [-86.684076, 36.274489], [-86.684037, 36.274236], [-86.683915, 36.274188], [-86.683881, 36.273959], [-86.683736, 36.27382], [-86.683696, 36.273602], [-86.683676, 36.273566], [-86.683562, 36.273539], [-86.683537, 36.273388], [-86.683384, 36.273255], [-86.683337, 36.273001], [-86.683208, 36.272971], [-86.683162, 36.272728], [-86.683045, 36.272701], [-86.683013, 36.272443], [-86.682886, 36.272379], [-86.682806, 36.272108], [-86.682692, 36.272046], [-86.682665, 36.271996], [-86.682629, 36.271798], [-86.682525, 36.27177], [-86.682503, 36.271736], [-86.682459, 36.271521], [-86.682342, 36.271475], [-86.682303, 36.271222], [-86.682174, 36.271204], [-86.68211, 36.270976], [-86.68198, 36.270927], [-86.681935, 36.270781], [-86.681815, 36.270648], [-86.681756, 36.270437], [-86.681639, 36.27037], [-86.681585, 36.270161], [-86.681496, 36.270126], [-86.681416, 36.269884], [-86.681321, 36.269841], [-86.681245, 36.26961], [-86.681141, 36.269544], [-86.681114, 36.269417], [-86.680974, 36.269274], [-86.680937, 36.269091], [-86.680809, 36.269005], [-86.680766, 36.268817], [-86.680643, 36.268724], [-86.680625, 36.268592], [-86.680392, 36.268206], [-86.680353, 36.268048], [-86.680093, 36.267794], [-86.680035, 36.267659], [-86.679845, 36.267441], [-86.679757, 36.267379], [-86.679297, 36.266818], [-86.679186, 36.266743], [-86.679124, 36.266652], [-86.678256, 36.265846], [-86.67739, 36.265172], [-86.677284, 36.26512], [-86.677045, 36.264901], [-86.676352, 36.264504], [-86.676282, 36.264425], [-86.675989, 36.264248], [-86.675929, 36.26416], [-86.675812, 36.264117], [-86.675755, 36.264027], [-86.675641, 36.26398], [-86.675443, 36.263827], [-86.675211, 36.26358], [-86.674828, 36.263266], [-86.674777, 36.263173], [-86.67467, 36.263117], [-86.674512, 36.262971], [-86.674395, 36.262788], [-86.674294, 36.262736], [-86.674248, 36.262634], [-86.674122, 36.26259], [-86.673966, 36.262407], [-86.673887, 36.26224], [-86.673753, 36.262196], [-86.673593, 36.262048], [-86.673513, 36.261855], [-86.673404, 36.261803], [-86.673212, 36.261517], [-86.673066, 36.261375], [-86.673047, 36.261258], [-86.672995, 36.261175], [-86.672891, 36.2611], [-86.672825, 36.260942], [-86.672585, 36.260693], [-86.672555, 36.260546], [-86.67243, 36.260389], [-86.672311, 36.260071], [-86.672246, 36.260018], [-86.672173, 36.259843], [-86.672069, 36.259709], [-86.67189, 36.259301], [-86.67173, 36.259039], [-86.67157, 36.25889], [-86.671522, 36.258755], [-86.671387, 36.258624], [-86.671299, 36.258377], [-86.671163, 36.258211], [-86.671139, 36.258068], [-86.670858, 36.257827], [-86.670815, 36.257709], [-86.670539, 36.257384], [-86.670452, 36.257173], [-86.670358, 36.257121], [-86.670308, 36.257017], [-86.670196, 36.256965], [-86.670096, 36.256777], [-86.669967, 36.256713], [-86.669919, 36.256646], [-86.669565, 36.256383], [-86.669338, 36.256291], [-86.669151, 36.256171], [-86.669099, 36.256077], [-86.668929, 36.256011], [-86.668803, 36.255903], [-86.66876, 36.255798], [-86.66864, 36.255761], [-86.668596, 36.25566], [-86.668465, 36.255628], [-86.668426, 36.255519], [-86.668292, 36.255476], [-86.668259, 36.255379], [-86.668106, 36.255317], [-86.667914, 36.255117], [-86.667751, 36.255054], [-86.667247, 36.254687], [-86.66711, 36.254662], [-86.666662, 36.254342], [-86.666437, 36.254249], [-86.666396, 36.254147], [-86.666261, 36.25412], [-86.665709, 36.253738], [-86.665567, 36.25371], [-86.665228, 36.253568], [-86.665047, 36.253433], [-86.665004, 36.253354], [-86.664869, 36.2533], [-86.664831, 36.253219], [-86.664728, 36.253196], [-86.664441, 36.252984], [-86.663881, 36.252648], [-86.663185, 36.252077], [-86.663141, 36.251978], [-86.663025, 36.251945], [-86.662966, 36.251837], [-86.662845, 36.251797], [-86.662799, 36.251703], [-86.662685, 36.251664], [-86.662646, 36.251554], [-86.662538, 36.251505], [-86.66248, 36.251405], [-86.662384, 36.251354], [-86.661961, 36.25098], [-86.661929, 36.250899], [-86.6618, 36.250852], [-86.661766, 36.250756], [-86.661646, 36.250723], [-86.661308, 36.250433], [-86.661264, 36.250302], [-86.661113, 36.25016], [-86.661075, 36.250076], [-86.66096, 36.250023], [-86.660719, 36.249677], [-86.660617, 36.249612], [-86.660507, 36.249459], [-86.660037, 36.248542], [-86.65998, 36.248377], [-86.659881, 36.248264], [-86.659836, 36.248099], [-86.659724, 36.247941], [-86.659483, 36.247415], [-86.659238, 36.247013], [-86.659165, 36.2468], [-86.658298, 36.245576], [-86.657819, 36.245011], [-86.657385, 36.2446], [-86.657295, 36.244466], [-86.657202, 36.244415], [-86.657041, 36.244249], [-86.656936, 36.244073], [-86.656853, 36.24403], [-86.65679, 36.243905], [-86.656681, 36.243868], [-86.656579, 36.243676], [-86.656318, 36.243467], [-86.656277, 36.243358], [-86.656171, 36.243323], [-86.656115, 36.243202], [-86.655655, 36.242779], [-86.655616, 36.242657], [-86.655306, 36.242391], [-86.655247, 36.242267], [-86.655129, 36.242223], [-86.655104, 36.242119], [-86.655029, 36.242086], [-86.65494, 36.241974], [-86.654288, 36.241433], [-86.65422, 36.241315], [-86.654112, 36.24127], [-86.654076, 36.241165], [-86.653936, 36.241049], [-86.653875, 36.240917], [-86.653776, 36.240896], [-86.653358, 36.240514], [-86.653321, 36.240404], [-86.653276, 36.240395], [-86.653197, 36.240293], [-86.653206, 36.240221], [-86.653091, 36.240213], [-86.65244, 36.239639], [-86.652153, 36.239287], [-86.651646, 36.238871], [-86.651508, 36.238713], [-86.651402, 36.238661], [-86.65134, 36.238567], [-86.651233, 36.238522], [-86.651182, 36.238432], [-86.651063, 36.238385], [-86.651005, 36.238287], [-86.650874, 36.238264], [-86.65085, 36.238159], [-86.650742, 36.238097], [-86.650443, 36.237791], [-86.650201, 36.23763], [-86.64985, 36.237328], [-86.64944, 36.236856], [-86.64932, 36.236666], [-86.649275, 36.236534], [-86.649153, 36.236497], [-86.649012, 36.236357], [-86.648947, 36.236112], [-86.64882, 36.236076], [-86.648807, 36.235942], [-86.648648, 36.235751], [-86.648333, 36.235236], [-86.648128, 36.234987], [-86.64807, 36.234756], [-86.647957, 36.234708], [-86.647897, 36.234539], [-86.64788, 36.234363], [-86.647771, 36.234323], [-86.64772, 36.234157], [-86.647593, 36.23403], [-86.647552, 36.233883], [-86.647397, 36.233623], [-86.64737, 36.233473], [-86.647242, 36.233333], [-86.647211, 36.233201], [-86.647066, 36.232937], [-86.647039, 36.232788], [-86.646905, 36.232663], [-86.646847, 36.232372], [-86.646727, 36.232242], [-86.646673, 36.231995], [-86.646536, 36.231828], [-86.646508, 36.231617], [-86.646334, 36.231444], [-86.646323, 36.231279], [-86.646193, 36.231159], [-86.646116, 36.231013], [-86.64614, 36.230845], [-86.646006, 36.230757], [-86.645953, 36.230601], [-86.645937, 36.230416], [-86.645831, 36.230249], [-86.64581, 36.230109], [-86.64571, 36.230041], [-86.645663, 36.229686], [-86.645568, 36.229674], [-86.645517, 36.22963], [-86.645487, 36.229318], [-86.645354, 36.229253], [-86.645066, 36.228648], [-86.644876, 36.22844], [-86.644834, 36.228278], [-86.644692, 36.228142], [-86.644638, 36.227906], [-86.644529, 36.227705], [-86.644439, 36.227439], [-86.644424, 36.227312], [-86.644294, 36.227146], [-86.644144, 36.226788], [-86.644013, 36.226706], [-86.643988, 36.226491], [-86.64392, 36.226354], [-86.643825, 36.226256], [-86.643791, 36.225882], [-86.643772, 36.225843], [-86.643651, 36.225807], [-86.643616, 36.225397], [-86.643441, 36.225121], [-86.643432, 36.224744], [-86.643312, 36.224649], [-86.643289, 36.224589], [-86.643271, 36.224029], [-86.643203, 36.223716], [-86.64312, 36.223625], [-86.643092, 36.223088], [-86.642954, 36.222919], [-86.642911, 36.222252], [-86.642776, 36.222237], [-86.642744, 36.22176], [-86.642609, 36.221638], [-86.642563, 36.221086], [-86.642431, 36.220994], [-86.642397, 36.220387], [-86.642373, 36.220345], [-86.642256, 36.220309], [-86.642217, 36.219884], [-86.642233, 36.219658], [-86.642127, 36.219591], [-86.642079, 36.219515], [-86.64206, 36.219209], [-86.642157, 36.218911], [-86.642112, 36.218867], [-86.64197, 36.218884], [-86.64196, 36.218857], [-86.641962, 36.218233], [-86.641874, 36.218128], [-86.641851, 36.217863], [-86.641737, 36.217413], [-86.641502, 36.216807], [-86.641419, 36.216468], [-86.641335, 36.216341], [-86.641253, 36.21605], [-86.641104, 36.215745], [-86.641036, 36.215514], [-86.64095, 36.215386], [-86.640881, 36.215193], [-86.640698, 36.214963], [-86.640688, 36.214825], [-86.640624, 36.214841], [-86.640597, 36.214895], [-86.64053, 36.214892], [-86.640453, 36.214711], [-86.640339, 36.214647], [-86.640218, 36.214373], [-86.640076, 36.214151], [-86.64002, 36.213967], [-86.639858, 36.213725], [-86.639817, 36.213522], [-86.639789, 36.213488], [-86.639655, 36.213462], [-86.639652, 36.213192], [-86.639597, 36.213101], [-86.639484, 36.213073], [-86.639447, 36.212806], [-86.639305, 36.212776], [-86.639285, 36.212443], [-86.639263, 36.212404], [-86.639129, 36.212369], [-86.63907, 36.212086], [-86.638963, 36.211955], [-86.638874, 36.211614], [-86.638781, 36.211561], [-86.638765, 36.211427], [-86.638621, 36.211147], [-86.638567, 36.210841], [-86.63856, 36.210538], [-86.638426, 36.210337], [-86.638377, 36.209854], [-86.638408, 36.208369], [-86.638562, 36.208255], [-86.63865, 36.208115], [-86.638818, 36.208018], [-86.638887, 36.207837], [-86.639015, 36.207727], [-86.639094, 36.207423], [-86.639241, 36.207277], [-86.639281, 36.207113], [-86.640181, 36.205856], [-86.640551, 36.205434], [-86.640855, 36.205146], [-86.640971, 36.204966], [-86.641427, 36.204505], [-86.641453, 36.204443], [-86.641581, 36.204359], [-86.641622, 36.204262], [-86.641729, 36.204201], [-86.641778, 36.204089], [-86.642063, 36.203793], [-86.642122, 36.203691], [-86.642264, 36.203543], [-86.642369, 36.203488], [-86.642606, 36.203147], [-86.643054, 36.202673], [-86.643146, 36.202475], [-86.643249, 36.20242], [-86.643295, 36.202316], [-86.643617, 36.20202], [-86.643713, 36.201971], [-86.643832, 36.201796], [-86.64408, 36.201579], [-86.64413, 36.201487], [-86.645279, 36.200496], [-86.645391, 36.200446], [-86.645435, 36.200376], [-86.645635, 36.200227], [-86.645819, 36.200106], [-86.645938, 36.200065], [-86.647465, 36.199098], [-86.647535, 36.199015], [-86.648021, 36.198726], [-86.648362, 36.198473], [-86.648787, 36.198239], [-86.648847, 36.198161], [-86.648963, 36.198117], [-86.649023, 36.19803], [-86.649137, 36.197993], [-86.649434, 36.19781], [-86.649546, 36.197695], [-86.650257, 36.197242], [-86.650771, 36.196853], [-86.651883, 36.196208], [-86.652178, 36.196061], [-86.652949, 36.195778], [-86.653554, 36.195499], [-86.654129, 36.195287], [-86.654576, 36.195073], [-86.655047, 36.194908], [-86.655146, 36.194839], [-86.655367, 36.194777], [-86.655416, 36.194697], [-86.655542, 36.194667], [-86.655627, 36.194574], [-86.656103, 36.194278], [-86.656234, 36.19424], [-86.656606, 36.193965], [-86.656948, 36.193847], [-86.657594, 36.193791], [-86.657629, 36.193723], [-86.657668, 36.193775], [-86.65774, 36.19378], [-86.657784, 36.193694], [-86.658064, 36.193639], [-86.658135, 36.193565], [-86.658447, 36.193515], [-86.658645, 36.193447], [-86.659955, 36.193242], [-86.660091, 36.193207], [-86.660155, 36.193153], [-86.660749, 36.193086], [-86.660839, 36.193019], [-86.661578, 36.192937], [-86.661677, 36.192868], [-86.662655, 36.192689], [-86.662762, 36.192634], [-86.663359, 36.192591], [-86.663603, 36.192494], [-86.663743, 36.192375], [-86.66389, 36.192318], [-86.666953, 36.19224], [-86.667113, 36.192287], [-86.667198, 36.192354], [-86.66745, 36.192393], [-86.667591, 36.192473], [-86.667808, 36.192502], [-86.66831, 36.192673], [-86.66841, 36.192745], [-86.668635, 36.192793], [-86.66893, 36.193072], [-86.669148, 36.193389], [-86.669184, 36.193555], [-86.669674, 36.194037], [-86.669736, 36.194161], [-86.669827, 36.194223], [-86.669891, 36.194445], [-86.670006, 36.194471], [-86.670054, 36.194589], [-86.670173, 36.194619], [-86.670254, 36.194822], [-86.67035, 36.194864], [-86.670438, 36.194991], [-86.670522, 36.195025], [-86.67056, 36.195106], [-86.67121, 36.195702], [-86.671264, 36.195783], [-86.671384, 36.195842], [-86.671449, 36.195945], [-86.671548, 36.195984], [-86.6716, 36.196107], [-86.671749, 36.196239], [-86.671797, 36.196333], [-86.671915, 36.196394], [-86.672006, 36.196572], [-86.672071, 36.196611], [-86.67277, 36.197442], [-86.672936, 36.197873], [-86.672988, 36.198141], [-86.673081, 36.198309], [-86.673179, 36.19867], [-86.67328, 36.198831], [-86.673515, 36.199664], [-86.673676, 36.200084], [-86.673783, 36.200228], [-86.673851, 36.200465], [-86.673961, 36.200594], [-86.674017, 36.200748], [-86.674119, 36.200841], [-86.674176, 36.201031], [-86.674263, 36.201062], [-86.674313, 36.201177], [-86.67447, 36.201364], [-86.674736, 36.201873], [-86.67484, 36.202005], [-86.674917, 36.202208], [-86.674994, 36.202277], [-86.675048, 36.202415], [-86.675472, 36.203131], [-86.675877, 36.203741], [-86.675977, 36.203963], [-86.676363, 36.204522], [-86.676757, 36.205198], [-86.676827, 36.205483], [-86.677118, 36.20633], [-86.677296, 36.207188], [-86.67733, 36.20759], [-86.677424, 36.207897], [-86.67743, 36.209281], [-86.677456, 36.209674], [-86.677478, 36.209686], [-86.677461, 36.209753], [-86.677493, 36.209822], [-86.677471, 36.209887], [-86.677551, 36.210077], [-86.677486, 36.210164], [-86.677584, 36.210274], [-86.6776, 36.210376], [-86.677611, 36.211467], [-86.677679, 36.212431], [-86.677667, 36.212636], [-86.677729, 36.212756], [-86.677786, 36.21299], [-86.677834, 36.21351], [-86.677967, 36.213803], [-86.678018, 36.214554], [-86.678095, 36.214743], [-86.678027, 36.214824], [-86.678145, 36.214924], [-86.678206, 36.216452], [-86.678208, 36.217295], [-86.678334, 36.217646], [-86.678386, 36.218757], [-86.678372, 36.219428], [-86.678416, 36.221766], [-86.678397, 36.2238], [-86.678266, 36.223893], [-86.678283, 36.22393], [-86.6784, 36.223968], [-86.67843, 36.226154], [-86.678496, 36.226509], [-86.678584, 36.226682], [-86.678603, 36.227508], [-86.678685, 36.227777], [-86.678712, 36.228379], [-86.678887, 36.229374], [-86.679035, 36.229799], [-86.679282, 36.230183], [-86.679373, 36.230252], [-86.679457, 36.230436], [-86.679485, 36.230402], [-86.679512, 36.230162], [-86.679568, 36.230114], [-86.679634, 36.230108], [-86.679698, 36.230497], [-86.679807, 36.230516], [-86.679827, 36.230684], [-86.679878, 36.230756], [-86.679874, 36.230863], [-86.67998, 36.23092], [-86.679994, 36.231091], [-86.680151, 36.231343], [-86.68019, 36.231634], [-86.680321, 36.231853], [-86.680386, 36.232139], [-86.680506, 36.232319], [-86.680549, 36.232512], [-86.680621, 36.232623], [-86.680748, 36.232957], [-86.680829, 36.233061], [-86.680912, 36.233329], [-86.681008, 36.233436], [-86.681098, 36.233641], [-86.681187, 36.233699], [-86.681266, 36.233871], [-86.681358, 36.233961], [-86.681398, 36.23408], [-86.681525, 36.234156], [-86.681613, 36.234418], [-86.681708, 36.234487], [-86.681741, 36.234645], [-86.681875, 36.234795], [-86.681974, 36.235098], [-86.682058, 36.235193], [-86.682103, 36.235389], [-86.682223, 36.235477], [-86.682246, 36.235614], [-86.682393, 36.235754], [-86.682428, 36.236022], [-86.682565, 36.236204], [-86.682623, 36.236536], [-86.682746, 36.236661], [-86.682848, 36.236989], [-86.682939, 36.237131], [-86.682975, 36.237359], [-86.683101, 36.237528], [-86.683161, 36.23779], [-86.683305, 36.238073], [-86.683369, 36.238382], [-86.683468, 36.238471], [-86.6835, 36.238736], [-86.683612, 36.238897], [-86.683677, 36.239242], [-86.683778, 36.23932], [-86.683846, 36.239605], [-86.683999, 36.239877], [-86.684035, 36.240081], [-86.684129, 36.240166], [-86.684311, 36.240531], [-86.684388, 36.24076], [-86.684638, 36.241104], [-86.684712, 36.241325], [-86.684815, 36.24137], [-86.684854, 36.241502], [-86.684989, 36.241644], [-86.685055, 36.241821], [-86.685163, 36.24191], [-86.685207, 36.242047], [-86.685346, 36.242189], [-86.685373, 36.242289], [-86.685442, 36.242379], [-86.686342, 36.243159], [-86.686707, 36.24342], [-86.686761, 36.243505], [-86.686889, 36.243556], [-86.686943, 36.243633], [-86.687064, 36.243691], [-86.687308, 36.243886], [-86.687554, 36.244037], [-86.688477, 36.244438], [-86.688705, 36.244578], [-86.688877, 36.244611], [-86.689085, 36.244736], [-86.689257, 36.244778], [-86.689315, 36.244862], [-86.689618, 36.244949], [-86.690242, 36.245242], [-86.690957, 36.245454], [-86.691089, 36.245525], [-86.69185, 36.245782], [-86.693294, 36.245918], [-86.696751, 36.24561], [-86.69744, 36.245502], [-86.698105, 36.245463], [-86.698244, 36.24541], [-86.698851, 36.245355], [-86.699126, 36.245272], [-86.699927, 36.245232], [-86.700271, 36.245114], [-86.700768, 36.245099], [-86.701228, 36.245045], [-86.701259, 36.245147], [-86.701483, 36.245153], [-86.70164, 36.24512], [-86.701412, 36.245017], [-86.701387, 36.244994], [-86.701407, 36.244983], [-86.701917, 36.244934], [-86.702142, 36.244948], [-86.702193, 36.245015], [-86.702265, 36.245048], [-86.702841, 36.244976], [-86.703008, 36.244882], [-86.703241, 36.244904], [-86.703376, 36.244855], [-86.703498, 36.244704], [-86.703899, 36.244613], [-86.703932, 36.244504], [-86.704361, 36.244458], [-86.704508, 36.244377], [-86.704756, 36.24434], [-86.704828, 36.244243], [-86.705089, 36.244196], [-86.70514, 36.244129], [-86.705353, 36.244001], [-86.705605, 36.243927], [-86.70569, 36.243845], [-86.705824, 36.243829], [-86.706191, 36.243577], [-86.706316, 36.243533], [-86.706381, 36.243454], [-86.706515, 36.243421], [-86.706985, 36.243134], [-86.707697, 36.2426], [-86.707809, 36.242556], [-86.707867, 36.242465], [-86.707979, 36.24242], [-86.708036, 36.242327], [-86.708693, 36.241771], [-86.708824, 36.241729], [-86.708868, 36.241614], [-86.708969, 36.241569], [-86.709065, 36.241424], [-86.709197, 36.241337], [-86.709239, 36.241239], [-86.709367, 36.241199], [-86.709392, 36.24109], [-86.709508, 36.241051], [-86.709558, 36.240944], [-86.709694, 36.24092], [-86.709714, 36.240807], [-86.709976, 36.240602], [-86.71007, 36.240451], [-86.710192, 36.24036], [-86.710235, 36.240248], [-86.710707, 36.239816], [-86.710796, 36.239665], [-86.71105, 36.239396], [-86.711077, 36.239288], [-86.711225, 36.239144], [-86.711409, 36.238879], [-86.711525, 36.238787], [-86.711589, 36.238618], [-86.71172, 36.238452], [-86.711753, 36.238295], [-86.711867, 36.238149], [-86.711916, 36.237974], [-86.71216, 36.237477], [-86.712388, 36.236666], [-86.712445, 36.236387], [-86.712256, 36.235594], [-86.712333, 36.235515], [-86.712228, 36.235386], [-86.712207, 36.235044], [-86.712146, 36.234757], [-86.71216, 36.234636], [-86.712112, 36.23437], [-86.712135, 36.233797], [-86.711818, 36.233161], [-86.711686, 36.232988], [-86.711621, 36.232758], [-86.711524, 36.232665], [-86.711486, 36.23245], [-86.711334, 36.232284], [-86.711305, 36.232053], [-86.711173, 36.231911], [-86.711114, 36.231654], [-86.711009, 36.231544], [-86.710935, 36.231327], [-86.710834, 36.231194], [-86.710765, 36.230969], [-86.710662, 36.23092], [-86.710604, 36.230785], [-86.710484, 36.230646], [-86.710399, 36.230436], [-86.710319, 36.230372], [-86.710143, 36.230103], [-86.710053, 36.229892], [-86.709969, 36.229834], [-86.709705, 36.229347], [-86.709623, 36.229283], [-86.709359, 36.228801], [-86.70928, 36.228733], [-86.70905, 36.22824], [-86.708919, 36.22806], [-86.708583, 36.227384], [-86.708464, 36.227072], [-86.708011, 36.226127], [-86.707921, 36.22571], [-86.707825, 36.225465], [-86.707793, 36.225185], [-86.707679, 36.224908], [-86.707581, 36.224472], [-86.707521, 36.224374], [-86.707414, 36.223929], [-86.707349, 36.223811], [-86.707275, 36.223399], [-86.707194, 36.223248], [-86.70707, 36.222831], [-86.707057, 36.222694], [-86.706994, 36.222576], [-86.706917, 36.222169], [-86.706788, 36.221726], [-86.706757, 36.221384], [-86.706668, 36.22119], [-86.70658, 36.220643], [-86.70648, 36.220382], [-86.70643, 36.220106], [-86.706423, 36.219857], [-86.706293, 36.219559], [-86.706223, 36.219164], [-86.706107, 36.218872], [-86.706074, 36.218526], [-86.705977, 36.218445], [-86.705899, 36.218082], [-86.705789, 36.217918], [-86.705684, 36.217623], [-86.705612, 36.217508], [-86.705556, 36.217271], [-86.70546, 36.217152], [-86.705402, 36.216975], [-86.705218, 36.216712], [-86.704998, 36.216257], [-86.704889, 36.216128], [-86.704844, 36.215983], [-86.70471, 36.21585], [-86.704663, 36.215652], [-86.704559, 36.215597], [-86.704523, 36.215481], [-86.704407, 36.215361], [-86.704336, 36.215222], [-86.704247, 36.215166], [-86.7042, 36.215055], [-86.703904, 36.214755], [-86.703799, 36.214558], [-86.703536, 36.214273], [-86.703285, 36.213928], [-86.703032, 36.21369], [-86.702934, 36.213475], [-86.70272, 36.213318], [-86.702627, 36.213179], [-86.702524, 36.213126], [-86.702414, 36.212979], [-86.701981, 36.212575], [-86.701609, 36.212153], [-86.701532, 36.212021], [-86.701314, 36.21181], [-86.701193, 36.211588], [-86.70106, 36.211514], [-86.700949, 36.21137], [-86.700859, 36.211171], [-86.700727, 36.211067], [-86.700249, 36.210444], [-86.700189, 36.210306], [-86.700093, 36.210247], [-86.699929, 36.210031], [-86.699677, 36.209614], [-86.699607, 36.209558], [-86.699492, 36.209332], [-86.699428, 36.209298], [-86.699233, 36.209023], [-86.699018, 36.20865], [-86.698854, 36.208454], [-86.698477, 36.207831], [-86.698413, 36.20778], [-86.69831, 36.207556], [-86.698157, 36.207376], [-86.698105, 36.20723], [-86.698019, 36.207126], [-86.697649, 36.206399], [-86.697627, 36.206294], [-86.697514, 36.206128], [-86.697465, 36.205912], [-86.697379, 36.205863], [-86.697315, 36.205638], [-86.697221, 36.205574], [-86.697131, 36.205331], [-86.697013, 36.205177], [-86.696946, 36.204964], [-86.696855, 36.204898], [-86.696777, 36.204642], [-86.696667, 36.204501], [-86.6966, 36.204252], [-86.696481, 36.204101], [-86.696418, 36.203856], [-86.69628, 36.203677], [-86.696261, 36.203565], [-86.695977, 36.203234]]}, "properties": {"OBJECTID": 1956, "Value_of_Depth_Contour": "2.74", "Scale_Minimum": 18750, "Source_Date": "20040930", "Source_Indication": "US,U3,USACE,LRN_GIS_Data", "Source_Dataset": "U37CR149.000", "Feature_ID": "U3 1392978354 00001"}}, {"type": "Feature", "id": 1958, "geometry": {"type": "LineString", "coordinates": [[-86.665718, 36.299793], [-86.665844, 36.299835], [-86.66616, 36.299864], [-86.666361, 36.299959], [-86.66657, 36.299969]]}, "properties": {"OBJECTID": 1958, "Value_of_Depth_Contour": "2.74", "Scale_Minimum": 18750, "Source_Date": "20050408", "Source_Indication": "US,U3,USACE,LRN_GIS_Data", "Source_Dataset": "U37CR149.000", "Feature_ID": "U3 1392978353 00001"}}, {"type": "Feature", "id": 1961, "geometry": {"type": "LineString", "coordinates": [[-86.658188, 36.29654], [-86.659013, 36.297114], [-86.659233, 36.297195], [-86.659543, 36.297393], [-86.65972, 36.297459], [-86.660055, 36.297657], [-86.66018, 36.297691], [-86.660247, 36.297773], [-86.66043, 36.297829], [-86.660574, 36.297923], [-86.660703, 36.297948], [-86.660885, 36.298076], [-86.66104, 36.298091], [-86.661087, 36.298185], [-86.661246, 36.298224], [-86.6613, 36.298291], [-86.661402, 36.298344], [-86.661568, 36.298354], [-86.661605, 36.298458], [-86.661826, 36.298503], [-86.661937, 36.298603], [-86.662086, 36.298633], [-86.66213, 36.298717], [-86.662411, 36.298767], [-86.662457, 36.298864], [-86.662737, 36.298901], [-86.662918, 36.299031], [-86.663082, 36.299043], [-86.663124, 36.299143], [-86.66348, 36.299185], [-86.663574, 36.29923], [-86.663603, 36.299296], [-86.663859, 36.299315], [-86.664275, 36.299449], [-86.665624, 36.299762]]}, "properties": {"OBJECTID": 1961, "Value_of_Depth_Contour": "2.74", "Scale_Minimum": 18750, "Source_Date": "20050408", "Source_Indication": "US,U3,USACE,LRN_GIS_Data", "Source_Dataset": "U37CR149.000", "Feature_ID": "U3 1392978367 00001"}}, {"type": "Feature", "id": 1963, "geometry": {"type": "LineString", "coordinates": [[-86.735564, 36.164374], [-86.733824, 36.164616], [-86.73165, 36.164785], [-86.730392, 36.164802], [-86.729722, 36.164879], [-86.727906, 36.164923], [-86.72701, 36.165042], [-86.723119, 36.165077], [-86.722076, 36.165162], [-86.72127, 36.165268], [-86.72043, 36.165426], [-86.719209, 36.165739], [-86.717523, 36.166252], [-86.715847, 36.166704], [-86.715223, 36.166965], [-86.715171, 36.167028], [-86.714912, 36.1671], [-86.714833, 36.167183], [-86.714702, 36.167204], [-86.714543, 36.167323], [-86.7143, 36.167422], [-86.713828, 36.167726], [-86.713595, 36.167812], [-86.713543, 36.16788], [-86.713322, 36.16803], [-86.713153, 36.168098], [-86.712478, 36.168554], [-86.712349, 36.1686], [-86.711617, 36.169143], [-86.711083, 36.169486], [-86.710898, 36.169671], [-86.709255, 36.170888], [-86.708318, 36.171701], [-86.707046, 36.172978], [-86.7058, 36.174403], [-86.705566, 36.174622], [-86.705409, 36.174854], [-86.705208, 36.175053], [-86.705136, 36.175204], [-86.704739, 36.175703], [-86.704518, 36.176047], [-86.704399, 36.176155], [-86.704322, 36.176304], [-86.703987, 36.176756], [-86.703876, 36.176816], [-86.70381, 36.17698], [-86.703575, 36.177259], [-86.703164, 36.177843], [-86.703033, 36.177952], [-86.702876, 36.178215], [-86.702725, 36.178352], [-86.70261, 36.178551], [-86.701887, 36.17933], [-86.70152, 36.179787], [-86.701372, 36.179888], [-86.700867, 36.180475], [-86.700715, 36.180563], [-86.700436, 36.180876], [-86.699456, 36.181714], [-86.698581, 36.182394], [-86.697431, 36.183247], [-86.697316, 36.183304], [-86.697246, 36.183389], [-86.696471, 36.183991], [-86.695166, 36.185228], [-86.695047, 36.185328], [-86.694943, 36.185362], [-86.694904, 36.18545], [-86.694657, 36.185679], [-86.694544, 36.18583], [-86.694213, 36.186149], [-86.694115, 36.186201], [-86.693877, 36.186519], [-86.692942, 36.187442], [-86.692526, 36.187931], [-86.692074, 36.188509], [-86.691301, 36.189679], [-86.691226, 36.189838], [-86.691114, 36.189954], [-86.691034, 36.19025], [-86.690924, 36.190493], [-86.690833, 36.190941], [-86.690771, 36.191048], [-86.690731, 36.19123], [-86.690728, 36.191706], [-86.690824, 36.19258], [-86.691262, 36.193517], [-86.691303, 36.193691], [-86.691407, 36.193806], [-86.691478, 36.193986], [-86.691555, 36.194054], [-86.691723, 36.194328], [-86.69175, 36.194432], [-86.691904, 36.194601], [-86.691993, 36.194805], [-86.692091, 36.194879], [-86.692176, 36.19507], [-86.692249, 36.195133], [-86.692519, 36.195535], [-86.692715, 36.195724], [-86.692763, 36.195851], [-86.692928, 36.195987], [-86.692937, 36.196115], [-86.692997, 36.19619], [-86.693076, 36.196226], [-86.693188, 36.196409], [-86.693415, 36.196674], [-86.693476, 36.196813], [-86.693616, 36.196958], [-86.693649, 36.19709], [-86.693802, 36.197224], [-86.69383, 36.197323], [-86.694095, 36.197633], [-86.694166, 36.197788], [-86.694294, 36.197911], [-86.694341, 36.198051], [-86.694476, 36.198181], [-86.694516, 36.198288], [-86.694783, 36.19859], [-86.694819, 36.198704], [-86.69497, 36.198871], [-86.695007, 36.198981], [-86.695167, 36.19917], [-86.695238, 36.199335], [-86.695367, 36.19948], [-86.695414, 36.199602], [-86.695513, 36.199685], [-86.695578, 36.199828], [-86.695723, 36.199999], [-86.695764, 36.200121], [-86.695833, 36.200175], [-86.696037, 36.200497], [-86.696166, 36.200631], [-86.696219, 36.200777], [-86.69635, 36.200915], [-86.696385, 36.201052], [-86.696516, 36.201191], [-86.696545, 36.201325], [-86.696688, 36.201472], [-86.696723, 36.201595], [-86.696853, 36.20174], [-86.696892, 36.201875], [-86.697023, 36.202016], [-86.697071, 36.202246], [-86.697183, 36.202346], [-86.697233, 36.202551], [-86.697364, 36.202666], [-86.697413, 36.202833], [-86.697542, 36.202964], [-86.697577, 36.203099], [-86.697704, 36.203251], [-86.697771, 36.203487], [-86.697887, 36.203614], [-86.697937, 36.20376], [-86.698077, 36.203938], [-86.698101, 36.204044], [-86.698227, 36.204194], [-86.698266, 36.204325], [-86.698397, 36.204484], [-86.698463, 36.204744], [-86.698576, 36.204876], [-86.698649, 36.205142], [-86.698769, 36.205317], [-86.698819, 36.205542], [-86.698955, 36.205722], [-86.699167, 36.206222], [-86.699267, 36.206359], [-86.699362, 36.206623], [-86.699437, 36.206673], [-86.69957, 36.20695], [-86.699681, 36.207097], [-86.699724, 36.207266], [-86.699806, 36.207332], [-86.699852, 36.207453], [-86.699996, 36.207636], [-86.700323, 36.208183], [-86.700722, 36.208948], [-86.701018, 36.209407], [-86.701081, 36.209555], [-86.702069, 36.210906], [-86.702538, 36.211454], [-86.702589, 36.211558], [-86.70288, 36.211863], [-86.702927, 36.211966], [-86.703028, 36.212028], [-86.703293, 36.212362], [-86.703381, 36.212407], [-86.703424, 36.212513], [-86.703541, 36.212574], [-86.70381, 36.212903], [-86.703905, 36.212954], [-86.703949, 36.213052], [-86.704053, 36.213112], [-86.704184, 36.213282], [-86.704577, 36.213648], [-86.704841, 36.213985], [-86.704923, 36.214019], [-86.705093, 36.214196], [-86.705433, 36.214605], [-86.70554, 36.214796], [-86.705753, 36.215005], [-86.70596, 36.215289], [-86.706221, 36.215762], [-86.706299, 36.215832], [-86.706396, 36.216032], [-86.706467, 36.216091], [-86.706686, 36.216482], [-86.706826, 36.216657], [-86.706833, 36.216775], [-86.706973, 36.216986], [-86.707028, 36.217161], [-86.707157, 36.217342], [-86.707252, 36.217644], [-86.707375, 36.217748], [-86.707429, 36.218193], [-86.707522, 36.218303], [-86.707566, 36.218593], [-86.70767, 36.218858], [-86.707737, 36.219234], [-86.707857, 36.219534], [-86.707931, 36.220047], [-86.708023, 36.220227], [-86.708126, 36.22088], [-86.708205, 36.221049], [-86.708301, 36.221763], [-86.708377, 36.221922], [-86.708646, 36.22322], [-86.708783, 36.223655], [-86.708821, 36.223887], [-86.708903, 36.224069], [-86.70898, 36.224435], [-86.709107, 36.224746], [-86.70933, 36.225536], [-86.709429, 36.225709], [-86.709514, 36.226081], [-86.709608, 36.226207], [-86.709655, 36.226504], [-86.709695, 36.226535], [-86.709684, 36.226602], [-86.709781, 36.226665], [-86.709845, 36.227003], [-86.70995, 36.227079], [-86.710004, 36.227315], [-86.710131, 36.227486], [-86.710191, 36.227718], [-86.710299, 36.227867], [-86.710336, 36.228008], [-86.710525, 36.228345], [-86.710578, 36.228504], [-86.710647, 36.228561], [-86.710741, 36.228786], [-86.710815, 36.228843], [-86.710858, 36.228977], [-86.71099, 36.229131], [-86.71107, 36.229367], [-86.711154, 36.229417], [-86.711383, 36.229824], [-86.71144, 36.230009], [-86.711528, 36.230094], [-86.711569, 36.230225], [-86.711887, 36.230771], [-86.712258, 36.231589], [-86.712361, 36.231747], [-86.712443, 36.231997], [-86.712546, 36.232135], [-86.712649, 36.232479], [-86.712718, 36.232557], [-86.712789, 36.232823], [-86.712893, 36.233052], [-86.712951, 36.233364], [-86.713071, 36.233519], [-86.713114, 36.234061], [-86.713242, 36.234339], [-86.713265, 36.234817], [-86.713413, 36.235287], [-86.713492, 36.236417], [-86.71343, 36.237296], [-86.71333, 36.237643], [-86.713309, 36.237906], [-86.713256, 36.238055], [-86.713162, 36.238185], [-86.713095, 36.23839], [-86.712984, 36.23849], [-86.712939, 36.238734], [-86.712815, 36.238877], [-86.712762, 36.239081], [-86.712647, 36.239187], [-86.712597, 36.239356], [-86.712486, 36.239452], [-86.712423, 36.23968], [-86.712304, 36.239778], [-86.712273, 36.239977], [-86.712142, 36.24011], [-86.712142, 36.240229], [-86.712169, 36.240264], [-86.711959, 36.240534], [-86.711645, 36.240755], [-86.711262, 36.240947], [-86.711203, 36.241034], [-86.711094, 36.241084], [-86.710662, 36.241483], [-86.710511, 36.241572], [-86.710408, 36.241699], [-86.710023, 36.242002], [-86.709386, 36.242583], [-86.708675, 36.243108], [-86.708057, 36.243621], [-86.706778, 36.24449], [-86.706483, 36.244632], [-86.706014, 36.244942], [-86.70591, 36.244982], [-86.705534, 36.245251], [-86.70401, 36.245798], [-86.703679, 36.245962], [-86.702657, 36.245918], [-86.702333, 36.245979], [-86.701804, 36.245988], [-86.701301, 36.246083], [-86.698675, 36.246308], [-86.698384, 36.246376], [-86.697468, 36.246429], [-86.697404, 36.246457], [-86.697315, 36.246442], [-86.697163, 36.246517], [-86.696075, 36.246597], [-86.695383, 36.246688], [-86.693428, 36.24674], [-86.692651, 36.246726], [-86.692347, 36.246641], [-86.691482, 36.246586], [-86.690449, 36.246289], [-86.68992, 36.246124], [-86.689544, 36.245941], [-86.688705, 36.245612], [-86.688509, 36.245502], [-86.688342, 36.245462], [-86.688204, 36.245372], [-86.688074, 36.245342], [-86.688021, 36.245273], [-86.687749, 36.245188], [-86.687663, 36.24511], [-86.687543, 36.245075], [-86.687479, 36.245002], [-86.687199, 36.244931], [-86.687126, 36.244853], [-86.686987, 36.244801], [-86.686945, 36.24474], [-86.686703, 36.24467], [-86.686241, 36.244349], [-86.685338, 36.243851], [-86.685277, 36.243766], [-86.685171, 36.243704], [-86.685119, 36.243618], [-86.684347, 36.243051], [-86.684249, 36.242929], [-86.684146, 36.242887], [-86.683895, 36.242491], [-86.683771, 36.242353], [-86.683726, 36.242226], [-86.683596, 36.242084], [-86.683541, 36.241928], [-86.683412, 36.241793], [-86.683352, 36.241602], [-86.683254, 36.24154], [-86.683222, 36.2414], [-86.683099, 36.241241], [-86.683048, 36.240984], [-86.682929, 36.240837], [-86.682885, 36.240601], [-86.682753, 36.240434], [-86.682699, 36.24019], [-86.682581, 36.240031], [-86.682515, 36.239742], [-86.682418, 36.239599], [-86.68235, 36.239321], [-86.682225, 36.239086], [-86.682163, 36.238796], [-86.682063, 36.238629], [-86.681975, 36.238238], [-86.681876, 36.238103], [-86.681815, 36.237709], [-86.681702, 36.23758], [-86.681653, 36.237421], [-86.681558, 36.237275], [-86.681443, 36.23717], [-86.68135, 36.236866], [-86.681207, 36.236726], [-86.681168, 36.236595], [-86.681035, 36.236452], [-86.680996, 36.236313], [-86.680883, 36.236182], [-86.680765, 36.235837], [-86.680682, 36.235753], [-86.680483, 36.235258], [-86.680181, 36.234745], [-86.680114, 36.234491], [-86.679991, 36.2344], [-86.679959, 36.234259], [-86.679834, 36.234079], [-86.679786, 36.233795], [-86.679766, 36.233761], [-86.679642, 36.233715], [-86.679575, 36.233402], [-86.679481, 36.233342], [-86.679443, 36.233169], [-86.679315, 36.233024], [-86.679266, 36.232784], [-86.679217, 36.232687], [-86.679114, 36.232596], [-86.678949, 36.232247], [-86.678877, 36.231993], [-86.678802, 36.231916], [-86.678611, 36.231507], [-86.678513, 36.231185], [-86.678415, 36.231064], [-86.678234, 36.230566], [-86.67782, 36.229728], [-86.677759, 36.22946], [-86.677775, 36.228785], [-86.677685, 36.228565], [-86.677582, 36.227956], [-86.677436, 36.227868], [-86.677366, 36.227585], [-86.677232, 36.22741], [-86.67721, 36.226612], [-86.677166, 36.226351], [-86.677088, 36.224951], [-86.677008, 36.22438], [-86.67708, 36.221472], [-86.677159, 36.220292], [-86.67714, 36.219614], [-86.677072, 36.218821], [-86.676979, 36.218482], [-86.676915, 36.217214], [-86.676936, 36.217086], [-86.6768, 36.216461], [-86.676743, 36.214917], [-86.676682, 36.214435], [-86.676612, 36.214227], [-86.67656, 36.212618], [-86.676505, 36.212232], [-86.676421, 36.212026], [-86.676419, 36.211613], [-86.676296, 36.210651], [-86.676339, 36.209048], [-86.67632, 36.208083], [-86.676262, 36.207619], [-86.676061, 36.206912], [-86.676032, 36.206621], [-86.675854, 36.2064], [-86.675524, 36.205861], [-86.675437, 36.205545], [-86.675349, 36.205459], [-86.675305, 36.205299], [-86.675181, 36.20512], [-86.675119, 36.204938], [-86.674999, 36.204794], [-86.674913, 36.20455], [-86.674819, 36.204482], [-86.674704, 36.204206], [-86.674601, 36.204082], [-86.674568, 36.203954], [-86.674438, 36.203811], [-86.674199, 36.203333], [-86.673279, 36.201886], [-86.672968, 36.201034], [-86.672885, 36.200952], [-86.672835, 36.200772], [-86.672704, 36.200511], [-86.672686, 36.20039], [-86.672587, 36.20024], [-86.672525, 36.199978], [-86.672421, 36.199792], [-86.672346, 36.199472], [-86.672236, 36.199267], [-86.672151, 36.198973], [-86.67206, 36.198892], [-86.671984, 36.198657], [-86.671899, 36.198591], [-86.671836, 36.19837], [-86.671734, 36.198267], [-86.671639, 36.198042], [-86.671229, 36.197502], [-86.671156, 36.197361], [-86.671033, 36.197231], [-86.671006, 36.197126], [-86.670858, 36.196974], [-86.670812, 36.196859], [-86.670717, 36.196798], [-86.67063, 36.196641], [-86.670376, 36.196412], [-86.670248, 36.196216], [-86.670151, 36.196154], [-86.669894, 36.195815], [-86.669655, 36.195583], [-86.669557, 36.195398], [-86.66947, 36.195326], [-86.669433, 36.195225], [-86.66935, 36.195153], [-86.668997, 36.194592], [-86.668821, 36.194433], [-86.668028, 36.193895], [-86.667804, 36.193794], [-86.667128, 36.193627], [-86.666864, 36.193595], [-86.666748, 36.193546], [-86.666341, 36.193491], [-86.664934, 36.193391], [-86.663391, 36.193468], [-86.66246, 36.193624], [-86.66224, 36.193628], [-86.661872, 36.193736], [-86.661497, 36.193746], [-86.661207, 36.193814], [-86.661115, 36.193772], [-86.660909, 36.193774], [-86.660854, 36.193851], [-86.660673, 36.193911], [-86.658625, 36.194361], [-86.657667, 36.194727], [-86.657421, 36.194792], [-86.657323, 36.194851], [-86.657064, 36.194917], [-86.655617, 36.195553], [-86.655055, 36.195763], [-86.654933, 36.195849], [-86.653937, 36.196265], [-86.653754, 36.196372], [-86.653603, 36.196404], [-86.653434, 36.19651], [-86.653295, 36.196542], [-86.653137, 36.196642], [-86.652754, 36.196809], [-86.651901, 36.197325], [-86.651676, 36.197423], [-86.651572, 36.197517], [-86.651303, 36.19766], [-86.650746, 36.198031], [-86.650525, 36.198139], [-86.649274, 36.198919], [-86.64902, 36.199119], [-86.648356, 36.199544], [-86.648129, 36.199637], [-86.647864, 36.199836], [-86.64756, 36.199991], [-86.647188, 36.200248], [-86.647058, 36.20028], [-86.646974, 36.200404], [-86.646691, 36.200529], [-86.646395, 36.200705], [-86.646324, 36.200785], [-86.646207, 36.20082], [-86.646117, 36.200904], [-86.646014, 36.200941], [-86.644928, 36.201791], [-86.644297, 36.202435], [-86.644262, 36.202539], [-86.644065, 36.202788], [-86.643977, 36.20287], [-86.64387, 36.202912], [-86.6438, 36.203058], [-86.64367, 36.203172], [-86.643652, 36.203281], [-86.643244, 36.203639], [-86.643146, 36.203836], [-86.643057, 36.203896], [-86.642963, 36.204044], [-86.642719, 36.204252], [-86.642486, 36.204541], [-86.64223, 36.204741], [-86.642001, 36.204975], [-86.641956, 36.205071], [-86.641712, 36.205278], [-86.640917, 36.206144], [-86.640391, 36.206811], [-86.639952, 36.207428], [-86.63946, 36.208512], [-86.639438, 36.208662], [-86.639474, 36.209747], [-86.639531, 36.210109], [-86.639598, 36.210266], [-86.639688, 36.210668], [-86.639805, 36.210852], [-86.639832, 36.211114], [-86.639893, 36.211259], [-86.63998, 36.211358], [-86.639989, 36.211532], [-86.640083, 36.211736], [-86.640151, 36.211798], [-86.640163, 36.211945], [-86.640321, 36.212278], [-86.640356, 36.212462], [-86.640498, 36.212634], [-86.640598, 36.212973], [-86.640699, 36.213065], [-86.640729, 36.213183], [-86.640838, 36.213327], [-86.640926, 36.213533], [-86.641012, 36.213591], [-86.64103, 36.213701], [-86.64115, 36.213879], [-86.641167, 36.214037], [-86.64128, 36.214276], [-86.641309, 36.214414], [-86.641403, 36.214561], [-86.641461, 36.214793], [-86.641574, 36.214928], [-86.641704, 36.215235], [-86.641772, 36.215309], [-86.641821, 36.215561], [-86.641984, 36.215701], [-86.642053, 36.216044], [-86.642168, 36.216099], [-86.642183, 36.21614], [-86.642227, 36.216438], [-86.642385, 36.216549], [-86.642455, 36.216923], [-86.642566, 36.217007], [-86.642652, 36.217293], [-86.642748, 36.217416], [-86.64277, 36.217692], [-86.642915, 36.2181], [-86.642939, 36.218374], [-86.643197, 36.219375], [-86.643222, 36.219674], [-86.643326, 36.219925], [-86.643375, 36.220475], [-86.643479, 36.220631], [-86.643542, 36.220885], [-86.643531, 36.221306], [-86.643727, 36.221597], [-86.643739, 36.221726], [-86.643704, 36.221855], [-86.643738, 36.222014], [-86.643963, 36.222278], [-86.644104, 36.222654], [-86.644181, 36.223286], [-86.644226, 36.223394], [-86.644188, 36.224], [-86.64435, 36.22414], [-86.644356, 36.224755], [-86.644379, 36.224793], [-86.644508, 36.224835], [-86.644545, 36.225062], [-86.644531, 36.225236], [-86.644733, 36.22564], [-86.644736, 36.225775], [-86.64485, 36.226026], [-86.644926, 36.22632], [-86.645019, 36.226481], [-86.645088, 36.226796], [-86.645216, 36.227023], [-86.645245, 36.227213], [-86.645364, 36.227364], [-86.645439, 36.227659], [-86.645711, 36.228108], [-86.645777, 36.228345], [-86.645999, 36.22883], [-86.646106, 36.229178], [-86.646182, 36.229266], [-86.646186, 36.229398], [-86.646299, 36.22956], [-86.646345, 36.229744], [-86.646576, 36.230181], [-86.646625, 36.230366], [-86.646781, 36.230632], [-86.646831, 36.230825], [-86.646964, 36.231028], [-86.647183, 36.231554], [-86.647285, 36.231688], [-86.647368, 36.231962], [-86.647483, 36.232056], [-86.647546, 36.232376], [-86.647651, 36.232472], [-86.647693, 36.232656], [-86.647818, 36.232877], [-86.647847, 36.233038], [-86.647978, 36.233188], [-86.648023, 36.233415], [-86.648148, 36.233568], [-86.648237, 36.233797], [-86.648333, 36.233869], [-86.648375, 36.23402], [-86.648532, 36.234231], [-86.648546, 36.234326], [-86.648615, 36.234454], [-86.648811, 36.234707], [-86.648983, 36.2347], [-86.64896, 36.234862], [-86.649044, 36.234931], [-86.649194, 36.234983], [-86.649273, 36.235126], [-86.64949, 36.235323], [-86.649574, 36.235463], [-86.649924, 36.23587], [-86.650783, 36.236822], [-86.651442, 36.237383], [-86.651553, 36.237429], [-86.651604, 36.237528], [-86.651724, 36.237568], [-86.651895, 36.237705], [-86.651943, 36.237803], [-86.652064, 36.237843], [-86.652113, 36.237941], [-86.65225, 36.238012], [-86.652513, 36.238302], [-86.652594, 36.238334], [-86.65268, 36.238442], [-86.652903, 36.238599], [-86.653161, 36.23888], [-86.653731, 36.23939], [-86.653968, 36.239731], [-86.654061, 36.239801], [-86.654088, 36.239913], [-86.65423, 36.239926], [-86.654441, 36.240061], [-86.655421, 36.240973], [-86.655722, 36.241339], [-86.65597, 36.24155], [-86.656236, 36.241885], [-86.656498, 36.242084], [-86.656582, 36.242246], [-86.656847, 36.242488], [-86.657103, 36.242833], [-86.657363, 36.243032], [-86.657401, 36.243131], [-86.657611, 36.243383], [-86.657713, 36.243434], [-86.65777, 36.243536], [-86.65787, 36.243592], [-86.657983, 36.243769], [-86.658226, 36.243973], [-86.65828, 36.244088], [-86.658568, 36.24439], [-86.658619, 36.244526], [-86.658836, 36.244761], [-86.658864, 36.244842], [-86.658943, 36.244923], [-86.658976, 36.245029], [-86.659091, 36.245078], [-86.659141, 36.245211], [-86.659277, 36.245345], [-86.65929, 36.245461], [-86.659442, 36.245632], [-86.659472, 36.24576], [-86.659579, 36.245901], [-86.659785, 36.246298], [-86.65989, 36.246593], [-86.659975, 36.246722], [-86.660021, 36.246868], [-86.660126, 36.247], [-86.66016, 36.247136], [-86.660354, 36.247553], [-86.660462, 36.247686], [-86.660714, 36.248266], [-86.660803, 36.248337], [-86.660878, 36.248509], [-86.660997, 36.248642], [-86.661044, 36.248862], [-86.661165, 36.248917], [-86.661214, 36.249136], [-86.661355, 36.249202], [-86.661446, 36.249361], [-86.661688, 36.249574], [-86.661728, 36.249686], [-86.661821, 36.24975], [-86.661941, 36.249921], [-86.662352, 36.250321], [-86.662455, 36.250467], [-86.663028, 36.25096], [-86.663147, 36.251144], [-86.663537, 36.251448], [-86.664311, 36.251982], [-86.664875, 36.252294], [-86.665094, 36.252449], [-86.665143, 36.252546], [-86.665271, 36.252587], [-86.665641, 36.252832], [-86.665764, 36.252868], [-86.665819, 36.252957], [-86.66595, 36.252993], [-86.666285, 36.25323], [-86.666621, 36.25341], [-86.666693, 36.253483], [-86.666858, 36.253557], [-86.667275, 36.253831], [-86.667532, 36.25404], [-86.667592, 36.25413], [-86.667708, 36.254173], [-86.667751, 36.254277], [-86.668048, 36.254451], [-86.668091, 36.254552], [-86.668527, 36.254746], [-86.668548, 36.25487], [-86.668678, 36.2549], [-86.668717, 36.255004], [-86.668839, 36.255043], [-86.668887, 36.255141], [-86.669037, 36.255158], [-86.669061, 36.255276], [-86.669189, 36.255309], [-86.669236, 36.255411], [-86.66937, 36.255438], [-86.669531, 36.255582], [-86.669575, 36.255684], [-86.669709, 36.255714], [-86.669756, 36.255811], [-86.669884, 36.255854], [-86.67006, 36.25598], [-86.670112, 36.256038], [-86.670158, 36.256174], [-86.670292, 36.256204], [-86.670371, 36.256278], [-86.670944, 36.256583], [-86.671012, 36.256721], [-86.671551, 36.257378], [-86.67172, 36.257517], [-86.671899, 36.257762], [-86.672211, 36.258334], [-86.672415, 36.258599], [-86.672537, 36.258886], [-86.672669, 36.259051], [-86.672719, 36.259193], [-86.672918, 36.259445], [-86.673165, 36.259651], [-86.673245, 36.259849], [-86.673397, 36.259993], [-86.673437, 36.26012], [-86.673717, 36.260394], [-86.673847, 36.26061], [-86.673934, 36.260668], [-86.673974, 36.260778], [-86.674118, 36.260932], [-86.674163, 36.26104], [-86.674274, 36.261097], [-86.67436, 36.261299], [-86.674465, 36.261351], [-86.674612, 36.26165], [-86.675129, 36.262408], [-86.675247, 36.262644], [-86.675343, 36.26267], [-86.675426, 36.262774], [-86.675533, 36.262824], [-86.675756, 36.263059], [-86.676013, 36.263245], [-86.676076, 36.263346], [-86.676193, 36.263386], [-86.676244, 36.263488], [-86.676358, 36.263533], [-86.676578, 36.263763], [-86.677018, 36.264094], [-86.677156, 36.264258], [-86.677352, 36.264371], [-86.677471, 36.264496], [-86.677473, 36.264551], [-86.67755, 36.264556], [-86.677644, 36.264619], [-86.677794, 36.264771], [-86.677806, 36.26483], [-86.677931, 36.264864], [-86.678265, 36.265142], [-86.678313, 36.265244], [-86.678433, 36.265282], [-86.678483, 36.265381], [-86.678601, 36.265421], [-86.678652, 36.265518], [-86.678756, 36.265543], [-86.678812, 36.265662], [-86.678944, 36.265694], [-86.678981, 36.265802], [-86.679118, 36.26583], [-86.67925, 36.265933], [-86.679313, 36.266085], [-86.67945, 36.26611], [-86.679605, 36.266258], [-86.679705, 36.266452], [-86.679764, 36.26646], [-86.679827, 36.266521], [-86.679848, 36.266611], [-86.679984, 36.266641], [-86.680107, 36.266743], [-86.680169, 36.2669], [-86.680234, 36.266985], [-86.680452, 36.267134], [-86.680533, 36.267301], [-86.680629, 36.267353], [-86.680692, 36.267438], [-86.680805, 36.267485], [-86.680856, 36.267581], [-86.680961, 36.267647], [-86.681013, 36.267754], [-86.681152, 36.267879], [-86.681186, 36.267996], [-86.681252, 36.268085], [-86.681338, 36.268133], [-86.681385, 36.268261], [-86.681487, 36.268311], [-86.681667, 36.268567], [-86.681764, 36.268774], [-86.681868, 36.268853], [-86.681937, 36.269052], [-86.682008, 36.269103], [-86.682106, 36.26933], [-86.682173, 36.269389], [-86.682208, 36.269502], [-86.683034, 36.270911], [-86.683064, 36.271017], [-86.6832, 36.271186], [-86.683459, 36.271671], [-86.683534, 36.271754], [-86.683615, 36.271953], [-86.683719, 36.272073], [-86.683776, 36.272232], [-86.683902, 36.272386], [-86.684324, 36.273242], [-86.684363, 36.273418], [-86.684469, 36.273509], [-86.684541, 36.273787], [-86.684654, 36.273919], [-86.684689, 36.274064], [-86.684812, 36.274199], [-86.684915, 36.274485], [-86.68503, 36.274611], [-86.685275, 36.275019], [-86.685447, 36.275419], [-86.685469, 36.275537], [-86.685612, 36.275801], [-86.685646, 36.275943], [-86.685781, 36.276158], [-86.685829, 36.27635], [-86.685938, 36.276561], [-86.686196, 36.277298], [-86.686486, 36.27789], [-86.68651, 36.278136], [-86.686662, 36.278445], [-86.686747, 36.278858], [-86.686877, 36.279174], [-86.687131, 36.280315], [-86.687193, 36.280904], [-86.687284, 36.282702], [-86.687305, 36.284691], [-86.687247, 36.2853], [-86.687175, 36.285455], [-86.687072, 36.286545], [-86.68699, 36.286665], [-86.686924, 36.286695], [-86.686948, 36.287012], [-86.686905, 36.287306], [-86.686776, 36.287626], [-86.686634, 36.287803], [-86.686597, 36.287928], [-86.686422, 36.28823], [-86.686278, 36.288379], [-86.686239, 36.288489], [-86.686099, 36.288649], [-86.686071, 36.28875], [-86.685982, 36.288811], [-86.685765, 36.28914], [-86.685626, 36.289212], [-86.685386, 36.289443], [-86.685177, 36.289722], [-86.684884, 36.289993], [-86.684764, 36.290161], [-86.68452, 36.290374], [-86.683934, 36.291005], [-86.683063, 36.292084], [-86.682935, 36.292304], [-86.682789, 36.292477], [-86.68272, 36.292623], [-86.682619, 36.292674], [-86.682545, 36.29289], [-86.682437, 36.292936], [-86.682385, 36.293063], [-86.682289, 36.293096], [-86.682217, 36.293317], [-86.681923, 36.293622], [-86.681877, 36.293743], [-86.681646, 36.293943], [-86.681573, 36.294135], [-86.681437, 36.294284], [-86.681383, 36.294415], [-86.681285, 36.294474], [-86.681102, 36.294705], [-86.681065, 36.294848], [-86.680957, 36.294898], [-86.680727, 36.295271], [-86.680576, 36.295384], [-86.68054, 36.295554], [-86.680235, 36.295826], [-86.68021, 36.295941], [-86.680109, 36.295989], [-86.680059, 36.296102], [-86.679794, 36.296367], [-86.679685, 36.296554], [-86.679572, 36.296655], [-86.679452, 36.296697], [-86.679383, 36.296833], [-86.679242, 36.296938], [-86.679204, 36.297041], [-86.679045, 36.297189], [-86.678921, 36.297229], [-86.678871, 36.297326], [-86.678605, 36.297521], [-86.678537, 36.297616], [-86.678516, 36.297724], [-86.678014, 36.298143], [-86.6779, 36.298184], [-86.677856, 36.298283], [-86.677584, 36.298475], [-86.677271, 36.298816], [-86.677044, 36.298971], [-86.676894, 36.299019], [-86.676848, 36.299115], [-86.676712, 36.299146], [-86.676677, 36.299246], [-86.676535, 36.299278], [-86.676492, 36.29938], [-86.676345, 36.299399], [-86.675818, 36.2998], [-86.675539, 36.299848], [-86.67549, 36.299942], [-86.67535, 36.29997], [-86.675309, 36.300075], [-86.675144, 36.300111], [-86.674986, 36.300224], [-86.674803, 36.300268], [-86.674474, 36.3005], [-86.674306, 36.300517], [-86.674129, 36.30063], [-86.673813, 36.300682], [-86.67363, 36.300793], [-86.673417, 36.300849], [-86.672943, 36.301059], [-86.671205, 36.301214], [-86.6703, 36.301221], [-86.66933, 36.301282], [-86.669216, 36.301202], [-86.668526, 36.30118], [-86.668305, 36.301118], [-86.668217, 36.301033], [-86.667637, 36.301017], [-86.667601, 36.301003], [-86.667541, 36.300893], [-86.667043, 36.300868], [-86.666833, 36.300749], [-86.666532, 36.300739], [-86.666164, 36.300611], [-86.66581, 36.300586], [-86.665642, 36.300483], [-86.66527, 36.300457], [-86.665089, 36.300349], [-86.664777, 36.300321], [-86.664405, 36.300203], [-86.664214, 36.300186], [-86.664154, 36.300102], [-86.66354, 36.299901], [-86.663351, 36.299798], [-86.663111, 36.299755], [-86.662793, 36.299644], [-86.662524, 36.299495], [-86.662366, 36.299486], [-86.662309, 36.2994], [-86.66203, 36.299347], [-86.661896, 36.299257], [-86.661677, 36.299197], [-86.661625, 36.299131], [-86.66154, 36.299091], [-86.66136, 36.299059], [-86.661214, 36.298974], [-86.661018, 36.298919], [-86.660864, 36.298813], [-86.660687, 36.298794], [-86.660515, 36.298689], [-86.660317, 36.298685], [-86.66026, 36.298597], [-86.660129, 36.298543], [-86.660024, 36.298539], [-86.659934, 36.298452], [-86.659856, 36.298456], [-86.659776, 36.298543], [-86.65993, 36.298679], [-86.659984, 36.298823], [-86.660124, 36.298889], [-86.660163, 36.29906], [-86.66005, 36.299141], [-86.659758, 36.299062], [-86.65937, 36.298916], [-86.659282, 36.298845], [-86.658987, 36.298761], [-86.658613, 36.298555], [-86.65847, 36.298521], [-86.658402, 36.298462], [-86.65783, 36.298242], [-86.657884, 36.298111], [-86.658045, 36.297886], [-86.658009, 36.297861], [-86.658088, 36.297703], [-86.658331, 36.29762], [-86.658412, 36.297625], [-86.658482, 36.29772], [-86.658685, 36.297724], [-86.65881, 36.297836], [-86.658815, 36.297968], [-86.658891, 36.29801], [-86.658855, 36.297905], [-86.658899, 36.297829], [-86.658667, 36.297692], [-86.658542, 36.297656], [-86.65851, 36.297541], [-86.658389, 36.297492], [-86.658383, 36.297426], [-86.658403, 36.297331], [-86.658516, 36.297385], [-86.658662, 36.297273], [-86.65869, 36.297361], [-86.658732, 36.297374], [-86.65893, 36.297359], [-86.658933, 36.297328], [-86.658799, 36.297159], [-86.65843, 36.297055]]}, "properties": {"OBJECTID": 1963, "Value_of_Depth_Contour": "2.74", "Scale_Minimum": 18750, "Source_Date": "20040930", "Source_Indication": "US,U3,USACE,LRN_GIS_Data", "Source_Dataset": "U37CR149.000", "Feature_ID": "U3 1392978360 00001"}}, {"type": "Feature", "id": 1968, "geometry": {"type": "LineString", "coordinates": [[-86.654875, 36.295104], [-86.653707, 36.296576], [-86.651148, 36.295538], [-86.647687, 36.293875], [-86.644487, 36.291913], [-86.644156, 36.292413], [-86.643979, 36.292184], [-86.642946, 36.291391], [-86.641584, 36.29042], [-86.641178, 36.290212], [-86.6403, 36.289161], [-86.638224, 36.288519], [-86.63664, 36.288125], [-86.635762, 36.288229], [-86.635338, 36.288126], [-86.63419, 36.287115], [-86.63399, 36.285747], [-86.633803, 36.285609], [-86.632981, 36.283142], [-86.632577, 36.282838], [-86.63174, 36.28034], [-86.632014, 36.278869], [-86.632101, 36.277567], [-86.632344, 36.277153], [-86.632599, 36.277246], [-86.632646, 36.277561], [-86.633054, 36.278061], [-86.633382, 36.276942], [-86.633539, 36.277143], [-86.633659, 36.276947], [-86.633663, 36.276718], [-86.633455, 36.276637], [-86.633552, 36.276343], [-86.6337, 36.276349], [-86.633855, 36.277949], [-86.634082, 36.278017], [-86.634596, 36.277973], [-86.634057, 36.274525], [-86.634701, 36.272991], [-86.635665, 36.272584], [-86.63588, 36.272565], [-86.636041, 36.2726], [-86.636068, 36.272683], [-86.635895, 36.272955], [-86.636241, 36.273254], [-86.636578, 36.272688], [-86.636746, 36.272624], [-86.637027, 36.273], [-86.637282, 36.273177], [-86.637491, 36.273082], [-86.637589, 36.272865], [-86.637249, 36.270169], [-86.637098, 36.27018], [-86.63603, 36.268746], [-86.636778, 36.267433], [-86.636281, 36.264647], [-86.635517, 36.26338], [-86.634293, 36.260671], [-86.633079, 36.259479], [-86.631962, 36.258539], [-86.631294, 36.258424], [-86.630517, 36.258489], [-86.629893, 36.25841], [-86.630376, 36.257218], [-86.630427, 36.256899], [-86.629769, 36.256184], [-86.627177, 36.254396], [-86.625888, 36.253699], [-86.62431, 36.252645], [-86.623034, 36.252864], [-86.622611, 36.25276], [-86.622483, 36.252361], [-86.621799, 36.251502], [-86.621184, 36.250984], [-86.620833, 36.250921]]}, "properties": {"OBJECTID": 1968, "Value_of_Depth_Contour": "2.74", "Scale_Minimum": 18750, "Source_Date": "20040930", "Source_Indication": "US,U3,USACE,LRN_GIS_Data", "Source_Dataset": "U37CR149.000", "Feature_ID": "U3 1392991976 00001"}}, {"type": "Feature", "id": 1969, "geometry": {"type": "LineString", "coordinates": [[-86.620833, 36.243709], [-86.621492, 36.243771], [-86.622728, 36.24431], [-86.623713, 36.244185], [-86.624217, 36.243099], [-86.624506, 36.243758], [-86.625587, 36.244814], [-86.627399, 36.245117], [-86.63031, 36.246036], [-86.632386, 36.246988], [-86.635125, 36.248824], [-86.636058, 36.249795], [-86.636354, 36.25162], [-86.638313, 36.25223], [-86.639313, 36.253018], [-86.640865, 36.255716], [-86.642868, 36.260907], [-86.643462, 36.263713], [-86.643616, 36.272025], [-86.644457, 36.273221], [-86.644258, 36.274582], [-86.644711, 36.274931], [-86.646567, 36.275759], [-86.65048, 36.278475], [-86.65115, 36.279651], [-86.65155, 36.281104], [-86.651706, 36.282484], [-86.65223, 36.283816], [-86.65464, 36.283909], [-86.654497, 36.28397], [-86.654688, 36.284126], [-86.654326, 36.284216], [-86.655033, 36.284282], [-86.655747, 36.284919], [-86.656054, 36.285387], [-86.655784, 36.286536], [-86.656279, 36.287401], [-86.658568, 36.290026], [-86.656301, 36.293301], [-86.655982, 36.294083], [-86.655904, 36.294545], [-86.655947, 36.295085]]}, "properties": {"OBJECTID": 1969, "Value_of_Depth_Contour": "2.74", "Scale_Minimum": 18750, "Source_Date": "20040930", "Source_Indication": "US,U3,USACE,LRN_GIS_Data", "Source_Dataset": "U37CR149.000", "Feature_ID": "U3 1392991978 00001"}}, {"type": "Feature", "id": 1978, "geometry": {"type": "LineString", "coordinates": [[-86.541574, 36.29239], [-86.541588, 36.292415], [-86.541572, 36.292459], [-86.541574, 36.29239]]}, "properties": {"OBJECTID": 1978, "Value_of_Depth_Contour": "2.74", "Scale_Minimum": 18750, "Source_Date": "20040930", "Source_Indication": "US,U3,USACE,LRN_GIS", "Source_Dataset": "U37CR221.000", "Feature_ID": "U3 1392979748 00001"}}, {"type": "Feature", "id": 1979, "geometry": {"type": "LineString", "coordinates": [[-86.22209, 36.365702], [-86.222254, 36.365832], [-86.222309, 36.366594], [-86.222384, 36.366802], [-86.22243, 36.367203], [-86.22217, 36.367386], [-86.222153, 36.367326], [-86.222055, 36.367251], [-86.222028, 36.366957], [-86.221877, 36.366575], [-86.221868, 36.366407], [-86.221891, 36.365847], [-86.22209, 36.365702]]}, "properties": {"OBJECTID": 1979, "Value_of_Depth_Contour": "2.74", "Scale_Minimum": 18750, "Source_Date": "20040930", "Source_Indication": "US,U3,USACE,LRN_GIS", "Source_Dataset": "U37CR221.000", "Feature_ID": "U3 1392979749 00001"}}, {"type": "Feature", "id": 1980, "geometry": {"type": "LineString", "coordinates": [[-86.357243, 36.32018], [-86.356988, 36.320273], [-86.354182, 36.321614], [-86.351369, 36.322855], [-86.350055, 36.323699], [-86.348928, 36.324723], [-86.348009, 36.325693], [-86.347174, 36.327263], [-86.347394, 36.327272], [-86.349239, 36.326607], [-86.349968, 36.326284], [-86.35179, 36.325155], [-86.353067, 36.324482], [-86.354409, 36.323881], [-86.355655, 36.322959], [-86.356664, 36.321797], [-86.357545, 36.320684], [-86.357476, 36.320232], [-86.357243, 36.32018]]}, "properties": {"OBJECTID": 1980, "Value_of_Depth_Contour": "2.74", "Scale_Minimum": 18750, "Source_Date": "20040930", "Source_Indication": "US,U3,USACE,LRN_GIS", "Source_Dataset": "U37CR221.000", "Feature_ID": "U3 1392979750 00001"}}, {"type": "Feature", "id": 1981, "geometry": {"type": "LineString", "coordinates": [[-86.27212, 36.318322], [-86.272913, 36.318491], [-86.272446, 36.319839], [-86.271767, 36.321205], [-86.271174, 36.322746], [-86.270363, 36.323749], [-86.269436, 36.324748], [-86.268311, 36.325565], [-86.267116, 36.32627], [-86.266899, 36.326146], [-86.26775, 36.323884], [-86.26827, 36.322732], [-86.269019, 36.321655], [-86.270058, 36.320434], [-86.27212, 36.318322]]}, "properties": {"OBJECTID": 1981, "Value_of_Depth_Contour": "2.74", "Scale_Minimum": 18750, "Source_Date": "20040930", "Source_Indication": "US,U3,USACE,LRN_GIS", "Source_Dataset": "U37CR221.000", "Feature_ID": "U3 1392979751 00001"}}, {"type": "Feature", "id": 1982, "geometry": {"type": "LineString", "coordinates": [[-85.991547, 36.268552], [-85.99181, 36.268412], [-85.992039, 36.268368], [-85.992782, 36.268093], [-85.993494, 36.267895], [-85.99358, 36.267837], [-85.994061, 36.26776], [-85.994139, 36.267697], [-85.994581, 36.267631], [-85.995233, 36.267452], [-85.995399, 36.267446], [-85.99575, 36.267326], [-85.996092, 36.267328], [-85.996268, 36.267209], [-85.996781, 36.267217], [-85.996915, 36.267154], [-85.997999, 36.26702], [-85.998156, 36.266961], [-85.999102, 36.266929], [-85.999492, 36.266832], [-86.000629, 36.266734], [-86.001072, 36.266618], [-86.002552, 36.266672], [-86.003325, 36.266617], [-86.004372, 36.266603], [-86.006082, 36.266699], [-86.006443, 36.266802], [-86.00693, 36.266833], [-86.00711, 36.266952], [-86.007444, 36.266955], [-86.007629, 36.267002], [-86.00774, 36.267083], [-86.007933, 36.267094], [-86.008099, 36.267213], [-86.008286, 36.267242], [-86.008323, 36.267324], [-86.008597, 36.267389], [-86.008665, 36.267475], [-86.008802, 36.267498], [-86.009113, 36.267808], [-86.009172, 36.267942], [-86.009295, 36.268056], [-86.009328, 36.268169], [-86.00944, 36.26826], [-86.009565, 36.268558], [-86.009658, 36.269675], [-86.0096, 36.270377], [-86.0094, 36.271154], [-86.009163, 36.271858], [-86.009071, 36.272021], [-86.009032, 36.272338], [-86.008915, 36.272555], [-86.008399, 36.274174], [-86.00757, 36.276119], [-86.007458, 36.276271], [-86.007417, 36.276507], [-86.007285, 36.276681], [-86.007234, 36.276928], [-86.007111, 36.277093], [-86.007055, 36.277363], [-86.006771, 36.277782], [-86.006718, 36.27804], [-86.006579, 36.278193], [-86.006489, 36.27849], [-86.006432, 36.278546], [-86.006245, 36.279006], [-86.006198, 36.279292], [-86.006092, 36.279422], [-86.006034, 36.279707], [-86.005923, 36.279839], [-86.005867, 36.280113], [-86.005753, 36.280232], [-86.00568, 36.28048], [-86.005591, 36.280507], [-86.005549, 36.280645], [-86.005416, 36.280792], [-86.005332, 36.28104], [-86.005253, 36.28108], [-86.005217, 36.281186], [-86.004681, 36.281966], [-86.004424, 36.282456], [-86.004233, 36.282639], [-86.003623, 36.283468], [-86.003413, 36.28368], [-86.003305, 36.2839], [-86.002515, 36.284661], [-86.00231, 36.285018], [-86.002198, 36.285066], [-86.002117, 36.28527], [-86.00197, 36.285347], [-86.0019, 36.285506], [-86.00169, 36.285478], [-86.001697, 36.285681], [-86.001593, 36.285686], [-86.001346, 36.285886], [-86.001333, 36.286022], [-86.00116, 36.286156], [-86.001136, 36.286295], [-86.00087, 36.286565], [-86.000821, 36.286715], [-86.000667, 36.286844], [-86.000661, 36.286983], [-86.0005, 36.287115], [-86.000461, 36.287228], [-86.000339, 36.287263], [-86.000325, 36.287398], [-86.000165, 36.287534], [-86.000152, 36.287669], [-85.999994, 36.287807], [-85.999969, 36.287949], [-85.999823, 36.288087], [-85.999781, 36.28819], [-85.999666, 36.28823], [-85.999639, 36.288355], [-85.999483, 36.288484], [-85.999454, 36.28861], [-85.999337, 36.28865], [-85.999283, 36.288765], [-85.999133, 36.288909], [-85.999098, 36.289024], [-85.998806, 36.289314], [-85.998592, 36.289719], [-85.998282, 36.290138], [-85.998237, 36.290278], [-85.99811, 36.290405], [-85.997423, 36.291855], [-85.997381, 36.292199], [-85.997402, 36.292473], [-85.997481, 36.292748], [-85.998137, 36.293709], [-85.99862, 36.294554], [-85.999143, 36.295234], [-85.999412, 36.29551], [-85.999612, 36.295785], [-85.999779, 36.295922], [-85.999971, 36.296197], [-86.00027, 36.296474], [-86.000463, 36.296756], [-86.000795, 36.297059], [-86.00084, 36.29716], [-86.000955, 36.297208], [-86.001002, 36.297294], [-86.001123, 36.297352], [-86.001169, 36.297438], [-86.001264, 36.297489], [-86.001321, 36.297569], [-86.001449, 36.297625], [-86.001487, 36.297707], [-86.00178, 36.29801], [-86.002356, 36.298412], [-86.002564, 36.29851], [-86.002828, 36.29876], [-86.003732, 36.299213], [-86.004753, 36.299635], [-86.00503, 36.299712], [-86.005087, 36.299765], [-86.005363, 36.299833], [-86.005426, 36.2999], [-86.005711, 36.299952], [-86.005769, 36.300037], [-86.006039, 36.3001], [-86.006134, 36.300177], [-86.006381, 36.300231], [-86.006491, 36.300313], [-86.006732, 36.300376], [-86.006839, 36.300448], [-86.008762, 36.301195], [-86.008837, 36.301263], [-86.009506, 36.30156], [-86.00998, 36.301735], [-86.01018, 36.301848], [-86.010343, 36.301869], [-86.01051, 36.301977], [-86.010641, 36.301992], [-86.010816, 36.302112], [-86.010993, 36.302141], [-86.011204, 36.302263], [-86.012186, 36.302494], [-86.013064, 36.302651], [-86.01423, 36.302589], [-86.014752, 36.302532], [-86.014943, 36.30245], [-86.01529, 36.302386], [-86.01547, 36.302302], [-86.015788, 36.302248], [-86.015992, 36.302154], [-86.016301, 36.302104], [-86.017167, 36.301738], [-86.017282, 36.301663], [-86.017539, 36.301582], [-86.018044, 36.301323], [-86.019345, 36.300448], [-86.019576, 36.300219], [-86.019671, 36.300162], [-86.019749, 36.300056], [-86.020286, 36.299614], [-86.020551, 36.299364], [-86.021382, 36.298114], [-86.022121, 36.297095], [-86.022237, 36.297017], [-86.022287, 36.2969], [-86.022397, 36.296875], [-86.022452, 36.296777], [-86.02256, 36.296732], [-86.023436, 36.29596], [-86.023596, 36.295803], [-86.02363, 36.295704], [-86.024154, 36.295248], [-86.024497, 36.294864], [-86.024984, 36.294449], [-86.025152, 36.294353], [-86.026476, 36.293179], [-86.02653, 36.293079], [-86.026638, 36.293033], [-86.02669, 36.292942], [-86.027034, 36.292632], [-86.027699, 36.291797], [-86.028, 36.291523], [-86.028047, 36.291385], [-86.028188, 36.291253], [-86.028213, 36.29114], [-86.028337, 36.29112], [-86.028391, 36.291007], [-86.028514, 36.290969], [-86.028536, 36.290848], [-86.029016, 36.290436], [-86.029051, 36.290301], [-86.02986, 36.289602], [-86.029918, 36.289495], [-86.030031, 36.289457], [-86.030082, 36.289355], [-86.030196, 36.289318], [-86.030224, 36.289205], [-86.030357, 36.289173], [-86.0304, 36.28907], [-86.030718, 36.288816], [-86.030874, 36.288759], [-86.031213, 36.288523], [-86.031384, 36.288514], [-86.031731, 36.288367], [-86.032459, 36.287986], [-86.032942, 36.287559], [-86.033648, 36.287043], [-86.034777, 36.286429], [-86.034929, 36.286407], [-86.03567, 36.28611], [-86.036002, 36.286064], [-86.036626, 36.286042], [-86.036789, 36.286068], [-86.036817, 36.286122], [-86.036892, 36.286094], [-86.036993, 36.286156], [-86.037449, 36.286219], [-86.038961, 36.286829], [-86.040263, 36.287481], [-86.041504, 36.288246], [-86.042064, 36.288634], [-86.043823, 36.290188], [-86.045113, 36.291244], [-86.045903, 36.291979], [-86.04622, 36.292337], [-86.046301, 36.29249], [-86.04639, 36.29254], [-86.046628, 36.293032], [-86.046921, 36.293457], [-86.046992, 36.293844], [-86.047073, 36.293976], [-86.047174, 36.29439], [-86.047324, 36.29574], [-86.047276, 36.296368], [-86.046898, 36.298468], [-86.046795, 36.298623], [-86.046766, 36.298921], [-86.046716, 36.301737], [-86.04675, 36.302912], [-86.046727, 36.303184], [-86.046634, 36.303358], [-86.046574, 36.30392], [-86.046533, 36.30506], [-86.046542, 36.305418], [-86.046646, 36.305835], [-86.046728, 36.306501], [-86.046945, 36.306664], [-86.047646, 36.306909], [-86.048119, 36.30697], [-86.048181, 36.307029], [-86.048261, 36.306988], [-86.04831, 36.307066], [-86.04861, 36.307198], [-86.048683, 36.307388], [-86.048978, 36.307601], [-86.049144, 36.307665], [-86.049187, 36.307733], [-86.049312, 36.307764], [-86.049365, 36.307867], [-86.049467, 36.307903], [-86.049533, 36.308007], [-86.049633, 36.308041], [-86.049683, 36.308162], [-86.049904, 36.308352], [-86.050037, 36.308542], [-86.050162, 36.308634], [-86.050432, 36.308955], [-86.050512, 36.309], [-86.050551, 36.309105], [-86.050702, 36.309278], [-86.051537, 36.31008], [-86.051531, 36.31013], [-86.051581, 36.31012], [-86.052843, 36.311091], [-86.054203, 36.312039], [-86.055647, 36.312799], [-86.055984, 36.312948], [-86.05626, 36.312996], [-86.05684, 36.313222], [-86.057134, 36.313271], [-86.057485, 36.313384], [-86.059242, 36.313642], [-86.061094, 36.313367], [-86.062547, 36.312749], [-86.063997, 36.312248], [-86.065208, 36.311761], [-86.065508, 36.311695], [-86.067063, 36.311019], [-86.067309, 36.310879], [-86.067811, 36.310495], [-86.068421, 36.309984], [-86.06862, 36.309769], [-86.069007, 36.309297], [-86.069586, 36.308446], [-86.070461, 36.306134], [-86.070543, 36.305801], [-86.070623, 36.305618], [-86.070703, 36.304948], [-86.070653, 36.30464], [-86.070447, 36.304136], [-86.070361, 36.304058], [-86.07024, 36.303799], [-86.069602, 36.303086], [-86.069075, 36.302572], [-86.068339, 36.301936], [-86.068114, 36.301693], [-86.067584, 36.300953], [-86.066103, 36.300103], [-86.063116, 36.298714], [-86.062773, 36.298513], [-86.061981, 36.298157], [-86.061928, 36.298097], [-86.061785, 36.298057], [-86.061247, 36.297772], [-86.061086, 36.29774], [-86.060813, 36.297607], [-86.06075, 36.297533], [-86.060601, 36.297502], [-86.060438, 36.297398], [-86.060278, 36.297354], [-86.059914, 36.297125], [-86.059438, 36.296944], [-86.05923, 36.296816], [-86.059041, 36.29677], [-86.0589, 36.296679], [-86.058753, 36.296647], [-86.058708, 36.296584], [-86.058587, 36.296549], [-86.057534, 36.295898], [-86.057399, 36.295854], [-86.056854, 36.295447], [-86.056088, 36.295021], [-86.055019, 36.294052], [-86.05428, 36.292952], [-86.053723, 36.291916], [-86.053307, 36.290423], [-86.053201, 36.289294], [-86.053382, 36.287945], [-86.053612, 36.287266], [-86.05392, 36.28674], [-86.054208, 36.286481], [-86.054523, 36.286252], [-86.055006, 36.285998], [-86.056278, 36.285089], [-86.057067, 36.284473], [-86.057526, 36.284011], [-86.058536, 36.282829], [-86.059724, 36.281131], [-86.060261, 36.280238], [-86.060757, 36.279277], [-86.061126, 36.278456], [-86.061201, 36.278202], [-86.061332, 36.278013], [-86.061706, 36.276829], [-86.0618, 36.276716], [-86.061864, 36.276154], [-86.061957, 36.275987], [-86.062021, 36.275584], [-86.062105, 36.275441], [-86.062182, 36.274885], [-86.062277, 36.274726], [-86.062337, 36.27421], [-86.062444, 36.274041], [-86.062531, 36.273659], [-86.062782, 36.273103], [-86.062851, 36.27271], [-86.062967, 36.272544], [-86.063012, 36.272292], [-86.063132, 36.272133], [-86.063372, 36.271476], [-86.063625, 36.271026], [-86.063681, 36.270804], [-86.063785, 36.270747], [-86.063829, 36.270573], [-86.063952, 36.270477], [-86.06401, 36.270303], [-86.064367, 36.269921], [-86.067353, 36.267095], [-86.067759, 36.266731], [-86.068264, 36.266397], [-86.068862, 36.265934], [-86.069194, 36.265738], [-86.069456, 36.265484], [-86.070428, 36.264897], [-86.070576, 36.264867], [-86.070736, 36.264759], [-86.0711, 36.264689], [-86.071291, 36.264498], [-86.071405, 36.264475], [-86.071584, 36.264356], [-86.072087, 36.264195], [-86.072149, 36.264103], [-86.072444, 36.264035], [-86.072601, 36.263947], [-86.073658, 36.263687], [-86.074194, 36.263638], [-86.075652, 36.263699], [-86.077089, 36.264108], [-86.078474, 36.264773], [-86.079739, 36.265499], [-86.081172, 36.266417], [-86.081988, 36.267486], [-86.082737, 36.268578], [-86.083947, 36.269656], [-86.08588, 36.271283], [-86.086236, 36.271648], [-86.086298, 36.271763], [-86.086395, 36.271792], [-86.086808, 36.272352], [-86.087074, 36.272574], [-86.087505, 36.273089], [-86.087891, 36.273419], [-86.089703, 36.277478], [-86.090249, 36.278779], [-86.090924, 36.280093], [-86.092442, 36.282585], [-86.092598, 36.282753], [-86.09398, 36.284978], [-86.094492, 36.285738], [-86.09534, 36.287377], [-86.095806, 36.288636], [-86.096185, 36.290012], [-86.09641, 36.291414], [-86.096505, 36.291769], [-86.096555, 36.292071], [-86.096541, 36.294447], [-86.096211, 36.295809], [-86.095913, 36.296432], [-86.09523, 36.297629], [-86.094368, 36.298838], [-86.09359, 36.299794], [-86.093367, 36.300151], [-86.092612, 36.301143], [-86.090814, 36.303403], [-86.089474, 36.305001], [-86.088877, 36.305487], [-86.087611, 36.306288], [-86.086216, 36.30707], [-86.085555, 36.307541], [-86.084871, 36.307909], [-86.083848, 36.308555], [-86.083461, 36.308747], [-86.082136, 36.309605], [-86.081553, 36.310073], [-86.080783, 36.310584], [-86.080385, 36.310906], [-86.078495, 36.312755], [-86.076683, 36.314935], [-86.076622, 36.315065], [-86.076507, 36.31514], [-86.076437, 36.315319], [-86.076354, 36.315368], [-86.076161, 36.315659], [-86.076071, 36.315874], [-86.075995, 36.315924], [-86.075771, 36.316331], [-86.074862, 36.317343], [-86.074645, 36.317708], [-86.073937, 36.318558], [-86.073394, 36.319178], [-86.071958, 36.320646], [-86.070929, 36.321808], [-86.069938, 36.323039], [-86.068296, 36.325442], [-86.067528, 36.326935], [-86.067468, 36.327268], [-86.067373, 36.327342], [-86.067289, 36.327594], [-86.067179, 36.327734], [-86.067083, 36.328041], [-86.066984, 36.328194], [-86.06693, 36.328446], [-86.066859, 36.328559], [-86.066766, 36.328963], [-86.066622, 36.329326], [-86.066248, 36.331012], [-86.066376, 36.332517], [-86.066716, 36.333739], [-86.067196, 36.335245], [-86.067687, 36.336124], [-86.067862, 36.336345], [-86.067903, 36.336452], [-86.067971, 36.336474], [-86.068069, 36.336822], [-86.068138, 36.336853], [-86.068185, 36.336969], [-86.06828, 36.337044], [-86.068242, 36.337101], [-86.068304, 36.337134], [-86.068409, 36.337379], [-86.068475, 36.337416], [-86.068564, 36.337654], [-86.068638, 36.337702], [-86.068707, 36.33786], [-86.069566, 36.338901], [-86.069936, 36.339221], [-86.070719, 36.339714], [-86.071197, 36.339939], [-86.071312, 36.340039], [-86.07157, 36.340159], [-86.071756, 36.340202], [-86.071794, 36.340255], [-86.072089, 36.340409], [-86.072406, 36.34049], [-86.072607, 36.340625], [-86.072758, 36.340628], [-86.072833, 36.340697], [-86.073253, 36.340769], [-86.073613, 36.340897], [-86.073679, 36.340986], [-86.074423, 36.341181], [-86.074484, 36.341225], [-86.074981, 36.341305], [-86.075039, 36.341355], [-86.075093, 36.341326], [-86.075328, 36.341413], [-86.075664, 36.341455], [-86.075705, 36.341496], [-86.076893, 36.341771], [-86.077478, 36.34187], [-86.077922, 36.342041], [-86.07821, 36.342095], [-86.078266, 36.342175], [-86.079002, 36.342445], [-86.079102, 36.342517], [-86.079855, 36.342682], [-86.079938, 36.342795], [-86.080048, 36.34271], [-86.080755, 36.342813], [-86.081175, 36.342807], [-86.082809, 36.342687], [-86.084423, 36.342484], [-86.085902, 36.342362], [-86.087637, 36.342243], [-86.089287, 36.342212], [-86.090503, 36.342217], [-86.091017, 36.342316], [-86.092575, 36.342441], [-86.094517, 36.342496], [-86.097371, 36.342434], [-86.097805, 36.342491], [-86.099615, 36.342086], [-86.101056, 36.342785], [-86.101445, 36.342886], [-86.101951, 36.343074], [-86.102353, 36.343275], [-86.105522, 36.344562], [-86.107153, 36.345025], [-86.108787, 36.345343], [-86.110453, 36.345606], [-86.111635, 36.345736], [-86.113872, 36.346222], [-86.115407, 36.346501], [-86.117268, 36.346774], [-86.117456, 36.346776], [-86.117799, 36.346862], [-86.118261, 36.346873], [-86.118648, 36.346915], [-86.118811, 36.346965], [-86.119481, 36.347007], [-86.119662, 36.347059], [-86.11976, 36.347024], [-86.120722, 36.347057], [-86.121513, 36.347144], [-86.122515, 36.347179], [-86.122905, 36.347248], [-86.123671, 36.347295], [-86.124293, 36.34742], [-86.124785, 36.347458], [-86.126553, 36.347822], [-86.127115, 36.347985], [-86.127855, 36.348136], [-86.130228, 36.348828], [-86.132012, 36.349269], [-86.133778, 36.349382], [-86.140152, 36.349515], [-86.141534, 36.349463], [-86.141904, 36.349391], [-86.143345, 36.349259], [-86.144021, 36.349303], [-86.144357, 36.349198], [-86.144622, 36.349157], [-86.147433, 36.349182], [-86.148953, 36.349079], [-86.150594, 36.349108], [-86.15232, 36.349296], [-86.153837, 36.349603], [-86.155488, 36.350081], [-86.156776, 36.35066], [-86.157634, 36.351367], [-86.158325, 36.352871], [-86.158574, 36.35368], [-86.159168, 36.354967], [-86.159649, 36.356312], [-86.160024, 36.357633], [-86.160483, 36.358802], [-86.162168, 36.361463], [-86.162988, 36.362657], [-86.164757, 36.365821], [-86.165549, 36.367457], [-86.166765, 36.37024], [-86.167555, 36.371696], [-86.168106, 36.372245], [-86.16858, 36.372653], [-86.169055, 36.372927], [-86.170914, 36.373057], [-86.171013, 36.373118], [-86.171072, 36.373096], [-86.171173, 36.373141], [-86.171897, 36.373208], [-86.172069, 36.373275], [-86.173096, 36.373492], [-86.174401, 36.373826], [-86.175029, 36.373917], [-86.175137, 36.373966], [-86.175947, 36.374125], [-86.176958, 36.374234], [-86.178144, 36.374137], [-86.178893, 36.374006], [-86.179647, 36.373837], [-86.180446, 36.373581], [-86.181265, 36.373243], [-86.18209, 36.372844], [-86.182783, 36.372235], [-86.183012, 36.37199], [-86.183113, 36.371799], [-86.183276, 36.371331], [-86.183355, 36.370988], [-86.183419, 36.370909], [-86.183547, 36.37042], [-86.183603, 36.370349], [-86.183705, 36.369877], [-86.183752, 36.36982], [-86.183713, 36.369771], [-86.183761, 36.369713], [-86.18384, 36.369343], [-86.184013, 36.36886], [-86.184129, 36.368658], [-86.184361, 36.36853], [-86.184444, 36.368414], [-86.184898, 36.36731], [-86.184995, 36.366243], [-86.184885, 36.365201], [-86.184525, 36.364047], [-86.184041, 36.362716], [-86.183902, 36.361585], [-86.183972, 36.361466], [-86.184129, 36.360185], [-86.184061, 36.3587], [-86.184207, 36.35469], [-86.184218, 36.353316], [-86.184153, 36.350508], [-86.183904, 36.349065], [-86.183163, 36.346385], [-86.182931, 36.345817], [-86.182213, 36.343688], [-86.181122, 36.341087], [-86.179503, 36.337401], [-86.179457, 36.337192], [-86.178882, 36.335899], [-86.178382, 36.334587], [-86.17797, 36.333284], [-86.177668, 36.331946], [-86.177005, 36.329439], [-86.176861, 36.32843], [-86.176857, 36.327666], [-86.177096, 36.326917], [-86.17781, 36.325849], [-86.178772, 36.324717], [-86.180854, 36.322493], [-86.181843, 36.321629], [-86.183222, 36.320751], [-86.18426, 36.320233], [-86.185371, 36.319949], [-86.186564, 36.320012], [-86.18743, 36.320516], [-86.188745, 36.321145], [-86.189942, 36.321779], [-86.190902, 36.322485], [-86.192063, 36.32349], [-86.193308, 36.324424], [-86.195922, 36.326187], [-86.197094, 36.327039], [-86.198283, 36.328164], [-86.199485, 36.329245], [-86.201733, 36.331107], [-86.203379, 36.332779], [-86.203827, 36.333273], [-86.204169, 36.333805], [-86.204617, 36.334347], [-86.205406, 36.335588], [-86.205894, 36.336773], [-86.206126, 36.337871], [-86.20615, 36.339117], [-86.206036, 36.340484], [-86.205896, 36.343328], [-86.205707, 36.344635], [-86.205407, 36.345967], [-86.205168, 36.347323], [-86.205139, 36.348699], [-86.205337, 36.352892], [-86.205491, 36.354432], [-86.206828, 36.358352], [-86.207789, 36.361012], [-86.208152, 36.362473], [-86.208311, 36.363575], [-86.208345, 36.364914], [-86.208297, 36.366492], [-86.208332, 36.368], [-86.208292, 36.3689], [-86.208016, 36.370154], [-86.207982, 36.370854], [-86.208169, 36.371792], [-86.208811, 36.373425], [-86.209445, 36.374514], [-86.210737, 36.375638], [-86.211836, 36.376254], [-86.213085, 36.376804], [-86.214386, 36.377073], [-86.215833, 36.377017], [-86.21733, 36.376733], [-86.217847, 36.376514], [-86.218171, 36.376413], [-86.219285, 36.376192], [-86.219334, 36.376098], [-86.219688, 36.376041], [-86.219739, 36.375883], [-86.219941, 36.375816], [-86.220051, 36.375732], [-86.220301, 36.375671], [-86.220755, 36.375476], [-86.220902, 36.375442], [-86.221436, 36.375193], [-86.221849, 36.375096], [-86.221935, 36.375044], [-86.222326, 36.374928], [-86.222599, 36.374901], [-86.222792, 36.374821], [-86.223315, 36.374769], [-86.223345, 36.374685], [-86.223323, 36.374562], [-86.223432, 36.374446], [-86.223955, 36.373201], [-86.224253, 36.372024], [-86.224156, 36.371302], [-86.224191, 36.371055], [-86.224151, 36.371006], [-86.224068, 36.370449], [-86.224107, 36.369957], [-86.224066, 36.369529], [-86.223834, 36.36835], [-86.223784, 36.36707], [-86.223582, 36.365716], [-86.223494, 36.364417], [-86.222973, 36.360755], [-86.223036, 36.359567], [-86.223222, 36.358772], [-86.22368, 36.357928], [-86.225377, 36.355523], [-86.226245, 36.354483], [-86.22728, 36.353393], [-86.229535, 36.35142], [-86.230574, 36.350332], [-86.231552, 36.349203], [-86.23472, 36.345952], [-86.237036, 36.343931], [-86.237771, 36.343219], [-86.239243, 36.34195], [-86.24027, 36.340957], [-86.242815, 36.339139], [-86.244144, 36.338132], [-86.24528, 36.336959], [-86.246215, 36.335686], [-86.246635, 36.334788], [-86.247351, 36.333069], [-86.247508, 36.332328], [-86.24785, 36.331664], [-86.248407, 36.330383], [-86.248871, 36.329146], [-86.248957, 36.328734], [-86.249012, 36.328675], [-86.249077, 36.328482], [-86.249133, 36.32818], [-86.249194, 36.327031], [-86.249087, 36.326178], [-86.248755, 36.325085], [-86.248719, 36.324863], [-86.24847, 36.324253], [-86.248404, 36.323457], [-86.248451, 36.322224], [-86.248302, 36.320852], [-86.248285, 36.31954], [-86.248404, 36.318317], [-86.248618, 36.316791], [-86.24869, 36.315411], [-86.248319, 36.314064], [-86.248311, 36.312648], [-86.248478, 36.311426], [-86.248549, 36.309937], [-86.248874, 36.308581], [-86.249389, 36.307498], [-86.250296, 36.306418], [-86.250896, 36.305568], [-86.25211, 36.30445], [-86.253304, 36.303588], [-86.254628, 36.302767], [-86.255814, 36.302201], [-86.257429, 36.301494], [-86.258953, 36.30097], [-86.260378, 36.300619], [-86.262089, 36.300391], [-86.263319, 36.300419], [-86.264351, 36.30057], [-86.265036, 36.300792], [-86.265659, 36.301219], [-86.266859, 36.302668], [-86.267848, 36.30366], [-86.267971, 36.303893], [-86.268991, 36.305278], [-86.269124, 36.305365], [-86.269356, 36.305683], [-86.27154, 36.307969], [-86.272309, 36.309114], [-86.272789, 36.310147], [-86.272915, 36.311299], [-86.272734, 36.312546], [-86.271825, 36.315389], [-86.271395, 36.316355], [-86.270578, 36.317611], [-86.269844, 36.31855], [-86.268794, 36.319654], [-86.267751, 36.320946], [-86.266892, 36.322262], [-86.266278, 36.3235], [-86.265838, 36.324792], [-86.265354, 36.325871], [-86.26532, 36.326061], [-86.265216, 36.326192], [-86.264262, 36.328231], [-86.263763, 36.329536], [-86.263873, 36.330079], [-86.26388, 36.330491], [-86.264009, 36.330843], [-86.26407, 36.331208], [-86.264157, 36.331307], [-86.264085, 36.331499], [-86.264231, 36.331765], [-86.264242, 36.332055], [-86.264333, 36.332268], [-86.264345, 36.333009], [-86.264313, 36.333211], [-86.26438, 36.333534], [-86.264347, 36.333936], [-86.264406, 36.334008], [-86.264484, 36.334212], [-86.264602, 36.334788], [-86.264702, 36.33507], [-86.264679, 36.335439], [-86.264911, 36.337129], [-86.265468, 36.338707], [-86.265989, 36.339896], [-86.26607, 36.340203], [-86.266252, 36.34048], [-86.266835, 36.341777], [-86.267482, 36.342908], [-86.267869, 36.343785], [-86.268534, 36.344927], [-86.268905, 36.345501], [-86.269118, 36.345705], [-86.269231, 36.345884], [-86.269562, 36.346264], [-86.269929, 36.346635], [-86.27031, 36.346973], [-86.270484, 36.347083], [-86.270612, 36.347252], [-86.272512, 36.348474], [-86.272852, 36.348614], [-86.273251, 36.348694], [-86.273826, 36.348921], [-86.274192, 36.34903], [-86.274249, 36.349012], [-86.274861, 36.349197], [-86.275338, 36.3493], [-86.276572, 36.349494], [-86.277228, 36.349564], [-86.278365, 36.34953], [-86.279071, 36.349459], [-86.280279, 36.349118], [-86.280884, 36.348876], [-86.282656, 36.348316], [-86.283938, 36.348206], [-86.285085, 36.347881], [-86.285823, 36.347748], [-86.287168, 36.347195], [-86.288882, 36.346298], [-86.290054, 36.345255], [-86.291066, 36.344183], [-86.292156, 36.343129], [-86.2931, 36.341948], [-86.294087, 36.340831], [-86.295203, 36.339787], [-86.295778, 36.338977], [-86.296145, 36.338422], [-86.296545, 36.337721], [-86.297154, 36.335677], [-86.297232, 36.335283], [-86.297317, 36.334331], [-86.297455, 36.331637], [-86.297468, 36.330866], [-86.29741, 36.330376], [-86.297324, 36.329995], [-86.297246, 36.32917], [-86.297257, 36.328068], [-86.297332, 36.327416], [-86.297547, 36.326121], [-86.297699, 36.324752], [-86.297673, 36.324518], [-86.297722, 36.324397], [-86.297785, 36.323558], [-86.297838, 36.323373], [-86.29774, 36.322599], [-86.297773, 36.322047], [-86.297819, 36.321841], [-86.297804, 36.32159], [-86.297883, 36.321407], [-86.297827, 36.321277], [-86.297817, 36.321042], [-86.297886, 36.320924], [-86.298203, 36.31996], [-86.298557, 36.318047], [-86.298917, 36.316705], [-86.299357, 36.315385], [-86.299918, 36.314238], [-86.30041, 36.313616], [-86.300939, 36.313235], [-86.30177, 36.313025], [-86.303141, 36.31316], [-86.306351, 36.313907], [-86.307775, 36.31428], [-86.309286, 36.314808], [-86.312343, 36.316031], [-86.313923, 36.316523], [-86.315757, 36.31702], [-86.318944, 36.317751], [-86.322265, 36.318316], [-86.327189, 36.319472], [-86.32882, 36.319763], [-86.330797, 36.319927], [-86.332568, 36.319942], [-86.334254, 36.319757], [-86.336035, 36.318913], [-86.33795, 36.317925], [-86.33844, 36.31773], [-86.338501, 36.317623], [-86.338796, 36.317545], [-86.338948, 36.317456], [-86.33929, 36.317358], [-86.339841, 36.317122], [-86.340303, 36.317012], [-86.340521, 36.317034], [-86.342092, 36.316669], [-86.343593, 36.316028], [-86.344977, 36.315209], [-86.347878, 36.313655], [-86.349221, 36.31281], [-86.350638, 36.312186], [-86.353719, 36.310982], [-86.356953, 36.309832], [-86.358248, 36.309586], [-86.359469, 36.309631], [-86.360703, 36.310085], [-86.361499, 36.310991], [-86.361825, 36.311919], [-86.361839, 36.313038], [-86.361135, 36.314501], [-86.360452, 36.315513], [-86.359656, 36.316433], [-86.358736, 36.317379], [-86.357563, 36.31844], [-86.356165, 36.319264], [-86.354912, 36.319936], [-86.353882, 36.320431], [-86.353623, 36.320494], [-86.351991, 36.321144], [-86.351503, 36.321351], [-86.351316, 36.321469], [-86.35102, 36.321555], [-86.350756, 36.321717], [-86.350717, 36.321795], [-86.350608, 36.321872], [-86.350463, 36.321902], [-86.35024, 36.322021], [-86.349969, 36.322313], [-86.349884, 36.322525], [-86.349591, 36.322636], [-86.349177, 36.32312], [-86.348781, 36.323425], [-86.348706, 36.323518], [-86.348415, 36.323712], [-86.348203, 36.324024], [-86.347948, 36.324141], [-86.346872, 36.325115], [-86.345867, 36.326284], [-86.345183, 36.327415], [-86.34499, 36.328058], [-86.344893, 36.328201], [-86.344861, 36.328342], [-86.344932, 36.329229], [-86.345001, 36.32956], [-86.344988, 36.329775], [-86.345049, 36.330167], [-86.345131, 36.33035], [-86.345193, 36.330975], [-86.345198, 36.331371], [-86.345133, 36.331773], [-86.345084, 36.331822], [-86.345069, 36.33195], [-86.345113, 36.332155], [-86.345061, 36.332249], [-86.345027, 36.332501], [-86.345018, 36.333209], [-86.345129, 36.333951], [-86.345096, 36.334589], [-86.345248, 36.335301], [-86.345266, 36.335602], [-86.345101, 36.336082], [-86.34507, 36.336409], [-86.345122, 36.337733], [-86.345036, 36.337959], [-86.345032, 36.338116], [-86.345263, 36.338687], [-86.345497, 36.340136], [-86.345627, 36.341474], [-86.345801, 36.344217], [-86.34597, 36.344893], [-86.346085, 36.345233], [-86.346327, 36.34572], [-86.346467, 36.345899], [-86.346473, 36.346058], [-86.346411, 36.346111], [-86.346639, 36.346296], [-86.346798, 36.346578], [-86.346841, 36.346789], [-86.346972, 36.347098], [-86.347388, 36.348332], [-86.348279, 36.349774], [-86.349258, 36.350836], [-86.350632, 36.351931], [-86.351832, 36.35274], [-86.35308, 36.353794], [-86.354407, 36.354714], [-86.355785, 36.355517], [-86.358707, 36.357083], [-86.361646, 36.358459], [-86.363648, 36.359087], [-86.365414, 36.359136], [-86.366497, 36.358804], [-86.36729, 36.358482], [-86.368485, 36.357723], [-86.369616, 36.357117], [-86.371998, 36.356418], [-86.373019, 36.355284], [-86.374261, 36.354256], [-86.375436, 36.353381], [-86.376518, 36.352211], [-86.377908, 36.35119], [-86.378814, 36.349913], [-86.380279, 36.34745], [-86.381112, 36.346249], [-86.381956, 36.345114], [-86.382869, 36.344075], [-86.384849, 36.341706], [-86.385666, 36.340515], [-86.387006, 36.338329], [-86.387602, 36.33706], [-86.387871, 36.336646], [-86.388389, 36.335343], [-86.389683, 36.331262], [-86.390724, 36.327287], [-86.391001, 36.325855], [-86.39135, 36.324432], [-86.391349, 36.322899], [-86.391099, 36.321541], [-86.390763, 36.320222], [-86.389892, 36.318763], [-86.389911, 36.31782], [-86.389989, 36.317441], [-86.390009, 36.316668]]}, "properties": {"OBJECTID": 1982, "Value_of_Depth_Contour": "2.74", "Scale_Minimum": 18750, "Source_Date": "20040930", "Source_Indication": "US,U3,USACE,LRN_GIS", "Source_Dataset": "U37CR221.000", "Feature_ID": "U3 1392979752 00001"}}, {"type": "Feature", "id": 1983, "geometry": {"type": "LineString", "coordinates": [[-86.048144, 36.297164], [-86.049093, 36.298252], [-86.049601, 36.299414], [-86.049785, 36.300605], [-86.049744, 36.304917], [-86.049494, 36.306449], [-86.049467, 36.306829], [-86.049408, 36.30692], [-86.04876, 36.306765], [-86.047652, 36.306418], [-86.047384, 36.306085], [-86.047307, 36.305898], [-86.047147, 36.305112], [-86.047184, 36.30447], [-86.047373, 36.303179], [-86.0474, 36.300651], [-86.047461, 36.298579], [-86.047708, 36.297226], [-86.048144, 36.297164]]}, "properties": {"OBJECTID": 1983, "Value_of_Depth_Contour": "2.74", "Scale_Minimum": 18750, "Source_Date": "20040930", "Source_Indication": "US,U3,USACE,LRN_GIS", "Source_Dataset": "U37CR221.000", "Feature_ID": "U3 1392979753 00001"}}, {"type": "Feature", "id": 1984, "geometry": {"type": "LineString", "coordinates": [[-86.507316, 36.307851], [-86.506962, 36.308042], [-86.507061, 36.308109], [-86.507132, 36.308099], [-86.507336, 36.307912], [-86.507316, 36.307851]]}, "properties": {"OBJECTID": 1984, "Value_of_Depth_Contour": "2.74", "Scale_Minimum": 18750, "Source_Date": "20040930", "Source_Indication": "US,U3,USACE,LRN_GIS", "Source_Dataset": "U37CR221.000", "Feature_ID": "U3 1392979755 00001"}}, {"type": "Feature", "id": 1985, "geometry": {"type": "LineString", "coordinates": [[-86.390019, 36.316325], [-86.390011, 36.316625]]}, "properties": {"OBJECTID": 1985, "Value_of_Depth_Contour": "2.74", "Scale_Minimum": 18750, "Source_Date": "20040930", "Source_Indication": "US,U3,USACE,LRN_GIS", "Source_Dataset": "U37CR221.000", "Feature_ID": "U3 1392979756 00001"}}, {"type": "Feature", "id": 1986, "geometry": {"type": "LineString", "coordinates": [[-86.210082, 36.36907], [-86.211271, 36.370843], [-86.211509, 36.37174], [-86.212288, 36.373859], [-86.213096, 36.374814], [-86.213896, 36.375431], [-86.21463, 36.37605], [-86.214512, 36.376297], [-86.213395, 36.376067], [-86.212297, 36.375587], [-86.21127, 36.374962], [-86.210321, 36.374107], [-86.209724, 36.373044], [-86.2092, 36.371632], [-86.209388, 36.37028], [-86.209895, 36.369082], [-86.210082, 36.36907]]}, "properties": {"OBJECTID": 1986, "Value_of_Depth_Contour": "2.74", "Scale_Minimum": 18750, "Source_Date": "20040930", "Source_Indication": "US,U3,USACE,LRN_GIS", "Source_Dataset": "U37CR221.000", "Feature_ID": "U3 1392979759 00001"}}, {"type": "Feature", "id": 1987, "geometry": {"type": "LineString", "coordinates": [[-86.08356, 36.266732], [-86.085273, 36.267456], [-86.085714, 36.267675], [-86.086287, 36.2681], [-86.086494, 36.268482], [-86.086548, 36.268649], [-86.086484, 36.268993], [-86.086278, 36.269538], [-86.086316, 36.270208], [-86.086231, 36.270217], [-86.085509, 36.269749], [-86.084834, 36.269066], [-86.083981, 36.267959], [-86.083332, 36.266905], [-86.08356, 36.266732]]}, "properties": {"OBJECTID": 1987, "Value_of_Depth_Contour": "2.74", "Scale_Minimum": 18750, "Source_Date": "20040930", "Source_Indication": "US,U3,USACE,LRN_GIS", "Source_Dataset": "U37CR221.000", "Feature_ID": "U3 1392979762 00001"}}, {"type": "Feature", "id": 1988, "geometry": {"type": "LineString", "coordinates": [[-85.991428, 36.267944], [-85.991275, 36.267996], [-85.991225, 36.267984], [-85.991194, 36.267998], [-85.991244, 36.268004], [-85.991213, 36.268046], [-85.991138, 36.26807], [-85.990701, 36.268123], [-85.990325, 36.268219], [-85.990144, 36.268304], [-85.989992, 36.268291], [-85.989893, 36.268339], [-85.989806, 36.268318], [-85.989624, 36.26839], [-85.989445, 36.26837], [-85.989277, 36.26845], [-85.988987, 36.268447], [-85.988559, 36.268509], [-85.988413, 36.268481], [-85.987947, 36.268532], [-85.987402, 36.268514], [-85.987307, 36.268462]]}, "properties": {"OBJECTID": 1988, "Value_of_Depth_Contour": "2.74", "Scale_Minimum": 18750, "Source_Date": "20160407", "Source_Indication": "US,U3,SURVY,USACE_Nashville_Hydro_Survey", "Source_Dataset": "U37CR221.000", "Feature_ID": "U3 1392980808 00001"}}, {"type": "Feature", "id": 1989, "geometry": {"type": "LineString", "coordinates": [[-85.986963, 36.269281], [-85.987405, 36.269296], [-85.987663, 36.269339], [-85.987696, 36.269312], [-85.987776, 36.269341], [-85.988249, 36.269333], [-85.988568, 36.269225], [-85.9887, 36.269237], [-85.98888, 36.269193], [-85.988996, 36.26921], [-85.989043, 36.269274], [-85.989109, 36.269271], [-85.989365, 36.269169], [-85.989457, 36.269185], [-85.989741, 36.269146], [-85.990062, 36.26902], [-85.990296, 36.268872], [-85.99064, 36.268838], [-85.991157, 36.2687], [-85.991547, 36.268552]]}, "properties": {"OBJECTID": 1989, "Value_of_Depth_Contour": "2.74", "Scale_Minimum": 18750, "Source_Date": "20160407", "Source_Indication": "US,U3,SURVY,USACE_Nashville_Hydro_Survey", "Source_Dataset": "U37CR221.000", "Feature_ID": "U3 1392980811 00001"}}, {"type": "Feature", "id": 1990, "geometry": {"type": "LineString", "coordinates": [[-86.620833, 36.250921], [-86.619775, 36.250734], [-86.618042, 36.250122], [-86.616798, 36.249571], [-86.616388, 36.249448], [-86.616204, 36.249457], [-86.615892, 36.249361], [-86.615748, 36.249259], [-86.61508, 36.24904], [-86.614683, 36.248839], [-86.613315, 36.248543], [-86.612803, 36.248501], [-86.612541, 36.248382], [-86.611788, 36.248359], [-86.611736, 36.248331], [-86.611683, 36.248207], [-86.61149, 36.248079], [-86.611347, 36.24805], [-86.611056, 36.248073], [-86.611147, 36.248228], [-86.610817, 36.248279], [-86.61038, 36.248187], [-86.609585, 36.248101], [-86.609248, 36.247953], [-86.608837, 36.247682], [-86.608555, 36.247595], [-86.607211, 36.247413], [-86.606711, 36.247395], [-86.606318, 36.247435], [-86.60513, 36.247408], [-86.604649, 36.247566], [-86.604332, 36.247849], [-86.603837, 36.248167], [-86.603641, 36.248249], [-86.60331, 36.248261], [-86.602836, 36.248173], [-86.602466, 36.247986], [-86.602432, 36.24783], [-86.602647, 36.247728], [-86.602633, 36.247706], [-86.601848, 36.247672], [-86.601529, 36.247702], [-86.60012, 36.248096], [-86.599472, 36.24839], [-86.598675, 36.248923], [-86.596994, 36.249328], [-86.593918, 36.250416], [-86.592143, 36.250885], [-86.591888, 36.251022], [-86.590646, 36.25149], [-86.58936, 36.252373], [-86.588005, 36.253123], [-86.586656, 36.25414], [-86.586388, 36.254304], [-86.585266, 36.254776], [-86.584271, 36.255963], [-86.584034, 36.256145], [-86.582896, 36.256771], [-86.58172, 36.258012], [-86.58155, 36.258149], [-86.580056, 36.258656], [-86.578927, 36.259553], [-86.577994, 36.260084], [-86.576568, 36.261289], [-86.575442, 36.262308], [-86.574276, 36.263469], [-86.573338, 36.264537], [-86.572965, 36.265408], [-86.572963, 36.265836], [-86.572898, 36.265971], [-86.571622, 36.266935], [-86.570919, 36.268389], [-86.570292, 36.269509], [-86.569885, 36.27108], [-86.569272, 36.272039], [-86.568863, 36.274308], [-86.568888, 36.274533], [-86.568754, 36.274826], [-86.568708, 36.275749], [-86.56855, 36.276527], [-86.569448, 36.278252], [-86.569997, 36.279893], [-86.56942, 36.28081], [-86.567455, 36.282105], [-86.567919, 36.283446], [-86.56775, 36.284799], [-86.567769, 36.284936], [-86.569379, 36.286438], [-86.568509, 36.287802], [-86.568442, 36.288404], [-86.569309, 36.290512], [-86.569961, 36.291827], [-86.571103, 36.29325], [-86.571769, 36.294854], [-86.572045, 36.296001], [-86.572187, 36.297804], [-86.57279, 36.298959], [-86.571374, 36.299327], [-86.571242, 36.299579], [-86.571093, 36.299612], [-86.570792, 36.3002], [-86.570595, 36.300184], [-86.57032, 36.299821], [-86.570196, 36.299768], [-86.570114, 36.299632], [-86.568718, 36.299904], [-86.568478, 36.299917], [-86.56883, 36.299456], [-86.569556, 36.298701], [-86.569703, 36.297415], [-86.569378, 36.295434], [-86.569238, 36.294971], [-86.569035, 36.294579], [-86.568707, 36.293614], [-86.568505, 36.293562], [-86.568361, 36.293612], [-86.568183, 36.294024], [-86.568035, 36.294594], [-86.567859, 36.294899], [-86.567752, 36.29494], [-86.567465, 36.294882], [-86.566994, 36.294983], [-86.566821, 36.295111], [-86.566687, 36.295291], [-86.566555, 36.295673], [-86.566164, 36.296043], [-86.565955, 36.296868], [-86.565818, 36.298012], [-86.565844, 36.298175], [-86.565955, 36.298347], [-86.565535, 36.29873], [-86.565272, 36.298903], [-86.565178, 36.298869], [-86.56513, 36.29867], [-86.565, 36.297341], [-86.564923, 36.297072], [-86.564998, 36.29624], [-86.564826, 36.296143], [-86.564485, 36.296375], [-86.564434, 36.296746], [-86.564364, 36.296905], [-86.56447, 36.297021], [-86.564695, 36.297009], [-86.564753, 36.297042], [-86.564826, 36.297364], [-86.564754, 36.298103], [-86.564668, 36.29833], [-86.564828, 36.298711], [-86.564824, 36.299643], [-86.56476, 36.299741], [-86.564821, 36.299827], [-86.564829, 36.300981], [-86.565336, 36.302308], [-86.56533, 36.302415], [-86.565426, 36.302553], [-86.565931, 36.303884], [-86.566354, 36.305893], [-86.564927, 36.306789], [-86.564128, 36.308033], [-86.563889, 36.308292], [-86.562906, 36.30917], [-86.562131, 36.310527], [-86.561025, 36.311498], [-86.559087, 36.314324], [-86.556891, 36.316408], [-86.556093, 36.31748], [-86.555056, 36.318615], [-86.554975, 36.318746], [-86.554775, 36.318768], [-86.553625, 36.319327], [-86.552072, 36.320304], [-86.550894, 36.320834], [-86.548002, 36.321564], [-86.547585, 36.321511], [-86.545324, 36.321781], [-86.544115, 36.321261], [-86.541489, 36.322319], [-86.540301, 36.321617], [-86.536905, 36.320524], [-86.534283, 36.318091], [-86.534101, 36.317708], [-86.533948, 36.317647], [-86.534057, 36.317366], [-86.534234, 36.317186], [-86.534641, 36.316528], [-86.534329, 36.315761], [-86.534076, 36.315466], [-86.5338, 36.314672], [-86.533619, 36.314415], [-86.532727, 36.313836], [-86.53264, 36.313837], [-86.532651, 36.313806], [-86.532575, 36.313763], [-86.532565, 36.313407], [-86.532447, 36.312838], [-86.532309, 36.312472], [-86.532158, 36.312333], [-86.532235, 36.311593], [-86.532367, 36.31149], [-86.532399, 36.310526], [-86.532372, 36.310412], [-86.532457, 36.31001], [-86.53267, 36.309437], [-86.53284, 36.309274], [-86.53301, 36.309297], [-86.533319, 36.309634], [-86.533379, 36.309497], [-86.533405, 36.309589], [-86.533373, 36.309675], [-86.533483, 36.309501], [-86.533409, 36.309441], [-86.533415, 36.309378], [-86.533625, 36.308963], [-86.533788, 36.30884], [-86.534117, 36.308685], [-86.534171, 36.308123], [-86.534556, 36.30732], [-86.534685, 36.307406], [-86.534721, 36.307477], [-86.534817, 36.308113], [-86.534723, 36.308612], [-86.534514, 36.308993], [-86.534478, 36.309145], [-86.534483, 36.309548], [-86.534711, 36.309994], [-86.535071, 36.310233], [-86.53522, 36.310812], [-86.535226, 36.311115], [-86.535306, 36.311518], [-86.535515, 36.312231], [-86.535429, 36.31259], [-86.53529, 36.312907], [-86.53509, 36.313079], [-86.534753, 36.312325], [-86.534775, 36.312238], [-86.534703, 36.312059], [-86.534586, 36.311984], [-86.53439, 36.311927], [-86.534304, 36.311971], [-86.534081, 36.312178], [-86.53411, 36.312413], [-86.534357, 36.312816], [-86.534386, 36.313013], [-86.534662, 36.313712], [-86.534749, 36.313764], [-86.534923, 36.313796], [-86.535049, 36.313884], [-86.535247, 36.313893], [-86.535414, 36.313962], [-86.535733, 36.314004], [-86.53593, 36.314153], [-86.536167, 36.314442], [-86.536449, 36.315037], [-86.536571, 36.315142], [-86.536819, 36.315623], [-86.536903, 36.315701], [-86.537047, 36.315682], [-86.537137, 36.315602], [-86.537129, 36.315326], [-86.536989, 36.315039], [-86.536952, 36.314772], [-86.536871, 36.314712], [-86.536789, 36.314331], [-86.536701, 36.314159], [-86.536677, 36.313873], [-86.536803, 36.313602], [-86.536708, 36.312579], [-86.536762, 36.3123], [-86.536671, 36.311924], [-86.536663, 36.311243], [-86.536609, 36.311077], [-86.536664, 36.31086], [-86.53653, 36.310476], [-86.536437, 36.309686], [-86.536378, 36.309518], [-86.536489, 36.308871], [-86.536688, 36.306657], [-86.53675, 36.306355], [-86.536544, 36.306406], [-86.536373, 36.306315], [-86.536169, 36.306301], [-86.536103, 36.306215], [-86.536041, 36.305287], [-86.535846, 36.306444], [-86.535851, 36.306689], [-86.535697, 36.307955], [-86.535549, 36.308495], [-86.535423, 36.308312], [-86.535271, 36.30787], [-86.535282, 36.307736], [-86.535157, 36.307386], [-86.53521, 36.307226], [-86.535093, 36.306583], [-86.535703, 36.303616], [-86.537339, 36.301029], [-86.537684, 36.2992], [-86.537749, 36.299376], [-86.537775, 36.299695], [-86.537616, 36.300933], [-86.53767, 36.301193], [-86.53753, 36.301673], [-86.537416, 36.30186], [-86.536209, 36.303233], [-86.53591, 36.303678], [-86.536031, 36.304141], [-86.536114, 36.304267], [-86.536203, 36.304753], [-86.536212, 36.304414], [-86.536235, 36.304367], [-86.536373, 36.304348], [-86.53641, 36.303935], [-86.536512, 36.303746], [-86.537222, 36.303787], [-86.537291, 36.303616], [-86.537388, 36.303511], [-86.537535, 36.303433], [-86.537598, 36.303497], [-86.537579, 36.304477], [-86.537537, 36.304597], [-86.537586, 36.304757], [-86.53758, 36.305071], [-86.537493, 36.305539], [-86.537513, 36.305686], [-86.537463, 36.306065], [-86.537353, 36.306238], [-86.537377, 36.308127], [-86.537266, 36.309495], [-86.537223, 36.310772], [-86.537549, 36.311807], [-86.537562, 36.312003], [-86.537638, 36.312146], [-86.537874, 36.313153], [-86.538478, 36.314772], [-86.538477, 36.314856], [-86.538492, 36.314819], [-86.53884, 36.315316], [-86.539129, 36.315844], [-86.539481, 36.31544], [-86.539313, 36.315192], [-86.539227, 36.314984], [-86.539243, 36.31491], [-86.539385, 36.314742], [-86.539075, 36.31456], [-86.539051, 36.314497], [-86.539005, 36.314004], [-86.539124, 36.313393], [-86.538792, 36.312999], [-86.538749, 36.312822], [-86.53882, 36.312042], [-86.538639, 36.310723], [-86.538564, 36.309254], [-86.538695, 36.306499], [-86.538786, 36.305426], [-86.538772, 36.304476], [-86.53888, 36.303957], [-86.538838, 36.303339], [-86.538856, 36.30307], [-86.538991, 36.302617], [-86.53891, 36.302243], [-86.538728, 36.302202], [-86.538608, 36.302131], [-86.538559, 36.301667], [-86.538482, 36.301929], [-86.538296, 36.301929], [-86.538227, 36.301961], [-86.538187, 36.301905], [-86.53818, 36.301707], [-86.538472, 36.300691], [-86.53887, 36.299769], [-86.538752, 36.299475], [-86.538577, 36.299354], [-86.538501, 36.299096], [-86.538709, 36.298437], [-86.538701, 36.2983], [-86.538417, 36.297764], [-86.538361, 36.297552], [-86.538277, 36.297664], [-86.538198, 36.297658], [-86.53813, 36.297601], [-86.538079, 36.297461], [-86.538062, 36.296141], [-86.538147, 36.295484], [-86.538022, 36.295207], [-86.537825, 36.294996], [-86.537775, 36.294679], [-86.537887, 36.294177], [-86.537818, 36.292982], [-86.537665, 36.293012], [-86.537662, 36.293053], [-86.537762, 36.29308], [-86.537726, 36.293106], [-86.537556, 36.293137], [-86.537476, 36.293397], [-86.537397, 36.293306], [-86.537315, 36.293076], [-86.53702, 36.294537], [-86.537176, 36.294738], [-86.53714, 36.294803], [-86.536991, 36.294668], [-86.536967, 36.29473], [-86.537111, 36.294853], [-86.537094, 36.295146], [-86.537057, 36.295261], [-86.53673, 36.295444], [-86.536998, 36.296052], [-86.537181, 36.296195], [-86.537339, 36.296232], [-86.537409, 36.296442], [-86.537404, 36.296781], [-86.537185, 36.297752], [-86.537019, 36.297758], [-86.536618, 36.296831], [-86.536405, 36.295443], [-86.537309, 36.292664], [-86.536866, 36.29159], [-86.536249, 36.290506], [-86.536011, 36.290175], [-86.536016, 36.290105], [-86.534845, 36.287896], [-86.53495, 36.287804], [-86.534914, 36.28776], [-86.534888, 36.287775], [-86.534576, 36.287256], [-86.533661, 36.286196], [-86.533317, 36.285861], [-86.533019, 36.2857], [-86.533024, 36.285537], [-86.532503, 36.284932], [-86.532291, 36.284754], [-86.53198, 36.284696], [-86.531429, 36.283932], [-86.530812, 36.283479], [-86.530435, 36.2831], [-86.53022, 36.282719], [-86.529982, 36.282645], [-86.529897, 36.282578], [-86.529859, 36.282397], [-86.529674, 36.282152], [-86.529512, 36.281989], [-86.529345, 36.281915], [-86.529206, 36.281765], [-86.529092, 36.28143], [-86.527258, 36.281097], [-86.527099, 36.281166], [-86.527022, 36.281296], [-86.527121, 36.281383], [-86.527153, 36.281502], [-86.527516, 36.281578], [-86.527667, 36.281685], [-86.52763, 36.281734], [-86.527484, 36.281787], [-86.527414, 36.281877], [-86.527207, 36.281865], [-86.526981, 36.281751], [-86.526371, 36.28159], [-86.526611, 36.281445], [-86.526266, 36.281338], [-86.526035, 36.28145], [-86.525785, 36.281463], [-86.525804, 36.281415], [-86.525926, 36.281371], [-86.526053, 36.281406], [-86.526137, 36.281328], [-86.526086, 36.281284], [-86.525705, 36.281171], [-86.525645, 36.281092], [-86.525508, 36.280486], [-86.525506, 36.280207], [-86.525588, 36.280118], [-86.525877, 36.279947], [-86.526357, 36.279844], [-86.526398, 36.279653], [-86.526176, 36.279427], [-86.525545, 36.27919], [-86.524997, 36.278927], [-86.524615, 36.278924], [-86.52216, 36.278684], [-86.520766, 36.279978], [-86.519402, 36.281639], [-86.518834, 36.282659], [-86.51745, 36.285366], [-86.517112, 36.286744], [-86.516995, 36.287009], [-86.516695, 36.28805], [-86.516421, 36.289372], [-86.516355, 36.290767], [-86.515988, 36.292083], [-86.515493, 36.293581], [-86.51481, 36.294992], [-86.514223, 36.296421], [-86.513791, 36.297641], [-86.513275, 36.300342], [-86.513169, 36.300451], [-86.513113, 36.300632], [-86.512933, 36.300625], [-86.511318, 36.302421], [-86.510164, 36.303348], [-86.508018, 36.304597], [-86.507967, 36.304676], [-86.507509, 36.304862], [-86.506869, 36.305209], [-86.50487, 36.306137], [-86.504427, 36.306384], [-86.503988, 36.306923], [-86.503556, 36.307525], [-86.503086, 36.308264], [-86.502753, 36.309121], [-86.502281, 36.309614], [-86.502136, 36.309711], [-86.501605, 36.310378], [-86.501137, 36.31077], [-86.50048, 36.311237], [-86.500032, 36.311642], [-86.499946, 36.311786], [-86.499294, 36.312341], [-86.498594, 36.313013], [-86.498065, 36.313427], [-86.497934, 36.313578], [-86.496762, 36.31456], [-86.495575, 36.315383], [-86.495344, 36.31546], [-86.495188, 36.315418], [-86.495059, 36.315289], [-86.494765, 36.315469], [-86.494603, 36.315326], [-86.494051, 36.314615], [-86.493646, 36.314228], [-86.493578, 36.314173], [-86.493518, 36.314182], [-86.493159, 36.313724], [-86.493844, 36.313725], [-86.493895, 36.31363], [-86.494022, 36.31358], [-86.494524, 36.313178], [-86.49466, 36.31301], [-86.49491, 36.312865], [-86.495373, 36.31249], [-86.495556, 36.312407], [-86.495694, 36.312281], [-86.496594, 36.311757], [-86.497002, 36.311478], [-86.497136, 36.311439], [-86.497815, 36.311031], [-86.497843, 36.310951], [-86.497738, 36.310865], [-86.497486, 36.310946], [-86.497446, 36.311008], [-86.497064, 36.311218], [-86.496552, 36.311226], [-86.496001, 36.31137], [-86.495436, 36.311583], [-86.494797, 36.31169], [-86.494463, 36.311782], [-86.493964, 36.312001], [-86.493319, 36.312213], [-86.4912, 36.31309], [-86.48997, 36.313466], [-86.48844, 36.314527], [-86.487221, 36.315023], [-86.485862, 36.316081], [-86.485718, 36.316133], [-86.483044, 36.317759], [-86.482768, 36.317855], [-86.482288, 36.318141], [-86.482146, 36.318189], [-86.480172, 36.319302], [-86.480061, 36.319426], [-86.478841, 36.31976], [-86.477451, 36.320857], [-86.477229, 36.320994], [-86.47605, 36.321349], [-86.474659, 36.322546], [-86.473487, 36.323067], [-86.472314, 36.324162], [-86.472085, 36.324299], [-86.470904, 36.324804], [-86.469658, 36.325983], [-86.46853, 36.326624], [-86.466975, 36.327949], [-86.465851, 36.328585], [-86.464428, 36.329695], [-86.461781, 36.331547], [-86.460599, 36.33212], [-86.459228, 36.333143], [-86.457814, 36.333676], [-86.456122, 36.334882], [-86.45496, 36.335332], [-86.453498, 36.336035], [-86.451875, 36.336465], [-86.450192, 36.337243], [-86.44936, 36.337388], [-86.448804, 36.337529], [-86.448625, 36.337662], [-86.448497, 36.337938], [-86.448445, 36.337849], [-86.448257, 36.337856], [-86.448232, 36.337734], [-86.44815, 36.337723], [-86.448056, 36.337799], [-86.448045, 36.337883], [-86.448095, 36.337994], [-86.448257, 36.33813], [-86.448268, 36.338212], [-86.447591, 36.33872], [-86.446832, 36.339197], [-86.446217, 36.33923], [-86.445422, 36.339089], [-86.445263, 36.33901], [-86.445073, 36.33919], [-86.445691, 36.339226], [-86.445954, 36.339185], [-86.446031, 36.339306], [-86.446213, 36.339459], [-86.446263, 36.339573], [-86.445502, 36.339776], [-86.443592, 36.339902], [-86.442199, 36.33981], [-86.440166, 36.339833], [-86.438614, 36.340064], [-86.437794, 36.340118], [-86.437306, 36.340254], [-86.436834, 36.340306], [-86.436716, 36.340367], [-86.436607, 36.340473], [-86.436163, 36.34047], [-86.435285, 36.340616], [-86.434882, 36.340766], [-86.432992, 36.340783], [-86.431646, 36.340274], [-86.431139, 36.340139], [-86.430986, 36.340036], [-86.430713, 36.340019], [-86.430448, 36.339942], [-86.430387, 36.339874], [-86.430012, 36.339796], [-86.42951, 36.339609], [-86.429366, 36.339504], [-86.429123, 36.339405], [-86.428889, 36.339206], [-86.42838, 36.339056], [-86.427742, 36.339038], [-86.427577, 36.338976], [-86.427105, 36.338776], [-86.426699, 36.33855], [-86.426537, 36.33854], [-86.426452, 36.338417], [-86.426334, 36.338322], [-86.42615, 36.338221], [-86.425926, 36.338178], [-86.425783, 36.337995], [-86.425261, 36.337798], [-86.424929, 36.337579], [-86.424821, 36.337554], [-86.42464, 36.337613], [-86.424553, 36.337593], [-86.424251, 36.33735], [-86.423695, 36.337088], [-86.422202, 36.335884], [-86.422014, 36.335785], [-86.421726, 36.335551], [-86.421395, 36.335342], [-86.420968, 36.335184], [-86.420869, 36.335007], [-86.42081, 36.335015], [-86.420529, 36.334871], [-86.420245, 36.334792], [-86.42005, 36.334646], [-86.419753, 36.334608], [-86.419576, 36.334537], [-86.419514, 36.334455], [-86.41942, 36.334438], [-86.418529, 36.333833], [-86.41775, 36.332751], [-86.417252, 36.331826], [-86.416956, 36.33035], [-86.416712, 36.327494], [-86.416655, 36.326122], [-86.417545, 36.324669], [-86.417997, 36.323331], [-86.417898, 36.322033], [-86.41757, 36.320699], [-86.41498, 36.31987], [-86.415021, 36.318665], [-86.414961, 36.318385], [-86.41467, 36.317674], [-86.414611, 36.317425], [-86.414486, 36.317213], [-86.414444, 36.317013], [-86.414347, 36.316909], [-86.414318, 36.316706], [-86.414148, 36.316398], [-86.4141, 36.316191], [-86.413447, 36.314736], [-86.412931, 36.313709], [-86.411476, 36.311574], [-86.410518, 36.31056], [-86.409403, 36.309552], [-86.407014, 36.307898], [-86.405487, 36.307169], [-86.405153, 36.307044], [-86.404103, 36.306827], [-86.40274, 36.306652], [-86.401116, 36.306563], [-86.399511, 36.30657], [-86.39807, 36.306736], [-86.39654, 36.307101], [-86.395186, 36.307489], [-86.393376, 36.308435], [-86.39189, 36.309634], [-86.391234, 36.310384], [-86.39101, 36.31075], [-86.390422, 36.312256], [-86.39093, 36.313633], [-86.390862, 36.313818], [-86.3907, 36.313951], [-86.390281, 36.314116], [-86.390055, 36.314934], [-86.390019, 36.316302]]}, "properties": {"OBJECTID": 1990, "Value_of_Depth_Contour": "2.74", "Scale_Minimum": 18750, "Source_Date": "20040930", "Source_Indication": "US,U3,USACE,LRN_GIS_Data", "Source_Dataset": "U37CR221.000", "Feature_ID": "U3 1392991976 00001"}}, {"type": "Feature", "id": 1991, "geometry": {"type": "LineString", "coordinates": [[-85.991428, 36.267944], [-85.992337, 36.267619], [-85.992535, 36.267586], [-85.992702, 36.267481], [-85.992861, 36.267447], [-85.993632, 36.267091], [-85.993929, 36.266854], [-85.994141, 36.26676], [-85.99579, 36.266183], [-85.997279, 36.265944], [-85.997939, 36.265879], [-85.998615, 36.26575], [-85.999133, 36.265728], [-85.999314, 36.265653], [-86.000374, 36.265615], [-86.000832, 36.265528], [-86.00299, 36.265628], [-86.004606, 36.265635], [-86.006755, 36.265789], [-86.00814, 36.266049], [-86.00903, 36.26645], [-86.009144, 36.266534], [-86.009359, 36.266592], [-86.009678, 36.266747], [-86.009858, 36.266937], [-86.010077, 36.267346], [-86.010137, 36.2676], [-86.010296, 36.267868], [-86.010329, 36.26804], [-86.010472, 36.268322], [-86.010617, 36.269129], [-86.010624, 36.26942], [-86.01067, 36.269539], [-86.01051, 36.271027], [-86.010429, 36.271204], [-86.010341, 36.271543], [-86.010261, 36.271661], [-86.010176, 36.272017], [-86.010095, 36.272158], [-86.009839, 36.273135], [-86.009756, 36.273317], [-86.009698, 36.273681], [-86.009192, 36.275316], [-86.00872, 36.276459], [-86.008341, 36.277533], [-86.0083, 36.277781], [-86.006338, 36.281811], [-86.006217, 36.281925], [-86.006169, 36.282069], [-86.005321, 36.283164], [-86.005066, 36.283567], [-86.004573, 36.28418], [-86.004519, 36.284193], [-86.00451, 36.284294], [-86.00442, 36.284427], [-86.004312, 36.284438], [-86.00431, 36.284558], [-86.004243, 36.284679], [-86.004119, 36.284689], [-86.004081, 36.28494], [-86.003943, 36.284958], [-86.003933, 36.285124], [-86.003898, 36.28515], [-86.003842, 36.285064], [-86.004117, 36.284566], [-86.00414, 36.284416], [-86.004073, 36.284333], [-86.003825, 36.284452], [-86.003566, 36.284656], [-86.003189, 36.285036], [-86.002369, 36.286161], [-86.002243, 36.28642], [-86.002095, 36.286898], [-86.002148, 36.286923], [-86.00224, 36.286891], [-86.002204, 36.287133], [-86.001902, 36.287563], [-86.001807, 36.287624], [-86.001732, 36.287822], [-86.001337, 36.288344], [-86.00088, 36.289054], [-86.000471, 36.289566], [-86.000384, 36.289751], [-86.000235, 36.289887], [-86.000199, 36.290009], [-85.999864, 36.290447], [-85.999726, 36.290564], [-85.999667, 36.290709], [-85.999446, 36.290971], [-85.999207, 36.291424], [-85.999214, 36.291521], [-85.999074, 36.291656], [-85.99905, 36.291798], [-85.998924, 36.291931], [-85.99892, 36.292303], [-85.998852, 36.29247], [-85.998911, 36.292485], [-85.998862, 36.29252], [-85.998841, 36.292623], [-85.998929, 36.293274], [-85.999675, 36.294256], [-85.99972, 36.294363], [-86.000013, 36.29466], [-86.000213, 36.294929], [-86.000725, 36.295485], [-86.001569, 36.296261], [-86.001869, 36.296586], [-86.00286, 36.297382], [-86.003627, 36.297925], [-86.003889, 36.298281], [-86.004035, 36.298393], [-86.004515, 36.298423], [-86.004995, 36.298587], [-86.005301, 36.298759], [-86.006491, 36.299195], [-86.009955, 36.300652], [-86.011534, 36.301131], [-86.012387, 36.30127], [-86.012566, 36.301344], [-86.013243, 36.301388], [-86.014505, 36.301554], [-86.015944, 36.301246], [-86.017286, 36.300701], [-86.018558, 36.299892], [-86.019516, 36.298976], [-86.020448, 36.297833], [-86.021366, 36.296636], [-86.022412, 36.295465], [-86.025579, 36.292191], [-86.027481, 36.289909], [-86.02811, 36.289281], [-86.028594, 36.288868], [-86.029943, 36.287923], [-86.030595, 36.287543], [-86.030808, 36.28747], [-86.031799, 36.286791], [-86.031985, 36.286607], [-86.032599, 36.286207], [-86.034096, 36.28535], [-86.03454, 36.285205], [-86.034777, 36.285201], [-86.034902, 36.285112], [-86.03547, 36.284997], [-86.035797, 36.285057], [-86.036021, 36.285035], [-86.03679, 36.285207], [-86.03714, 36.285236], [-86.037326, 36.285314], [-86.037554, 36.285348], [-86.038016, 36.285486], [-86.039431, 36.28605], [-86.042352, 36.28737], [-86.04367, 36.288315], [-86.044673, 36.289267], [-86.044781, 36.28932], [-86.044868, 36.289465], [-86.045637, 36.290137], [-86.045694, 36.290239], [-86.045801, 36.290289], [-86.047048, 36.291737], [-86.047551, 36.292142], [-86.04776, 36.292539], [-86.04797, 36.292729], [-86.048006, 36.292812], [-86.048123, 36.293513], [-86.048221, 36.293738], [-86.048255, 36.294224], [-86.048307, 36.294535], [-86.048372, 36.294677], [-86.048444, 36.295293], [-86.048527, 36.295479], [-86.048603, 36.295973], [-86.04869, 36.29604], [-86.048638, 36.2961], [-86.048734, 36.296175], [-86.048788, 36.296282], [-86.048868, 36.296318], [-86.048945, 36.296569], [-86.049895, 36.297958], [-86.050071, 36.298376], [-86.050144, 36.298735], [-86.050266, 36.298904], [-86.050311, 36.299168], [-86.05043, 36.299313], [-86.050466, 36.299839], [-86.050496, 36.300017], [-86.05058, 36.300158], [-86.050652, 36.300696], [-86.050607, 36.301059], [-86.050644, 36.301281], [-86.050601, 36.303186], [-86.050635, 36.303743], [-86.050501, 36.306739], [-86.050544, 36.307014], [-86.050849, 36.307577], [-86.051448, 36.308408], [-86.052598, 36.309408], [-86.053551, 36.310319], [-86.054505, 36.31099], [-86.055164, 36.3114], [-86.055303, 36.311427], [-86.055675, 36.311672], [-86.055823, 36.311703], [-86.055886, 36.311795], [-86.056009, 36.311829], [-86.056166, 36.311938], [-86.056341, 36.311975], [-86.056516, 36.312087], [-86.056682, 36.312115], [-86.056853, 36.312222], [-86.05702, 36.312248], [-86.057191, 36.312357], [-86.057359, 36.312382], [-86.057541, 36.312488], [-86.059247, 36.31276], [-86.059735, 36.312657], [-86.05997, 36.312569], [-86.06026, 36.31255], [-86.060743, 36.312454], [-86.062073, 36.311946], [-86.063499, 36.311176], [-86.064938, 36.310796], [-86.065433, 36.310627], [-86.065698, 36.310436], [-86.065922, 36.310375], [-86.066094, 36.310227], [-86.066338, 36.310123], [-86.067086, 36.309656], [-86.067673, 36.309209], [-86.068401, 36.308517], [-86.068643, 36.308139], [-86.069122, 36.307021], [-86.06942, 36.30585], [-86.069492, 36.305179], [-86.069395, 36.304387], [-86.069204, 36.304054], [-86.068693, 36.303509], [-86.067507, 36.302583], [-86.066455, 36.301927], [-86.065148, 36.301319], [-86.064952, 36.301268], [-86.064597, 36.301046], [-86.064451, 36.300996], [-86.064062, 36.300734], [-86.063796, 36.300609], [-86.06345, 36.300357], [-86.063088, 36.300048], [-86.06303, 36.299957], [-86.062772, 36.299886], [-86.062253, 36.299554], [-86.062081, 36.29952], [-86.061354, 36.299126], [-86.060889, 36.298944], [-86.060838, 36.298877], [-86.059427, 36.298273], [-86.057937, 36.297543], [-86.055495, 36.29599], [-86.054699, 36.295414], [-86.054027, 36.294805], [-86.053552, 36.294127], [-86.053091, 36.293308], [-86.052999, 36.293048], [-86.052757, 36.292615], [-86.052673, 36.292366], [-86.052577, 36.292199], [-86.052474, 36.291837], [-86.052418, 36.291779], [-86.052301, 36.291152], [-86.052222, 36.290942], [-86.052167, 36.290634], [-86.052123, 36.290025], [-86.052069, 36.28984], [-86.052063, 36.289149], [-86.052309, 36.287713], [-86.053142, 36.286237], [-86.053978, 36.285675], [-86.054247, 36.285423], [-86.054349, 36.285374], [-86.054789, 36.284941], [-86.055376, 36.284563], [-86.055729, 36.284195], [-86.055786, 36.284092], [-86.055884, 36.284041], [-86.055977, 36.283816], [-86.056073, 36.283754], [-86.05638, 36.283423], [-86.056473, 36.283259], [-86.056772, 36.282891], [-86.05796, 36.281], [-86.058708, 36.279741], [-86.05937, 36.27853], [-86.060237, 36.276387], [-86.060981, 36.273355], [-86.061399, 36.271975], [-86.062063, 36.270619], [-86.063142, 36.26943], [-86.064102, 36.268787], [-86.064296, 36.268604], [-86.064544, 36.268352], [-86.064792, 36.268019], [-86.065033, 36.267814], [-86.065132, 36.267601], [-86.065247, 36.267513], [-86.06527, 36.267423], [-86.065373, 36.267378], [-86.065764, 36.267001], [-86.065813, 36.266908], [-86.067665, 36.265392], [-86.068583, 36.264693], [-86.069456, 36.264122], [-86.06978, 36.263851], [-86.07017, 36.263442], [-86.071384, 36.262835], [-86.073908, 36.262707], [-86.075634, 36.26278], [-86.07707, 36.263114], [-86.078192, 36.263613], [-86.082151, 36.265598], [-86.083617, 36.266436], [-86.083801, 36.266482], [-86.083874, 36.266564], [-86.084136, 36.266614], [-86.084678, 36.266862], [-86.08483, 36.266897], [-86.086667, 36.267847], [-86.086967, 36.268584], [-86.086806, 36.269789], [-86.087011, 36.270367], [-86.087451, 36.270968], [-86.088212, 36.271778], [-86.088819, 36.272559], [-86.089261, 36.273165], [-86.089973, 36.274304], [-86.090585, 36.27552], [-86.090859, 36.276239], [-86.090953, 36.276364], [-86.091033, 36.276617], [-86.091105, 36.276664], [-86.091196, 36.276942], [-86.091288, 36.277065], [-86.091379, 36.27734], [-86.091611, 36.277751], [-86.091895, 36.278398], [-86.09316, 36.280744], [-86.093869, 36.281911], [-86.093913, 36.282061], [-86.095369, 36.284312], [-86.095858, 36.285144], [-86.096154, 36.285779], [-86.096246, 36.285892], [-86.096748, 36.287038], [-86.097223, 36.288321], [-86.097597, 36.289814], [-86.097833, 36.291207], [-86.097936, 36.292652], [-86.097972, 36.293915], [-86.097756, 36.295505], [-86.097174, 36.296676], [-86.096277, 36.298114], [-86.095471, 36.299225], [-86.095368, 36.299453], [-86.094697, 36.300412], [-86.093888, 36.301427], [-86.093409, 36.301971], [-86.093354, 36.302087], [-86.092919, 36.302623], [-86.092663, 36.303015], [-86.092546, 36.303084], [-86.092308, 36.303444], [-86.092228, 36.303485], [-86.09215, 36.303611], [-86.092068, 36.303665], [-86.091993, 36.303855], [-86.091804, 36.304134], [-86.091737, 36.304185], [-86.09163, 36.304397], [-86.091129, 36.305094], [-86.091037, 36.30516], [-86.090791, 36.305489], [-86.0904, 36.305843], [-86.090273, 36.30605], [-86.089984, 36.306339], [-86.089069, 36.307133], [-86.088974, 36.307289], [-86.088788, 36.307461], [-86.088559, 36.307522], [-86.085784, 36.308874], [-86.085202, 36.309243], [-86.08409, 36.30985], [-86.082992, 36.310521], [-86.08242, 36.310955], [-86.079619, 36.313431], [-86.078728, 36.314459], [-86.076928, 36.316788], [-86.075983, 36.317942], [-86.075172, 36.31914], [-86.074246, 36.320291], [-86.072097, 36.322678], [-86.070829, 36.324311], [-86.070718, 36.324403], [-86.070627, 36.324607], [-86.070561, 36.324659], [-86.069758, 36.325994], [-86.06913, 36.327205], [-86.068581, 36.328505], [-86.068161, 36.329742], [-86.067918, 36.331026], [-86.067857, 36.332459], [-86.0679, 36.332541], [-86.068017, 36.333579], [-86.068457, 36.334889], [-86.068994, 36.336044], [-86.069699, 36.337196], [-86.070607, 36.338343], [-86.070736, 36.338454], [-86.071602, 36.339077], [-86.072948, 36.3397], [-86.074907, 36.340297], [-86.076046, 36.34053], [-86.076295, 36.340613], [-86.079676, 36.341263], [-86.080944, 36.341311], [-86.081838, 36.341183], [-86.082312, 36.341151], [-86.082504, 36.341093], [-86.084436, 36.340977], [-86.08935, 36.341032], [-86.090976, 36.341101], [-86.092929, 36.34114], [-86.094986, 36.341104], [-86.096532, 36.34103], [-86.09847, 36.341059], [-86.099724, 36.341375], [-86.100249, 36.341455], [-86.100382, 36.34145], [-86.101009, 36.341593], [-86.101093, 36.341655], [-86.101334, 36.341714], [-86.101473, 36.341797], [-86.10174, 36.341873], [-86.101801, 36.341926], [-86.10204, 36.342008], [-86.102115, 36.342075], [-86.102374, 36.342158], [-86.102443, 36.342223], [-86.103105, 36.34252], [-86.103326, 36.342607], [-86.103736, 36.342691], [-86.10383, 36.342765], [-86.104382, 36.342943], [-86.104594, 36.34307], [-86.104679, 36.343163], [-86.104826, 36.343203], [-86.104885, 36.343294], [-86.105134, 36.343388], [-86.10516, 36.34343], [-86.105293, 36.343451], [-86.105483, 36.343566], [-86.105945, 36.343644], [-86.106113, 36.343597], [-86.106331, 36.343613], [-86.107524, 36.343845], [-86.107977, 36.343879], [-86.108471, 36.343974], [-86.109006, 36.344007], [-86.110338, 36.344182], [-86.110725, 36.344263], [-86.114629, 36.344686], [-86.115448, 36.344821], [-86.115996, 36.344815], [-86.116423, 36.344955], [-86.116788, 36.344914], [-86.116807, 36.344971], [-86.116675, 36.345067], [-86.116719, 36.345172], [-86.117393, 36.3455], [-86.118762, 36.345716], [-86.119143, 36.345734], [-86.119349, 36.345703], [-86.119335, 36.345627], [-86.11921, 36.345548], [-86.118595, 36.345305], [-86.117745, 36.345069], [-86.116867, 36.344883], [-86.116973, 36.344815], [-86.117295, 36.344789], [-86.11799, 36.344887], [-86.118565, 36.345077], [-86.118719, 36.345085], [-86.118854, 36.345152], [-86.11891, 36.345223], [-86.119228, 36.345264], [-86.119448, 36.345361], [-86.119906, 36.345404], [-86.120067, 36.345472], [-86.120349, 36.345501], [-86.12076, 36.34563], [-86.12188, 36.345741], [-86.12258, 36.345843], [-86.122747, 36.345897], [-86.122898, 36.345871], [-86.123247, 36.34592], [-86.123299, 36.345958], [-86.123593, 36.345974], [-86.123701, 36.346018], [-86.124211, 36.34606], [-86.124809, 36.346201], [-86.125874, 36.346325], [-86.12736, 36.346654], [-86.127432, 36.346717], [-86.12763, 36.346725], [-86.128453, 36.346927], [-86.129159, 36.347041], [-86.132451, 36.347786], [-86.133945, 36.347986], [-86.136525, 36.348237], [-86.137188, 36.348272], [-86.138371, 36.348288], [-86.138468, 36.348328], [-86.138539, 36.348296], [-86.138664, 36.348339], [-86.138719, 36.3483], [-86.138794, 36.348338], [-86.138873, 36.348299], [-86.138941, 36.348339], [-86.139089, 36.348289], [-86.139304, 36.348328], [-86.139414, 36.348295], [-86.140506, 36.348337], [-86.14214, 36.34808], [-86.145602, 36.347832], [-86.145962, 36.347708], [-86.146778, 36.347748], [-86.149023, 36.347671], [-86.150744, 36.347771], [-86.153563, 36.348216], [-86.155213, 36.34857], [-86.156854, 36.349183], [-86.157706, 36.349689], [-86.158688, 36.350934], [-86.158757, 36.350963], [-86.159096, 36.351883], [-86.159168, 36.3522], [-86.159302, 36.352474], [-86.159349, 36.352746], [-86.159435, 36.352896], [-86.159517, 36.353192], [-86.159691, 36.353435], [-86.159869, 36.353813], [-86.160133, 36.354144], [-86.160591, 36.354573], [-86.160916, 36.355162], [-86.16127, 36.356053], [-86.161485, 36.356355], [-86.161571, 36.356551], [-86.161721, 36.356731], [-86.161806, 36.35677], [-86.161902, 36.35698], [-86.162031, 36.357066], [-86.16207, 36.357163], [-86.162412, 36.357564], [-86.16276, 36.358139], [-86.162988, 36.358422], [-86.163152, 36.358731], [-86.16338, 36.358836], [-86.163315, 36.359017], [-86.16346, 36.359059], [-86.16372, 36.35923], [-86.163737, 36.359393], [-86.164467, 36.360591], [-86.165053, 36.361843], [-86.165474, 36.363203], [-86.165454, 36.363373], [-86.165943, 36.364639], [-86.167119, 36.367203], [-86.167672, 36.368501], [-86.168282, 36.369783], [-86.16918, 36.371022], [-86.169971, 36.371783], [-86.171145, 36.372156], [-86.17445, 36.37279], [-86.176299, 36.373079], [-86.177986, 36.373134], [-86.179306, 36.372946], [-86.180388, 36.372595], [-86.181352, 36.372107], [-86.182046, 36.371496], [-86.182374, 36.370775], [-86.182694, 36.369446], [-86.183104, 36.368046], [-86.183241, 36.36705], [-86.183109, 36.365982], [-86.183026, 36.365819], [-86.182959, 36.365289], [-86.182853, 36.365142], [-86.182812, 36.364784], [-86.182678, 36.364613], [-86.182638, 36.36389], [-86.182519, 36.363642], [-86.182441, 36.363058], [-86.182457, 36.3625], [-86.182412, 36.361772], [-86.182586, 36.360138], [-86.182643, 36.357391], [-86.182776, 36.354646], [-86.182776, 36.353272], [-86.182653, 36.351851], [-86.182355, 36.349356], [-86.18207, 36.348], [-86.181693, 36.346661], [-86.181285, 36.345384], [-86.1791, 36.340182], [-86.177899, 36.337611], [-86.176854, 36.334997], [-86.17603, 36.33218], [-86.175404, 36.329636], [-86.175249, 36.328584], [-86.17539, 36.327452], [-86.175633, 36.327188], [-86.175946, 36.326447], [-86.177228, 36.324887], [-86.177438, 36.324671], [-86.177534, 36.324488], [-86.177761, 36.324288], [-86.177782, 36.324203], [-86.178239, 36.323671], [-86.178765, 36.322956], [-86.179324, 36.322296], [-86.179693, 36.321787], [-86.18047, 36.321102], [-86.180871, 36.320799], [-86.182378, 36.319816], [-86.182988, 36.319551], [-86.183435, 36.319294], [-86.183655, 36.319204], [-86.185212, 36.318962], [-86.186801, 36.319093], [-86.189354, 36.320181], [-86.190981, 36.3207], [-86.192169, 36.321417], [-86.194463, 36.32345], [-86.195635, 36.324241], [-86.198265, 36.326291], [-86.199495, 36.327141], [-86.200793, 36.328165], [-86.201898, 36.3292], [-86.202913, 36.330275], [-86.203975, 36.33127], [-86.204111, 36.331459], [-86.205118, 36.332533], [-86.205938, 36.333695], [-86.206844, 36.335102], [-86.207499, 36.336395], [-86.20761, 36.337919], [-86.207427, 36.339235], [-86.207332, 36.339569], [-86.207257, 36.340584], [-86.207243, 36.341915], [-86.207438, 36.343391], [-86.207715, 36.347515], [-86.206929, 36.350152], [-86.206903, 36.351412], [-86.207023, 36.352796], [-86.207219, 36.354178], [-86.2075, 36.355318], [-86.207918, 36.356673], [-86.209374, 36.360747], [-86.209745, 36.362261], [-86.209772, 36.363632], [-86.209639, 36.363957], [-86.20969, 36.364479], [-86.209621, 36.364727], [-86.209722, 36.365419], [-86.20991, 36.366312], [-86.210525, 36.367743], [-86.211771, 36.369625], [-86.212219, 36.370638], [-86.21288, 36.372549], [-86.213312, 36.373391], [-86.213908, 36.374212], [-86.214593, 36.374804], [-86.215226, 36.375297], [-86.215909, 36.375612], [-86.216891, 36.375569], [-86.218419, 36.375209], [-86.219932, 36.37459], [-86.22128, 36.373887], [-86.222082, 36.373383], [-86.222735, 36.372788], [-86.22309, 36.372092], [-86.222969, 36.371061], [-86.221827, 36.368651], [-86.221283, 36.367373], [-86.22115, 36.363093], [-86.221003, 36.361686], [-86.221092, 36.360385], [-86.221274, 36.359343], [-86.221609, 36.358442], [-86.222034, 36.358033], [-86.222336, 36.35784], [-86.222715, 36.3573], [-86.223129, 36.356872], [-86.22312, 36.356817], [-86.223179, 36.356766], [-86.223738, 36.355672], [-86.223776, 36.355497], [-86.223845, 36.355359], [-86.224126, 36.354972], [-86.225163, 36.353759], [-86.226782, 36.351577], [-86.227359, 36.351022], [-86.227712, 36.350591], [-86.227814, 36.350247], [-86.229104, 36.348909], [-86.229388, 36.348322], [-86.229665, 36.348074], [-86.229687, 36.34802], [-86.229785, 36.347989], [-86.229864, 36.347866], [-86.22998, 36.347841], [-86.230011, 36.347695], [-86.230115, 36.347586], [-86.230331, 36.347558], [-86.230359, 36.347445], [-86.230468, 36.347426], [-86.230461, 36.347343], [-86.230515, 36.347309], [-86.230649, 36.347299], [-86.230713, 36.347066], [-86.23081, 36.347024], [-86.23083, 36.346915], [-86.231189, 36.346865], [-86.231231, 36.34676], [-86.231352, 36.346726], [-86.231394, 36.346637], [-86.231501, 36.346601], [-86.231578, 36.346473], [-86.23167, 36.346439], [-86.231726, 36.346341], [-86.231835, 36.346291], [-86.231914, 36.346175], [-86.232185, 36.345949], [-86.232325, 36.3459], [-86.232361, 36.34581], [-86.232483, 36.345775], [-86.232556, 36.345652], [-86.232695, 36.345555], [-86.232835, 36.34551], [-86.232896, 36.345414], [-86.233076, 36.345356], [-86.233252, 36.345226], [-86.233377, 36.345175], [-86.23342, 36.345106], [-86.233513, 36.345077], [-86.234198, 36.344556], [-86.234336, 36.344356], [-86.235129, 36.343606], [-86.235641, 36.342915], [-86.236676, 36.341872], [-86.23786, 36.340785], [-86.239078, 36.339856], [-86.24042, 36.339011], [-86.241669, 36.338081], [-86.24397, 36.336043], [-86.244942, 36.335056], [-86.24547, 36.334089], [-86.246065, 36.332725], [-86.247013, 36.330067], [-86.247604, 36.328049], [-86.247806, 36.327062], [-86.247798, 36.326373], [-86.247106, 36.323594], [-86.246833, 36.322296], [-86.2463, 36.318118], [-86.246243, 36.316756], [-86.24637, 36.313943], [-86.246512, 36.312537], [-86.246946, 36.309707], [-86.247283, 36.308228], [-86.247755, 36.307001], [-86.24842, 36.305683], [-86.248869, 36.305024], [-86.249732, 36.304498], [-86.250385, 36.304184], [-86.251027, 36.303654], [-86.252978, 36.302307], [-86.253793, 36.30185], [-86.256676, 36.300492], [-86.258455, 36.299898], [-86.259376, 36.299734], [-86.260023, 36.299561], [-86.26182, 36.299275], [-86.263437, 36.299184], [-86.264739, 36.299406], [-86.265908, 36.299905], [-86.266857, 36.300781], [-86.267168, 36.301234], [-86.267902, 36.301833], [-86.26853, 36.302227], [-86.269089, 36.30247], [-86.269155, 36.302536], [-86.269584, 36.302771], [-86.270335, 36.303381], [-86.270512, 36.303429], [-86.270552, 36.303541], [-86.271508, 36.304643], [-86.272343, 36.305753], [-86.273271, 36.30708], [-86.274049, 36.308477], [-86.274432, 36.309884], [-86.2744, 36.311429], [-86.274084, 36.312778], [-86.274001, 36.312851], [-86.273749, 36.313532], [-86.273536, 36.314425], [-86.273166, 36.316951], [-86.273352, 36.318504], [-86.273435, 36.318837], [-86.273275, 36.319256], [-86.272299, 36.321367], [-86.27164, 36.322953], [-86.270812, 36.324032], [-86.269845, 36.325047], [-86.268704, 36.325874], [-86.267506, 36.326556], [-86.266673, 36.327512], [-86.265907, 36.32868], [-86.265497, 36.329578], [-86.265341, 36.330394], [-86.26542, 36.331598], [-86.266072, 36.335627], [-86.266786, 36.338315], [-86.267833, 36.340809], [-86.268483, 36.342125], [-86.269195, 36.343345], [-86.269862, 36.344379], [-86.270762, 36.345594], [-86.271652, 36.346511], [-86.272874, 36.347383], [-86.274266, 36.348024], [-86.275775, 36.348383], [-86.277456, 36.348551], [-86.278945, 36.348435], [-86.280358, 36.348051], [-86.281926, 36.347523], [-86.285222, 36.346675], [-86.286529, 36.346101], [-86.288024, 36.345347], [-86.288699, 36.344875], [-86.28906, 36.344547], [-86.290082, 36.343539], [-86.29111, 36.342446], [-86.292008, 36.341325], [-86.293938, 36.339065], [-86.294783, 36.337873], [-86.295371, 36.336788], [-86.295819, 36.335542], [-86.296125, 36.334242], [-86.296192, 36.332972], [-86.296138, 36.331589], [-86.295883, 36.328856], [-86.29597, 36.327419], [-86.295984, 36.326044], [-86.296091, 36.324762], [-86.296064, 36.324667], [-86.296495, 36.319192], [-86.296747, 36.317708], [-86.297138, 36.316371], [-86.29773, 36.31495], [-86.298372, 36.313714], [-86.299028, 36.312745], [-86.300393, 36.312097], [-86.3015, 36.31196], [-86.301819, 36.311951], [-86.303224, 36.312016], [-86.305046, 36.31231], [-86.308409, 36.312986], [-86.310181, 36.313121], [-86.311885, 36.31354], [-86.314838, 36.314881], [-86.316449, 36.315385], [-86.3194, 36.316239], [-86.322698, 36.316859], [-86.327684, 36.317974], [-86.329166, 36.318251], [-86.330978, 36.318456], [-86.332563, 36.318563], [-86.333878, 36.318439], [-86.335286, 36.31801], [-86.338244, 36.316661], [-86.341245, 36.315378], [-86.342681, 36.314637], [-86.344159, 36.31396], [-86.345521, 36.313266], [-86.347003, 36.31259], [-86.349706, 36.31095], [-86.354589, 36.308854], [-86.356349, 36.308472], [-86.357135, 36.308172], [-86.357443, 36.308134], [-86.359194, 36.308204], [-86.36012, 36.3084], [-86.360591, 36.308555], [-86.361302, 36.309027], [-86.361596, 36.309263], [-86.362497, 36.310325], [-86.362598, 36.310539], [-86.362907, 36.311004], [-86.362971, 36.311178], [-86.363119, 36.311431], [-86.363238, 36.311783], [-86.363257, 36.312053], [-86.363223, 36.312625], [-86.363056, 36.313435], [-86.362552, 36.314351], [-86.362474, 36.314654], [-86.361917, 36.315626], [-86.361727, 36.316058], [-86.361109, 36.317163], [-86.360211, 36.318527], [-86.35931, 36.319671], [-86.358324, 36.321041], [-86.357474, 36.322158], [-86.35639, 36.323398], [-86.355014, 36.324472], [-86.353599, 36.325066], [-86.352414, 36.325781], [-86.351157, 36.326619], [-86.349846, 36.327234], [-86.349722, 36.327226], [-86.348275, 36.327763], [-86.347311, 36.328474], [-86.346709, 36.329207], [-86.346736, 36.329307], [-86.34663, 36.330468], [-86.346772, 36.334564], [-86.346884, 36.335936], [-86.347047, 36.337212], [-86.347315, 36.338585], [-86.347459, 36.339954], [-86.347583, 36.344109], [-86.347897, 36.345435], [-86.348386, 36.346577], [-86.349123, 36.347822], [-86.3499, 36.348964], [-86.350756, 36.349893], [-86.352884, 36.351619], [-86.354303, 36.352537], [-86.355675, 36.353296], [-86.358292, 36.354896], [-86.359726, 36.355683], [-86.361189, 36.35638], [-86.362688, 36.357028], [-86.364273, 36.357552], [-86.365309, 36.357699], [-86.366473, 36.357488], [-86.367896, 36.356713], [-86.371673, 36.354097], [-86.374063, 36.352369], [-86.375276, 36.35138], [-86.376268, 36.350232], [-86.37775, 36.348001], [-86.378436, 36.346744], [-86.379207, 36.34552], [-86.380137, 36.344212], [-86.381127, 36.343112], [-86.38222, 36.342053], [-86.383129, 36.340856], [-86.38385, 36.339736], [-86.384708, 36.338549], [-86.38599, 36.336134], [-86.386582, 36.334874], [-86.387525, 36.332164], [-86.388313, 36.329648], [-86.388683, 36.328307], [-86.389612, 36.324295], [-86.389601, 36.322894], [-86.389371, 36.321772], [-86.389212, 36.320502], [-86.388741, 36.31916], [-86.388377, 36.317664], [-86.388167, 36.316274], [-86.388165, 36.314919], [-86.388293, 36.313321], [-86.388551, 36.31202], [-86.389311, 36.310575], [-86.390347, 36.309436], [-86.390661, 36.309217], [-86.390815, 36.309021], [-86.391583, 36.308274], [-86.391906, 36.308169], [-86.392888, 36.307445], [-86.393765, 36.306962], [-86.3941, 36.30673], [-86.394259, 36.306612], [-86.394292, 36.306522], [-86.394447, 36.306534], [-86.394675, 36.30649], [-86.395631, 36.306202], [-86.397108, 36.305863], [-86.397158, 36.305804], [-86.397169, 36.305732], [-86.397334, 36.305686], [-86.397518, 36.305746], [-86.397774, 36.305741], [-86.399438, 36.30544], [-86.400071, 36.305395], [-86.400759, 36.305515], [-86.401269, 36.30553], [-86.401751, 36.305622], [-86.402209, 36.305633], [-86.40277, 36.305376], [-86.404135, 36.305564], [-86.404744, 36.30553], [-86.40497, 36.305595], [-86.406579, 36.306271], [-86.40735, 36.306628], [-86.408174, 36.307159], [-86.408398, 36.307352], [-86.408619, 36.307451], [-86.408874, 36.307667], [-86.409227, 36.307837], [-86.40981, 36.308207], [-86.410579, 36.308863], [-86.411766, 36.309661], [-86.412883, 36.310744], [-86.413992, 36.311581], [-86.414842, 36.312479], [-86.415116, 36.312687], [-86.41516, 36.312804], [-86.416014, 36.314047], [-86.416769, 36.315257], [-86.417397, 36.316524], [-86.418623, 36.319189], [-86.419033, 36.3206], [-86.419205, 36.322071], [-86.419073, 36.327518], [-86.418975, 36.328935], [-86.418969, 36.330272], [-86.419668, 36.332147], [-86.420111, 36.333004], [-86.420518, 36.333442], [-86.421675, 36.334166], [-86.423599, 36.335205], [-86.423767, 36.335252], [-86.423961, 36.335423], [-86.424405, 36.335682], [-86.425736, 36.336372], [-86.430066, 36.338126], [-86.430516, 36.338283], [-86.431859, 36.33868], [-86.432361, 36.338794], [-86.433655, 36.339069], [-86.43406, 36.339105], [-86.434951, 36.339263], [-86.437978, 36.338865], [-86.438726, 36.338534], [-86.438882, 36.338427], [-86.439112, 36.338383], [-86.439216, 36.338292], [-86.439346, 36.338277], [-86.439675, 36.33812], [-86.439777, 36.338052], [-86.43985, 36.337842], [-86.440054, 36.337515], [-86.440127, 36.337464], [-86.440219, 36.337442], [-86.441357, 36.33747], [-86.441682, 36.337394], [-86.444368, 36.336587], [-86.44459, 36.336587], [-86.444754, 36.336498], [-86.4464, 36.336076], [-86.447728, 36.33566], [-86.450682, 36.334901], [-86.450922, 36.334803], [-86.451012, 36.334671], [-86.451302, 36.334694], [-86.45258, 36.334411], [-86.453337, 36.334053], [-86.453757, 36.333933], [-86.454403, 36.333648], [-86.454476, 36.333573], [-86.454819, 36.333461], [-86.455089, 36.333325], [-86.455196, 36.333191], [-86.455395, 36.333139], [-86.455834, 36.332885], [-86.455978, 36.332843], [-86.456044, 36.332776], [-86.456242, 36.332721], [-86.45636, 36.332622], [-86.456594, 36.332538], [-86.456856, 36.332336], [-86.45863, 36.331296], [-86.458703, 36.331216], [-86.458827, 36.331175], [-86.458889, 36.331094], [-86.459347, 36.330861], [-86.460225, 36.330245], [-86.46034, 36.330203], [-86.460842, 36.329787], [-86.461058, 36.329382], [-86.461431, 36.328983], [-86.461455, 36.328909], [-86.461721, 36.328847], [-86.461759, 36.328743], [-86.46192, 36.328708], [-86.46208, 36.328593], [-86.462245, 36.328566], [-86.462706, 36.328355], [-86.462894, 36.328413], [-86.46305, 36.328259], [-86.46304, 36.328111], [-86.462936, 36.32808], [-86.462996, 36.32798], [-86.464531, 36.327382], [-86.464818, 36.327135], [-86.46524, 36.326887], [-86.465351, 36.326764], [-86.465862, 36.326462], [-86.466427, 36.326061], [-86.466744, 36.325782], [-86.466961, 36.325513], [-86.467097, 36.325476], [-86.467246, 36.325361], [-86.467549, 36.325278], [-86.467612, 36.325208], [-86.467848, 36.325126], [-86.468094, 36.324895], [-86.468296, 36.324824], [-86.468768, 36.324515], [-86.468881, 36.324395], [-86.469653, 36.323862], [-86.469733, 36.323707], [-86.470956, 36.322878], [-86.472158, 36.321903], [-86.4723, 36.321732], [-86.473693, 36.320818], [-86.475391, 36.31985], [-86.475473, 36.319744], [-86.475655, 36.31964], [-86.475889, 36.319565], [-86.476058, 36.319367], [-86.476359, 36.31927], [-86.47659, 36.319146], [-86.476734, 36.318862], [-86.47696, 36.318781], [-86.477157, 36.318772], [-86.477266, 36.31873], [-86.477337, 36.318458], [-86.477799, 36.318401], [-86.479244, 36.317503], [-86.480265, 36.317015], [-86.480542, 36.316797], [-86.481778, 36.316014], [-86.483222, 36.315404], [-86.484173, 36.314855], [-86.486221, 36.313619], [-86.487219, 36.313066], [-86.487364, 36.312845], [-86.487398, 36.312572], [-86.487469, 36.312554], [-86.487878, 36.312621], [-86.488149, 36.312484], [-86.488332, 36.312445], [-86.488815, 36.312225], [-86.489001, 36.312033], [-86.489231, 36.312016], [-86.490425, 36.311422], [-86.491538, 36.31095], [-86.491755, 36.31081], [-86.493382, 36.310226], [-86.494968, 36.309599], [-86.496865, 36.309041], [-86.498014, 36.308608], [-86.49845, 36.308394], [-86.499408, 36.308016], [-86.49983, 36.307782], [-86.500766, 36.307382], [-86.501342, 36.306969], [-86.501422, 36.306566], [-86.501532, 36.306546], [-86.501802, 36.306645], [-86.502339, 36.306317], [-86.502405, 36.30623], [-86.502574, 36.306183], [-86.502973, 36.306204], [-86.503612, 36.305306], [-86.504025, 36.304936], [-86.505236, 36.304289], [-86.506665, 36.303198], [-86.508431, 36.302345], [-86.509193, 36.301435], [-86.509381, 36.301305], [-86.509454, 36.301199], [-86.51057, 36.300363], [-86.511468, 36.299084], [-86.512078, 36.297844], [-86.512167, 36.297551], [-86.512244, 36.297465], [-86.512664, 36.296057], [-86.513227, 36.294468], [-86.513897, 36.292093], [-86.514065, 36.291801], [-86.514319, 36.290794], [-86.51437, 36.290372], [-86.514615, 36.289478], [-86.514722, 36.288157], [-86.514714, 36.287606], [-86.514973, 36.286476], [-86.514663, 36.285533], [-86.515549, 36.284398], [-86.516206, 36.283195], [-86.516235, 36.282945], [-86.51634, 36.282819], [-86.516556, 36.282329], [-86.516667, 36.282272], [-86.516698, 36.282162], [-86.516913, 36.281909], [-86.51681, 36.28173], [-86.516915, 36.281553], [-86.517219, 36.279723], [-86.518336, 36.27947], [-86.518357, 36.279557], [-86.518306, 36.2796], [-86.517982, 36.279678], [-86.517937, 36.279822], [-86.518077, 36.279837], [-86.518101, 36.279736], [-86.518413, 36.279708], [-86.518429, 36.279589], [-86.518627, 36.279594], [-86.518774, 36.279555], [-86.518661, 36.279442], [-86.518649, 36.279281], [-86.519098, 36.278874], [-86.51912, 36.278774], [-86.519242, 36.278754], [-86.519341, 36.278676], [-86.519429, 36.278596], [-86.519461, 36.2785], [-86.519586, 36.278463], [-86.519746, 36.278319], [-86.51979, 36.278221], [-86.519963, 36.278097], [-86.52001, 36.277984], [-86.520121, 36.277944], [-86.520352, 36.277755], [-86.520519, 36.277456], [-86.520927, 36.277363], [-86.521048, 36.277268], [-86.521629, 36.277217], [-86.522211, 36.277474], [-86.525204, 36.277736], [-86.526539, 36.278205], [-86.528135, 36.279417], [-86.52939, 36.279852], [-86.529967, 36.279797], [-86.530584, 36.279932], [-86.531303, 36.280562], [-86.532999, 36.281784], [-86.53356, 36.282229], [-86.534478, 36.282848], [-86.535544, 36.283662], [-86.536543, 36.284365], [-86.536479, 36.284483], [-86.53631, 36.284619], [-86.536328, 36.284698], [-86.536431, 36.284805], [-86.536762, 36.284814], [-86.537262, 36.28496], [-86.537394, 36.285159], [-86.537345, 36.2861], [-86.537272, 36.286205], [-86.537041, 36.286354], [-86.536962, 36.286495], [-86.536963, 36.286604], [-86.537147, 36.286785], [-86.537358, 36.287103], [-86.537448, 36.287163], [-86.537468, 36.287297], [-86.537612, 36.287588], [-86.538614, 36.289031], [-86.538559, 36.2893], [-86.538485, 36.289362], [-86.538575, 36.289488], [-86.538674, 36.289768], [-86.538727, 36.289975], [-86.538721, 36.290215], [-86.539205, 36.291553], [-86.539444, 36.292024], [-86.539713, 36.292922], [-86.53985, 36.293033], [-86.540033, 36.293096], [-86.540361, 36.292992], [-86.540367, 36.292935], [-86.540215, 36.29223], [-86.540029, 36.291686], [-86.53992, 36.291562], [-86.539941, 36.291456], [-86.539898, 36.291347], [-86.539939, 36.291373], [-86.539888, 36.291316], [-86.539939, 36.291347], [-86.539852, 36.291185], [-86.539513, 36.290031], [-86.539518, 36.289924], [-86.539617, 36.289726], [-86.539685, 36.289715], [-86.539839, 36.289767], [-86.539983, 36.289691], [-86.540114, 36.289577], [-86.540137, 36.289495], [-86.540096, 36.289388], [-86.540167, 36.289316], [-86.540241, 36.289439], [-86.54035, 36.289483], [-86.540639, 36.289825], [-86.540895, 36.290437], [-86.541375, 36.292343], [-86.541526, 36.292459], [-86.541897, 36.292491], [-86.542232, 36.29272], [-86.542402, 36.292598], [-86.542457, 36.292299], [-86.542401, 36.291926], [-86.542394, 36.29115], [-86.542432, 36.291098], [-86.542379, 36.290864], [-86.542243, 36.290775], [-86.542199, 36.290062], [-86.542099, 36.289938], [-86.542086, 36.289763], [-86.542136, 36.289702], [-86.541866, 36.289205], [-86.541898, 36.28908], [-86.541833, 36.28892], [-86.541862, 36.288859], [-86.541956, 36.288996], [-86.542393, 36.289327], [-86.542418, 36.28947], [-86.542648, 36.289639], [-86.543329, 36.292234], [-86.543403, 36.292396], [-86.543462, 36.29336], [-86.543073, 36.29481], [-86.542459, 36.296028], [-86.542327, 36.297425], [-86.541636, 36.298669], [-86.541627, 36.298827], [-86.541505, 36.299065], [-86.541492, 36.29946], [-86.541578, 36.299454], [-86.54161, 36.299496], [-86.541609, 36.300055], [-86.541069, 36.30141], [-86.540955, 36.302832], [-86.540759, 36.304174], [-86.540733, 36.305484], [-86.540783, 36.306715], [-86.540757, 36.306885], [-86.540801, 36.307002], [-86.540581, 36.307425], [-86.540509, 36.307874], [-86.540506, 36.309348], [-86.54061, 36.309772], [-86.540918, 36.310401], [-86.54094, 36.310721], [-86.541103, 36.310912], [-86.541232, 36.311152], [-86.541302, 36.311383], [-86.541225, 36.311767], [-86.541281, 36.311873], [-86.54139, 36.311913], [-86.541476, 36.31202], [-86.541816, 36.31257], [-86.541936, 36.312992], [-86.541818, 36.31347], [-86.541688, 36.313684], [-86.541854, 36.313816], [-86.541835, 36.314081], [-86.542025, 36.314155], [-86.542216, 36.315885], [-86.542307, 36.316048], [-86.542309, 36.316192], [-86.54244, 36.31655], [-86.543256, 36.316804], [-86.543469, 36.316946], [-86.543329, 36.317282], [-86.543408, 36.317488], [-86.543415, 36.317631], [-86.543596, 36.317901], [-86.543563, 36.318002], [-86.543588, 36.31814], [-86.543751, 36.318187], [-86.54393, 36.318329], [-86.544118, 36.318412], [-86.54431, 36.31844], [-86.544497, 36.318554], [-86.544735, 36.318588], [-86.545121, 36.318725], [-86.545179, 36.318814], [-86.545482, 36.318859], [-86.545638, 36.318982], [-86.545823, 36.318991], [-86.545804, 36.319144], [-86.546066, 36.319324], [-86.546475, 36.319474], [-86.546696, 36.319676], [-86.546417, 36.319762], [-86.546006, 36.319627], [-86.545812, 36.319524], [-86.545671, 36.3196], [-86.545441, 36.319626], [-86.545118, 36.319554], [-86.544903, 36.31945], [-86.544463, 36.319399], [-86.544327, 36.319563], [-86.544354, 36.31971], [-86.544289, 36.319964], [-86.544416, 36.320106], [-86.545724, 36.320453], [-86.546033, 36.320588], [-86.546269, 36.320499], [-86.546604, 36.320248], [-86.546637, 36.320175], [-86.546567, 36.320086], [-86.546666, 36.320054], [-86.546838, 36.320077], [-86.547175, 36.320224], [-86.547435, 36.32029], [-86.547752, 36.320448], [-86.548094, 36.320218], [-86.548131, 36.319933], [-86.548464, 36.319631], [-86.548719, 36.319575], [-86.549251, 36.319531], [-86.549498, 36.319453], [-86.550419, 36.319386], [-86.550895, 36.3193], [-86.551036, 36.319309], [-86.551637, 36.318873], [-86.552045, 36.318662], [-86.552429, 36.318514], [-86.552709, 36.318235], [-86.553181, 36.317935], [-86.553615, 36.317718], [-86.553873, 36.317501], [-86.554206, 36.31711], [-86.554371, 36.317024], [-86.55455, 36.316838], [-86.554815, 36.316713], [-86.554848, 36.316671], [-86.554755, 36.316476], [-86.554782, 36.316122], [-86.55444, 36.316312], [-86.554207, 36.316567], [-86.553182, 36.317379], [-86.551387, 36.318387], [-86.550584, 36.31866], [-86.548754, 36.319151], [-86.548467, 36.319212], [-86.547673, 36.319167], [-86.547184, 36.319308], [-86.547036, 36.319237], [-86.546838, 36.319243], [-86.546771, 36.319211], [-86.546487, 36.318995], [-86.546139, 36.318581], [-86.546291, 36.318549], [-86.547008, 36.318551], [-86.548567, 36.318813], [-86.548984, 36.318752], [-86.549273, 36.318629], [-86.549626, 36.318551], [-86.549438, 36.318435], [-86.549084, 36.318376], [-86.548949, 36.318307], [-86.548129, 36.317711], [-86.548073, 36.317645], [-86.548074, 36.31754], [-86.547943, 36.317444], [-86.547867, 36.317427], [-86.547406, 36.317541], [-86.547301, 36.317527], [-86.546286, 36.316938], [-86.546128, 36.316797], [-86.545861, 36.316684], [-86.545827, 36.316653], [-86.545872, 36.316572], [-86.546053, 36.316587], [-86.546134, 36.316536], [-86.546147, 36.316426], [-86.546019, 36.316383], [-86.545818, 36.316212], [-86.545782, 36.316118], [-86.545594, 36.316108], [-86.545581, 36.315982], [-86.545298, 36.315634], [-86.545254, 36.315412], [-86.545112, 36.315321], [-86.546401, 36.315815], [-86.547955, 36.316629], [-86.548738, 36.316804], [-86.548593, 36.317103], [-86.548625, 36.317168], [-86.548681, 36.317191], [-86.549152, 36.317135], [-86.549355, 36.317188], [-86.549704, 36.317059], [-86.550315, 36.316697], [-86.550703, 36.316134], [-86.550723, 36.315942], [-86.551247, 36.315587], [-86.551556, 36.315492], [-86.551735, 36.315622], [-86.551906, 36.315672], [-86.552538, 36.315469], [-86.553119, 36.315187], [-86.554406, 36.314299], [-86.555584, 36.313274], [-86.556431, 36.312334], [-86.556611, 36.312069], [-86.557067, 36.311553], [-86.557137, 36.311106], [-86.557262, 36.310803], [-86.557321, 36.31076], [-86.557632, 36.310718], [-86.557887, 36.310558], [-86.557974, 36.310144], [-86.558021, 36.310112], [-86.558046, 36.309783], [-86.558635, 36.309045], [-86.558775, 36.308984], [-86.559093, 36.308179], [-86.559316, 36.307968], [-86.559645, 36.307809], [-86.559737, 36.307455], [-86.559785, 36.306971], [-86.559816, 36.306924], [-86.55998, 36.306928], [-86.560213, 36.307067], [-86.56046, 36.307138], [-86.560642, 36.307674], [-86.560321, 36.308077], [-86.560152, 36.308482], [-86.560016, 36.309004], [-86.559829, 36.309253], [-86.559297, 36.309798], [-86.558751, 36.310866], [-86.558306, 36.311514], [-86.557406, 36.312563], [-86.557297, 36.312754], [-86.556395, 36.31386], [-86.555599, 36.314688], [-86.555529, 36.31489], [-86.555552, 36.314974], [-86.555614, 36.315053], [-86.555668, 36.315007], [-86.555815, 36.314982], [-86.556183, 36.314724], [-86.556305, 36.314691], [-86.556481, 36.314561], [-86.55653, 36.314465], [-86.556767, 36.314365], [-86.55719, 36.313845], [-86.557668, 36.313421], [-86.55758, 36.313301], [-86.557637, 36.313164], [-86.558434, 36.31188], [-86.55866, 36.311668], [-86.558987, 36.311657], [-86.559169, 36.311614], [-86.559263, 36.311531], [-86.559266, 36.311317], [-86.559456, 36.310594], [-86.559668, 36.310425], [-86.559995, 36.310398], [-86.560048, 36.310366], [-86.56009, 36.309796], [-86.560168, 36.30959], [-86.560196, 36.309215], [-86.560242, 36.309102], [-86.560458, 36.309009], [-86.561004, 36.308948], [-86.561167, 36.308864], [-86.561347, 36.30821], [-86.561482, 36.308057], [-86.561671, 36.30804], [-86.561878, 36.307813], [-86.561976, 36.307232], [-86.562197, 36.306453], [-86.562362, 36.306287], [-86.562823, 36.306163], [-86.56293, 36.305556], [-86.563086, 36.305286], [-86.563054, 36.305126], [-86.563066, 36.303814], [-86.562919, 36.303532], [-86.562863, 36.303295], [-86.56288, 36.302523], [-86.562935, 36.302283], [-86.562721, 36.301923], [-86.562567, 36.301507], [-86.562499, 36.300793], [-86.562012, 36.300364], [-86.561936, 36.300142], [-86.561848, 36.299508], [-86.56171, 36.299283], [-86.561675, 36.299121], [-86.561721, 36.29806], [-86.561618, 36.297881], [-86.561455, 36.297877], [-86.561348, 36.297811], [-86.561524, 36.296652], [-86.561428, 36.296395], [-86.561249, 36.296263], [-86.561201, 36.295258], [-86.561011, 36.294538], [-86.560976, 36.2942], [-86.561088, 36.293869], [-86.560758, 36.293648], [-86.560632, 36.293491], [-86.560574, 36.293299], [-86.560546, 36.292835], [-86.560586, 36.29251], [-86.560525, 36.292433], [-86.5601, 36.292336], [-86.560028, 36.292272], [-86.559986, 36.292422], [-86.56014, 36.292999], [-86.560204, 36.293686], [-86.560183, 36.293983], [-86.560309, 36.29508], [-86.560439, 36.295427], [-86.56061, 36.296253], [-86.560595, 36.296532], [-86.560647, 36.296716], [-86.560731, 36.296821], [-86.560732, 36.297096], [-86.560841, 36.297431], [-86.560942, 36.297992], [-86.560894, 36.298583], [-86.560778, 36.298777], [-86.560724, 36.299191], [-86.560755, 36.299429], [-86.560695, 36.299592], [-86.560878, 36.300131], [-86.561098, 36.300407], [-86.561272, 36.300536], [-86.561349, 36.300799], [-86.561302, 36.302037], [-86.561166, 36.302634], [-86.561123, 36.302661], [-86.561025, 36.302638], [-86.560999, 36.302742], [-86.56095, 36.302757], [-86.56082, 36.30213], [-86.560772, 36.302112], [-86.560696, 36.302158], [-86.560665, 36.302244], [-86.560696, 36.303478], [-86.560478, 36.303959], [-86.560168, 36.304832], [-86.56006, 36.305406], [-86.55957, 36.306212], [-86.559517, 36.306446], [-86.559307, 36.306853], [-86.559143, 36.306986], [-86.559155, 36.307144], [-86.559005, 36.307228], [-86.55874, 36.307503], [-86.558676, 36.307738], [-86.558292, 36.308371], [-86.558086, 36.30881], [-86.557997, 36.309466], [-86.557955, 36.309517], [-86.557838, 36.309541], [-86.557776, 36.309516], [-86.557549, 36.30875], [-86.55759, 36.307781], [-86.55762, 36.307596], [-86.557696, 36.307468], [-86.557678, 36.307407], [-86.557486, 36.307375], [-86.55744, 36.307414], [-86.557192, 36.307957], [-86.557102, 36.308056], [-86.557056, 36.308054], [-86.557041, 36.307393], [-86.557248, 36.30602], [-86.559497, 36.304731], [-86.560324, 36.303471], [-86.558596, 36.301788], [-86.55895, 36.300685], [-86.557881, 36.299096], [-86.557781, 36.299025], [-86.557861, 36.297757], [-86.556842, 36.296015], [-86.557061, 36.295232], [-86.557231, 36.295053], [-86.557168, 36.293656], [-86.557035, 36.293975], [-86.556839, 36.29401], [-86.556492, 36.293949], [-86.556443, 36.293851], [-86.55626, 36.293786], [-86.556215, 36.293638], [-86.556135, 36.293561], [-86.556387, 36.29343], [-86.556487, 36.292917], [-86.556563, 36.292774], [-86.556632, 36.29271], [-86.556801, 36.292676], [-86.55683, 36.292634], [-86.556914, 36.29218], [-86.556872, 36.292023], [-86.556672, 36.291704], [-86.556566, 36.291687], [-86.556548, 36.291812], [-86.556305, 36.291959], [-86.556149, 36.291844], [-86.556079, 36.291571], [-86.555965, 36.29142], [-86.555916, 36.29121], [-86.555788, 36.290956], [-86.555738, 36.290704], [-86.554533, 36.289168], [-86.554667, 36.288355], [-86.554773, 36.288082], [-86.554897, 36.284945], [-86.554717, 36.283733], [-86.55605, 36.282508], [-86.556644, 36.281109], [-86.557373, 36.279854], [-86.558417, 36.27741], [-86.559114, 36.276059], [-86.559452, 36.27497], [-86.559566, 36.274902], [-86.559636, 36.274208], [-86.559716, 36.274017], [-86.559925, 36.273889], [-86.560146, 36.273609], [-86.560039, 36.273352], [-86.559563, 36.273061], [-86.559134, 36.272875], [-86.558817, 36.272874], [-86.558375, 36.272966], [-86.558148, 36.272922], [-86.559249, 36.271894], [-86.560976, 36.270858], [-86.561812, 36.269567], [-86.562566, 36.268597], [-86.562498, 36.268242], [-86.562701, 36.268152], [-86.562878, 36.267932], [-86.563922, 36.267131], [-86.564315, 36.266761], [-86.564441, 36.266579], [-86.564936, 36.266134], [-86.565012, 36.265922], [-86.565803, 36.264988], [-86.56661, 36.263879], [-86.567427, 36.262583], [-86.569203, 36.260198], [-86.569483, 36.259564], [-86.568741, 36.258214], [-86.569319, 36.257396], [-86.569747, 36.257431], [-86.569831, 36.257368], [-86.570185, 36.257502], [-86.570673, 36.257393], [-86.57091, 36.257431], [-86.570968, 36.257395], [-86.571048, 36.257014], [-86.571197, 36.256689], [-86.571275, 36.256664], [-86.571627, 36.256795], [-86.572546, 36.255698], [-86.572058, 36.255449], [-86.57205, 36.255308], [-86.572287, 36.255029], [-86.572187, 36.254751], [-86.572215, 36.254693], [-86.574197, 36.253903], [-86.574211, 36.253871], [-86.574149, 36.253825], [-86.573892, 36.253803], [-86.572651, 36.252062], [-86.573772, 36.251082], [-86.576078, 36.250975], [-86.577379, 36.250712], [-86.578834, 36.250043], [-86.581959, 36.248464], [-86.583288, 36.247905], [-86.583485, 36.247692], [-86.585085, 36.247459], [-86.586089, 36.246624], [-86.588175, 36.245957], [-86.589498, 36.245387], [-86.589573, 36.245313], [-86.589701, 36.245291], [-86.590053, 36.245074], [-86.590229, 36.245019], [-86.591514, 36.244285], [-86.594332, 36.243059], [-86.597751, 36.242789], [-86.59958, 36.242324], [-86.600533, 36.242028], [-86.600666, 36.241758], [-86.600702, 36.241209], [-86.600884, 36.24104], [-86.601087, 36.240996], [-86.601035, 36.240949], [-86.600948, 36.240951], [-86.600736, 36.241076], [-86.600706, 36.241051], [-86.600708, 36.240838], [-86.600831, 36.240817], [-86.600838, 36.240691], [-86.60095, 36.240579], [-86.600946, 36.240407], [-86.601004, 36.240359], [-86.601136, 36.240357], [-86.601987, 36.241182], [-86.602364, 36.241715], [-86.602725, 36.241917], [-86.603581, 36.24192], [-86.603903, 36.241834], [-86.604346, 36.241638], [-86.604948, 36.241855], [-86.605229, 36.242071], [-86.606357, 36.242369], [-86.608377, 36.24285], [-86.612268, 36.243678], [-86.613155, 36.243966], [-86.613866, 36.243987], [-86.615707, 36.244474], [-86.617312, 36.243972], [-86.619092, 36.244094], [-86.620833, 36.243709]]}, "properties": {"OBJECTID": 1991, "Value_of_Depth_Contour": "2.74", "Scale_Minimum": 18750, "Source_Date": "20040930", "Source_Indication": "US,U3,USACE,LRN_GIS_Data", "Source_Dataset": "U37CR221.000", "Feature_ID": "U3 1392991978 00001"}}, {"type": "Feature", "id": 1992, "geometry": {"type": "LineString", "coordinates": [[-85.986963, 36.269281], [-85.985554, 36.26917], [-85.983395, 36.269189], [-85.982603, 36.269253], [-85.982441, 36.269206], [-85.982357, 36.269248], [-85.982284, 36.269211], [-85.982191, 36.269269], [-85.981241, 36.269328], [-85.980834, 36.26942], [-85.980141, 36.269488], [-85.979836, 36.269562], [-85.978021, 36.26978], [-85.976775, 36.269845], [-85.975666, 36.269755], [-85.975222, 36.269796], [-85.974317, 36.269949], [-85.972353, 36.269415], [-85.972234, 36.269322], [-85.971843, 36.269269], [-85.971798, 36.2692], [-85.969988, 36.268892], [-85.967931, 36.268764], [-85.96715, 36.268552], [-85.966877, 36.268548], [-85.966667, 36.268467]]}, "properties": {"OBJECTID": 1992, "Value_of_Depth_Contour": "2.74", "Scale_Minimum": 18750, "Source_Date": "20040930", "Source_Indication": "US,U3,USACE,LRN_GIS", "Source_Dataset": "U37CR221.000", "Feature_ID": "U3 1392991981 00001"}}, {"type": "Feature", "id": 1993, "geometry": {"type": "LineString", "coordinates": [[-85.987307, 36.268462], [-85.986176, 36.268454], [-85.986145, 36.26844], [-85.986192, 36.268399], [-85.986625, 36.268309], [-85.98558, 36.268204], [-85.984727, 36.268179], [-85.983165, 36.268262], [-85.982726, 36.268351], [-85.981658, 36.268441], [-85.981403, 36.268557], [-85.980676, 36.268605], [-85.980272, 36.26872], [-85.979698, 36.268775], [-85.97789, 36.268816], [-85.977211, 36.269], [-85.976672, 36.269082], [-85.97541, 36.269139], [-85.974458, 36.269282], [-85.973308, 36.269034], [-85.973194, 36.26897], [-85.97286, 36.268933], [-85.972689, 36.268832], [-85.972261, 36.26879], [-85.972198, 36.268703], [-85.971758, 36.268643], [-85.971682, 36.268575], [-85.9711, 36.268486], [-85.970999, 36.268439], [-85.970333, 36.268388], [-85.970001, 36.268297], [-85.969102, 36.268288], [-85.968554, 36.26839], [-85.968289, 36.268391], [-85.967945, 36.268306], [-85.967792, 36.268167], [-85.967441, 36.268123], [-85.967068, 36.267996], [-85.966667, 36.267953]]}, "properties": {"OBJECTID": 1993, "Value_of_Depth_Contour": "2.74", "Scale_Minimum": 18750, "Source_Date": "20040930", "Source_Indication": "US,U3,USACE,LRN_GIS", "Source_Dataset": "U37CR221.000", "Feature_ID": "U3 1392991982 00001"}}, {"type": "Feature", "id": 1994, "geometry": {"type": "LineString", "coordinates": [[-85.958653, 36.256573], [-85.958765, 36.256806], [-85.958778, 36.257201], [-85.958833, 36.257396], [-85.958769, 36.257492], [-85.958822, 36.257607], [-85.958791, 36.257633], [-85.958862, 36.25793], [-85.958843, 36.258043], [-85.959013, 36.25859], [-85.959052, 36.258867], [-85.95919, 36.259394]]}, "properties": {"OBJECTID": 1994, "Value_of_Depth_Contour": "2.74", "Scale_Minimum": 18750, "Source_Date": "20160407", "Source_Indication": "US,U3,SURVY,USACE_Nashville_Hydro_Survey", "Source_Dataset": "U37CR307.000", "Feature_ID": "U3 1392989208 00001"}}, {"type": "Feature", "id": 1995, "geometry": {"type": "LineString", "coordinates": [[-85.960041, 36.259498], [-85.959929, 36.259317], [-85.959889, 36.259091], [-85.959929, 36.259063], [-85.959774, 36.258696], [-85.959769, 36.258536], [-85.959657, 36.258339], [-85.95956, 36.257968], [-85.959583, 36.25788], [-85.959532, 36.257741], [-85.959531, 36.257489], [-85.959422, 36.257004], [-85.959419, 36.256823], [-85.959375, 36.256732], [-85.959401, 36.25657], [-85.959355, 36.256504], [-85.959404, 36.256394], [-85.959355, 36.256109], [-85.959397, 36.255919]]}, "properties": {"OBJECTID": 1995, "Value_of_Depth_Contour": "2.74", "Scale_Minimum": 18750, "Source_Date": "20160407", "Source_Indication": "US,U3,SURVY,USACE_Nashville_Hydro_Survey", "Source_Dataset": "U37CR307.000", "Feature_ID": "U3 1392989210 00001"}}, {"type": "Feature", "id": 1996, "geometry": {"type": "LineString", "coordinates": [[-85.949401, 36.244193], [-85.948933, 36.24388], [-85.948795, 36.243829], [-85.948568, 36.243665], [-85.948446, 36.243625], [-85.948325, 36.243535], [-85.9483, 36.243479], [-85.948009, 36.24332], [-85.947852, 36.243169], [-85.947556, 36.243022], [-85.947501, 36.242908], [-85.947355, 36.242869], [-85.947171, 36.242716], [-85.946933, 36.242604], [-85.946525, 36.242276], [-85.946453, 36.242081]]}, "properties": {"OBJECTID": 1996, "Value_of_Depth_Contour": "2.74", "Scale_Minimum": 18750, "Source_Date": "20160407", "Source_Indication": "US,U3,SURVY,USACE_Nashville_Hydro_Survey", "Source_Dataset": "U37CR307.000", "Feature_ID": "U3 1392989211 00001"}}, {"type": "Feature", "id": 1997, "geometry": {"type": "LineString", "coordinates": [[-85.944394, 36.24192], [-85.944765, 36.242159], [-85.94479, 36.242226], [-85.945344, 36.242615], [-85.945527, 36.242651], [-85.945507, 36.242599], [-85.945633, 36.242671], [-85.945582, 36.242653], [-85.945564, 36.242676], [-85.94567, 36.242712], [-85.945814, 36.242734], [-85.94592, 36.242711], [-85.946024, 36.242772], [-85.946015, 36.242737], [-85.946092, 36.242744], [-85.946674, 36.243069], [-85.947285, 36.243524], [-85.94759, 36.243786], [-85.947727, 36.243955], [-85.947847, 36.244023], [-85.947954, 36.244148], [-85.947945, 36.244199], [-85.947856, 36.24428], [-85.947804, 36.244253], [-85.947742, 36.244266], [-85.947806, 36.244304], [-85.947826, 36.24427], [-85.948119, 36.244472], [-85.94807, 36.244482], [-85.948089, 36.244526], [-85.948049, 36.244542], [-85.948061, 36.244559], [-85.948227, 36.244673], [-85.94837, 36.244624], [-85.948552, 36.244773]]}, "properties": {"OBJECTID": 1997, "Value_of_Depth_Contour": "2.74", "Scale_Minimum": 18750, "Source_Date": "20160407", "Source_Indication": "US,U3,SURVY,USACE_Nashville_Hydro_Survey", "Source_Dataset": "U37CR307.000", "Feature_ID": "U3 1392989217 00001"}}, {"type": "Feature", "id": 1998, "geometry": {"type": "LineString", "coordinates": [[-85.944966, 36.242148], [-85.945032, 36.242236], [-85.944968, 36.242237], [-85.944951, 36.242194], [-85.944824, 36.242141], [-85.944804, 36.242098], [-85.944966, 36.242148]]}, "properties": {"OBJECTID": 1998, "Value_of_Depth_Contour": "2.74", "Scale_Minimum": 18750, "Source_Date": "20160407", "Source_Indication": "US,U3,SURVY,USACE_Nashville_Hydro_Survey", "Source_Dataset": "U37CR307.000", "Feature_ID": "U3 1392989219 00001"}}, {"type": "Feature", "id": 1999, "geometry": {"type": "LineString", "coordinates": [[-85.944968, 36.242089], [-85.944989, 36.242109], [-85.944959, 36.242104], [-85.944968, 36.242089]]}, "properties": {"OBJECTID": 1999, "Value_of_Depth_Contour": "2.74", "Scale_Minimum": 18750, "Source_Date": "20160407", "Source_Indication": "US,U3,SURVY,USACE_Nashville_Hydro_Survey", "Source_Dataset": "U37CR307.000", "Feature_ID": "U3 1392989222 00001"}}, {"type": "Feature", "id": 2000, "geometry": {"type": "LineString", "coordinates": [[-85.958653, 36.256573], [-85.95854, 36.256075], [-85.95838, 36.255657], [-85.958216, 36.255331], [-85.958184, 36.255191], [-85.9581, 36.255128], [-85.957946, 36.254843], [-85.957874, 36.254593], [-85.957752, 36.254449], [-85.957665, 36.254105], [-85.957574, 36.254032], [-85.95754, 36.253884], [-85.957222, 36.253194], [-85.95721, 36.252964], [-85.957081, 36.252844], [-85.957019, 36.252567], [-85.956913, 36.252511], [-85.956896, 36.252381], [-85.956752, 36.252095], [-85.956733, 36.251904], [-85.956707, 36.251861], [-85.956598, 36.251816], [-85.956619, 36.251673], [-85.956585, 36.251552], [-85.956499, 36.251484], [-85.956371, 36.251262], [-85.956248, 36.251132], [-85.956175, 36.25092], [-85.956072, 36.250871], [-85.956033, 36.250723], [-85.955901, 36.250603], [-85.955875, 36.250455], [-85.955568, 36.250181], [-85.955537, 36.250048], [-85.955241, 36.249764], [-85.955196, 36.249629], [-85.954936, 36.249383], [-85.954791, 36.249168], [-85.954387, 36.248798], [-85.954332, 36.2487], [-85.954237, 36.248654], [-85.954187, 36.248543], [-85.953021, 36.247571], [-85.952384, 36.246989], [-85.952103, 36.246803], [-85.952045, 36.246711], [-85.951841, 36.246572], [-85.951445, 36.246372], [-85.951381, 36.246289], [-85.951255, 36.246248], [-85.951155, 36.246153], [-85.950938, 36.246094], [-85.950499, 36.245766], [-85.950303, 36.245727], [-85.949816, 36.245358], [-85.949606, 36.2453], [-85.949118, 36.244928], [-85.948932, 36.244838], [-85.948552, 36.244773]]}, "properties": {"OBJECTID": 2000, "Value_of_Depth_Contour": "2.74", "Scale_Minimum": 18750, "Source_Date": "20040930", "Source_Indication": "US,U3,USACE,LRN_GIS", "Source_Dataset": "U37CR307.000", "Feature_ID": "U3 1392989223 00001"}}, {"type": "Feature", "id": 2001, "geometry": {"type": "LineString", "coordinates": [[-85.948053, 36.243926], [-85.948062, 36.243928], [-85.948057, 36.243934], [-85.948053, 36.243926]]}, "properties": {"OBJECTID": 2001, "Value_of_Depth_Contour": "2.74", "Scale_Minimum": 18750, "Source_Date": "20160407", "Source_Indication": "US,U3,SURVY,USACE_Nashville_Hydro_Survey", "Source_Dataset": "U37CR307.000", "Feature_ID": "U3 1392989224 00001"}}, {"type": "Feature", "id": 2002, "geometry": {"type": "LineString", "coordinates": [[-85.944394, 36.24192], [-85.944223, 36.24181]]}, "properties": {"OBJECTID": 2002, "Value_of_Depth_Contour": "2.74", "Scale_Minimum": 18750, "Source_Date": "20040930", "Source_Indication": "US,U3,USACE,LRN_GIS", "Source_Dataset": "U37CR307.000", "Feature_ID": "U3 1392989225 00001"}}, {"type": "Feature", "id": 2003, "geometry": {"type": "LineString", "coordinates": [[-85.944505, 36.241952], [-85.944509, 36.241968], [-85.944484, 36.24195], [-85.944505, 36.241952]]}, "properties": {"OBJECTID": 2003, "Value_of_Depth_Contour": "2.74", "Scale_Minimum": 18750, "Source_Date": "20160407", "Source_Indication": "US,U3,SURVY,USACE_Nashville_Hydro_Survey", "Source_Dataset": "U37CR307.000", "Feature_ID": "U3 1392989226 00001"}}, {"type": "Feature", "id": 2004, "geometry": {"type": "LineString", "coordinates": [[-85.94834, 36.24454], [-85.948349, 36.244548], [-85.948333, 36.244548], [-85.94834, 36.24454]]}, "properties": {"OBJECTID": 2004, "Value_of_Depth_Contour": "2.74", "Scale_Minimum": 18750, "Source_Date": "20160407", "Source_Indication": "US,U3,SURVY,USACE_Nashville_Hydro_Survey", "Source_Dataset": "U37CR307.000", "Feature_ID": "U3 1392989229 00001"}}, {"type": "Feature", "id": 2005, "geometry": {"type": "LineString", "coordinates": [[-85.947993, 36.244194], [-85.947977, 36.244209], [-85.947957, 36.244192], [-85.947993, 36.244194]]}, "properties": {"OBJECTID": 2005, "Value_of_Depth_Contour": "2.74", "Scale_Minimum": 18750, "Source_Date": "20160407", "Source_Indication": "US,U3,SURVY,USACE_Nashville_Hydro_Survey", "Source_Dataset": "U37CR307.000", "Feature_ID": "U3 1392989230 00001"}}, {"type": "Feature", "id": 2006, "geometry": {"type": "LineString", "coordinates": [[-85.944543, 36.241941], [-85.944592, 36.241944], [-85.944611, 36.242011], [-85.944543, 36.241941]]}, "properties": {"OBJECTID": 2006, "Value_of_Depth_Contour": "2.74", "Scale_Minimum": 18750, "Source_Date": "20160407", "Source_Indication": "US,U3,SURVY,USACE_Nashville_Hydro_Survey", "Source_Dataset": "U37CR307.000", "Feature_ID": "U3 1392989231 00001"}}, {"type": "Feature", "id": 2007, "geometry": {"type": "LineString", "coordinates": [[-85.944048, 36.241661], [-85.944223, 36.24181]]}, "properties": {"OBJECTID": 2007, "Value_of_Depth_Contour": "2.74", "Scale_Minimum": 18750, "Source_Date": "20160407", "Source_Indication": "US,U3,SURVY,USACE_Nashville_Hydro_Survey", "Source_Dataset": "U37CR307.000", "Feature_ID": "U3 1392989233 00001"}}, {"type": "Feature", "id": 2008, "geometry": {"type": "LineString", "coordinates": [[-85.948008, 36.243942], [-85.947995, 36.244], [-85.947964, 36.243967], [-85.948008, 36.243942]]}, "properties": {"OBJECTID": 2008, "Value_of_Depth_Contour": "2.74", "Scale_Minimum": 18750, "Source_Date": "20160407", "Source_Indication": "US,U3,SURVY,USACE_Nashville_Hydro_Survey", "Source_Dataset": "U37CR307.000", "Feature_ID": "U3 1392989234 00001"}}, {"type": "Feature", "id": 2009, "geometry": {"type": "LineString", "coordinates": [[-85.944861, 36.241056], [-85.944554, 36.240891]]}, "properties": {"OBJECTID": 2009, "Value_of_Depth_Contour": "2.74", "Scale_Minimum": 18750, "Source_Date": "20160407", "Source_Indication": "US,U3,SURVY,USACE_Nashville_Hydro_Survey", "Source_Dataset": "U37CR307.000", "Feature_ID": "U3 1392989235 00001"}}, {"type": "Feature", "id": 2010, "geometry": {"type": "LineString", "coordinates": [[-85.944861, 36.241056], [-85.944964, 36.24116], [-85.945218, 36.241209], [-85.945317, 36.241309], [-85.945582, 36.241369], [-85.945666, 36.241463], [-85.945769, 36.241495], [-85.946161, 36.241776], [-85.946453, 36.242081]]}, "properties": {"OBJECTID": 2010, "Value_of_Depth_Contour": "2.74", "Scale_Minimum": 18750, "Source_Date": "20040930", "Source_Indication": "US,U3,USACE,LRN_GIS", "Source_Dataset": "U37CR307.000", "Feature_ID": "U3 1392989237 00001"}}, {"type": "Feature", "id": 2011, "geometry": {"type": "LineString", "coordinates": [[-85.944169, 36.24063], [-85.944554, 36.240891]]}, "properties": {"OBJECTID": 2011, "Value_of_Depth_Contour": "2.74", "Scale_Minimum": 18750, "Source_Date": "20040930", "Source_Indication": "US,U3,USACE,LRN_GIS", "Source_Dataset": "U37CR307.000", "Feature_ID": "U3 1392989238 00001"}}, {"type": "Feature", "id": 2012, "geometry": {"type": "LineString", "coordinates": [[-85.949401, 36.244193], [-85.949561, 36.244326], [-85.949776, 36.244426], [-85.949851, 36.244507], [-85.949986, 36.244536], [-85.950046, 36.244621], [-85.950164, 36.244652], [-85.950462, 36.244833], [-85.950536, 36.244912], [-85.950665, 36.244944], [-85.950713, 36.245019], [-85.950843, 36.245057], [-85.95162, 36.2455], [-85.951729, 36.245596], [-85.951854, 36.245634], [-85.952199, 36.24589], [-85.952358, 36.245908], [-85.952394, 36.246001], [-85.952527, 36.246033], [-85.952886, 36.246278], [-85.953205, 36.246425], [-85.953895, 36.246956], [-85.954428, 36.247283], [-85.954917, 36.247674], [-85.954966, 36.247779], [-85.955073, 36.247827], [-85.955131, 36.247918], [-85.955233, 36.247976], [-85.955304, 36.248083], [-85.956135, 36.24892], [-85.956234, 36.249087], [-85.956442, 36.249318], [-85.956484, 36.249445], [-85.956574, 36.2495], [-85.956648, 36.249615], [-85.956799, 36.249746], [-85.957014, 36.250035], [-85.95773, 36.251562], [-85.957824, 36.251689], [-85.958029, 36.252173], [-85.958286, 36.252644], [-85.958336, 36.252872], [-85.958447, 36.252937], [-85.958548, 36.253287], [-85.958632, 36.253331], [-85.958701, 36.253558], [-85.958798, 36.2536], [-85.958876, 36.253837], [-85.958973, 36.253875], [-85.959003, 36.254003], [-85.959121, 36.254149], [-85.959373, 36.254695], [-85.959423, 36.25489], [-85.959565, 36.255115], [-85.959586, 36.255393], [-85.959539, 36.25581], [-85.959397, 36.255919]]}, "properties": {"OBJECTID": 2012, "Value_of_Depth_Contour": "2.74", "Scale_Minimum": 18750, "Source_Date": "20040930", "Source_Indication": "US,U3,USACE,LRN_GIS", "Source_Dataset": "U37CR307.000", "Feature_ID": "U3 1392989945 00001"}}, {"type": "Feature", "id": 2014, "geometry": {"type": "LineString", "coordinates": [[-85.941492, 36.289652], [-85.94123, 36.289368], [-85.941123, 36.289334], [-85.940935, 36.289184], [-85.940908, 36.289078], [-85.940765, 36.289045], [-85.940442, 36.288798], [-85.940287, 36.288621], [-85.940216, 36.288401], [-85.940098, 36.288361], [-85.939777, 36.288075], [-85.93967, 36.287882], [-85.939573, 36.287834], [-85.939525, 36.287726], [-85.939413, 36.287689], [-85.939375, 36.287572], [-85.939235, 36.287549], [-85.93907, 36.287405], [-85.939016, 36.287172], [-85.939088, 36.286972], [-85.939175, 36.286915], [-85.939167, 36.286878], [-85.939024, 36.286762], [-85.938937, 36.286553], [-85.938699, 36.286339], [-85.93867, 36.286218], [-85.938568, 36.286167], [-85.938415, 36.28601], [-85.938239, 36.285748], [-85.938161, 36.285528], [-85.937677, 36.284908], [-85.937494, 36.28478], [-85.937296, 36.284449], [-85.937201, 36.284399], [-85.937146, 36.284295], [-85.937038, 36.284249], [-85.936987, 36.284146], [-85.936852, 36.284107], [-85.936773, 36.283911], [-85.936686, 36.28386], [-85.936634, 36.283748], [-85.936427, 36.283637], [-85.93596, 36.283129], [-85.935603, 36.28285], [-85.935199, 36.282438], [-85.934597, 36.281894], [-85.933954, 36.281386], [-85.933906, 36.281287], [-85.933787, 36.281246], [-85.933732, 36.281154], [-85.933211, 36.280752], [-85.932639, 36.280387], [-85.93239, 36.280182], [-85.931612, 36.279712], [-85.931549, 36.279628], [-85.931428, 36.279583], [-85.931101, 36.279345], [-85.930949, 36.279289], [-85.930599, 36.27905], [-85.930254, 36.278886], [-85.930186, 36.278808], [-85.92973, 36.278623], [-85.929669, 36.27854], [-85.929459, 36.278433], [-85.929271, 36.278377], [-85.929094, 36.278266], [-85.928882, 36.27821], [-85.928484, 36.277994], [-85.927065, 36.27738], [-85.926887, 36.277269], [-85.926536, 36.277123], [-85.926378, 36.27701], [-85.926219, 36.276961], [-85.925294, 36.276225], [-85.924961, 36.276013], [-85.924789, 36.275707], [-85.924803, 36.275579], [-85.924725, 36.275414], [-85.924717, 36.275262], [-85.924607, 36.275167], [-85.924582, 36.274956], [-85.924544, 36.274856], [-85.924461, 36.274763], [-85.924437, 36.274529], [-85.924339, 36.274357], [-85.924293, 36.274181], [-85.924273, 36.273916], [-85.924163, 36.273586], [-85.924068, 36.273035], [-85.924004, 36.272864], [-85.923951, 36.272018], [-85.923843, 36.271726], [-85.923785, 36.27118], [-85.923677, 36.270886], [-85.923458, 36.269638], [-85.923493, 36.269509], [-85.923669, 36.269498], [-85.923687, 36.269379], [-85.92353, 36.267744], [-85.923485, 36.267472], [-85.923391, 36.267282], [-85.923317, 36.267299], [-85.923258, 36.267631], [-85.923259, 36.268286], [-85.923237, 36.268434], [-85.923167, 36.26856], [-85.923071, 36.267596], [-85.923171, 36.266224], [-85.923235, 36.266059], [-85.923385, 36.265313], [-85.923543, 36.264452], [-85.92359, 36.264032], [-85.924027, 36.262282], [-85.923822, 36.261016], [-85.923784, 36.260309], [-85.92382, 36.2597], [-85.923785, 36.256371], [-85.923765, 36.256126], [-85.923735, 36.256081], [-85.923753, 36.255749], [-85.923717, 36.255362], [-85.92381, 36.254696], [-85.923931, 36.254385], [-85.923986, 36.253851], [-85.924114, 36.253573], [-85.924158, 36.25317], [-85.924291, 36.25287], [-85.924358, 36.252476], [-85.924488, 36.252354], [-85.924538, 36.252214], [-85.924698, 36.252081], [-85.924896, 36.251829], [-85.925031, 36.251523], [-85.925124, 36.251462], [-85.925124, 36.251226], [-85.925279, 36.251167], [-85.925342, 36.250982], [-85.92547, 36.250803], [-85.925885, 36.250011], [-85.92598, 36.249952], [-85.92604, 36.249848], [-85.926953, 36.248878], [-85.927798, 36.24785], [-85.928778, 36.246584], [-85.929975, 36.245627], [-85.930549, 36.245269], [-85.930778, 36.245045], [-85.930886, 36.244993], [-85.930953, 36.244855], [-85.931135, 36.244745], [-85.931377, 36.244651], [-85.932502, 36.243719], [-85.933767, 36.24293], [-85.93416, 36.242583], [-85.934548, 36.242325], [-85.934761, 36.242226], [-85.935014, 36.241983], [-85.935749, 36.241511], [-85.936402, 36.240976], [-85.936567, 36.240908], [-85.936897, 36.240652], [-85.937258, 36.240467], [-85.937755, 36.240131], [-85.937913, 36.240087], [-85.938097, 36.239969], [-85.938249, 36.239948], [-85.938436, 36.239831], [-85.938578, 36.239809], [-85.938757, 36.239709], [-85.93912, 36.239574], [-85.939437, 36.239502], [-85.941164, 36.239459], [-85.941935, 36.239661], [-85.942271, 36.239793], [-85.942484, 36.239767], [-85.94251, 36.239873], [-85.942681, 36.239897], [-85.942805, 36.239954], [-85.942722, 36.239851], [-85.942573, 36.23982], [-85.942548, 36.239782], [-85.942616, 36.239693], [-85.942863, 36.239591], [-85.94283, 36.239715], [-85.942865, 36.23978], [-85.943091, 36.239822], [-85.944047, 36.240546]]}, "properties": {"OBJECTID": 2014, "Value_of_Depth_Contour": "2.74", "Scale_Minimum": 18750, "Source_Date": "20040930", "Source_Indication": "US,U3,USACE,LRN_GIS", "Source_Dataset": "U37CR307.000", "Feature_ID": "U3 1392990076 00001"}}, {"type": "Feature", "id": 2016, "geometry": {"type": "LineString", "coordinates": [[-85.944311, 36.291781], [-85.944379, 36.291816], [-85.944471, 36.291773], [-85.94447, 36.291721], [-85.944224, 36.291568], [-85.944162, 36.291467], [-85.944302, 36.291249], [-85.944782, 36.290902], [-85.945305, 36.290598], [-85.945567, 36.290499], [-85.945678, 36.290516], [-85.946059, 36.290913], [-85.947876, 36.293177], [-85.948874, 36.294547], [-85.949637, 36.29584], [-85.949776, 36.296164], [-85.949903, 36.296872], [-85.949932, 36.29742], [-85.949821, 36.298226], [-85.94941, 36.299339], [-85.948538, 36.300637], [-85.947788, 36.301574], [-85.946904, 36.302339], [-85.946884, 36.30257], [-85.946963, 36.302816], [-85.946855, 36.302824], [-85.94658, 36.302745], [-85.946329, 36.302809], [-85.945416, 36.303479], [-85.944551, 36.304014], [-85.944295, 36.304215], [-85.944401, 36.304602], [-85.944761, 36.30531], [-85.944782, 36.305452], [-85.944482, 36.305242], [-85.943947, 36.304521], [-85.943862, 36.304467], [-85.943013, 36.304659], [-85.941775, 36.30512], [-85.939862, 36.305706], [-85.938353, 36.306228], [-85.93766, 36.306365], [-85.937257, 36.306405], [-85.937218, 36.306667], [-85.937424, 36.306961], [-85.938327, 36.307669], [-85.93868, 36.30786], [-85.938964, 36.308337], [-85.938797, 36.308361], [-85.93868, 36.308313], [-85.93812, 36.308281], [-85.937943, 36.308321], [-85.937629, 36.308591], [-85.93756, 36.308734], [-85.937412, 36.308853], [-85.937275, 36.308837], [-85.937118, 36.30867], [-85.936824, 36.307955], [-85.936608, 36.307629], [-85.936137, 36.307366], [-85.935695, 36.307207], [-85.935285, 36.307316], [-85.934536, 36.307214], [-85.933505, 36.307206], [-85.932081, 36.30738], [-85.931462, 36.307507], [-85.930951, 36.307665], [-85.930041, 36.308156], [-85.928594, 36.3084], [-85.926523, 36.308652], [-85.925322, 36.308703], [-85.924083, 36.308679], [-85.922229, 36.308502], [-85.921709, 36.308208], [-85.919676, 36.30738], [-85.918891, 36.30695], [-85.918558, 36.306656], [-85.917252, 36.305765], [-85.915902, 36.304723], [-85.915345, 36.303964], [-85.915005, 36.303808], [-85.914554, 36.303529], [-85.914004, 36.30329], [-85.913251, 36.303063], [-85.913131, 36.302773], [-85.913131, 36.302598], [-85.912945, 36.302288], [-85.912641, 36.301525], [-85.912632, 36.300865], [-85.912573, 36.300579], [-85.912337, 36.300141], [-85.91227, 36.299823], [-85.91205, 36.299197], [-85.912006, 36.298392], [-85.911947, 36.298297], [-85.911928, 36.297939], [-85.911988, 36.297022], [-85.911701, 36.296589], [-85.911439, 36.296334], [-85.910897, 36.296123], [-85.910539, 36.296082], [-85.909238, 36.295139], [-85.911378, 36.293402], [-85.911742, 36.2923], [-85.911989, 36.291949], [-85.91202, 36.291656], [-85.911761, 36.290059], [-85.911953, 36.288717], [-85.911804, 36.287342], [-85.91176, 36.286369], [-85.91129, 36.285569], [-85.910781, 36.285217], [-85.910758, 36.285153], [-85.910961, 36.284867], [-85.91124, 36.284312], [-85.911186, 36.284012], [-85.911346, 36.283784], [-85.911457, 36.283307], [-85.911181, 36.282751], [-85.91109, 36.282204], [-85.91098, 36.281856], [-85.910882, 36.281691], [-85.910734, 36.281637], [-85.9106, 36.281408], [-85.910612, 36.280971], [-85.91049, 36.280593], [-85.910527, 36.280454], [-85.910444, 36.280105], [-85.910098, 36.279609], [-85.909688, 36.279128], [-85.909387, 36.278893], [-85.909068, 36.278544], [-85.907793, 36.277401], [-85.907523, 36.277204], [-85.907413, 36.276933], [-85.90718, 36.276545], [-85.906972, 36.276336], [-85.906825, 36.276237], [-85.906635, 36.276191], [-85.906542, 36.276217], [-85.906125, 36.276107], [-85.905855, 36.275918], [-85.905856, 36.275143], [-85.905747, 36.274696], [-85.905306, 36.273771], [-85.905143, 36.273575], [-85.904778, 36.273343], [-85.904712, 36.272749], [-85.904326, 36.27213], [-85.904007, 36.271474], [-85.903565, 36.270746], [-85.903395, 36.270539], [-85.903309, 36.270301], [-85.902868, 36.269744], [-85.90222, 36.269265], [-85.902071, 36.268968], [-85.901838, 36.268709], [-85.901213, 36.268112], [-85.900674, 36.267535], [-85.900454, 36.267349], [-85.900344, 36.267007], [-85.899852, 36.266465], [-85.898878, 36.265819], [-85.898343, 36.265683], [-85.897998, 36.265683], [-85.897808, 36.265808], [-85.897736, 36.26603], [-85.897795, 36.266771], [-85.897747, 36.266928], [-85.897639, 36.267099], [-85.8975, 36.267119], [-85.897351, 36.266396], [-85.897014, 36.2662], [-85.896815, 36.266149], [-85.896366, 36.26586], [-85.896402, 36.265608], [-85.896307, 36.265561], [-85.896286, 36.265463], [-85.896198, 36.265491], [-85.895969, 36.265414], [-85.895949, 36.265272], [-85.896017, 36.265166], [-85.896135, 36.265087], [-85.896278, 36.264656], [-85.896368, 36.264527], [-85.896602, 36.264462], [-85.896841, 36.264274], [-85.896866, 36.264178], [-85.896562, 36.263964], [-85.896356, 36.263906], [-85.896204, 36.263596], [-85.896007, 36.263371], [-85.89597, 36.263161], [-85.895854, 36.262917], [-85.895784, 36.262526], [-85.895844, 36.262136], [-85.895783, 36.261975], [-85.895883, 36.261683], [-85.896045, 36.26141], [-85.896239, 36.261503], [-85.89683, 36.26214], [-85.896963, 36.262165], [-85.896969, 36.262212], [-85.897044, 36.262248], [-85.897106, 36.262204], [-85.89697, 36.261898], [-85.896813, 36.261738], [-85.896495, 36.261262], [-85.896274, 36.260689], [-85.895697, 36.26012], [-85.895242, 36.259144], [-85.89524, 36.259075], [-85.895402, 36.258889], [-85.894881, 36.258595], [-85.894515, 36.258502], [-85.894344, 36.258376], [-85.89421, 36.258207], [-85.894004, 36.258112], [-85.89348, 36.257731], [-85.89333, 36.257686], [-85.893166, 36.25754], [-85.891635, 36.256934], [-85.891284, 36.256748], [-85.890792, 36.256361], [-85.890134, 36.256019], [-85.889598, 36.255792], [-85.888865, 36.255375], [-85.887953, 36.254979], [-85.887752, 36.254951], [-85.88767, 36.25501], [-85.887519, 36.255008], [-85.886541, 36.254698], [-85.885516, 36.254448], [-85.884666, 36.254372], [-85.884637, 36.254426], [-85.884539, 36.254458], [-85.883761, 36.254181], [-85.882911, 36.254101], [-85.882665, 36.253961], [-85.882155, 36.253993], [-85.881916, 36.254067], [-85.881669, 36.254096], [-85.879955, 36.254226], [-85.879444, 36.25438], [-85.878728, 36.254502], [-85.878565, 36.254771], [-85.878064, 36.255151], [-85.877825, 36.255214], [-85.877564, 36.2554], [-85.877195, 36.255814], [-85.876944, 36.256401], [-85.877075, 36.256613], [-85.877348, 36.256777], [-85.877382, 36.256906], [-85.877259, 36.25715], [-85.877215, 36.257143], [-85.877083, 36.257268], [-85.876967, 36.257297], [-85.876301, 36.257238], [-85.876225, 36.257295], [-85.876217, 36.257498], [-85.876379, 36.258776], [-85.876537, 36.259731], [-85.876621, 36.259859], [-85.876576, 36.260032], [-85.876755, 36.260346], [-85.876853, 36.260713], [-85.876948, 36.260899], [-85.877045, 36.261422], [-85.877443, 36.262603], [-85.878349, 36.263984], [-85.87862, 36.264744], [-85.878685, 36.26531], [-85.8796, 36.266269], [-85.879917, 36.26674], [-85.880055, 36.267076], [-85.880111, 36.26748], [-85.881271, 36.268422], [-85.881469, 36.269283], [-85.882292, 36.270485], [-85.882595, 36.271001], [-85.882982, 36.271875], [-85.883022, 36.272274], [-85.883229, 36.273242], [-85.883528, 36.273781], [-85.883642, 36.274318], [-85.883901, 36.275051], [-85.884249, 36.275641], [-85.884497, 36.276359], [-85.885304, 36.277704], [-85.88564, 36.277988], [-85.88573, 36.278143], [-85.885734, 36.278272], [-85.885855, 36.278322], [-85.885993, 36.278496], [-85.886399, 36.279217], [-85.886862, 36.279728], [-85.887138, 36.28016], [-85.887628, 36.28078], [-85.887816, 36.281087], [-85.888867, 36.282343], [-85.889599, 36.283452], [-85.890724, 36.286037], [-85.890865, 36.286872], [-85.890912, 36.287414], [-85.891059, 36.287731], [-85.891209, 36.288397], [-85.891288, 36.288969], [-85.89138, 36.290432], [-85.891129, 36.291717], [-85.890553, 36.293237], [-85.89014, 36.29399], [-85.890104, 36.294336], [-85.889923, 36.294726], [-85.889379, 36.295425], [-85.888144, 36.296847], [-85.886994, 36.29795], [-85.885853, 36.298869], [-85.88524, 36.299159], [-85.884486, 36.299646], [-85.883385, 36.300563], [-85.882162, 36.301792], [-85.881213, 36.302608], [-85.87967, 36.303711], [-85.878467, 36.304388], [-85.876341, 36.305072], [-85.875039, 36.305378], [-85.873051, 36.305631], [-85.87067, 36.305525], [-85.870516, 36.305332], [-85.869865, 36.304934], [-85.869724, 36.304882], [-85.869607, 36.30478], [-85.869362, 36.304661], [-85.869163, 36.304723], [-85.869081, 36.304679], [-85.868286, 36.304042], [-85.86516, 36.302063], [-85.863828, 36.301361], [-85.859525, 36.299445], [-85.859505, 36.299269], [-85.857866, 36.298229], [-85.856696, 36.29759], [-85.853703, 36.296173], [-85.853199, 36.295982], [-85.852857, 36.295751], [-85.852708, 36.29571], [-85.852536, 36.295589], [-85.852373, 36.295556], [-85.852197, 36.295438], [-85.852075, 36.295309], [-85.851373, 36.293726], [-85.850495, 36.292969], [-85.850454, 36.292821], [-85.84902, 36.291548], [-85.84953, 36.291454], [-85.849611, 36.291486], [-85.849852, 36.29184], [-85.849958, 36.291889], [-85.850012, 36.291995], [-85.850129, 36.292029], [-85.850214, 36.292162], [-85.850305, 36.292114], [-85.850306, 36.29208], [-85.850115, 36.291705], [-85.849917, 36.291516], [-85.849875, 36.291424], [-85.849611, 36.291348], [-85.849585, 36.291276], [-85.849412, 36.291232], [-85.849364, 36.291139], [-85.849009, 36.290957], [-85.848717, 36.290754], [-85.848674, 36.290458], [-85.848597, 36.290443], [-85.847423, 36.289511], [-85.846096, 36.28858], [-85.844717, 36.28768], [-85.843694, 36.286922], [-85.841352, 36.284809], [-85.840162, 36.284001], [-85.838931, 36.283028], [-85.836376, 36.281201], [-85.835768, 36.281008], [-85.835646, 36.280816], [-85.835411, 36.280581], [-85.835048, 36.280522], [-85.834667, 36.280594], [-85.834177, 36.280946], [-85.833832, 36.280916], [-85.833651, 36.280857], [-85.833489, 36.28027], [-85.833852, 36.280079], [-85.83407, 36.279918], [-85.834361, 36.279551], [-85.834398, 36.279272], [-85.833894, 36.27846], [-85.833819, 36.278273], [-85.832828, 36.277409], [-85.832742, 36.277238], [-85.832445, 36.276943], [-85.832224, 36.276865], [-85.832024, 36.276654], [-85.83243, 36.276301], [-85.832544, 36.275758], [-85.83234, 36.274402], [-85.831999, 36.272653], [-85.831917, 36.272291], [-85.831815, 36.272259], [-85.831838, 36.271865], [-85.831789, 36.271851], [-85.831736, 36.271891], [-85.83173, 36.272205], [-85.831738, 36.272316], [-85.831867, 36.272345], [-85.83187, 36.27244], [-85.831797, 36.272606], [-85.831644, 36.272789], [-85.831564, 36.272851], [-85.831231, 36.272797], [-85.830978, 36.272796], [-85.830854, 36.272834], [-85.83082, 36.272889], [-85.830953, 36.273524], [-85.830901, 36.273656], [-85.830838, 36.273673], [-85.83008, 36.273522], [-85.830032, 36.273482], [-85.829063, 36.273223], [-85.828976, 36.273139], [-85.829005, 36.272935], [-85.828389, 36.272684], [-85.828307, 36.27262], [-85.828279, 36.272533], [-85.828033, 36.27242], [-85.827918, 36.27218], [-85.827598, 36.271999], [-85.827417, 36.271543], [-85.827514, 36.271373], [-85.827486, 36.271307], [-85.82764, 36.271038], [-85.827572, 36.270841], [-85.827672, 36.270604], [-85.828112, 36.270384], [-85.828233, 36.270214], [-85.828333, 36.270227], [-85.828394, 36.270291], [-85.828509, 36.270213], [-85.828582, 36.270331], [-85.828716, 36.270387], [-85.828736, 36.270489], [-85.828879, 36.27052], [-85.82889, 36.270614], [-85.828966, 36.270661], [-85.828974, 36.270714], [-85.828926, 36.271155], [-85.829074, 36.271321], [-85.829204, 36.271394], [-85.829357, 36.271388], [-85.829963, 36.271205], [-85.830022, 36.270698], [-85.830111, 36.270503], [-85.830053, 36.269945], [-85.829926, 36.269799], [-85.829881, 36.268994], [-85.829777, 36.269191], [-85.829837, 36.269831], [-85.829752, 36.270015], [-85.829682, 36.270039], [-85.829378, 36.269845], [-85.829228, 36.26998], [-85.829031, 36.269978], [-85.828976, 36.269698], [-85.82902, 36.268914], [-85.828726, 36.268186], [-85.828619, 36.267789], [-85.82863, 36.267685], [-85.8287, 36.267641], [-85.828759, 36.267681], [-85.829043, 36.268179], [-85.82921, 36.268328], [-85.829373, 36.268254], [-85.829593, 36.268062], [-85.829601, 36.267827], [-85.829726, 36.26771], [-85.829339, 36.267379], [-85.829044, 36.267061], [-85.829014, 36.266982], [-85.829541, 36.266742], [-85.829458, 36.266443], [-85.829474, 36.266095], [-85.829525, 36.266006], [-85.829644, 36.265962], [-85.829932, 36.265954], [-85.831544, 36.265953], [-85.831793, 36.265876], [-85.831844, 36.265928], [-85.832094, 36.265835], [-85.832122, 36.26599], [-85.832284, 36.266113], [-85.832443, 36.266124], [-85.832486, 36.266231], [-85.832605, 36.266266], [-85.832646, 36.266509], [-85.832865, 36.266558], [-85.832427, 36.267506], [-85.832403, 36.267671], [-85.832646, 36.267904], [-85.832772, 36.26793], [-85.832886, 36.26774], [-85.832949, 36.267735], [-85.83312, 36.267821], [-85.833292, 36.267994], [-85.833429, 36.268025], [-85.833491, 36.267526], [-85.833155, 36.26602], [-85.832954, 36.265534], [-85.832848, 36.265389], [-85.832775, 36.265088], [-85.832523, 36.264654], [-85.832466, 36.264453], [-85.832312, 36.264226], [-85.832121, 36.263774], [-85.831695, 36.263003], [-85.831293, 36.262475], [-85.831138, 36.261983], [-85.830741, 36.261421], [-85.829557, 36.259881], [-85.829301, 36.259652], [-85.829211, 36.259416], [-85.828876, 36.258917], [-85.828634, 36.258647], [-85.828549, 36.258435], [-85.828399, 36.258295], [-85.828366, 36.258201], [-85.828258, 36.258125], [-85.828214, 36.257974], [-85.8281, 36.258016], [-85.828191, 36.258309], [-85.828072, 36.258439], [-85.827165, 36.258186], [-85.827104, 36.257817], [-85.826588, 36.257175], [-85.826545, 36.256975], [-85.826241, 36.25664], [-85.826188, 36.256511], [-85.826053, 36.256418], [-85.825654, 36.255827], [-85.825243, 36.25549], [-85.825224, 36.255421], [-85.825021, 36.255203], [-85.82495, 36.254928], [-85.82489, 36.254911], [-85.824897, 36.2547], [-85.825027, 36.254722], [-85.825003, 36.254579], [-85.823572, 36.2534], [-85.82218, 36.252612], [-85.821913, 36.252526], [-85.821895, 36.252384], [-85.821524, 36.252311], [-85.821359, 36.252244], [-85.820599, 36.251691], [-85.820284, 36.251634], [-85.820086, 36.251704], [-85.820001, 36.251699], [-85.820113, 36.251612], [-85.820132, 36.251573], [-85.820092, 36.251539], [-85.819912, 36.251536], [-85.819752, 36.251619], [-85.819577, 36.251635], [-85.819482, 36.251585], [-85.819479, 36.251499], [-85.819183, 36.251508], [-85.819023, 36.251443], [-85.818046, 36.251416], [-85.817574, 36.251322], [-85.817368, 36.251558], [-85.817324, 36.251466], [-85.817187, 36.251428], [-85.817061, 36.251226], [-85.816348, 36.251085], [-85.815513, 36.250997], [-85.815286, 36.250779], [-85.8154, 36.250571], [-85.815249, 36.25043], [-85.815006, 36.250302], [-85.814639, 36.250442], [-85.814543, 36.250558], [-85.81456, 36.250612], [-85.814889, 36.250858], [-85.814289, 36.250909], [-85.81403, 36.250837], [-85.813628, 36.250819], [-85.812597, 36.250844], [-85.812587, 36.250886], [-85.812673, 36.250915], [-85.813439, 36.250945], [-85.813666, 36.250996], [-85.813315, 36.251017], [-85.81302, 36.251152], [-85.812823, 36.251195], [-85.812237, 36.25152], [-85.811853, 36.251677], [-85.81131, 36.251753], [-85.8111, 36.251849], [-85.810844, 36.251873], [-85.810769, 36.251812], [-85.810813, 36.251696], [-85.810749, 36.251654], [-85.810181, 36.251669], [-85.80987, 36.251745], [-85.809231, 36.251753], [-85.809022, 36.251706], [-85.808992, 36.25167], [-85.809052, 36.251394], [-85.809363, 36.251241], [-85.809901, 36.251082], [-85.810526, 36.251017], [-85.811917, 36.25099], [-85.812077, 36.250863], [-85.812063, 36.250724], [-85.812293, 36.250596], [-85.812639, 36.250471], [-85.814253, 36.25014], [-85.814423, 36.250042], [-85.81382, 36.250021], [-85.813678, 36.249843], [-85.813747, 36.249784], [-85.814175, 36.249786], [-85.814324, 36.249771], [-85.814357, 36.249733], [-85.813484, 36.249747], [-85.813303, 36.249627], [-85.813149, 36.249602], [-85.812293, 36.249671], [-85.811442, 36.249629], [-85.810579, 36.249865], [-85.81033, 36.249898], [-85.810431, 36.249958], [-85.811019, 36.250103], [-85.811167, 36.250253], [-85.81147, 36.250445], [-85.811311, 36.250602], [-85.811099, 36.250667], [-85.810751, 36.2507], [-85.810638, 36.250791], [-85.810118, 36.250852], [-85.809875, 36.250918], [-85.809079, 36.250866], [-85.808848, 36.250718], [-85.80824, 36.250756], [-85.808083, 36.250866], [-85.808073, 36.251113], [-85.807977, 36.251298], [-85.807608, 36.251617], [-85.807285, 36.251995], [-85.80696, 36.252771], [-85.806849, 36.252901], [-85.80678, 36.253125], [-85.806636, 36.253307], [-85.806513, 36.253585], [-85.806272, 36.254362], [-85.806164, 36.25452], [-85.80614, 36.254843], [-85.806219, 36.254951], [-85.806093, 36.255243], [-85.805988, 36.255367], [-85.805983, 36.255489], [-85.805916, 36.255594], [-85.805955, 36.255696], [-85.805928, 36.255959], [-85.805967, 36.25607], [-85.805833, 36.256761], [-85.805645, 36.256927], [-85.8055, 36.256946], [-85.805439, 36.257324], [-85.805483, 36.257443], [-85.805648, 36.257466], [-85.805707, 36.257512], [-85.805777, 36.257724], [-85.805812, 36.258203], [-85.805721, 36.258812], [-85.80574, 36.258914], [-85.806091, 36.259331], [-85.806171, 36.25952], [-85.80616, 36.260634], [-85.806025, 36.262126], [-85.805874, 36.262978], [-85.805849, 36.263358], [-85.805747, 36.263493], [-85.805766, 36.263603], [-85.805533, 36.26505], [-85.805682, 36.265997], [-85.805806, 36.267746], [-85.806223, 36.269058], [-85.806311, 36.26916], [-85.806199, 36.269161], [-85.806182, 36.269299], [-85.806233, 36.270674], [-85.806513, 36.271704], [-85.805607, 36.27327], [-85.805832, 36.274533], [-85.806207, 36.276069], [-85.806407, 36.277189], [-85.806544, 36.277558], [-85.807031, 36.278278], [-85.807102, 36.278587], [-85.807349, 36.279021], [-85.807464, 36.279318], [-85.807547, 36.279416], [-85.808037, 36.280935], [-85.808245, 36.281136], [-85.808759, 36.283115], [-85.809283, 36.284247], [-85.809671, 36.285497], [-85.809641, 36.286059], [-85.809823, 36.287515], [-85.810045, 36.288623], [-85.810336, 36.289414], [-85.810645, 36.290846], [-85.810683, 36.291558], [-85.810734, 36.29182], [-85.810848, 36.292065], [-85.810837, 36.292524], [-85.810969, 36.29342], [-85.811055, 36.293654], [-85.811042, 36.293763], [-85.811113, 36.294118], [-85.811094, 36.294217], [-85.81121, 36.294625], [-85.811261, 36.295088], [-85.811406, 36.295483], [-85.811797, 36.297127], [-85.812007, 36.297439], [-85.812305, 36.297691], [-85.812288, 36.297992], [-85.81214, 36.298718], [-85.81221, 36.299051], [-85.812557, 36.299997], [-85.812677, 36.300159], [-85.812921, 36.300836], [-85.813345, 36.301746], [-85.813463, 36.301877], [-85.813666, 36.30225], [-85.81409, 36.302772], [-85.815771, 36.305537], [-85.816219, 36.306407], [-85.816734, 36.307611], [-85.816899, 36.307738], [-85.817202, 36.307873], [-85.817231, 36.307991], [-85.817113, 36.308141], [-85.816849, 36.30822], [-85.816634, 36.308497], [-85.816427, 36.309121], [-85.816387, 36.309406], [-85.816426, 36.30962], [-85.816563, 36.309683], [-85.816797, 36.309628], [-85.817578, 36.309946], [-85.818008, 36.310247], [-85.818242, 36.310532], [-85.818186, 36.310707], [-85.818085, 36.310777], [-85.817811, 36.310729], [-85.81743, 36.310563], [-85.816883, 36.310388], [-85.815897, 36.310196], [-85.815613, 36.310228], [-85.814879, 36.310709], [-85.81452, 36.311109], [-85.814212, 36.311713], [-85.813986, 36.312068], [-85.81382, 36.31225], [-85.813719, 36.312295], [-85.813614, 36.312558], [-85.813436, 36.313341], [-85.812211, 36.317782], [-85.811777, 36.318816], [-85.811039, 36.319727], [-85.81059, 36.319996], [-85.810269, 36.32031], [-85.809869, 36.320624], [-85.809432, 36.32112], [-85.809317, 36.321891], [-85.80909, 36.322113], [-85.808298, 36.322321], [-85.807749, 36.322386], [-85.807166, 36.322403], [-85.806715, 36.322358], [-85.806344, 36.322187], [-85.805877, 36.321794], [-85.805539, 36.321415], [-85.805259, 36.321216], [-85.804926, 36.3211], [-85.803408, 36.320732], [-85.80244, 36.320599], [-85.801956, 36.320575], [-85.801439, 36.320428], [-85.798743, 36.319901], [-85.797099, 36.319722], [-85.796499, 36.319596], [-85.793798, 36.318837], [-85.793287, 36.318663], [-85.7924, 36.318335], [-85.791679, 36.317979], [-85.790883, 36.317652], [-85.790626, 36.31743], [-85.790528, 36.317278], [-85.790061, 36.316984], [-85.789614, 36.316842], [-85.789415, 36.316633], [-85.789028, 36.316351], [-85.788205, 36.315647], [-85.787838, 36.315392], [-85.786862, 36.314531], [-85.786584, 36.314349], [-85.785835, 36.313741], [-85.784757, 36.313038], [-85.784266, 36.312664], [-85.782929, 36.311859], [-85.78073, 36.310847], [-85.78057, 36.31074], [-85.780373, 36.310718], [-85.779226, 36.310261], [-85.77584, 36.309164], [-85.774111, 36.308675], [-85.77306, 36.308318], [-85.771562, 36.307881], [-85.770921, 36.307598], [-85.769514, 36.307111], [-85.767957, 36.306729], [-85.766249, 36.306473], [-85.765787, 36.306366], [-85.764767, 36.306311], [-85.763558, 36.306427], [-85.763186, 36.306531], [-85.763002, 36.306703], [-85.76273, 36.306739], [-85.762352, 36.306717], [-85.760581, 36.307238], [-85.760436, 36.307349], [-85.760224, 36.307381], [-85.759247, 36.307783], [-85.759072, 36.307818], [-85.758943, 36.30794], [-85.758768, 36.308031], [-85.757735, 36.308476], [-85.757247, 36.308629], [-85.7565, 36.308931], [-85.756004, 36.309056], [-85.755723, 36.309213], [-85.755468, 36.309267], [-85.75533, 36.309353], [-85.755108, 36.309386], [-85.754978, 36.309464], [-85.754264, 36.309644], [-85.752563, 36.309934], [-85.751912, 36.310139], [-85.751055, 36.310353], [-85.750761, 36.310517], [-85.749696, 36.310875], [-85.748814, 36.311376], [-85.747878, 36.311806], [-85.747309, 36.312142], [-85.74674, 36.312627], [-85.746645, 36.312816], [-85.746547, 36.312863], [-85.746483, 36.312981], [-85.746373, 36.313068], [-85.746279, 36.313323], [-85.745975, 36.31364], [-85.745718, 36.314361], [-85.745599, 36.314552], [-85.74543, 36.315008], [-85.745158, 36.316622], [-85.745196, 36.316826], [-85.745266, 36.316935], [-85.745337, 36.317416], [-85.745476, 36.31776], [-85.746014, 36.318397], [-85.74612, 36.318447], [-85.746171, 36.318554], [-85.746283, 36.318594], [-85.746377, 36.318771], [-85.746876, 36.319113], [-85.747271, 36.319451], [-85.747401, 36.31965], [-85.748995, 36.320827], [-85.750904, 36.322006], [-85.751462, 36.322309], [-85.752184, 36.322598], [-85.752587, 36.322943], [-85.752881, 36.323096], [-85.755288, 36.324224], [-85.755701, 36.324551], [-85.756861, 36.325158], [-85.757584, 36.325494], [-85.75871, 36.325897], [-85.761307, 36.326535], [-85.761594, 36.326573], [-85.763037, 36.327149], [-85.763639, 36.327507], [-85.764006, 36.327666], [-85.765798, 36.328588], [-85.766073, 36.328768], [-85.767392, 36.329424], [-85.767911, 36.329591], [-85.768336, 36.329768], [-85.768565, 36.329973], [-85.769288, 36.330487], [-85.770768, 36.331615], [-85.771595, 36.33211], [-85.772547, 36.332819], [-85.772838, 36.333075], [-85.773144, 36.3335], [-85.773686, 36.334028], [-85.774117, 36.334785], [-85.774438, 36.335205], [-85.774861, 36.336211], [-85.77503, 36.336827], [-85.775146, 36.337123], [-85.775463, 36.338771], [-85.775586, 36.340037], [-85.775616, 36.341814], [-85.775243, 36.34383], [-85.774939, 36.345082], [-85.774398, 36.346567], [-85.773538, 36.34824], [-85.773255, 36.348857], [-85.772243, 36.350694], [-85.771812, 36.351388], [-85.771388, 36.351875], [-85.770407, 36.353231], [-85.769898, 36.354124], [-85.769736, 36.354263], [-85.768492, 36.354893], [-85.767605, 36.355255], [-85.767271, 36.355449], [-85.767054, 36.355518], [-85.76658, 36.355578], [-85.765703, 36.355847], [-85.764887, 36.35618], [-85.764197, 36.356402], [-85.763275, 36.356884], [-85.762318, 36.35744], [-85.76188, 36.357747], [-85.761047, 36.358206], [-85.759484, 36.358905], [-85.757932, 36.359257], [-85.757743, 36.359265], [-85.756676, 36.359477], [-85.754059, 36.360129], [-85.753681, 36.360128], [-85.752706, 36.360037], [-85.750921, 36.359693], [-85.750517, 36.359675], [-85.747529, 36.35912], [-85.746018, 36.358896], [-85.745133, 36.35882], [-85.744234, 36.358675], [-85.742904, 36.358306], [-85.741052, 36.35797], [-85.740162, 36.357738], [-85.739173, 36.357341], [-85.738723, 36.357038], [-85.737388, 36.35637], [-85.736264, 36.355687], [-85.73597, 36.355558], [-85.735526, 36.355267], [-85.734928, 36.354779], [-85.733209, 36.35382], [-85.731992, 36.352956], [-85.731391, 36.352613], [-85.73105, 36.352347], [-85.730733, 36.352187], [-85.730212, 36.351783], [-85.729864, 36.351571], [-85.728529, 36.350544], [-85.727928, 36.350211], [-85.727025, 36.349402], [-85.726664, 36.349196], [-85.726112, 36.348679], [-85.725631, 36.348425], [-85.724616, 36.347788], [-85.724458, 36.347713], [-85.724351, 36.347712], [-85.724351, 36.347649], [-85.723873, 36.347263], [-85.7236, 36.346921], [-85.723299, 36.346727], [-85.722749, 36.34645], [-85.722427, 36.346206], [-85.721151, 36.345589], [-85.720441, 36.345403], [-85.71996, 36.345404], [-85.719585, 36.345502], [-85.719424, 36.345505], [-85.719031, 36.345248], [-85.718621, 36.345207], [-85.717905, 36.345227], [-85.717655, 36.345253], [-85.717183, 36.345407], [-85.715969, 36.345706], [-85.715815, 36.345812], [-85.715628, 36.345836], [-85.715318, 36.345975], [-85.715123, 36.345997], [-85.714961, 36.346077], [-85.714461, 36.346173], [-85.714327, 36.34625], [-85.712763, 36.346679], [-85.712622, 36.346761], [-85.712399, 36.346804], [-85.712158, 36.346937], [-85.711703, 36.346957], [-85.711409, 36.347041], [-85.710728, 36.347131], [-85.710517, 36.347202], [-85.709572, 36.347394], [-85.709157, 36.347545], [-85.708142, 36.347799], [-85.707817, 36.347898], [-85.707611, 36.348012], [-85.707478, 36.34803], [-85.706834, 36.348321], [-85.70676, 36.348429], [-85.706574, 36.348564], [-85.706218, 36.348706], [-85.705013, 36.349312], [-85.704399, 36.349568], [-85.704002, 36.349858], [-85.703098, 36.350334], [-85.70184, 36.351173], [-85.701372, 36.351583], [-85.700574, 36.352143], [-85.699812, 36.352565], [-85.699412, 36.352857], [-85.698325, 36.353505], [-85.697785, 36.353778], [-85.697252, 36.354147], [-85.69694, 36.354301], [-85.696169, 36.354561], [-85.695916, 36.354613], [-85.695403, 36.354817], [-85.694718, 36.354947], [-85.694239, 36.355108], [-85.693875, 36.355183], [-85.693699, 36.355278], [-85.693259, 36.355279], [-85.693184, 36.355406], [-85.692722, 36.355387], [-85.692511, 36.355429], [-85.69222, 36.355603], [-85.692161, 36.355678], [-85.692049, 36.355713], [-85.691996, 36.355817], [-85.691825, 36.355818], [-85.691577, 36.356043], [-85.691315, 36.356125], [-85.691194, 36.356237], [-85.690964, 36.356257], [-85.690323, 36.356588], [-85.690124, 36.35662], [-85.689986, 36.356733], [-85.688273, 36.357409], [-85.687895, 36.357514], [-85.687658, 36.357675], [-85.686476, 36.357875], [-85.684854, 36.358281], [-85.684747, 36.358366], [-85.684007, 36.358631], [-85.682958, 36.359078], [-85.682447, 36.359542], [-85.682239, 36.359828], [-85.681993, 36.360359], [-85.681822, 36.361031], [-85.682003, 36.361684], [-85.682141, 36.362019], [-85.682447, 36.362521], [-85.682661, 36.36306], [-85.683491, 36.364294], [-85.684046, 36.364991], [-85.684314, 36.365411], [-85.684474, 36.36544], [-85.6856, 36.366188], [-85.685684, 36.36632], [-85.685881, 36.366499], [-85.686101, 36.366573], [-85.686208, 36.366648], [-85.686419, 36.36703], [-85.686432, 36.367128], [-85.686218, 36.367108], [-85.686166, 36.36734], [-85.686407, 36.367432], [-85.686516, 36.367514], [-85.686596, 36.367256], [-85.686718, 36.367248], [-85.687118, 36.367349], [-85.68828, 36.368435], [-85.689495, 36.369286], [-85.690171, 36.369609], [-85.691768, 36.370548], [-85.692806, 36.371233], [-85.694129, 36.371734], [-85.697352, 36.372512], [-85.698901, 36.37318], [-85.699468, 36.373493], [-85.700085, 36.373921], [-85.700885, 36.374566], [-85.70119, 36.374923], [-85.701735, 36.375743], [-85.70247, 36.376944], [-85.703085, 36.378139], [-85.704105, 36.380358], [-85.704282, 36.380889], [-85.704759, 36.381966], [-85.704828, 36.382313], [-85.704871, 36.383761], [-85.704576, 36.385186], [-85.704497, 36.386417], [-85.70455, 36.387076], [-85.704543, 36.38887], [-85.704654, 36.389461], [-85.704511, 36.390136], [-85.70455, 36.390852], [-85.704372, 36.391482], [-85.70423, 36.391811], [-85.703757, 36.392638], [-85.703442, 36.393416], [-85.703, 36.394033], [-85.702645, 36.394712], [-85.702095, 36.395598], [-85.701458, 36.396869], [-85.701246, 36.397424], [-85.701012, 36.397793], [-85.700708, 36.398417], [-85.700503, 36.398677], [-85.700206, 36.399188], [-85.700002, 36.399392], [-85.699087, 36.401044], [-85.698362, 36.402204], [-85.698233, 36.402524], [-85.697686, 36.403154], [-85.696933, 36.404179], [-85.696529, 36.404622], [-85.69604, 36.405014], [-85.695271, 36.405482], [-85.694408, 36.405798], [-85.69376, 36.406104], [-85.693028, 36.40633], [-85.692555, 36.406526], [-85.692217, 36.406609], [-85.69105, 36.407091], [-85.688789, 36.407661], [-85.686318, 36.408553], [-85.685015, 36.408956], [-85.684441, 36.409047], [-85.683376, 36.409284], [-85.681373, 36.4095], [-85.679292, 36.40986], [-85.678546, 36.40993], [-85.677846, 36.409922], [-85.677115, 36.409852], [-85.676757, 36.409765], [-85.675996, 36.409683], [-85.674817, 36.409384], [-85.674136, 36.409108], [-85.67354, 36.408946], [-85.672338, 36.408334], [-85.671844, 36.408037], [-85.671654, 36.407861], [-85.671476, 36.407562], [-85.671312, 36.407152], [-85.671186, 36.405479], [-85.671103, 36.405318], [-85.671245, 36.404677], [-85.6712, 36.404069], [-85.671076, 36.403504], [-85.671044, 36.40309], [-85.670901, 36.402702], [-85.670763, 36.401905], [-85.670518, 36.401216], [-85.670451, 36.400694], [-85.670293, 36.40034], [-85.670187, 36.399884], [-85.670199, 36.399715], [-85.670107, 36.399405], [-85.670154, 36.399173], [-85.670092, 36.398517], [-85.670115, 36.398112], [-85.670036, 36.397925], [-85.670047, 36.397523], [-85.669994, 36.397326], [-85.669966, 36.396809], [-85.669944, 36.396674], [-85.669779, 36.396322], [-85.669809, 36.396181], [-85.670038, 36.396003], [-85.670099, 36.395868], [-85.670149, 36.39505], [-85.670266, 36.394126], [-85.670378, 36.393676], [-85.670406, 36.393145], [-85.670541, 36.39247], [-85.670608, 36.391517], [-85.670862, 36.389804], [-85.670774, 36.388631], [-85.670746, 36.388527], [-85.670615, 36.388469], [-85.670556, 36.388371], [-85.670577, 36.388338], [-85.67075, 36.388308], [-85.670835, 36.388011], [-85.670591, 36.386192], [-85.670594, 36.385444], [-85.670408, 36.384652], [-85.670122, 36.383035], [-85.670044, 36.382796], [-85.669596, 36.381783], [-85.668873, 36.380747], [-85.668744, 36.380488], [-85.66793, 36.379691], [-85.667162, 36.379108], [-85.666687, 36.378805], [-85.666384, 36.378505], [-85.666216, 36.37843], [-85.665537, 36.377953], [-85.66537, 36.377908], [-85.664022, 36.377108], [-85.66387, 36.37698], [-85.662813, 36.376428], [-85.662275, 36.376232], [-85.660999, 36.375642], [-85.659794, 36.375151], [-85.659378, 36.375044], [-85.659162, 36.374939], [-85.658587, 36.374808], [-85.658289, 36.374684], [-85.65759, 36.374534], [-85.656602, 36.374266], [-85.654679, 36.374023], [-85.654154, 36.374017], [-85.653702, 36.374089], [-85.653339, 36.374087], [-85.652992, 36.374172], [-85.65269, 36.374179], [-85.652394, 36.374251], [-85.651836, 36.374249], [-85.651694, 36.374334], [-85.651462, 36.374316], [-85.650321, 36.374568], [-85.648746, 36.375295], [-85.647597, 36.375951], [-85.646537, 36.376987], [-85.645734, 36.377939], [-85.645655, 36.378113], [-85.645535, 36.378214], [-85.645063, 36.379078], [-85.644927, 36.379235], [-85.64445, 36.380138], [-85.644071, 36.381022], [-85.643443, 36.38225], [-85.643363, 36.382513], [-85.643205, 36.382742], [-85.642761, 36.383967], [-85.642523, 36.384409], [-85.642443, 36.384904], [-85.642343, 36.385186], [-85.642347, 36.38535], [-85.642078, 36.386236], [-85.642018, 36.386616], [-85.641896, 36.386874], [-85.64181, 36.387417], [-85.641742, 36.38754], [-85.641476, 36.388715], [-85.641467, 36.388899], [-85.64152, 36.38901], [-85.641314, 36.389213], [-85.641204, 36.389534], [-85.64052, 36.392104], [-85.640317, 36.392525], [-85.640108, 36.3933], [-85.640004, 36.393994], [-85.639805, 36.394618], [-85.639785, 36.395702], [-85.639596, 36.397635], [-85.639789, 36.39931], [-85.639742, 36.39942], [-85.639788, 36.399753], [-85.639746, 36.400056], [-85.639766, 36.400269], [-85.639971, 36.401335], [-85.640154, 36.401747], [-85.640382, 36.402527], [-85.640471, 36.403012], [-85.640626, 36.403319], [-85.640735, 36.403756], [-85.641478, 36.405145], [-85.641839, 36.406021], [-85.642474, 36.406998], [-85.64274, 36.407858], [-85.642864, 36.407956], [-85.643042, 36.408199], [-85.643084, 36.408384], [-85.643919, 36.410301], [-85.644088, 36.41078], [-85.644207, 36.411283], [-85.645174, 36.413232], [-85.645736, 36.414514], [-85.646098, 36.415487], [-85.646557, 36.416239], [-85.646797, 36.416516], [-85.647481, 36.417503], [-85.647914, 36.418264], [-85.64861, 36.419194], [-85.64914, 36.420705], [-85.649349, 36.421916], [-85.649475, 36.422303], [-85.649624, 36.423068], [-85.649657, 36.423398], [-85.649631, 36.423954], [-85.649443, 36.425259], [-85.649326, 36.426969], [-85.649235, 36.427431], [-85.648975, 36.428068], [-85.6485, 36.428988], [-85.648022, 36.429672], [-85.647275, 36.43055], [-85.646466, 36.43132], [-85.64629, 36.431579], [-85.645887, 36.432018], [-85.645285, 36.43241], [-85.643209, 36.433978], [-85.64214, 36.434563], [-85.641085, 36.435228], [-85.639647, 36.436062], [-85.638483, 36.436611], [-85.637355, 36.437014], [-85.635654, 36.437793], [-85.634021, 36.438098], [-85.633479, 36.438262], [-85.633377, 36.438356], [-85.633026, 36.438354], [-85.632524, 36.43845], [-85.632129, 36.438482], [-85.631415, 36.438634], [-85.630998, 36.438764], [-85.630708, 36.438814], [-85.63054, 36.438912], [-85.628971, 36.439331], [-85.6287, 36.439374], [-85.628483, 36.439464], [-85.627568, 36.439683], [-85.626049, 36.43997], [-85.625575, 36.440105], [-85.62476, 36.440255], [-85.624016, 36.440345], [-85.623807, 36.440423], [-85.62327, 36.440513], [-85.622929, 36.440491], [-85.622335, 36.440638], [-85.622138, 36.440648], [-85.621825, 36.440601], [-85.621137, 36.440691], [-85.620659, 36.440692], [-85.620225, 36.44079], [-85.618663, 36.440858], [-85.618412, 36.440838], [-85.617967, 36.440908], [-85.617076, 36.440845], [-85.616051, 36.440948], [-85.613515, 36.441049], [-85.611712, 36.441047], [-85.610852, 36.441149], [-85.610393, 36.441144], [-85.609764, 36.441234], [-85.608366, 36.441282], [-85.604184, 36.441338], [-85.602467, 36.441384], [-85.601747, 36.441439], [-85.600546, 36.441366], [-85.599966, 36.441286], [-85.599205, 36.441276], [-85.598608, 36.441317], [-85.598276, 36.441242], [-85.595434, 36.44103], [-85.594805, 36.440888], [-85.594496, 36.440878], [-85.593767, 36.440981], [-85.593429, 36.440973], [-85.593284, 36.441064], [-85.592819, 36.441146], [-85.592634, 36.441245], [-85.592223, 36.441227], [-85.591929, 36.441329], [-85.591543, 36.441359], [-85.590543, 36.441584], [-85.590283, 36.4416], [-85.589923, 36.441679], [-85.589673, 36.441793], [-85.589377, 36.441868], [-85.588339, 36.442081], [-85.587324, 36.442507], [-85.5872, 36.442648], [-85.586099, 36.443442], [-85.585842, 36.443589], [-85.585378, 36.443969], [-85.583676, 36.445746], [-85.583408, 36.445988], [-85.582847, 36.446778], [-85.582737, 36.44711], [-85.582611, 36.44725], [-85.582536, 36.447433], [-85.582411, 36.447575], [-85.582027, 36.44824], [-85.581772, 36.448507], [-85.581558, 36.448903], [-85.581233, 36.44932], [-85.581186, 36.44948], [-85.581021, 36.449733], [-85.580699, 36.450122], [-85.580659, 36.45027], [-85.580327, 36.45066], [-85.58028, 36.450801], [-85.579934, 36.45107], [-85.579762, 36.451344], [-85.579609, 36.451754], [-85.579099, 36.452601], [-85.57896, 36.452745], [-85.578804, 36.453127], [-85.578653, 36.453279], [-85.578602, 36.453549], [-85.578493, 36.453685], [-85.578371, 36.453967], [-85.578278, 36.454378], [-85.578181, 36.45454], [-85.578091, 36.454946], [-85.577987, 36.455205], [-85.577943, 36.455468], [-85.577858, 36.455615], [-85.577766, 36.45622], [-85.577578, 36.456606], [-85.577576, 36.456875], [-85.577357, 36.45837], [-85.577277, 36.458581], [-85.577316, 36.459], [-85.577605, 36.459977], [-85.577846, 36.460487], [-85.578297, 36.461157], [-85.579101, 36.461855], [-85.579755, 36.462353], [-85.579871, 36.462396], [-85.58025, 36.462672], [-85.580409, 36.462719], [-85.580792, 36.462994], [-85.581058, 36.463098], [-85.582418, 36.463889], [-85.583672, 36.464541], [-85.584465, 36.464823], [-85.584676, 36.464973], [-85.586121, 36.465585], [-85.586479, 36.465698], [-85.587408, 36.466131], [-85.58888, 36.466664], [-85.590026, 36.467017], [-85.591323, 36.467336], [-85.5927, 36.467609], [-85.595665, 36.467857], [-85.596476, 36.468159], [-85.59726, 36.468554], [-85.598846, 36.469691], [-85.599379, 36.470251], [-85.600077, 36.470868], [-85.601303, 36.472277], [-85.601627, 36.47268], [-85.601702, 36.472838], [-85.602836, 36.473924], [-85.602997, 36.474181], [-85.603825, 36.474884], [-85.603906, 36.475072], [-85.604167, 36.475278], [-85.60412, 36.475368], [-85.603997, 36.475286], [-85.603903, 36.475286], [-85.603769, 36.475535], [-85.603638, 36.475549], [-85.603545, 36.475507], [-85.603316, 36.475264], [-85.603292, 36.474773], [-85.602901, 36.474387], [-85.602412, 36.47408], [-85.602431, 36.474348], [-85.602534, 36.474401], [-85.60257, 36.474516], [-85.603218, 36.475186], [-85.603338, 36.475532], [-85.603414, 36.475626], [-85.603536, 36.475653], [-85.603599, 36.476017], [-85.60376, 36.476187], [-85.603855, 36.476218], [-85.603913, 36.476446], [-85.604058, 36.476561], [-85.604156, 36.476818], [-85.604281, 36.476972], [-85.604601, 36.477012], [-85.604784, 36.477129], [-85.605187, 36.477611], [-85.605287, 36.47782], [-85.605428, 36.477945], [-85.605463, 36.478078], [-85.605635, 36.478232], [-85.6058, 36.478229], [-85.605844, 36.47832], [-85.606014, 36.478356], [-85.606121, 36.478506], [-85.606312, 36.478623], [-85.606653, 36.478622], [-85.606907, 36.478832], [-85.606981, 36.478943], [-85.607156, 36.47904], [-85.607504, 36.479044], [-85.607891, 36.479509], [-85.608392, 36.47996], [-85.608603, 36.480218], [-85.608846, 36.480783], [-85.608849, 36.480971], [-85.608796, 36.481052], [-85.608394, 36.481061], [-85.60835, 36.48094], [-85.608216, 36.480932], [-85.608176, 36.480656], [-85.608107, 36.480606], [-85.608071, 36.480604], [-85.608093, 36.48068], [-85.608052, 36.480785], [-85.608115, 36.480934], [-85.608003, 36.480966], [-85.608337, 36.481243], [-85.608852, 36.481554], [-85.608949, 36.482424], [-85.608976, 36.483443], [-85.609041, 36.483562], [-85.609159, 36.485365], [-85.609247, 36.485727], [-85.609288, 36.486286], [-85.6093, 36.486794], [-85.609248, 36.487686], [-85.609208, 36.487744], [-85.609248, 36.487857], [-85.609229, 36.48826], [-85.608749, 36.491008], [-85.608555, 36.491564], [-85.607658, 36.493486], [-85.60764, 36.493666], [-85.607174, 36.494451], [-85.606926, 36.494795], [-85.606707, 36.495014], [-85.606661, 36.495103], [-85.605915, 36.495739], [-85.605772, 36.495794], [-85.605236, 36.496183], [-85.604638, 36.496542], [-85.604352, 36.496666], [-85.604174, 36.496705], [-85.603503, 36.497128], [-85.603214, 36.497262], [-85.603057, 36.49729], [-85.602734, 36.497419], [-85.602565, 36.497517], [-85.60221, 36.497581], [-85.601966, 36.497675], [-85.601338, 36.497825], [-85.600781, 36.497928], [-85.599738, 36.497899], [-85.599559, 36.497844], [-85.598935, 36.497766], [-85.59829, 36.497561], [-85.5973, 36.4971], [-85.597236, 36.497025], [-85.596366, 36.496462], [-85.595803, 36.496167], [-85.595344, 36.496009], [-85.594594, 36.495668], [-85.594456, 36.495644], [-85.594114, 36.495437], [-85.5939, 36.49541], [-85.593602, 36.49518], [-85.593456, 36.495153], [-85.593372, 36.495098], [-85.5922, 36.494169], [-85.592144, 36.494039], [-85.591287, 36.493014], [-85.590426, 36.492105], [-85.590198, 36.491719], [-85.590023, 36.491519], [-85.589161, 36.490781], [-85.588461, 36.489855], [-85.588442, 36.48974], [-85.58815, 36.489412], [-85.588153, 36.489295], [-85.588029, 36.489176], [-85.587998, 36.489016], [-85.587866, 36.488884], [-85.587861, 36.488597], [-85.587794, 36.48847], [-85.587898, 36.488121], [-85.588328, 36.488244], [-85.588342, 36.488334], [-85.588453, 36.488377], [-85.588578, 36.488354], [-85.589027, 36.488413], [-85.589083, 36.488387], [-85.589106, 36.488314], [-85.588758, 36.488018], [-85.588651, 36.487983], [-85.588569, 36.487873], [-85.588497, 36.487853], [-85.588379, 36.487902], [-85.588453, 36.48808], [-85.588383, 36.488065], [-85.58812, 36.487726], [-85.588031, 36.487673], [-85.587739, 36.487341], [-85.587388, 36.487304], [-85.586873, 36.486262], [-85.586655, 36.485718], [-85.586499, 36.485576], [-85.586474, 36.485451], [-85.58617, 36.485198], [-85.586113, 36.485044], [-85.585509, 36.48436], [-85.58544, 36.48421], [-85.585015, 36.483818], [-85.584099, 36.483109], [-85.583003, 36.482629], [-85.582287, 36.482366], [-85.580419, 36.481821], [-85.578046, 36.481292], [-85.577817, 36.481288], [-85.577128, 36.481175], [-85.575897, 36.481134], [-85.574343, 36.481254], [-85.57413, 36.481346], [-85.573382, 36.481375], [-85.573204, 36.481469], [-85.572556, 36.481508], [-85.572347, 36.481597], [-85.571975, 36.48163], [-85.571763, 36.481728], [-85.571327, 36.481779], [-85.571205, 36.481856], [-85.570477, 36.482018], [-85.569472, 36.482324], [-85.568686, 36.482616], [-85.567873, 36.483098], [-85.567239, 36.483645], [-85.566728, 36.484233], [-85.566262, 36.484849], [-85.566129, 36.485145], [-85.565952, 36.485814], [-85.565907, 36.486178], [-85.566146, 36.487108], [-85.567306, 36.489376], [-85.56762, 36.489747], [-85.568416, 36.49089], [-85.569641, 36.492417], [-85.569708, 36.492592], [-85.57076, 36.493669], [-85.572002, 36.494654], [-85.572536, 36.495157], [-85.572829, 36.495333], [-85.572911, 36.495347], [-85.572993, 36.495465], [-85.573149, 36.495532], [-85.573743, 36.495954], [-85.57398, 36.496053], [-85.574241, 36.496278], [-85.574658, 36.49655], [-85.574826, 36.49661], [-85.575278, 36.496949], [-85.575489, 36.497014], [-85.57583, 36.497236], [-85.576645, 36.497668], [-85.577254, 36.498068], [-85.577843, 36.498562], [-85.578355, 36.498902], [-85.578786, 36.499338], [-85.579297, 36.499759], [-85.580149, 36.50072], [-85.580619, 36.501333], [-85.581092, 36.502069], [-85.581332, 36.502374], [-85.581405, 36.502564], [-85.581807, 36.503088], [-85.581836, 36.503248], [-85.581935, 36.503416], [-85.582003, 36.503925], [-85.58209, 36.504097], [-85.582125, 36.504476], [-85.582121, 36.504972], [-85.582, 36.50585], [-85.581924, 36.506173], [-85.581838, 36.506304], [-85.581542, 36.50713], [-85.581375, 36.507437], [-85.581181, 36.507663], [-85.580893, 36.508129], [-85.580653, 36.5084], [-85.580424, 36.508751], [-85.579744, 36.509339], [-85.579511, 36.509501], [-85.578302, 36.510067], [-85.577217, 36.510418], [-85.576808, 36.510457], [-85.576089, 36.510634], [-85.575464, 36.510707], [-85.574331, 36.510718], [-85.572715, 36.510812], [-85.570574, 36.51082], [-85.570088, 36.510766], [-85.569068, 36.510812], [-85.568934, 36.510873], [-85.566506, 36.510929], [-85.566278, 36.510851], [-85.565406, 36.510831], [-85.564491, 36.510758], [-85.563645, 36.510647], [-85.562262, 36.510529], [-85.562061, 36.510451], [-85.561515, 36.510406], [-85.56135, 36.510335], [-85.560626, 36.510229], [-85.56021, 36.51011], [-85.558978, 36.509906], [-85.558293, 36.509838], [-85.558133, 36.509753], [-85.557454, 36.509684], [-85.557318, 36.509606], [-85.555934, 36.509409], [-85.555734, 36.50932], [-85.555147, 36.509282], [-85.554946, 36.509193], [-85.554387, 36.509145], [-85.554122, 36.509022], [-85.553794, 36.508956], [-85.552187, 36.50879], [-85.550739, 36.508694], [-85.549674, 36.508755], [-85.548878, 36.508922], [-85.548434, 36.509141], [-85.548241, 36.509325], [-85.547906, 36.509428], [-85.547565, 36.509627], [-85.547211, 36.509885], [-85.546862, 36.510324], [-85.546125, 36.5115], [-85.54588, 36.511989], [-85.545537, 36.512477], [-85.54518, 36.51316], [-85.544973, 36.513704], [-85.544414, 36.514782], [-85.544152, 36.515409], [-85.543556, 36.517548], [-85.54343, 36.5177], [-85.543386, 36.518094], [-85.543266, 36.518258], [-85.543064, 36.519083], [-85.542963, 36.519201], [-85.542909, 36.519497], [-85.542782, 36.519649], [-85.542525, 36.520457], [-85.542402, 36.520627], [-85.542348, 36.520856], [-85.542231, 36.520987], [-85.542205, 36.521274], [-85.542121, 36.521394], [-85.542042, 36.521686], [-85.541891, 36.522077], [-85.541802, 36.522202], [-85.541654, 36.522641], [-85.541459, 36.522763], [-85.541185, 36.523444], [-85.540354, 36.524677], [-85.53984, 36.525234], [-85.539427, 36.525563], [-85.538911, 36.526139], [-85.537704, 36.527015], [-85.536523, 36.527815], [-85.536129, 36.527981], [-85.535535, 36.528331], [-85.535269, 36.52844], [-85.534617, 36.528872], [-85.534453, 36.52883], [-85.534143, 36.529077], [-85.533923, 36.529133], [-85.533753, 36.529248], [-85.533618, 36.529265], [-85.533456, 36.529391], [-85.532426, 36.529718], [-85.531017, 36.530317], [-85.52915, 36.530964], [-85.528933, 36.531093], [-85.528648, 36.531142], [-85.527128, 36.531575], [-85.525665, 36.532049], [-85.524969, 36.532381], [-85.524132, 36.532698], [-85.523802, 36.532911], [-85.523534, 36.533016], [-85.523245, 36.533186], [-85.522707, 36.533757], [-85.5219, 36.534746], [-85.521434, 36.535362], [-85.520745, 36.536701], [-85.5203, 36.537846], [-85.519657, 36.539258], [-85.519549, 36.539648], [-85.519416, 36.539876], [-85.519364, 36.540159], [-85.519041, 36.541085], [-85.518735, 36.541718], [-85.518482, 36.542462], [-85.518378, 36.543156], [-85.518271, 36.543497], [-85.51813, 36.544277], [-85.518088, 36.545105], [-85.518137, 36.545631], [-85.518198, 36.548009], [-85.517874, 36.549471], [-85.517734, 36.549592], [-85.517671, 36.549775], [-85.516911, 36.550599], [-85.516735, 36.551116], [-85.516589, 36.551291], [-85.51654, 36.551514], [-85.516373, 36.55167], [-85.516348, 36.551785], [-85.516193, 36.551952], [-85.516154, 36.552058], [-85.515979, 36.552212], [-85.51595, 36.552327], [-85.515606, 36.552614], [-85.515576, 36.552753], [-85.515404, 36.552883], [-85.515266, 36.553164], [-85.51498, 36.553442], [-85.514956, 36.553554], [-85.514785, 36.553721], [-85.514744, 36.553877], [-85.514563, 36.554044], [-85.514455, 36.554062], [-85.51435, 36.554198], [-85.513721, 36.55377], [-85.513736, 36.553653], [-85.513636, 36.553562], [-85.513762, 36.553369], [-85.513782, 36.553266], [-85.513958, 36.553107], [-85.513991, 36.552963], [-85.514133, 36.552837], [-85.514312, 36.55253], [-85.514699, 36.552138], [-85.515382, 36.55122], [-85.515634, 36.550761], [-85.516173, 36.55008], [-85.516704, 36.549277], [-85.517147, 36.548293], [-85.517255, 36.547919], [-85.517267, 36.547245], [-85.517341, 36.547036], [-85.517327, 36.544091], [-85.51743, 36.543758], [-85.517513, 36.543083], [-85.51762, 36.542744], [-85.517782, 36.542457], [-85.517846, 36.542205], [-85.517944, 36.541311], [-85.518115, 36.540895], [-85.518582, 36.53927], [-85.518733, 36.538971], [-85.519104, 36.537924], [-85.519571, 36.53708], [-85.520185, 36.535687], [-85.520671, 36.534817], [-85.521413, 36.533841], [-85.521964, 36.533299], [-85.522024, 36.533155], [-85.522625, 36.532732], [-85.522749, 36.5327], [-85.523266, 36.532387], [-85.523813, 36.532115], [-85.524472, 36.531839], [-85.525349, 36.531541], [-85.525921, 36.531288], [-85.526537, 36.531126], [-85.527114, 36.530891], [-85.528599, 36.530438], [-85.528782, 36.530339], [-85.529617, 36.530045], [-85.52978, 36.529949], [-85.53135, 36.52942], [-85.532727, 36.528872], [-85.533205, 36.528575], [-85.533366, 36.528525], [-85.53371, 36.528313], [-85.533879, 36.528251], [-85.534234, 36.528027], [-85.534375, 36.527996], [-85.534913, 36.527609], [-85.535484, 36.527332], [-85.536022, 36.526861], [-85.536276, 36.526737], [-85.537485, 36.525874], [-85.537675, 36.525824], [-85.538115, 36.525447], [-85.539385, 36.524534], [-85.53962, 36.52431], [-85.539863, 36.523946], [-85.54005, 36.523782], [-85.540431, 36.523134], [-85.540687, 36.52282], [-85.541017, 36.522308], [-85.541169, 36.521863], [-85.541467, 36.52061], [-85.541692, 36.519984], [-85.541759, 36.519577], [-85.54188, 36.519442], [-85.54191, 36.519168], [-85.542034, 36.518983], [-85.542093, 36.518621], [-85.542208, 36.518494], [-85.54224, 36.518211], [-85.542359, 36.518062], [-85.542421, 36.517664], [-85.542529, 36.517537], [-85.542591, 36.517242], [-85.542709, 36.517088], [-85.542756, 36.516728], [-85.542856, 36.516581], [-85.542919, 36.516169], [-85.543037, 36.516001], [-85.543105, 36.515625], [-85.543212, 36.515498], [-85.543288, 36.515051], [-85.543483, 36.514587], [-85.54372, 36.514189], [-85.544355, 36.512547], [-85.544698, 36.512019], [-85.544724, 36.511844], [-85.544924, 36.511435], [-85.545299, 36.510882], [-85.54568, 36.510204], [-85.54598, 36.509796], [-85.546197, 36.509662], [-85.546353, 36.509482], [-85.547173, 36.508866], [-85.547645, 36.508618], [-85.54822, 36.508465], [-85.54855, 36.508332], [-85.549584, 36.508166], [-85.550018, 36.508112], [-85.550544, 36.508107], [-85.552307, 36.508171], [-85.553576, 36.50826], [-85.556185, 36.508605], [-85.559981, 36.509263], [-85.560634, 36.509325], [-85.560937, 36.509427], [-85.561591, 36.509496], [-85.561807, 36.509605], [-85.562428, 36.50962], [-85.562675, 36.509673], [-85.563486, 36.509748], [-85.563992, 36.509845], [-85.565207, 36.509886], [-85.565365, 36.509919], [-85.566482, 36.509911], [-85.568276, 36.509967], [-85.568858, 36.51003], [-85.570511, 36.509965], [-85.573382, 36.509995], [-85.575896, 36.509794], [-85.577244, 36.509575], [-85.578064, 36.509337], [-85.578488, 36.509083], [-85.578834, 36.50894], [-85.579033, 36.508746], [-85.579479, 36.508528], [-85.579828, 36.508169], [-85.580248, 36.507636], [-85.580663, 36.507068], [-85.581199, 36.505549], [-85.581274, 36.504992], [-85.581279, 36.504483], [-85.581163, 36.503882], [-85.581028, 36.503532], [-85.58074, 36.502992], [-85.580267, 36.502461], [-85.58015, 36.502412], [-85.580089, 36.502163], [-85.579973, 36.502059], [-85.57993, 36.5019], [-85.579796, 36.501759], [-85.579725, 36.501537], [-85.579366, 36.500997], [-85.578735, 36.500292], [-85.578643, 36.500258], [-85.57858, 36.500114], [-85.578307, 36.499896], [-85.578204, 36.49975], [-85.57792, 36.499551], [-85.577885, 36.499474], [-85.577799, 36.499449], [-85.577404, 36.499144], [-85.57706, 36.498804], [-85.576887, 36.498732], [-85.575928, 36.498089], [-85.574585, 36.497317], [-85.573327, 36.496545], [-85.57235, 36.495898], [-85.5719, 36.495642], [-85.571259, 36.495165], [-85.571161, 36.495025], [-85.56983, 36.493996], [-85.569369, 36.493455], [-85.56892, 36.493004], [-85.568858, 36.492893], [-85.568486, 36.492646], [-85.568015, 36.492061], [-85.567671, 36.491755], [-85.567529, 36.49169], [-85.567523, 36.491625], [-85.567167, 36.491079], [-85.566939, 36.490848], [-85.56662, 36.490333], [-85.566313, 36.489972], [-85.566264, 36.489837], [-85.566129, 36.489676], [-85.565894, 36.489495], [-85.565701, 36.4892], [-85.565704, 36.489103], [-85.565584, 36.488927], [-85.565664, 36.488766], [-85.565584, 36.488222], [-85.565451, 36.487962], [-85.565225, 36.487709], [-85.56509, 36.487419], [-85.564969, 36.486934], [-85.564929, 36.48628], [-85.56496, 36.485884], [-85.565526, 36.484563], [-85.565875, 36.48403], [-85.566498, 36.483353], [-85.566908, 36.48297], [-85.567588, 36.482446], [-85.567827, 36.482303], [-85.569545, 36.48155], [-85.57107, 36.481036], [-85.572203, 36.480775], [-85.573039, 36.480638], [-85.573819, 36.480571], [-85.574108, 36.480534], [-85.574315, 36.480468], [-85.574816, 36.48042], [-85.576549, 36.480346], [-85.577142, 36.480358], [-85.577398, 36.480383], [-85.57771, 36.480477], [-85.578094, 36.48045], [-85.578721, 36.480531], [-85.57955, 36.480741], [-85.581209, 36.48127], [-85.581931, 36.481434], [-85.58293, 36.481774], [-85.584294, 36.482421], [-85.584981, 36.482657], [-85.585703, 36.483044], [-85.585837, 36.483148], [-85.585932, 36.483273], [-85.58646, 36.483762], [-85.586538, 36.483909], [-85.586945, 36.484267], [-85.587202, 36.484709], [-85.587443, 36.485003], [-85.587516, 36.485138], [-85.58798, 36.48567], [-85.588028, 36.485818], [-85.588165, 36.485945], [-85.588219, 36.486078], [-85.588503, 36.486374], [-85.588549, 36.486498], [-85.58869, 36.48666], [-85.588723, 36.486777], [-85.588997, 36.487088], [-85.589035, 36.487192], [-85.589163, 36.487307], [-85.589205, 36.487433], [-85.589438, 36.487668], [-85.589537, 36.487885], [-85.589648, 36.488005], [-85.58969, 36.488128], [-85.589982, 36.488425], [-85.590037, 36.488576], [-85.590361, 36.488993], [-85.5904, 36.489106], [-85.590625, 36.489326], [-85.590729, 36.489523], [-85.590804, 36.48956], [-85.590891, 36.489756], [-85.590955, 36.48978], [-85.591045, 36.489903], [-85.591137, 36.489953], [-85.591235, 36.49011], [-85.591703, 36.490463], [-85.592696, 36.49134], [-85.592747, 36.491428], [-85.593585, 36.49211], [-85.594014, 36.492544], [-85.594065, 36.492651], [-85.594182, 36.492703], [-85.59423, 36.492814], [-85.594729, 36.493261], [-85.594787, 36.493387], [-85.595055, 36.493655], [-85.595106, 36.493771], [-85.595377, 36.494013], [-85.595464, 36.494183], [-85.596239, 36.494901], [-85.596282, 36.495], [-85.596433, 36.495061], [-85.596446, 36.495156], [-85.597482, 36.495945], [-85.598416, 36.496518], [-85.598927, 36.496734], [-85.59996, 36.496966], [-85.601046, 36.496986], [-85.601877, 36.496858], [-85.602434, 36.496703], [-85.60396, 36.496029], [-85.604331, 36.495758], [-85.604639, 36.495683], [-85.605863, 36.494745], [-85.606459, 36.49402], [-85.606674, 36.493646], [-85.607315, 36.492268], [-85.607736, 36.491228], [-85.607816, 36.490941], [-85.607855, 36.490372], [-85.607962, 36.489985], [-85.608089, 36.489211], [-85.608095, 36.488767], [-85.608181, 36.488613], [-85.60821, 36.486625], [-85.608091, 36.485451], [-85.608059, 36.484672], [-85.608005, 36.484212], [-85.607911, 36.484017], [-85.607888, 36.483759], [-85.607767, 36.483557], [-85.607714, 36.483239], [-85.607299, 36.48247], [-85.607025, 36.481807], [-85.607036, 36.481631], [-85.606821, 36.481405], [-85.606767, 36.481249], [-85.606628, 36.481109], [-85.606591, 36.480973], [-85.606447, 36.480826], [-85.60642, 36.480706], [-85.60628, 36.480578], [-85.606229, 36.480441], [-85.606102, 36.480299], [-85.606038, 36.48014], [-85.605908, 36.480002], [-85.605863, 36.4799], [-85.605603, 36.479629], [-85.605538, 36.479488], [-85.605087, 36.479042], [-85.605032, 36.47892], [-85.60433, 36.478269], [-85.603669, 36.477567], [-85.603039, 36.476519], [-85.602424, 36.475896], [-85.601823, 36.475189], [-85.601782, 36.475089], [-85.601493, 36.474796], [-85.601457, 36.474642], [-85.6012, 36.474366], [-85.601164, 36.474247], [-85.600852, 36.473816], [-85.600791, 36.473665], [-85.600678, 36.473583], [-85.600372, 36.473205], [-85.600289, 36.473057], [-85.599795, 36.472455], [-85.599674, 36.472243], [-85.599523, 36.47215], [-85.599485, 36.472055], [-85.599059, 36.471569], [-85.598537, 36.470862], [-85.597147, 36.46983], [-85.595994, 36.46907], [-85.595156, 36.468659], [-85.59476, 36.46861], [-85.594624, 36.468553], [-85.594336, 36.468538], [-85.59403, 36.468443], [-85.592947, 36.468363], [-85.590725, 36.468028], [-85.59055, 36.467945], [-85.590193, 36.467908], [-85.589658, 36.467738], [-85.589402, 36.467722], [-85.58845, 36.467466], [-85.587956, 36.467375], [-85.587606, 36.467241], [-85.587282, 36.467181], [-85.587145, 36.467101], [-85.586912, 36.467057], [-85.58677, 36.466979], [-85.586408, 36.466931], [-85.586244, 36.466854], [-85.585929, 36.466818], [-85.585218, 36.46659], [-85.58455, 36.466309], [-85.584376, 36.466165], [-85.584248, 36.466154], [-85.58378, 36.465805], [-85.583091, 36.465382], [-85.581482, 36.464533], [-85.580305, 36.463866], [-85.579642, 36.463387], [-85.579281, 36.463264], [-85.578886, 36.463047], [-85.578568, 36.462777], [-85.578111, 36.462483], [-85.577355, 36.46181], [-85.577118, 36.461488], [-85.576583, 36.460131], [-85.57651, 36.459613], [-85.576426, 36.459428], [-85.576394, 36.458833], [-85.576546, 36.457798], [-85.576618, 36.457592], [-85.576775, 36.455976], [-85.576883, 36.455331], [-85.577112, 36.454607], [-85.577139, 36.454331], [-85.577326, 36.45402], [-85.577364, 36.453514], [-85.577777, 36.45226], [-85.578072, 36.450953], [-85.578113, 36.450528], [-85.578299, 36.449798], [-85.578443, 36.449408], [-85.578731, 36.448851], [-85.579068, 36.448449], [-85.579213, 36.448127], [-85.579623, 36.447784], [-85.580238, 36.447161], [-85.580599, 36.447007], [-85.581123, 36.446576], [-85.58141, 36.446112], [-85.581922, 36.445544], [-85.583547, 36.444025], [-85.583751, 36.443881], [-85.583895, 36.443638], [-85.584221, 36.443451], [-85.585228, 36.44257], [-85.585859, 36.442196], [-85.586284, 36.441855], [-85.586722, 36.441626], [-85.587737, 36.441268], [-85.589057, 36.441071], [-85.590542, 36.440785], [-85.59127, 36.440622], [-85.591539, 36.440524], [-85.591871, 36.440481], [-85.592748, 36.440239], [-85.593242, 36.440056], [-85.594948, 36.439693], [-85.595992, 36.439758], [-85.596331, 36.439831], [-85.596967, 36.439901], [-85.597165, 36.439987], [-85.597687, 36.440034], [-85.597848, 36.440107], [-85.598711, 36.440224], [-85.600049, 36.440321], [-85.600554, 36.440396], [-85.603462, 36.44054], [-85.605457, 36.440507], [-85.605786, 36.440454], [-85.607681, 36.440313], [-85.610057, 36.440242], [-85.610188, 36.440201], [-85.610875, 36.440159], [-85.613404, 36.440099], [-85.614982, 36.439915], [-85.615317, 36.439962], [-85.616799, 36.439915], [-85.618245, 36.439814], [-85.620132, 36.439763], [-85.62111, 36.439611], [-85.622147, 36.43955], [-85.622285, 36.439505], [-85.623465, 36.439415], [-85.624046, 36.439275], [-85.626736, 36.438853], [-85.627209, 36.438605], [-85.62754, 36.438578], [-85.628461, 36.438331], [-85.628773, 36.438279], [-85.631348, 36.437582], [-85.632124, 36.437419], [-85.632307, 36.437345], [-85.632798, 36.43728], [-85.633526, 36.437079], [-85.635076, 36.43677], [-85.63541, 36.436733], [-85.636546, 36.43639], [-85.63685, 36.436225], [-85.637437, 36.435993], [-85.639348, 36.435076], [-85.641918, 36.433615], [-85.642037, 36.433498], [-85.643372, 36.432572], [-85.643578, 36.432491], [-85.644584, 36.431864], [-85.645027, 36.431386], [-85.64628, 36.430294], [-85.646803, 36.42975], [-85.646979, 36.429433], [-85.647737, 36.428412], [-85.648225, 36.427432], [-85.648343, 36.426855], [-85.648418, 36.426674], [-85.648468, 36.426288], [-85.648559, 36.426154], [-85.648608, 36.425312], [-85.648564, 36.423539], [-85.648607, 36.423253], [-85.648376, 36.421769], [-85.648236, 36.421471], [-85.648174, 36.421142], [-85.648071, 36.421049], [-85.647977, 36.42056], [-85.647876, 36.420391], [-85.647662, 36.419591], [-85.647398, 36.419076], [-85.64641, 36.417695], [-85.646018, 36.417013], [-85.645208, 36.4158], [-85.644482, 36.414393], [-85.643888, 36.41346], [-85.642892, 36.411275], [-85.642428, 36.410085], [-85.642425, 36.409948], [-85.642297, 36.409644], [-85.642004, 36.409295], [-85.642009, 36.409104], [-85.641899, 36.408966], [-85.641814, 36.408686], [-85.641626, 36.4083], [-85.641617, 36.408156], [-85.641013, 36.407045], [-85.640898, 36.406935], [-85.640848, 36.406763], [-85.640756, 36.406658], [-85.64066, 36.40639], [-85.640555, 36.406243], [-85.640506, 36.406058], [-85.640264, 36.405661], [-85.64019, 36.405434], [-85.640021, 36.405187], [-85.63965, 36.404412], [-85.639544, 36.404043], [-85.639166, 36.4031], [-85.639187, 36.402898], [-85.639045, 36.402508], [-85.638861, 36.401734], [-85.638712, 36.401438], [-85.638603, 36.400996], [-85.638659, 36.400833], [-85.638533, 36.400612], [-85.638515, 36.400417], [-85.638609, 36.400169], [-85.638456, 36.399206], [-85.638371, 36.398924], [-85.638477, 36.395152], [-85.638505, 36.394633], [-85.638577, 36.394424], [-85.638606, 36.394111], [-85.638665, 36.394014], [-85.638705, 36.393704], [-85.639206, 36.392024], [-85.639331, 36.391802], [-85.63978, 36.39063], [-85.639995, 36.389596], [-85.640129, 36.389183], [-85.640193, 36.388511], [-85.640565, 36.386831], [-85.640832, 36.386162], [-85.640984, 36.385506], [-85.640955, 36.385189], [-85.641106, 36.384845], [-85.641114, 36.384633], [-85.641267, 36.384245], [-85.641294, 36.383954], [-85.64149, 36.383568], [-85.641743, 36.38274], [-85.64184, 36.382574], [-85.64195, 36.382166], [-85.642222, 36.381518], [-85.642553, 36.380963], [-85.642592, 36.380799], [-85.642717, 36.380653], [-85.642785, 36.380381], [-85.642908, 36.380225], [-85.6432, 36.379491], [-85.643622, 36.378704], [-85.643922, 36.378295], [-85.643946, 36.378198], [-85.644434, 36.377638], [-85.645329, 36.376472], [-85.646942, 36.374944], [-85.647371, 36.374305], [-85.6476, 36.374189], [-85.648213, 36.374131], [-85.648568, 36.373933], [-85.649025, 36.373743], [-85.650129, 36.37363], [-85.651264, 36.373424], [-85.653715, 36.373079], [-85.65463, 36.373009], [-85.655171, 36.37301], [-85.656785, 36.373245], [-85.657757, 36.373465], [-85.659141, 36.373899], [-85.659382, 36.374007], [-85.659638, 36.374054], [-85.660872, 36.374516], [-85.661824, 36.374934], [-85.662799, 36.375229], [-85.665136, 36.37646], [-85.665605, 36.376796], [-85.665743, 36.376839], [-85.666989, 36.37759], [-85.667389, 36.377907], [-85.667935, 36.378222], [-85.668738, 36.378804], [-85.669314, 36.379471], [-85.670239, 36.380715], [-85.670894, 36.3819], [-85.671132, 36.382695], [-85.671143, 36.38294], [-85.671222, 36.383064], [-85.671357, 36.384293], [-85.671634, 36.385618], [-85.671794, 36.385934], [-85.671859, 36.386205], [-85.672032, 36.388469], [-85.672123, 36.388918], [-85.671913, 36.391072], [-85.671759, 36.394032], [-85.671668, 36.394649], [-85.671585, 36.394768], [-85.671576, 36.395208], [-85.671395, 36.396648], [-85.671418, 36.397361], [-85.671483, 36.398186], [-85.671572, 36.39866], [-85.672089, 36.400797], [-85.672579, 36.401619], [-85.672789, 36.402122], [-85.67329, 36.402877], [-85.673335, 36.403011], [-85.673257, 36.403476], [-85.673039, 36.40395], [-85.672981, 36.403997], [-85.672924, 36.403991], [-85.672777, 36.403828], [-85.672621, 36.403841], [-85.672433, 36.404616], [-85.672429, 36.404801], [-85.672514, 36.404926], [-85.672545, 36.405077], [-85.672513, 36.405419], [-85.672464, 36.405523], [-85.672472, 36.405751], [-85.672951, 36.407252], [-85.673953, 36.40823], [-85.674179, 36.408372], [-85.6748, 36.40854], [-85.675825, 36.408735], [-85.676036, 36.408827], [-85.67625, 36.408867], [-85.67752, 36.408787], [-85.678096, 36.408674], [-85.678132, 36.408657], [-85.678065, 36.408569], [-85.678078, 36.408518], [-85.678384, 36.40824], [-85.678298, 36.408209], [-85.677972, 36.408236], [-85.677962, 36.408203], [-85.678157, 36.408081], [-85.678355, 36.407887], [-85.678437, 36.407917], [-85.678915, 36.407727], [-85.679217, 36.407753], [-85.679381, 36.407837], [-85.679615, 36.407868], [-85.680101, 36.407851], [-85.680394, 36.407985], [-85.68091, 36.407966], [-85.681089, 36.408086], [-85.681716, 36.408065], [-85.682651, 36.408162], [-85.683195, 36.408165], [-85.683823, 36.408097], [-85.685668, 36.407574], [-85.68649, 36.407243], [-85.687156, 36.407035], [-85.687384, 36.406914], [-85.687879, 36.406753], [-85.688183, 36.406607], [-85.688564, 36.40648], [-85.6888, 36.406451], [-85.689594, 36.406099], [-85.689939, 36.405966], [-85.690103, 36.405945], [-85.690451, 36.405715], [-85.690614, 36.405669], [-85.690749, 36.405519], [-85.690943, 36.405493], [-85.691099, 36.405362], [-85.691607, 36.405072], [-85.691972, 36.404986], [-85.692984, 36.404465], [-85.693182, 36.404445], [-85.693685, 36.404166], [-85.694021, 36.403896], [-85.694182, 36.403842], [-85.694343, 36.403732], [-85.694505, 36.403696], [-85.694681, 36.40359], [-85.695808, 36.403333], [-85.696181, 36.403181], [-85.696653, 36.402875], [-85.696984, 36.402509], [-85.69725, 36.402003], [-85.697416, 36.401833], [-85.698003, 36.400817], [-85.698192, 36.400581], [-85.698772, 36.399608], [-85.698874, 36.399344], [-85.699136, 36.39896], [-85.699294, 36.398685], [-85.699341, 36.398509], [-85.69962, 36.398114], [-85.699908, 36.397555], [-85.700627, 36.395706], [-85.700599, 36.395518], [-85.700945, 36.394878], [-85.701022, 36.394428], [-85.701296, 36.393712], [-85.701526, 36.393195], [-85.701642, 36.393034], [-85.701699, 36.392787], [-85.701792, 36.392719], [-85.701838, 36.392502], [-85.701945, 36.392378], [-85.702, 36.392076], [-85.702111, 36.391922], [-85.702427, 36.390217], [-85.702531, 36.389261], [-85.702503, 36.388763], [-85.702593, 36.387829], [-85.702661, 36.387703], [-85.702678, 36.387349], [-85.703002, 36.385976], [-85.703251, 36.385136], [-85.703316, 36.38466], [-85.703377, 36.383804], [-85.703397, 36.381708], [-85.703364, 36.381378], [-85.702716, 36.379873], [-85.702051, 36.378522], [-85.701281, 36.377178], [-85.700802, 36.376444], [-85.700142, 36.375654], [-85.700059, 36.375615], [-85.699956, 36.375436], [-85.699673, 36.375129], [-85.699563, 36.37507], [-85.699493, 36.374933], [-85.699045, 36.374526], [-85.698977, 36.374408], [-85.698757, 36.374227], [-85.698374, 36.374002], [-85.69821, 36.373961], [-85.698168, 36.373863], [-85.69788, 36.373817], [-85.697824, 36.373699], [-85.697689, 36.373678], [-85.69763, 36.373593], [-85.697186, 36.373413], [-85.697115, 36.373336], [-85.69684, 36.373274], [-85.696716, 36.373184], [-85.696446, 36.373129], [-85.696153, 36.372998], [-85.69473, 36.372693], [-85.694089, 36.372506], [-85.69323, 36.372353], [-85.692778, 36.372205], [-85.692624, 36.372206], [-85.692432, 36.372146], [-85.69114, 36.371599], [-85.690811, 36.371506], [-85.69057, 36.371335], [-85.689409, 36.370774], [-85.689033, 36.370628], [-85.688852, 36.370594], [-85.688708, 36.370499], [-85.688488, 36.370485], [-85.68837, 36.370364], [-85.688141, 36.370307], [-85.687826, 36.370113], [-85.686887, 36.369661], [-85.686232, 36.369236], [-85.68557, 36.368703], [-85.68465, 36.367811], [-85.683435, 36.366796], [-85.682035, 36.365127], [-85.68157, 36.364208], [-85.681341, 36.36397], [-85.681216, 36.363654], [-85.680739, 36.362803], [-85.680707, 36.362662], [-85.680457, 36.362391], [-85.680433, 36.36227], [-85.680331, 36.361423], [-85.680404, 36.361034], [-85.680516, 36.360744], [-85.680808, 36.360174], [-85.68092, 36.359862], [-85.681312, 36.359191], [-85.681927, 36.358682], [-85.682816, 36.358217], [-85.683671, 36.357909], [-85.684551, 36.357512], [-85.687336, 36.356689], [-85.688039, 36.356422], [-85.68849, 36.356208], [-85.689041, 36.355896], [-85.689519, 36.355554], [-85.690158, 36.3552], [-85.690378, 36.354976], [-85.690785, 36.354805], [-85.690897, 36.35469], [-85.691279, 36.354545], [-85.691441, 36.354408], [-85.691824, 36.3543], [-85.693704, 36.353423], [-85.69408, 36.353218], [-85.69413, 36.35315], [-85.694605, 36.352949], [-85.694729, 36.352826], [-85.694862, 36.352799], [-85.694897, 36.352665], [-85.695207, 36.352642], [-85.695205, 36.35247], [-85.695142, 36.352418], [-85.694928, 36.352437], [-85.69489, 36.352529], [-85.694653, 36.352536], [-85.695212, 36.352077], [-85.695322, 36.352029], [-85.69547, 36.351999], [-85.695741, 36.352059], [-85.695805, 36.352236], [-85.695914, 36.352258], [-85.695925, 36.352364], [-85.696164, 36.352332], [-85.696244, 36.352251], [-85.696612, 36.352194], [-85.696771, 36.352105], [-85.69719, 36.352063], [-85.697458, 36.351971], [-85.697713, 36.351946], [-85.697778, 36.351848], [-85.698033, 36.351822], [-85.698129, 36.351708], [-85.698395, 36.35167], [-85.698458, 36.351569], [-85.698594, 36.351538], [-85.698634, 36.351438], [-85.698957, 36.351396], [-85.699271, 36.351252], [-85.699811, 36.350891], [-85.700453, 36.350548], [-85.702592, 36.349241], [-85.703866, 36.348127], [-85.705035, 36.347467], [-85.706004, 36.347159], [-85.707366, 36.34662], [-85.712454, 36.345495], [-85.715562, 36.344407], [-85.717874, 36.34388], [-85.718487, 36.343852], [-85.718994, 36.34392], [-85.720881, 36.344468], [-85.721363, 36.344557], [-85.721871, 36.344785], [-85.722743, 36.345305], [-85.723852, 36.346133], [-85.724514, 36.346678], [-85.725137, 36.347047], [-85.725829, 36.347232], [-85.726469, 36.34754], [-85.727168, 36.347782], [-85.727384, 36.3479], [-85.727516, 36.347928], [-85.727601, 36.348003], [-85.727858, 36.348065], [-85.728163, 36.348266], [-85.728361, 36.348275], [-85.728907, 36.348538], [-85.728965, 36.348522], [-85.728981, 36.348451], [-85.72904, 36.348478], [-85.729369, 36.348437], [-85.729578, 36.348558], [-85.729867, 36.348563], [-85.730309, 36.3487], [-85.730439, 36.348778], [-85.73094, 36.348918], [-85.731553, 36.349189], [-85.731807, 36.349407], [-85.732245, 36.349615], [-85.732407, 36.349824], [-85.732516, 36.35007], [-85.732493, 36.350337], [-85.732439, 36.35043], [-85.732471, 36.350563], [-85.732266, 36.350565], [-85.732216, 36.350644], [-85.731876, 36.350314], [-85.731602, 36.349978], [-85.731504, 36.349928], [-85.731251, 36.349534], [-85.730986, 36.349529], [-85.730956, 36.349759], [-85.731877, 36.350719], [-85.732034, 36.350842], [-85.732179, 36.35089], [-85.732228, 36.350986], [-85.732916, 36.351527], [-85.733062, 36.351549], [-85.733086, 36.351666], [-85.733578, 36.352074], [-85.735781, 36.353605], [-85.736325, 36.35389], [-85.736851, 36.354211], [-85.737368, 36.354584], [-85.738678, 36.355367], [-85.738894, 36.355432], [-85.739677, 36.355894], [-85.741412, 36.356672], [-85.742435, 36.356991], [-85.744023, 36.357373], [-85.745491, 36.357603], [-85.746221, 36.35778], [-85.747865, 36.358048], [-85.748256, 36.358148], [-85.749167, 36.358215], [-85.750367, 36.358368], [-85.751088, 36.358404], [-85.752779, 36.358346], [-85.753547, 36.358359], [-85.754534, 36.358456], [-85.754699, 36.358503], [-85.755648, 36.358523], [-85.756969, 36.358289], [-85.757438, 36.358162], [-85.757687, 36.358138], [-85.758052, 36.358037], [-85.758216, 36.357921], [-85.758274, 36.357941], [-85.758424, 36.357891], [-85.758546, 36.357894], [-85.759052, 36.357752], [-85.760894, 36.357059], [-85.762102, 36.356382], [-85.762968, 36.355978], [-85.763418, 36.355694], [-85.764837, 36.354944], [-85.765008, 36.354907], [-85.766884, 36.354205], [-85.767823, 36.353726], [-85.768105, 36.353488], [-85.768691, 36.353092], [-85.769345, 36.3525], [-85.769823, 36.352001], [-85.770103, 36.351582], [-85.77077, 36.350737], [-85.771329, 36.349729], [-85.771476, 36.349541], [-85.772159, 36.348174], [-85.772206, 36.347877], [-85.772342, 36.347756], [-85.772658, 36.346925], [-85.773167, 36.345832], [-85.773864, 36.343493], [-85.774147, 36.342298], [-85.774255, 36.340111], [-85.77417, 36.33959], [-85.774061, 36.339515], [-85.774138, 36.339473], [-85.774037, 36.338418], [-85.773693, 36.337048], [-85.773378, 36.336162], [-85.773115, 36.335577], [-85.772865, 36.33514], [-85.77278, 36.334889], [-85.771702, 36.333472], [-85.770789, 36.332667], [-85.767909, 36.330752], [-85.766576, 36.330033], [-85.764652, 36.32916], [-85.763916, 36.328767], [-85.762409, 36.328215], [-85.762204, 36.328099], [-85.761273, 36.327727], [-85.759997, 36.327302], [-85.758069, 36.326844], [-85.757082, 36.326537], [-85.756281, 36.326205], [-85.755389, 36.325825], [-85.754357, 36.325321], [-85.753173, 36.324874], [-85.752987, 36.324715], [-85.752239, 36.324375], [-85.751636, 36.323987], [-85.751167, 36.32378], [-85.750544, 36.323611], [-85.750367, 36.323455], [-85.750243, 36.323403], [-85.750154, 36.323299], [-85.749755, 36.32313], [-85.749655, 36.32299], [-85.749265, 36.322809], [-85.749127, 36.322693], [-85.74876, 36.322508], [-85.747014, 36.321443], [-85.746836, 36.321425], [-85.746489, 36.321472], [-85.745775, 36.321422], [-85.745478, 36.321313], [-85.74506, 36.321083], [-85.745004, 36.320795], [-85.745049, 36.320602], [-85.745169, 36.32041], [-85.745212, 36.32019], [-85.745132, 36.319948], [-85.745069, 36.319824], [-85.744866, 36.319717], [-85.744714, 36.319563], [-85.744438, 36.319414], [-85.744375, 36.319136], [-85.744212, 36.319005], [-85.744148, 36.318717], [-85.743991, 36.31848], [-85.743834, 36.317994], [-85.743761, 36.317431], [-85.743866, 36.316518], [-85.744013, 36.315834], [-85.744099, 36.315599], [-85.744264, 36.314666], [-85.74435, 36.313844], [-85.744307, 36.313373], [-85.744447, 36.312962], [-85.744434, 36.312894], [-85.744658, 36.312619], [-85.744817, 36.312543], [-85.744946, 36.31241], [-85.74525, 36.31222], [-85.745725, 36.311825], [-85.746922, 36.311083], [-85.747326, 36.310868], [-85.747769, 36.310709], [-85.749105, 36.309985], [-85.749515, 36.309831], [-85.750627, 36.309272], [-85.751202, 36.309032], [-85.751784, 36.30868], [-85.75338, 36.308023], [-85.754607, 36.307435], [-85.755046, 36.307149], [-85.755182, 36.307013], [-85.754789, 36.306502], [-85.754759, 36.306452], [-85.754786, 36.306405], [-85.755026, 36.306345], [-85.755098, 36.306363], [-85.755329, 36.306686], [-85.755511, 36.306865], [-85.756308, 36.306701], [-85.756616, 36.306529], [-85.757273, 36.306313], [-85.759171, 36.305462], [-85.759376, 36.305321], [-85.759952, 36.304768], [-85.760336, 36.304694], [-85.762707, 36.304672], [-85.764364, 36.304777], [-85.765361, 36.304929], [-85.766674, 36.305177], [-85.76696, 36.305269], [-85.768885, 36.305593], [-85.770436, 36.306007], [-85.771425, 36.306415], [-85.771603, 36.30653], [-85.77289, 36.306958], [-85.773247, 36.307024], [-85.774726, 36.307403], [-85.774896, 36.307422], [-85.775134, 36.307363], [-85.775306, 36.307396], [-85.775563, 36.307567], [-85.776018, 36.307744], [-85.777786, 36.308384], [-85.779957, 36.309093], [-85.78019, 36.309224], [-85.782299, 36.310065], [-85.784462, 36.311325], [-85.785251, 36.311734], [-85.787033, 36.313013], [-85.787666, 36.313565], [-85.788015, 36.313753], [-85.789656, 36.315258], [-85.790084, 36.315568], [-85.791243, 36.316196], [-85.791431, 36.316355], [-85.791671, 36.316422], [-85.792216, 36.316436], [-85.793443, 36.317203], [-85.794565, 36.317623], [-85.795209, 36.317644], [-85.795498, 36.317811], [-85.796249, 36.318013], [-85.798345, 36.318371], [-85.799196, 36.318578], [-85.799558, 36.31862], [-85.801695, 36.319138], [-85.804138, 36.31961], [-85.804303, 36.319597], [-85.804361, 36.31941], [-85.804444, 36.31941], [-85.804757, 36.319591], [-85.805302, 36.319638], [-85.805524, 36.3197], [-85.80696, 36.319698], [-85.807762, 36.319769], [-85.808571, 36.31971], [-85.80928, 36.319535], [-85.809794, 36.319365], [-85.810274, 36.318998], [-85.810821, 36.318197], [-85.810937, 36.31779], [-85.811182, 36.31724], [-85.811205, 36.31642], [-85.811266, 36.316164], [-85.811233, 36.315051], [-85.811184, 36.31475], [-85.811182, 36.313276], [-85.811605, 36.31145], [-85.811639, 36.310802], [-85.811598, 36.310575], [-85.811899, 36.309125], [-85.812132, 36.308527], [-85.812325, 36.307248], [-85.812354, 36.305451], [-85.812661, 36.304703], [-85.812778, 36.304082], [-85.812457, 36.30348], [-85.812309, 36.303266], [-85.812093, 36.30309], [-85.811994, 36.302708], [-85.811499, 36.301646], [-85.811286, 36.301408], [-85.811098, 36.301084], [-85.810849, 36.300203], [-85.810612, 36.299678], [-85.810361, 36.298907], [-85.810191, 36.298768], [-85.809827, 36.297411], [-85.809, 36.296579], [-85.808913, 36.296191], [-85.808923, 36.295978], [-85.808997, 36.295767], [-85.809118, 36.295615], [-85.809129, 36.295472], [-85.809049, 36.295286], [-85.809036, 36.295049], [-85.808796, 36.293972], [-85.808704, 36.293672], [-85.808565, 36.293441], [-85.808307, 36.292194], [-85.807799, 36.290884], [-85.807514, 36.290348], [-85.806704, 36.288368], [-85.806532, 36.288076], [-85.806264, 36.287381], [-85.806141, 36.286912], [-85.805811, 36.286137], [-85.805742, 36.285869], [-85.805767, 36.28574], [-85.805482, 36.285678], [-85.805303, 36.285345], [-85.805256, 36.284323], [-85.804975, 36.283206], [-85.80489, 36.282474], [-85.80492, 36.281611], [-85.80482, 36.28148], [-85.804759, 36.28119], [-85.80464, 36.281153], [-85.804624, 36.281116], [-85.8046, 36.280768], [-85.804468, 36.280649], [-85.804489, 36.28014], [-85.80464, 36.279809], [-85.804489, 36.279199], [-85.804473, 36.278951], [-85.804392, 36.278875], [-85.804282, 36.277643], [-85.804242, 36.277537], [-85.80411, 36.27745], [-85.804084, 36.277384], [-85.804184, 36.277108], [-85.804087, 36.276114], [-85.803864, 36.275849], [-85.803632, 36.274278], [-85.803423, 36.273227], [-85.803324, 36.27303], [-85.80326, 36.272679], [-85.803097, 36.272626], [-85.802904, 36.272441], [-85.80273, 36.272537], [-85.802622, 36.273012], [-85.802533, 36.273195], [-85.802388, 36.273353], [-85.802365, 36.273516], [-85.802515, 36.273699], [-85.800668, 36.273623], [-85.799637, 36.27275], [-85.801557, 36.27114], [-85.801856, 36.271044], [-85.802054, 36.270871], [-85.802222, 36.270964], [-85.802258, 36.270943], [-85.802396, 36.270653], [-85.802449, 36.269401], [-85.802409, 36.267861], [-85.802238, 36.26757], [-85.80207, 36.267632], [-85.801903, 36.267517], [-85.801677, 36.267068], [-85.801571, 36.26663], [-85.80172, 36.265629], [-85.801904, 36.265483], [-85.802066, 36.265591], [-85.802092, 36.265543], [-85.802106, 36.265265], [-85.802001, 36.265059], [-85.801916, 36.26473], [-85.80184, 36.264643], [-85.801805, 36.264412], [-85.801732, 36.264301], [-85.801704, 36.263945], [-85.801612, 36.263763], [-85.801704, 36.262743], [-85.801751, 36.262676], [-85.801961, 36.262619], [-85.802098, 36.262522], [-85.802084, 36.262156], [-85.801839, 36.26113], [-85.801632, 36.260819], [-85.801154, 36.260449], [-85.800932, 36.260183], [-85.800865, 36.260041], [-85.800902, 36.259903], [-85.801882, 36.258906], [-85.80193, 36.258888], [-85.80203, 36.258949], [-85.802076, 36.259213], [-85.802141, 36.259228], [-85.802285, 36.259161], [-85.802573, 36.258661], [-85.802698, 36.258232], [-85.80262, 36.25799], [-85.802637, 36.257889], [-85.802713, 36.257801], [-85.802766, 36.257528], [-85.802988, 36.256976], [-85.80312, 36.25675], [-85.803157, 36.256241], [-85.803228, 36.256008], [-85.803293, 36.255931], [-85.803367, 36.255343], [-85.803335, 36.254882], [-85.803058, 36.254649], [-85.802312, 36.253675], [-85.802924, 36.252512], [-85.803215, 36.25229], [-85.803428, 36.252045], [-85.803606, 36.251911], [-85.803685, 36.251911], [-85.80372, 36.251974], [-85.803385, 36.252482], [-85.803449, 36.252632], [-85.803627, 36.252787], [-85.803907, 36.252869], [-85.803955, 36.252856], [-85.804053, 36.25269], [-85.804151, 36.252631], [-85.804261, 36.252312], [-85.804493, 36.251956], [-85.804537, 36.251711], [-85.804655, 36.251676], [-85.804687, 36.251278], [-85.804641, 36.251219], [-85.804396, 36.251202], [-85.804448, 36.251131], [-85.806466, 36.2499], [-85.807537, 36.249378], [-85.809602, 36.248717], [-85.811179, 36.248452], [-85.812989, 36.248342], [-85.814129, 36.248483], [-85.814557, 36.248613], [-85.816308, 36.248548], [-85.817123, 36.248709], [-85.817624, 36.248759], [-85.818281, 36.248903], [-85.81871, 36.248925], [-85.819317, 36.24903], [-85.819501, 36.249029], [-85.820454, 36.249284], [-85.821616, 36.249779], [-85.82198, 36.249863], [-85.823456, 36.250436], [-85.824649, 36.251012], [-85.825211, 36.251341], [-85.825393, 36.251607], [-85.826086, 36.25217], [-85.826763, 36.252598], [-85.82734, 36.253371], [-85.828058, 36.254251], [-85.828314, 36.254637], [-85.828593, 36.255142], [-85.828998, 36.255766], [-85.829467, 36.256692], [-85.830784, 36.258154], [-85.83101, 36.25857], [-85.831303, 36.258981], [-85.831381, 36.259212], [-85.832004, 36.260062], [-85.832691, 36.261235], [-85.833344, 36.261872], [-85.833488, 36.26222], [-85.83391, 36.262808], [-85.833952, 36.263128], [-85.834129, 36.263406], [-85.834377, 36.263596], [-85.834567, 36.26386], [-85.834647, 36.26407], [-85.834831, 36.264258], [-85.834978, 36.264277], [-85.835019, 36.264121], [-85.83498, 36.263253], [-85.835187, 36.263175], [-85.835592, 36.263168], [-85.835768, 36.263222], [-85.835921, 36.263317], [-85.836116, 36.263689], [-85.836162, 36.263821], [-85.836155, 36.264113], [-85.836089, 36.264304], [-85.835918, 36.264515], [-85.835538, 36.264653], [-85.835289, 36.26479], [-85.835197, 36.265087], [-85.835087, 36.266198], [-85.835129, 36.266434], [-85.83525, 36.266607], [-85.835244, 36.266813], [-85.835353, 36.267246], [-85.835358, 36.267378], [-85.835287, 36.267499], [-85.835454, 36.268064], [-85.835384, 36.268293], [-85.835409, 36.268752], [-85.835475, 36.268837], [-85.835728, 36.268992], [-85.835801, 36.269186], [-85.835981, 36.26938], [-85.835928, 36.269494], [-85.835934, 36.269681], [-85.835885, 36.269736], [-85.835791, 36.269744], [-85.83558, 36.269872], [-85.83553, 36.270122], [-85.835613, 36.270527], [-85.835642, 36.271117], [-85.835752, 36.271514], [-85.835746, 36.271659], [-85.835664, 36.271771], [-85.835779, 36.272007], [-85.835849, 36.27237], [-85.835802, 36.273018], [-85.835919, 36.273187], [-85.835979, 36.273555], [-85.836119, 36.273702], [-85.836166, 36.274042], [-85.836319, 36.274222], [-85.836439, 36.274227], [-85.836475, 36.274296], [-85.836554, 36.27483], [-85.836654, 36.275141], [-85.836583, 36.27569], [-85.836909, 36.276364], [-85.837103, 36.276961], [-85.837285, 36.277087], [-85.837329, 36.277537], [-85.837541, 36.278083], [-85.837478, 36.278203], [-85.837478, 36.278381], [-85.837615, 36.278409], [-85.837659, 36.278505], [-85.837793, 36.278536], [-85.837832, 36.278641], [-85.837969, 36.278654], [-85.838193, 36.278808], [-85.838897, 36.279373], [-85.838802, 36.279356], [-85.838691, 36.27927], [-85.838504, 36.279295], [-85.838438, 36.279401], [-85.838013, 36.279626], [-85.837927, 36.279726], [-85.837958, 36.279886], [-85.838709, 36.280717], [-85.838782, 36.281187], [-85.838836, 36.281261], [-85.839297, 36.281557], [-85.839432, 36.281601], [-85.839488, 36.281685], [-85.839622, 36.281722], [-85.839666, 36.281822], [-85.840098, 36.282137], [-85.840182, 36.282173], [-85.840272, 36.282157], [-85.840278, 36.282203], [-85.84085, 36.282608], [-85.841069, 36.282668], [-85.841512, 36.283041], [-85.841562, 36.283216], [-85.841584, 36.283054], [-85.841532, 36.282933], [-85.841118, 36.282568], [-85.840991, 36.282536], [-85.840988, 36.282458], [-85.840524, 36.282069], [-85.840309, 36.281805], [-85.840261, 36.281574], [-85.840286, 36.281527], [-85.840355, 36.281502], [-85.840549, 36.281558], [-85.840726, 36.281536], [-85.840598, 36.28149], [-85.839489, 36.280732], [-85.838785, 36.279999], [-85.83871, 36.279883], [-85.838824, 36.279839], [-85.839523, 36.28003], [-85.839855, 36.280206], [-85.840721, 36.280957], [-85.84091, 36.280963], [-85.841714, 36.281541], [-85.842535, 36.281949], [-85.842633, 36.282074], [-85.842827, 36.282152], [-85.843188, 36.282158], [-85.843287, 36.282074], [-85.843365, 36.281953], [-85.843135, 36.281819], [-85.844882, 36.281221], [-85.845133, 36.281236], [-85.84728, 36.281669], [-85.84853, 36.282411], [-85.847754, 36.283389], [-85.847747, 36.283324], [-85.847657, 36.283284], [-85.846982, 36.283395], [-85.846802, 36.283383], [-85.846651, 36.283321], [-85.846545, 36.283448], [-85.846623, 36.283598], [-85.846941, 36.283914], [-85.847006, 36.284113], [-85.847034, 36.285174], [-85.847432, 36.285769], [-85.848284, 36.286449], [-85.849337, 36.286783], [-85.85112, 36.286502], [-85.852463, 36.286854], [-85.852652, 36.286974], [-85.853705, 36.287909], [-85.853855, 36.288002], [-85.853927, 36.288139], [-85.854456, 36.288507], [-85.855163, 36.288739], [-85.855458, 36.288975], [-85.85548, 36.289071], [-85.854768, 36.289631], [-85.854072, 36.290081], [-85.854056, 36.289714], [-85.853935, 36.289504], [-85.853833, 36.289452], [-85.853775, 36.28936], [-85.853647, 36.289325], [-85.853601, 36.289226], [-85.853474, 36.289189], [-85.853424, 36.289094], [-85.853255, 36.288956], [-85.853134, 36.288918], [-85.852987, 36.288696], [-85.852963, 36.288405], [-85.853107, 36.288304], [-85.853244, 36.288343], [-85.853296, 36.288263], [-85.853093, 36.288109], [-85.852969, 36.288089], [-85.852927, 36.287988], [-85.852147, 36.28745], [-85.851899, 36.287401], [-85.851621, 36.287496], [-85.851454, 36.287776], [-85.851038, 36.288014], [-85.851042, 36.288131], [-85.851189, 36.288293], [-85.851774, 36.288645], [-85.851992, 36.28888], [-85.851998, 36.288962], [-85.851886, 36.289202], [-85.851678, 36.28933], [-85.851662, 36.289508], [-85.851596, 36.289596], [-85.851395, 36.289675], [-85.851274, 36.289603], [-85.851112, 36.289586], [-85.850748, 36.289351], [-85.850607, 36.28931], [-85.850554, 36.289219], [-85.850277, 36.289162], [-85.850017, 36.288896], [-85.849921, 36.288945], [-85.85002, 36.2891], [-85.850556, 36.289488], [-85.850866, 36.289786], [-85.850979, 36.289832], [-85.851028, 36.289931], [-85.851151, 36.289969], [-85.851186, 36.290061], [-85.851323, 36.290182], [-85.8517, 36.290484], [-85.851812, 36.290532], [-85.851866, 36.290626], [-85.851976, 36.290676], [-85.852792, 36.291389], [-85.853065, 36.291699], [-85.853194, 36.291749], [-85.853473, 36.2921], [-85.853589, 36.292115], [-85.853724, 36.292382], [-85.854222, 36.292844], [-85.854423, 36.293088], [-85.854521, 36.293143], [-85.854579, 36.293244], [-85.85491, 36.293434], [-85.855657, 36.294149], [-85.855778, 36.294328], [-85.855886, 36.294374], [-85.855937, 36.294472], [-85.856604, 36.295031], [-85.856711, 36.295081], [-85.856753, 36.295156], [-85.856874, 36.295223], [-85.857125, 36.295467], [-85.858078, 36.296172], [-85.858139, 36.29626], [-85.858956, 36.296829], [-85.859079, 36.296874], [-85.859121, 36.296944], [-85.859433, 36.297137], [-85.859484, 36.297213], [-85.859841, 36.297469], [-85.860093, 36.297565], [-85.86018, 36.297653], [-85.860286, 36.297683], [-85.860343, 36.297771], [-85.860781, 36.297968], [-85.86082, 36.298043], [-85.860971, 36.298092], [-85.861048, 36.298192], [-85.861288, 36.298246], [-85.861329, 36.298316], [-85.861547, 36.298444], [-85.861706, 36.29848], [-85.861969, 36.298641], [-85.862127, 36.298664], [-85.862153, 36.298712], [-85.86238, 36.29883], [-85.862477, 36.298748], [-85.862492, 36.298582], [-85.861386, 36.297874], [-85.860704, 36.297344], [-85.860595, 36.297196], [-85.860843, 36.296932], [-85.860367, 36.296381], [-85.859095, 36.295352], [-85.858121, 36.294455], [-85.858099, 36.294328], [-85.859937, 36.292769], [-85.861443, 36.293281], [-85.86143, 36.293358], [-85.861619, 36.293574], [-85.862179, 36.295099], [-85.863353, 36.295667], [-85.863528, 36.295888], [-85.863633, 36.295941], [-85.863984, 36.296285], [-85.864144, 36.296511], [-85.864268, 36.296797], [-85.864579, 36.297106], [-85.8649, 36.297523], [-85.865612, 36.297903], [-85.865692, 36.298111], [-85.865617, 36.298311], [-85.86576, 36.298473], [-85.867553, 36.299436], [-85.867733, 36.299489], [-85.868064, 36.299499], [-85.868125, 36.299578], [-85.868451, 36.299707], [-85.868623, 36.299734], [-85.868661, 36.299835], [-85.868834, 36.299885], [-85.868976, 36.299977], [-85.869136, 36.300005], [-85.869177, 36.300105], [-85.869759, 36.300158], [-85.869661, 36.300072], [-85.869476, 36.300059], [-85.869403, 36.299926], [-85.867865, 36.299189], [-85.867357, 36.298832], [-85.866627, 36.298049], [-85.866178, 36.297639], [-85.865961, 36.297353], [-85.865836, 36.297065], [-85.865435, 36.296661], [-85.865435, 36.296515], [-85.86564, 36.296498], [-85.865965, 36.296565], [-85.866301, 36.296578], [-85.866382, 36.296528], [-85.866368, 36.296373], [-85.866239, 36.296246], [-85.865963, 36.296037], [-85.865739, 36.295945], [-85.866397, 36.295108], [-85.867134, 36.295107], [-85.867132, 36.295424], [-85.867782, 36.296758], [-85.868648, 36.297943], [-85.871146, 36.299804], [-85.872212, 36.300435], [-85.872115, 36.300525], [-85.872065, 36.300651], [-85.872528, 36.301338], [-85.873945, 36.301469], [-85.874903, 36.301229], [-85.875466, 36.301262], [-85.877496, 36.301267], [-85.878742, 36.300852], [-85.879136, 36.30051], [-85.879141, 36.300462], [-85.879187, 36.300479], [-85.879727, 36.30012], [-85.87985, 36.300077], [-85.880544, 36.29956], [-85.881193, 36.299006], [-85.881212, 36.298877], [-85.881416, 36.298482], [-85.881559, 36.298252], [-85.881776, 36.298029], [-85.881934, 36.297652], [-85.882137, 36.29742], [-85.883071, 36.296982], [-85.883606, 36.29668], [-85.883779, 36.296547], [-85.884221, 36.295852], [-85.884406, 36.295676], [-85.885209, 36.295067], [-85.885678, 36.294858], [-85.885779, 36.294756], [-85.885879, 36.294438], [-85.886415, 36.293917], [-85.886725, 36.293376], [-85.887253, 36.292889], [-85.887396, 36.292646], [-85.887547, 36.291989], [-85.887774, 36.291333], [-85.887958, 36.291001], [-85.888009, 36.290832], [-85.887923, 36.29055], [-85.888013, 36.289402], [-85.887974, 36.289278], [-85.887857, 36.289193], [-85.887701, 36.289151], [-85.887599, 36.289305], [-85.887635, 36.289541], [-85.887513, 36.289575], [-85.887382, 36.289535], [-85.887278, 36.289715], [-85.887124, 36.289871], [-85.88675, 36.289767], [-85.886871, 36.289548], [-85.886873, 36.289441], [-85.887032, 36.289294], [-85.887175, 36.288793], [-85.887284, 36.288631], [-85.887435, 36.288232], [-85.887362, 36.286979], [-85.887454, 36.286492], [-85.887229, 36.286011], [-85.886944, 36.285648], [-85.886829, 36.285557], [-85.88636, 36.28555], [-85.886294, 36.285509], [-85.886252, 36.28534], [-85.886328, 36.284778], [-85.886299, 36.284324], [-85.886245, 36.284128], [-85.885666, 36.283343], [-85.885077, 36.282347], [-85.884451, 36.281534], [-85.883168, 36.280028], [-85.882707, 36.2794], [-85.88244, 36.279108], [-85.88193, 36.278925], [-85.881621, 36.27887], [-85.880843, 36.278836], [-85.880726, 36.279039], [-85.880709, 36.279276], [-85.88065, 36.279343], [-85.88045, 36.279411], [-85.880307, 36.279404], [-85.880157, 36.279329], [-85.880107, 36.27914], [-85.880149, 36.278991], [-85.880117, 36.278368], [-85.879961, 36.278118], [-85.879799, 36.278083], [-85.879357, 36.277893], [-85.879016, 36.277515], [-85.8787, 36.277241], [-85.87818, 36.276925], [-85.877235, 36.276211], [-85.876448, 36.275354], [-85.87547, 36.27452], [-85.874299, 36.273299], [-85.874203, 36.273091], [-85.873818, 36.272641], [-85.873523, 36.272402], [-85.873073, 36.271859], [-85.873013, 36.271715], [-85.872473, 36.27106], [-85.872483, 36.270893], [-85.872372, 36.270741], [-85.87231, 36.270489], [-85.87218, 36.270322], [-85.87204, 36.269995], [-85.871895, 36.269854], [-85.871887, 36.269509], [-85.871817, 36.269406], [-85.871781, 36.269147], [-85.871707, 36.268984], [-85.871658, 36.268292], [-85.871545, 36.26808], [-85.871473, 36.267576], [-85.871362, 36.267417], [-85.871293, 36.26696], [-85.871199, 36.26686], [-85.871227, 36.266723], [-85.871192, 36.26628], [-85.871127, 36.266124], [-85.871148, 36.264868], [-85.871038, 36.264587], [-85.870886, 36.263489], [-85.87082, 36.263411], [-85.870723, 36.263413], [-85.870693, 36.26335], [-85.870784, 36.263237], [-85.870792, 36.263126], [-85.870757, 36.262323], [-85.870821, 36.261197], [-85.870823, 36.259444], [-85.870839, 36.259008], [-85.870913, 36.258867], [-85.870897, 36.258655], [-85.8708, 36.258383], [-85.870824, 36.258184], [-85.870915, 36.257868], [-85.871052, 36.257623], [-85.871096, 36.257393], [-85.871542, 36.25633], [-85.87182, 36.255835], [-85.871881, 36.255597], [-85.872015, 36.255382], [-85.872067, 36.255134], [-85.872159, 36.254996], [-85.872221, 36.254521], [-85.872102, 36.253714], [-85.871893, 36.253452], [-85.871811, 36.253125], [-85.871714, 36.253007], [-85.872078, 36.252837], [-85.872196, 36.252838], [-85.872274, 36.252797], [-85.872307, 36.252817], [-85.872384, 36.253076], [-85.872486, 36.253102], [-85.872569, 36.253231], [-85.872687, 36.253295], [-85.872738, 36.253474], [-85.872855, 36.253543], [-85.872869, 36.253703], [-85.872788, 36.253835], [-85.872846, 36.253884], [-85.872904, 36.253827], [-85.873183, 36.253769], [-85.873251, 36.253682], [-85.873396, 36.253619], [-85.87371, 36.253372], [-85.873863, 36.253327], [-85.874283, 36.253089], [-85.87504, 36.25258], [-85.876202, 36.252042], [-85.876888, 36.251791], [-85.877537, 36.251496], [-85.877701, 36.251538], [-85.878375, 36.251449], [-85.878667, 36.251444], [-85.880093, 36.251481], [-85.880898, 36.251462], [-85.881722, 36.251502], [-85.883189, 36.25145], [-85.883471, 36.251407], [-85.88355, 36.251365], [-85.883674, 36.251184], [-85.883729, 36.251164], [-85.883813, 36.251269], [-85.883799, 36.251378], [-85.88414, 36.251471], [-85.885677, 36.251629], [-85.886294, 36.251626], [-85.886511, 36.251569], [-85.886565, 36.25133], [-85.886634, 36.251209], [-85.886692, 36.251187], [-85.886752, 36.251219], [-85.886785, 36.251358], [-85.886907, 36.251538], [-85.887253, 36.251626], [-85.887392, 36.251709], [-85.887518, 36.251719], [-85.887583, 36.251684], [-85.887662, 36.251726], [-85.887782, 36.251722], [-85.888885, 36.251996], [-85.888983, 36.252042], [-85.889145, 36.252208], [-85.890094, 36.252663], [-85.890341, 36.25274], [-85.89045, 36.252822], [-85.89084, 36.252971], [-85.891234, 36.253236], [-85.891598, 36.253428], [-85.892352, 36.253717], [-85.892597, 36.253897], [-85.893161, 36.254227], [-85.893236, 36.254303], [-85.89413, 36.254711], [-85.894476, 36.254833], [-85.894742, 36.254727], [-85.894849, 36.254522], [-85.895444, 36.253887], [-85.895461, 36.253482], [-85.895519, 36.253409], [-85.89548, 36.253094], [-85.895806, 36.25339], [-85.896248, 36.253449], [-85.896402, 36.253416], [-85.896455, 36.253656], [-85.89629, 36.253727], [-85.896178, 36.253944], [-85.896058, 36.254373], [-85.895973, 36.254429], [-85.895902, 36.254586], [-85.895829, 36.254616], [-85.895738, 36.254839], [-85.895651, 36.254887], [-85.895612, 36.254962], [-85.895565, 36.255194], [-85.895639, 36.255371], [-85.896024, 36.255609], [-85.896094, 36.255694], [-85.896258, 36.25576], [-85.89679, 36.256174], [-85.896827, 36.256257], [-85.896917, 36.256299], [-85.896976, 36.256385], [-85.897295, 36.256576], [-85.89751, 36.256786], [-85.898248, 36.257348], [-85.898424, 36.25741], [-85.898607, 36.257536], [-85.898842, 36.257776], [-85.89934, 36.258137], [-85.899582, 36.258201], [-85.899805, 36.258328], [-85.899961, 36.258354], [-85.900311, 36.258283], [-85.900603, 36.258078], [-85.900674, 36.258117], [-85.900728, 36.258526], [-85.900828, 36.258633], [-85.900864, 36.258748], [-85.90098, 36.258796], [-85.901009, 36.258898], [-85.901141, 36.258925], [-85.901185, 36.258997], [-85.901334, 36.259054], [-85.901391, 36.259123], [-85.902402, 36.259735], [-85.902671, 36.259954], [-85.903121, 36.260678], [-85.905613, 36.263057], [-85.906373, 36.263505], [-85.906726, 36.263758], [-85.907783, 36.265225], [-85.908666, 36.266187], [-85.909106, 36.266966], [-85.909269, 36.267142], [-85.910905, 36.2697], [-85.911042, 36.269969], [-85.911349, 36.270327], [-85.911778, 36.270516], [-85.912023, 36.270566], [-85.912269, 36.270775], [-85.912844, 36.272216], [-85.912943, 36.272854], [-85.913137, 36.273369], [-85.913812, 36.274238], [-85.914886, 36.277956], [-85.915189, 36.278765], [-85.915652, 36.282963], [-85.915914, 36.28392], [-85.915804, 36.285241], [-85.91584, 36.287106], [-85.915923, 36.288374], [-85.916442, 36.289796], [-85.916884, 36.290192], [-85.917252, 36.290328], [-85.917902, 36.290715], [-85.917281, 36.291944], [-85.917128, 36.29234], [-85.917064, 36.293844], [-85.917204, 36.295253], [-85.917831, 36.296878], [-85.919126, 36.298509], [-85.919262, 36.29874], [-85.920205, 36.299543], [-85.920686, 36.299869], [-85.920967, 36.30029], [-85.921195, 36.300895], [-85.9215, 36.301248], [-85.922054, 36.301749], [-85.925059, 36.303937], [-85.925616, 36.304263], [-85.926225, 36.304414], [-85.926659, 36.304472], [-85.926918, 36.304464], [-85.927002, 36.304405], [-85.927078, 36.30428], [-85.927081, 36.304083], [-85.927114, 36.304079], [-85.927244, 36.304147], [-85.927747, 36.304584], [-85.928007, 36.304714], [-85.929011, 36.305002], [-85.92976, 36.305052], [-85.931344, 36.304854], [-85.93181, 36.304706], [-85.932876, 36.304462], [-85.933271, 36.304309], [-85.933443, 36.304279], [-85.933697, 36.30427], [-85.934134, 36.304345], [-85.935934, 36.304019], [-85.936476, 36.303963], [-85.936692, 36.303861], [-85.936967, 36.303417], [-85.937017, 36.30292], [-85.937198, 36.302507], [-85.937482, 36.302188], [-85.937699, 36.302041], [-85.938051, 36.302017], [-85.938262, 36.301932], [-85.938394, 36.30195], [-85.938673, 36.302117], [-85.938823, 36.302122], [-85.939726, 36.301565], [-85.940197, 36.301398], [-85.940345, 36.301263], [-85.940833, 36.30106], [-85.94118, 36.300811], [-85.941494, 36.300668], [-85.942015, 36.300557], [-85.942408, 36.30035], [-85.942932, 36.300318], [-85.943125, 36.300239], [-85.943655, 36.299922], [-85.943812, 36.299763], [-85.943803, 36.299516], [-85.944117, 36.299524], [-85.944284, 36.299572], [-85.944451, 36.299469], [-85.94451, 36.299326], [-85.944873, 36.299246], [-85.945021, 36.299159], [-85.945108, 36.299039], [-85.94508, 36.298587], [-85.945264, 36.298515], [-85.945698, 36.298445], [-85.945712, 36.298099], [-85.945648, 36.297991], [-85.945681, 36.297846], [-85.945633, 36.29783], [-85.945677, 36.297808], [-85.945719, 36.29757], [-85.946034, 36.297093], [-85.946053, 36.296974], [-85.945651, 36.296608], [-85.945572, 36.296433], [-85.945595, 36.296226], [-85.945553, 36.2959], [-85.94535, 36.295471], [-85.945356, 36.295073], [-85.945236, 36.294765], [-85.945015, 36.294679], [-85.944995, 36.294544], [-85.944667, 36.294313], [-85.944601, 36.294124], [-85.944357, 36.293968], [-85.944221, 36.293793], [-85.944211, 36.293676], [-85.944102, 36.29351], [-85.943938, 36.293467], [-85.943722, 36.29334], [-85.943599, 36.292941], [-85.943479, 36.292901], [-85.943336, 36.292767], [-85.943284, 36.29276], [-85.943242, 36.292582], [-85.943303, 36.292456], [-85.943266, 36.292376], [-85.943591, 36.291914], [-85.943269, 36.29156]]}, "properties": {"OBJECTID": 2016, "Value_of_Depth_Contour": "2.74", "Scale_Minimum": 18750, "Source_Date": "20040930", "Source_Indication": "US,U3,USACE,LRN_GIS", "Source_Dataset": "U37CR307.000", "Feature_ID": "U3 1392990338 00001"}}, {"type": "Feature", "id": 2017, "geometry": {"type": "LineString", "coordinates": [[-85.944048, 36.241661], [-85.943643, 36.241412], [-85.943568, 36.241318], [-85.943345, 36.241245], [-85.943027, 36.240973], [-85.942527, 36.240673], [-85.942371, 36.240544], [-85.941159, 36.24015], [-85.940537, 36.240163], [-85.939642, 36.240315], [-85.939476, 36.240414], [-85.93932, 36.240449], [-85.939127, 36.240571], [-85.938966, 36.240619], [-85.938806, 36.240704], [-85.93876, 36.240762], [-85.938508, 36.240833], [-85.938288, 36.240966], [-85.938137, 36.241001], [-85.93778, 36.24124], [-85.937647, 36.241272], [-85.937277, 36.241524], [-85.937138, 36.24157], [-85.935169, 36.242923], [-85.934462, 36.243298], [-85.933696, 36.243837], [-85.932391, 36.24483], [-85.931863, 36.245155], [-85.93067, 36.246042], [-85.93052, 36.246073], [-85.930491, 36.246179], [-85.929438, 36.247099], [-85.927604, 36.249225], [-85.927321, 36.249496], [-85.927125, 36.24977], [-85.92687, 36.25002], [-85.926778, 36.250196], [-85.926603, 36.250337], [-85.925862, 36.251392], [-85.925734, 36.25167], [-85.925625, 36.251814], [-85.925558, 36.252096], [-85.925416, 36.252354], [-85.925389, 36.252629], [-85.92525, 36.252771], [-85.925268, 36.252898], [-85.925226, 36.253102], [-85.92509, 36.253321], [-85.925063, 36.25359], [-85.924954, 36.253862], [-85.924881, 36.254303], [-85.924791, 36.254586], [-85.924727, 36.255233], [-85.924662, 36.255394], [-85.924619, 36.255919], [-85.924644, 36.256838], [-85.924747, 36.257544], [-85.924798, 36.258366], [-85.924782, 36.260853], [-85.924683, 36.262316], [-85.924479, 36.263671], [-85.924211, 36.264998], [-85.924208, 36.26582], [-85.924144, 36.266483], [-85.924246, 36.267722], [-85.924262, 36.268963], [-85.924356, 36.269109], [-85.924431, 36.269531], [-85.924453, 36.270424], [-85.924577, 36.270589], [-85.92464, 36.271383], [-85.924716, 36.271565], [-85.924795, 36.273085], [-85.925135, 36.274481], [-85.925763, 36.275512], [-85.925989, 36.27561], [-85.926018, 36.27571], [-85.92609, 36.275803], [-85.926357, 36.276003], [-85.926414, 36.276083], [-85.926502, 36.276129], [-85.927008, 36.276575], [-85.927379, 36.276815], [-85.927741, 36.2771], [-85.927901, 36.277154], [-85.928221, 36.277374], [-85.928422, 36.277428], [-85.928592, 36.277535], [-85.928827, 36.277571], [-85.928851, 36.277687], [-85.929056, 36.277705], [-85.930075, 36.278204], [-85.930227, 36.278219], [-85.930408, 36.278322], [-85.93122, 36.27861], [-85.931433, 36.278761], [-85.931795, 36.279132], [-85.931915, 36.279187], [-85.931938, 36.27931], [-85.932144, 36.279381], [-85.932442, 36.279586], [-85.932561, 36.27963], [-85.932585, 36.279747], [-85.932703, 36.279793], [-85.932766, 36.279875], [-85.93308, 36.280032], [-85.933126, 36.280133], [-85.933346, 36.280231], [-85.933721, 36.280477], [-85.935151, 36.281735], [-85.935298, 36.281807], [-85.935335, 36.281916], [-85.935471, 36.281944], [-85.935507, 36.282052], [-85.935863, 36.282312], [-85.936311, 36.282714], [-85.936659, 36.283115], [-85.936819, 36.283186], [-85.936839, 36.283309], [-85.936946, 36.283362], [-85.937102, 36.283508], [-85.937189, 36.283671], [-85.937324, 36.283806], [-85.937539, 36.28398], [-85.937659, 36.284019], [-85.937687, 36.284144], [-85.937838, 36.284349], [-85.938324, 36.284781], [-85.938398, 36.28493], [-85.938534, 36.284958], [-85.938567, 36.285068], [-85.938712, 36.285082], [-85.939109, 36.285305], [-85.93961, 36.28573], [-85.939663, 36.285824], [-85.939775, 36.285875], [-85.939844, 36.285996], [-85.940491, 36.286502], [-85.941687, 36.287514], [-85.94198, 36.2878], [-85.942958, 36.288589], [-85.942996, 36.288683], [-85.943456, 36.289158], [-85.943279, 36.289411], [-85.943251, 36.28953], [-85.943185, 36.289625], [-85.943196, 36.289701], [-85.9431, 36.289774], [-85.943011, 36.289793], [-85.942901, 36.289756], [-85.942649, 36.289592], [-85.942571, 36.289442], [-85.9425, 36.289156], [-85.942423, 36.289095], [-85.9424, 36.289008], [-85.942079, 36.288682], [-85.942027, 36.288584], [-85.941673, 36.288319], [-85.941601, 36.28832], [-85.941528, 36.288408], [-85.941515, 36.288452], [-85.941545, 36.288484], [-85.941506, 36.288516], [-85.94149, 36.288631], [-85.941422, 36.288632], [-85.941391, 36.288556], [-85.941062, 36.288621], [-85.9412, 36.28885]]}, "properties": {"OBJECTID": 2017, "Value_of_Depth_Contour": "2.74", "Scale_Minimum": 18750, "Source_Date": "20040930", "Source_Indication": "US,U3,USACE,LRN_GIS", "Source_Dataset": "U37CR307.000", "Feature_ID": "U3 1392990430 00001"}}, {"type": "Feature", "id": 2018, "geometry": {"type": "LineString", "coordinates": [[-85.966667, 36.268467], [-85.965978, 36.26823], [-85.965843, 36.26821], [-85.965627, 36.268097], [-85.964694, 36.267795], [-85.96425, 36.267602], [-85.964165, 36.267527], [-85.963891, 36.267469], [-85.963811, 36.267405], [-85.963534, 36.267342], [-85.963332, 36.267237], [-85.963156, 36.267082], [-85.962509, 36.266389], [-85.962404, 36.266196], [-85.962171, 36.265973], [-85.962139, 36.265838], [-85.962007, 36.265695], [-85.961984, 36.265579], [-85.96156, 36.264916], [-85.961414, 36.264564], [-85.961294, 36.264417], [-85.961236, 36.264251], [-85.961162, 36.264192], [-85.961129, 36.264082], [-85.960992, 36.263908], [-85.960952, 36.263773], [-85.960817, 36.263638], [-85.960789, 36.263503], [-85.960653, 36.263358], [-85.96059, 36.263091], [-85.960478, 36.262951], [-85.960394, 36.262643], [-85.960305, 36.262544], [-85.960282, 36.262402], [-85.960153, 36.262182], [-85.960119, 36.261992], [-85.959976, 36.26173], [-85.959929, 36.261434], [-85.959809, 36.261298], [-85.959779, 36.260905], [-85.959619, 36.260763], [-85.959578, 36.260341], [-85.959456, 36.260201], [-85.959407, 36.259794], [-85.959279, 36.259646], [-85.95919, 36.259394]]}, "properties": {"OBJECTID": 2018, "Value_of_Depth_Contour": "2.74", "Scale_Minimum": 18750, "Source_Date": "20040930", "Source_Indication": "US,U3,USACE,LRN_GIS", "Source_Dataset": "U37CR307.000", "Feature_ID": "U3 1392991981 00001"}}, {"type": "Feature", "id": 2019, "geometry": {"type": "LineString", "coordinates": [[-85.966667, 36.267953], [-85.966559, 36.267941], [-85.966434, 36.267839], [-85.966246, 36.267808], [-85.965744, 36.267611], [-85.965568, 36.267586], [-85.965404, 36.267521], [-85.965363, 36.267549], [-85.965278, 36.267534], [-85.965237, 36.267475], [-85.964392, 36.267069], [-85.964241, 36.267037], [-85.964191, 36.266984], [-85.963745, 36.266754], [-85.963451, 36.266451], [-85.963356, 36.266254], [-85.963289, 36.266183], [-85.963194, 36.266101], [-85.963079, 36.266064], [-85.963035, 36.265967], [-85.96303, 36.265831], [-85.962842, 36.265645], [-85.962763, 36.265625], [-85.96269, 36.265552], [-85.962641, 36.265431], [-85.962453, 36.265207], [-85.962087, 36.264601], [-85.96201, 36.26432], [-85.961947, 36.264246], [-85.961921, 36.264117], [-85.961794, 36.263946], [-85.961706, 36.263761], [-85.961691, 36.263636], [-85.961541, 36.263492], [-85.961511, 36.26322], [-85.96138, 36.263082], [-85.961354, 36.262925], [-85.961225, 36.262797], [-85.961166, 36.262533], [-85.961057, 36.2625], [-85.961006, 36.262246], [-85.960878, 36.262121], [-85.960852, 36.261832], [-85.960694, 36.261557], [-85.960657, 36.261339], [-85.96054, 36.261149], [-85.96049, 36.260883], [-85.96036, 36.260606], [-85.960144, 36.259995], [-85.960041, 36.259498]]}, "properties": {"OBJECTID": 2019, "Value_of_Depth_Contour": "2.74", "Scale_Minimum": 18750, "Source_Date": "20040930", "Source_Indication": "US,U3,USACE,LRN_GIS", "Source_Dataset": "U37CR307.000", "Feature_ID": "U3 1392991982 00001"}}]}