{"type": "FeatureCollection", "features": [{"type": "Feature", "id": 662, "geometry": {"type": "Polygon", "coordinates": [[[-86.672116, 36.308945], [-86.67197, 36.308738], [-86.671659, 36.308478], [-86.671656, 36.30845], [-86.671714, 36.30844], [-86.671561, 36.308246], [-86.671136, 36.307916], [-86.671057, 36.307812], [-86.670775, 36.307691], [-86.67061, 36.307577], [-86.670559, 36.307534], [-86.670561, 36.30746], [-86.670518, 36.307397], [-86.670086, 36.306991], [-86.66975, 36.306716], [-86.669553, 36.306619], [-86.669418, 36.306378], [-86.669133, 36.306119], [-86.668966, 36.305891], [-86.668849, 36.305837], [-86.668581, 36.305465], [-86.668377, 36.30527], [-86.667608, 36.304636], [-86.667332, 36.304507], [-86.666741, 36.304087], [-86.666533, 36.30384], [-86.666603, 36.303447], [-86.666573, 36.303336], [-86.666611, 36.303213], [-86.666808, 36.303046], [-86.667102, 36.302724], [-86.667572, 36.302362], [-86.667862, 36.302254], [-86.668122, 36.302345], [-86.668236, 36.302341], [-86.668425, 36.302433], [-86.668727, 36.302406], [-86.668927, 36.302341], [-86.669145, 36.302193], [-86.669525, 36.302043], [-86.670078, 36.301768], [-86.669723, 36.301638], [-86.669483, 36.301832], [-86.669275, 36.301928], [-86.669217, 36.301993], [-86.669108, 36.302019], [-86.668911, 36.302136], [-86.668569, 36.30224], [-86.668164, 36.302212], [-86.667762, 36.30212], [-86.667434, 36.302239], [-86.667098, 36.302574], [-86.666797, 36.302813], [-86.666684, 36.302982], [-86.666479, 36.303191], [-86.666442, 36.303359], [-86.666468, 36.303457], [-86.666415, 36.303687], [-86.666439, 36.303934], [-86.666475, 36.304006], [-86.666617, 36.304124], [-86.666662, 36.304214], [-86.666774, 36.304321], [-86.666895, 36.304373], [-86.667093, 36.304544], [-86.667303, 36.304651], [-86.667658, 36.304895], [-86.668191, 36.305367], [-86.668288, 36.305501], [-86.668421, 36.305568], [-86.668744, 36.305969], [-86.6689, 36.306089], [-86.669413, 36.306652], [-86.670073, 36.30722], [-86.670157, 36.307326], [-86.670399, 36.307485], [-86.670579, 36.307684], [-86.670877, 36.307939], [-86.670992, 36.30797], [-86.671165, 36.308122], [-86.67136, 36.308205], [-86.671402, 36.308284], [-86.67135, 36.308338], [-86.671357, 36.308369], [-86.671704, 36.308695], [-86.671929, 36.308988], [-86.672116, 36.308945]]]}, "properties": {"OBJECTID": 662, "Object_Name": "Manskers Creek", "Information": "", "Scale_Minimum": 60000, "Source_Date": "20050408", "Source_Indication": "US,U3,USACE,LRN_GIS_Data", "Source_Dataset": "U37CR149.000", "Feature_ID": "U3 1392973044 00001"}}, {"type": "Feature", "id": 663, "geometry": {"type": "Polygon", "coordinates": [[[-86.407951, 36.311077], [-86.406693, 36.310329], [-86.406881, 36.311382], [-86.406824, 36.311671], [-86.406607, 36.311872], [-86.406115, 36.312164], [-86.405924, 36.312384], [-86.405772, 36.312735], [-86.405042, 36.313344], [-86.404669, 36.313528], [-86.404264, 36.313668], [-86.403808, 36.313781], [-86.403221, 36.313864], [-86.403019, 36.313967], [-86.402437, 36.314578], [-86.401151, 36.315779], [-86.401308, 36.315867], [-86.401257, 36.315926], [-86.401335, 36.315874], [-86.401545, 36.315849], [-86.402303, 36.315285], [-86.402458, 36.315095], [-86.402898, 36.314814], [-86.403398, 36.314401], [-86.404942, 36.313751], [-86.405898, 36.313212], [-86.406154, 36.312928], [-86.406201, 36.312803], [-86.406514, 36.312493], [-86.407406, 36.312051], [-86.407889, 36.311369], [-86.407886, 36.311175], [-86.407951, 36.311077]]]}, "properties": {"OBJECTID": 663, "Object_Name": "", "Information": "", "Scale_Minimum": 60000, "Source_Date": "20050412", "Source_Indication": "US,U3,USACE,LRN_GIS", "Source_Dataset": "U37CR221.000", "Feature_ID": "U3 1392981032 00001"}}, {"type": "Feature", "id": 664, "geometry": {"type": "Polygon", "coordinates": [[[-86.365425, 36.359282], [-86.365043, 36.3593], [-86.365113, 36.359424], [-86.365062, 36.359489], [-86.36493, 36.359902], [-86.364937, 36.359971], [-86.365052, 36.360067], [-86.365292, 36.360442], [-86.365747, 36.360829], [-86.365828, 36.360985], [-86.366012, 36.361147], [-86.366079, 36.361261], [-86.366333, 36.361462], [-86.366355, 36.361408], [-86.366312, 36.361185], [-86.366347, 36.361114], [-86.366272, 36.3604], [-86.3662, 36.360126], [-86.365987, 36.359936], [-86.366034, 36.359752], [-86.366016, 36.359704], [-86.365805, 36.359583], [-86.365463, 36.359444], [-86.365425, 36.359282]]]}, "properties": {"OBJECTID": 664, "Object_Name": "", "Information": "", "Scale_Minimum": 60000, "Source_Date": "20050412", "Source_Indication": "US,U3,USACE,LRN_GIS", "Source_Dataset": "U37CR221.000", "Feature_ID": "U3 1392981043 00001"}}, {"type": "Feature", "id": 665, "geometry": {"type": "Polygon", "coordinates": [[[-86.454248, 36.28112], [-86.454572, 36.281227], [-86.454552, 36.28117], [-86.454579, 36.281106], [-86.454694, 36.2811], [-86.456528, 36.281715], [-86.45677, 36.281597], [-86.456868, 36.281515], [-86.456928, 36.281398], [-86.457263, 36.281304], [-86.457893, 36.280918], [-86.458187, 36.280632], [-86.458193, 36.280509], [-86.458129, 36.280359], [-86.45795, 36.280359], [-86.457785, 36.280234], [-86.457759, 36.280162], [-86.457512, 36.280039], [-86.457413, 36.279925], [-86.457207, 36.27986], [-86.457014, 36.279607], [-86.456899, 36.279601], [-86.456803, 36.279491], [-86.456644, 36.279458], [-86.456384, 36.279166], [-86.45564, 36.279126], [-86.45536, 36.279026], [-86.455219, 36.278923], [-86.455185, 36.278835], [-86.455252, 36.278739], [-86.455019, 36.278184], [-86.455008, 36.278069], [-86.455039, 36.277954], [-86.45499, 36.277915], [-86.454973, 36.27782], [-86.454789, 36.277646], [-86.4547, 36.277492], [-86.454659, 36.277251], [-86.454781, 36.27692], [-86.454738, 36.276871], [-86.454752, 36.276752], [-86.454418, 36.276599], [-86.45436, 36.276513], [-86.454423, 36.276388], [-86.45457, 36.276273], [-86.454607, 36.276189], [-86.454321, 36.276121], [-86.4541, 36.275928], [-86.453999, 36.275893], [-86.45399, 36.27585], [-86.453909, 36.275793], [-86.453904, 36.275743], [-86.45394, 36.275719], [-86.453898, 36.275653], [-86.453799, 36.275677], [-86.453719, 36.275639], [-86.453707, 36.275479], [-86.453646, 36.275467], [-86.453498, 36.275543], [-86.453427, 36.275501], [-86.453342, 36.275387], [-86.453234, 36.275386], [-86.453241, 36.275531], [-86.45319, 36.27572], [-86.453027, 36.275997], [-86.452995, 36.276121], [-86.452723, 36.27651], [-86.452496, 36.276582], [-86.452431, 36.276523], [-86.452419, 36.276451], [-86.452423, 36.276226], [-86.452495, 36.275846], [-86.452472, 36.275778], [-86.452316, 36.275477], [-86.452174, 36.275515], [-86.452052, 36.27536], [-86.45187, 36.275408], [-86.45167, 36.275386], [-86.451594, 36.275328], [-86.451537, 36.275141], [-86.451617, 36.274788], [-86.451535, 36.274598], [-86.451379, 36.274526], [-86.451172, 36.274511], [-86.45096, 36.274589], [-86.450938, 36.274692], [-86.450732, 36.27477], [-86.45063, 36.274763], [-86.450394, 36.27464], [-86.450076, 36.274205], [-86.449975, 36.274218], [-86.449849, 36.274186], [-86.449772, 36.274212], [-86.449792, 36.274261], [-86.44955, 36.274296], [-86.449258, 36.274231], [-86.44906, 36.274419], [-86.449112, 36.274758], [-86.449154, 36.274772], [-86.449174, 36.274869], [-86.449269, 36.27499], [-86.449358, 36.275179], [-86.449352, 36.275243], [-86.449423, 36.275358], [-86.449393, 36.275405], [-86.449456, 36.275455], [-86.44952, 36.275642], [-86.449541, 36.275862], [-86.449622, 36.275976], [-86.44961, 36.276083], [-86.449706, 36.276145], [-86.449723, 36.276191], [-86.449739, 36.276284], [-86.449684, 36.276365], [-86.449753, 36.276458], [-86.449836, 36.276498], [-86.449845, 36.276584], [-86.449898, 36.276602], [-86.44988, 36.276671], [-86.449988, 36.27681], [-86.449945, 36.276979], [-86.44999, 36.277166], [-86.450252, 36.277639], [-86.450481, 36.277918], [-86.450683, 36.278271], [-86.450824, 36.278357], [-86.451026, 36.278689], [-86.451779, 36.279553], [-86.452156, 36.279655], [-86.452289, 36.279742], [-86.452566, 36.280013], [-86.452703, 36.280337], [-86.452772, 36.280409], [-86.453785, 36.280751], [-86.454257, 36.280946], [-86.454334, 36.281012], [-86.454309, 36.281095], [-86.454248, 36.28112]], [[-86.449254, 36.27457], [-86.449234, 36.274403], [-86.449408, 36.274434], [-86.449487, 36.274749], [-86.449487, 36.274866], [-86.44943, 36.274884], [-86.449348, 36.274802], [-86.449254, 36.27457]], [[-86.449839, 36.274775], [-86.449889, 36.27454], [-86.449833, 36.274398], [-86.450018, 36.274373], [-86.450106, 36.274532], [-86.449987, 36.274538], [-86.450096, 36.27468], [-86.450164, 36.274945], [-86.450117, 36.275084], [-86.45006, 36.27509], [-86.450069, 36.275313], [-86.450023, 36.275345], [-86.449904, 36.275277], [-86.449863, 36.27516], [-86.44982, 36.274954], [-86.449839, 36.274775]], [[-86.450199, 36.275336], [-86.450212, 36.275238], [-86.45027, 36.275187], [-86.450285, 36.275076], [-86.450253, 36.275066], [-86.450299, 36.274857], [-86.450502, 36.27493], [-86.450483, 36.27515], [-86.450392, 36.275322], [-86.450437, 36.275399], [-86.450513, 36.275422], [-86.450484, 36.275451], [-86.450488, 36.275512], [-86.450373, 36.275599], [-86.450418, 36.275615], [-86.45039, 36.275647], [-86.450399, 36.2757], [-86.450528, 36.275865], [-86.450621, 36.276313], [-86.450677, 36.276346], [-86.450831, 36.276615], [-86.451034, 36.276821], [-86.45097, 36.276848], [-86.450893, 36.276799], [-86.450647, 36.276507], [-86.4506, 36.276493], [-86.450512, 36.276357], [-86.450181, 36.27566], [-86.450189, 36.275606], [-86.450159, 36.275577], [-86.450199, 36.275336]], [[-86.451866, 36.276137], [-86.451771, 36.276183], [-86.451708, 36.276391], [-86.45175, 36.276528], [-86.451812, 36.276596], [-86.451697, 36.276602], [-86.45137, 36.276385], [-86.45095, 36.275813], [-86.450861, 36.27547], [-86.450804, 36.27543], [-86.450786, 36.275357], [-86.450648, 36.275173], [-86.450652, 36.274946], [-86.450864, 36.274905], [-86.451015, 36.274825], [-86.451056, 36.274875], [-86.451137, 36.274835], [-86.451151, 36.274779], [-86.451272, 36.274743], [-86.45146, 36.274804], [-86.451474, 36.274911], [-86.451399, 36.275027], [-86.45141, 36.274894], [-86.451353, 36.274833], [-86.451283, 36.274845], [-86.451245, 36.27498], [-86.451221, 36.2752], [-86.451327, 36.275419], [-86.451611, 36.275617], [-86.452084, 36.27578], [-86.452228, 36.275926], [-86.452188, 36.276136], [-86.452056, 36.276084], [-86.451985, 36.276091], [-86.451961, 36.275983], [-86.451912, 36.275932], [-86.451914, 36.276064], [-86.451866, 36.276137]]]}, "properties": {"OBJECTID": 665, "Object_Name": "", "Information": "", "Scale_Minimum": 60000, "Source_Date": "20050412", "Source_Indication": "US,U3,USACE,LRN_GIS", "Source_Dataset": "U37CR221.000", "Feature_ID": "U3 1392981044 00001"}}, {"type": "Feature", "id": 666, "geometry": {"type": "Polygon", "coordinates": [[[-86.209712, 36.360685], [-86.209929, 36.360601], [-86.209979, 36.360464], [-86.209936, 36.360266], [-86.209953, 36.360231], [-86.210214, 36.360086], [-86.210158, 36.359929], [-86.210162, 36.359802], [-86.210192, 36.359674], [-86.21027, 36.359539], [-86.210238, 36.359392], [-86.210332, 36.35923], [-86.210322, 36.359048], [-86.210424, 36.358712], [-86.210441, 36.358451], [-86.210489, 36.358354], [-86.210427, 36.358229], [-86.210521, 36.358182], [-86.210624, 36.357772], [-86.210676, 36.357718], [-86.210699, 36.357396], [-86.211006, 36.356422], [-86.210957, 36.356376], [-86.211069, 36.356236], [-86.211072, 36.356103], [-86.211019, 36.356026], [-86.211042, 36.355987], [-86.211168, 36.355972], [-86.211187, 36.355842], [-86.210989, 36.355845], [-86.210942, 36.355879], [-86.210823, 36.356311], [-86.210645, 36.356561], [-86.210559, 36.356747], [-86.210341, 36.357537], [-86.210221, 36.357808], [-86.210146, 36.358181], [-86.209979, 36.358589], [-86.20991, 36.358895], [-86.209813, 36.359753], [-86.209695, 36.360227], [-86.209615, 36.360311], [-86.209542, 36.360299], [-86.209712, 36.360685]]]}, "properties": {"OBJECTID": 666, "Object_Name": "", "Information": "", "Scale_Minimum": 60000, "Source_Date": "20050412", "Source_Indication": "US,U3,USACE,LRN_GIS", "Source_Dataset": "U37CR221.000", "Feature_ID": "U3 1392981045 00001"}}, {"type": "Feature", "id": 667, "geometry": {"type": "Polygon", "coordinates": [[[-86.332336, 36.371779], [-86.332327, 36.371686], [-86.332255, 36.371687], [-86.331887, 36.371544], [-86.331666, 36.371373], [-86.331335, 36.371227], [-86.330885, 36.371222], [-86.33064, 36.37132], [-86.330407, 36.371458], [-86.330243, 36.371684], [-86.330145, 36.371708], [-86.329978, 36.371577], [-86.329968, 36.371398], [-86.329881, 36.371253], [-86.32937, 36.370796], [-86.329309, 36.370779], [-86.329135, 36.370883], [-86.329008, 36.370919], [-86.328848, 36.370889], [-86.328827, 36.370757], [-86.32889, 36.370714], [-86.328931, 36.370629], [-86.328839, 36.370401], [-86.32837, 36.369987], [-86.328104, 36.369886], [-86.328024, 36.369782], [-86.327952, 36.369602], [-86.327729, 36.36939], [-86.32756, 36.369295], [-86.327342, 36.369237], [-86.3272, 36.369144], [-86.326979, 36.369085], [-86.326833, 36.368979], [-86.326763, 36.368861], [-86.326435, 36.368577], [-86.326305, 36.368517], [-86.32611, 36.368529], [-86.325963, 36.368629], [-86.325956, 36.368687], [-86.325881, 36.368736], [-86.325736, 36.368751], [-86.32566, 36.368716], [-86.325473, 36.368522], [-86.32558, 36.368408], [-86.32565, 36.368397], [-86.325769, 36.368312], [-86.325865, 36.368156], [-86.325809, 36.368133], [-86.325697, 36.368317], [-86.325536, 36.368375], [-86.325426, 36.368493], [-86.325422, 36.368535], [-86.32549, 36.368637], [-86.325626, 36.368751], [-86.325734, 36.368787], [-86.32594, 36.368751], [-86.326216, 36.368556], [-86.326344, 36.368581], [-86.3266, 36.368786], [-86.326864, 36.369056], [-86.327297, 36.369299], [-86.327522, 36.36936], [-86.327672, 36.369445], [-86.327872, 36.369634], [-86.327942, 36.369809], [-86.328042, 36.369938], [-86.3284, 36.370113], [-86.328763, 36.370438], [-86.328841, 36.370629], [-86.32874, 36.370732], [-86.328765, 36.370943], [-86.328885, 36.370991], [-86.329019, 36.37099], [-86.329182, 36.370945], [-86.329318, 36.370856], [-86.329493, 36.371014], [-86.329519, 36.371073], [-86.329863, 36.371362], [-86.329894, 36.371466], [-86.329877, 36.371619], [-86.329996, 36.37173], [-86.33015, 36.371787], [-86.330303, 36.371741], [-86.330385, 36.371612], [-86.330706, 36.371404], [-86.330934, 36.37132], [-86.331128, 36.371309], [-86.331427, 36.371339], [-86.331654, 36.371456], [-86.331888, 36.371639], [-86.332336, 36.371779]]]}, "properties": {"OBJECTID": 667, "Object_Name": "", "Information": "", "Scale_Minimum": 60000, "Source_Date": "20050412", "Source_Indication": "US,U3,USACE,LRN_GIS", "Source_Dataset": "U37CR221.000", "Feature_ID": "U3 1392981046 00001"}}, {"type": "Feature", "id": 668, "geometry": {"type": "Polygon", "coordinates": [[[-86.355824, 36.273119], [-86.355737, 36.272811], [-86.355197, 36.272877], [-86.354069, 36.272774], [-86.353458, 36.272758], [-86.352595, 36.272795], [-86.352202, 36.27291], [-86.350384, 36.272761], [-86.349842, 36.272562], [-86.349732, 36.272439], [-86.349632, 36.27219], [-86.349601, 36.271806], [-86.349298, 36.271243], [-86.34931, 36.271024], [-86.34927, 36.270863], [-86.349296, 36.270677], [-86.349339, 36.270554], [-86.349438, 36.270462], [-86.349629, 36.270071], [-86.350152, 36.269681], [-86.350399, 36.26955], [-86.350598, 36.269514], [-86.35074, 36.26944], [-86.350881, 36.269224], [-86.351371, 36.268888], [-86.351606, 36.268646], [-86.352127, 36.26823], [-86.352351, 36.267939], [-86.352542, 36.267453], [-86.352741, 36.267107], [-86.352813, 36.267037], [-86.353037, 36.266865], [-86.353347, 36.266692], [-86.353743, 36.266647], [-86.354356, 36.266676], [-86.354769, 36.266381], [-86.354907, 36.26617], [-86.355038, 36.265837], [-86.35504, 36.265591], [-86.354927, 36.26546], [-86.354858, 36.265443], [-86.354757, 36.265309], [-86.354817, 36.265019], [-86.354775, 36.265019], [-86.354687, 36.26514], [-86.354659, 36.265094], [-86.354822, 36.264704], [-86.354929, 36.264584], [-86.354634, 36.26463], [-86.354531, 36.265001], [-86.354527, 36.265341], [-86.354604, 36.265489], [-86.354759, 36.26559], [-86.354817, 36.265719], [-86.35479, 36.265837], [-86.354853, 36.265864], [-86.354861, 36.2659], [-86.354808, 36.26605], [-86.354625, 36.265943], [-86.354627, 36.265987], [-86.354726, 36.266099], [-86.354505, 36.266407], [-86.354418, 36.266449], [-86.354319, 36.266556], [-86.354098, 36.26656], [-86.353787, 36.266513], [-86.353362, 36.26655], [-86.353064, 36.266667], [-86.35265, 36.266913], [-86.352417, 36.267232], [-86.352276, 36.26752], [-86.352226, 36.267748], [-86.352201, 36.267771], [-86.352167, 36.267751], [-86.352149, 36.267912], [-86.352003, 36.268119], [-86.351443, 36.268552], [-86.351162, 36.268723], [-86.350989, 36.268892], [-86.350871, 36.268907], [-86.350585, 36.269223], [-86.350262, 36.269386], [-86.349894, 36.269638], [-86.34973, 36.26964], [-86.349562, 36.269853], [-86.34956, 36.269939], [-86.349342, 36.270153], [-86.349212, 36.270234], [-86.349114, 36.27038], [-86.34908, 36.270667], [-86.349006, 36.270902], [-86.349021, 36.271312], [-86.349174, 36.271829], [-86.34924, 36.271906], [-86.349292, 36.272143], [-86.349383, 36.272274], [-86.349478, 36.272557], [-86.349635, 36.272708], [-86.349952, 36.272846], [-86.35058, 36.272939], [-86.35094, 36.273034], [-86.352146, 36.273162], [-86.35233, 36.273121], [-86.352495, 36.273162], [-86.352665, 36.273107], [-86.353209, 36.273052], [-86.353485, 36.273078], [-86.354073, 36.27305], [-86.354549, 36.273138], [-86.355134, 36.273175], [-86.355824, 36.273119]], [[-86.35014, 36.269606], [-86.350119, 36.269635], [-86.350047, 36.269664], [-86.35014, 36.269606]], [[-86.350331, 36.269467], [-86.350351, 36.269475], [-86.35029, 36.269531], [-86.350219, 36.269556], [-86.350331, 36.269467]], [[-86.349428, 36.271831], [-86.349442, 36.2718], [-86.349491, 36.271796], [-86.349527, 36.271833], [-86.349521, 36.27188], [-86.349428, 36.271831]], [[-86.350589, 36.269342], [-86.350722, 36.269312], [-86.350682, 36.269397], [-86.350511, 36.269419], [-86.350589, 36.269342]]]}, "properties": {"OBJECTID": 668, "Object_Name": "Bartons Creek", "Information": "", "Scale_Minimum": 60000, "Source_Date": "20050412", "Source_Indication": "US,U3,USACE,LRN_GIS", "Source_Dataset": "U37CR221.000", "Feature_ID": "U3 1392981048 00001"}}, {"type": "Feature", "id": 669, "geometry": {"type": "Polygon", "coordinates": [[[-86.320126, 36.318164], [-86.319382, 36.31806], [-86.31947, 36.318151], [-86.319499, 36.318332], [-86.319453, 36.31846], [-86.319279, 36.318647], [-86.3193, 36.318788], [-86.31919, 36.318798], [-86.319047, 36.318878], [-86.318588, 36.318909], [-86.318067, 36.318846], [-86.317708, 36.318646], [-86.317269, 36.318547], [-86.317298, 36.318384], [-86.317197, 36.318309], [-86.317085, 36.318306], [-86.316969, 36.318391], [-86.316863, 36.31841], [-86.316765, 36.318389], [-86.31659, 36.318233], [-86.316551, 36.318238], [-86.316498, 36.318306], [-86.316416, 36.318308], [-86.31618, 36.318182], [-86.315947, 36.318002], [-86.315622, 36.317954], [-86.315217, 36.317987], [-86.314603, 36.31785], [-86.314522, 36.317901], [-86.314567, 36.317975], [-86.31492, 36.318103], [-86.315029, 36.318174], [-86.315092, 36.318393], [-86.315032, 36.318564], [-86.315151, 36.318575], [-86.315487, 36.318458], [-86.315618, 36.318462], [-86.315818, 36.318601], [-86.315866, 36.318731], [-86.3159, 36.318747], [-86.316385, 36.318737], [-86.316701, 36.318894], [-86.316724, 36.31894], [-86.316601, 36.319164], [-86.316513, 36.319225], [-86.316454, 36.31932], [-86.316543, 36.319406], [-86.316929, 36.319499], [-86.316963, 36.319335], [-86.317051, 36.319182], [-86.317173, 36.319004], [-86.31725, 36.318967], [-86.317797, 36.319277], [-86.318456, 36.319521], [-86.318611, 36.319492], [-86.318733, 36.319412], [-86.31884, 36.319415], [-86.318849, 36.319471], [-86.31865, 36.319702], [-86.318625, 36.319811], [-86.318674, 36.320097], [-86.318596, 36.320087], [-86.318428, 36.319983], [-86.318079, 36.32002], [-86.317945, 36.319926], [-86.317803, 36.319898], [-86.317539, 36.320221], [-86.317511, 36.320309], [-86.317543, 36.320379], [-86.317623, 36.320436], [-86.31794, 36.320422], [-86.318099, 36.32051], [-86.318375, 36.320481], [-86.318461, 36.320533], [-86.318583, 36.32077], [-86.318448, 36.321353], [-86.318429, 36.321575], [-86.318471, 36.321661], [-86.31867, 36.321814], [-86.318722, 36.321957], [-86.318767, 36.322352], [-86.318886, 36.322413], [-86.318912, 36.322408], [-86.318931, 36.322271], [-86.319023, 36.32204], [-86.319172, 36.321773], [-86.319249, 36.321519], [-86.319063, 36.321318], [-86.319173, 36.321209], [-86.31923, 36.320991], [-86.319229, 36.320835], [-86.319315, 36.320834], [-86.319526, 36.320903], [-86.31962, 36.321166], [-86.319796, 36.321266], [-86.31986, 36.32108], [-86.320007, 36.320958], [-86.31997, 36.320874], [-86.319737, 36.320824], [-86.319716, 36.320773], [-86.319596, 36.3207], [-86.319367, 36.320412], [-86.319364, 36.320371], [-86.319463, 36.320195], [-86.319474, 36.320113], [-86.3194, 36.319891], [-86.319411, 36.319805], [-86.319742, 36.319415], [-86.319757, 36.319376], [-86.319711, 36.319235], [-86.319898, 36.319165], [-86.320152, 36.318995], [-86.32, 36.318811], [-86.319855, 36.318764], [-86.319867, 36.318654], [-86.320014, 36.318534], [-86.320102, 36.318414], [-86.32009, 36.318298], [-86.320014, 36.318233], [-86.320021, 36.318201], [-86.320126, 36.318164]]]}, "properties": {"OBJECTID": 669, "Object_Name": "", "Information": "", "Scale_Minimum": 60000, "Source_Date": "20050412", "Source_Indication": "US,U3,USACE,LRN_GIS", "Source_Dataset": "U37CR221.000", "Feature_ID": "U3 1392981060 00001"}}, {"type": "Feature", "id": 670, "geometry": {"type": "Polygon", "coordinates": [[[-86.179508, 36.321774], [-86.179255, 36.3218], [-86.179146, 36.321878], [-86.179023, 36.321909], [-86.178591, 36.321889], [-86.178208, 36.321919], [-86.177875, 36.322226], [-86.177797, 36.32217], [-86.17772, 36.322046], [-86.177516, 36.321943], [-86.17739, 36.321928], [-86.177306, 36.321858], [-86.177172, 36.321836], [-86.176752, 36.321499], [-86.176588, 36.321282], [-86.176576, 36.320943], [-86.176608, 36.320894], [-86.176603, 36.320802], [-86.176479, 36.320799], [-86.176536, 36.320909], [-86.176459, 36.321007], [-86.176471, 36.32105], [-86.176435, 36.321124], [-86.176457, 36.321151], [-86.176415, 36.321205], [-86.176404, 36.321336], [-86.176494, 36.321501], [-86.176706, 36.321642], [-86.17702, 36.321916], [-86.177374, 36.322087], [-86.177593, 36.322149], [-86.177642, 36.322206], [-86.177672, 36.322352], [-86.177742, 36.322383], [-86.177852, 36.322405], [-86.177949, 36.322379], [-86.178126, 36.322197], [-86.178393, 36.322071], [-86.179003, 36.322132], [-86.179343, 36.322118], [-86.179508, 36.321774]]]}, "properties": {"OBJECTID": 670, "Object_Name": "", "Information": "", "Scale_Minimum": 60000, "Source_Date": "20050412", "Source_Indication": "US,U3,USACE,LRN_GIS", "Source_Dataset": "U37CR221.000", "Feature_ID": "U3 1392981063 00001"}}, {"type": "Feature", "id": 671, "geometry": {"type": "Polygon", "coordinates": [[[-86.207603, 36.342761], [-86.207686, 36.34269], [-86.208027, 36.342545], [-86.208206, 36.342619], [-86.208383, 36.342548], [-86.20856, 36.342591], [-86.20866, 36.342541], [-86.208788, 36.342566], [-86.208847, 36.342587], [-86.208929, 36.342692], [-86.209232, 36.342737], [-86.209419, 36.342847], [-86.209526, 36.342989], [-86.209632, 36.343058], [-86.210152, 36.343576], [-86.210323, 36.343614], [-86.210427, 36.343527], [-86.210337, 36.343435], [-86.210086, 36.343294], [-86.210194, 36.343331], [-86.210357, 36.343305], [-86.210315, 36.343168], [-86.210126, 36.342949], [-86.210065, 36.342821], [-86.210017, 36.342818], [-86.210049, 36.342776], [-86.210066, 36.342629], [-86.209999, 36.342561], [-86.209696, 36.342402], [-86.209616, 36.342411], [-86.209519, 36.342489], [-86.209416, 36.342493], [-86.208507, 36.342327], [-86.208275, 36.342328], [-86.207786, 36.342418], [-86.207449, 36.342523], [-86.207592, 36.342643], [-86.207603, 36.342761]]]}, "properties": {"OBJECTID": 671, "Object_Name": "Everetts Branch", "Information": "", "Scale_Minimum": 60000, "Source_Date": "20050412", "Source_Indication": "US,U3,USACE,LRN_GIS", "Source_Dataset": "U37CR221.000", "Feature_ID": "U3 1392981064 00001"}}, {"type": "Feature", "id": 672, "geometry": {"type": "Polygon", "coordinates": [[[-86.512502, 36.34958], [-86.511981, 36.349569], [-86.512041, 36.349683], [-86.512347, 36.349988], [-86.51289, 36.35039], [-86.513228, 36.350563], [-86.513312, 36.350668], [-86.513409, 36.350683], [-86.513558, 36.350793], [-86.513988, 36.35091], [-86.514351, 36.350908], [-86.514814, 36.350985], [-86.515051, 36.350975], [-86.515537, 36.351078], [-86.515692, 36.351078], [-86.516147, 36.351184], [-86.516276, 36.351267], [-86.516433, 36.351264], [-86.516626, 36.351151], [-86.516915, 36.350892], [-86.517829, 36.35064], [-86.518073, 36.350514], [-86.518412, 36.350238], [-86.518666, 36.350127], [-86.51939, 36.349909], [-86.521053, 36.349623], [-86.521403, 36.349519], [-86.521464, 36.349528], [-86.52161, 36.349456], [-86.521759, 36.349442], [-86.521872, 36.349367], [-86.52186, 36.349328], [-86.521982, 36.349127], [-86.522157, 36.348989], [-86.522323, 36.348724], [-86.522218, 36.348516], [-86.522051, 36.34841], [-86.521714, 36.348077], [-86.521705, 36.34801], [-86.521761, 36.34799], [-86.522435, 36.348588], [-86.522611, 36.348664], [-86.523158, 36.348739], [-86.523667, 36.348695], [-86.52396, 36.348621], [-86.524328, 36.348365], [-86.524545, 36.348255], [-86.524951, 36.348197], [-86.525372, 36.348267], [-86.525587, 36.348257], [-86.525601, 36.348084], [-86.525104, 36.348031], [-86.524942, 36.347968], [-86.524749, 36.348], [-86.524456, 36.347994], [-86.524177, 36.348109], [-86.523825, 36.348098], [-86.523467, 36.348342], [-86.523279, 36.348247], [-86.522881, 36.348323], [-86.522826, 36.34831], [-86.522838, 36.348225], [-86.523206, 36.348027], [-86.523215, 36.34799], [-86.523105, 36.34794], [-86.522934, 36.347943], [-86.522405, 36.348093], [-86.522307, 36.348102], [-86.522215, 36.348051], [-86.522222, 36.348011], [-86.522452, 36.347918], [-86.523492, 36.347618], [-86.523947, 36.347391], [-86.524661, 36.347117], [-86.524749, 36.347038], [-86.52495, 36.34695], [-86.525177, 36.346761], [-86.525054, 36.346556], [-86.525022, 36.346622], [-86.524797, 36.346756], [-86.524699, 36.346735], [-86.524563, 36.34661], [-86.52448, 36.346658], [-86.524429, 36.34665], [-86.524378, 36.34678], [-86.524077, 36.346888], [-86.523654, 36.347202], [-86.523433, 36.347317], [-86.52283, 36.347493], [-86.522522, 36.347541], [-86.522517, 36.347488], [-86.522889, 36.347238], [-86.522842, 36.347188], [-86.522528, 36.347294], [-86.522414, 36.347299], [-86.522204, 36.347424], [-86.522048, 36.34757], [-86.521975, 36.347577], [-86.521993, 36.347524], [-86.521961, 36.347498], [-86.521843, 36.347517], [-86.521731, 36.347661], [-86.521604, 36.347712], [-86.521658, 36.347817], [-86.521599, 36.347837], [-86.521502, 36.347768], [-86.521399, 36.347636], [-86.521266, 36.3476], [-86.521134, 36.34763], [-86.521132, 36.347678], [-86.521063, 36.347667], [-86.52098, 36.347598], [-86.517521, 36.34848], [-86.517347, 36.348552], [-86.516496, 36.349228], [-86.515868, 36.349584], [-86.515645, 36.349657], [-86.515464, 36.349625], [-86.515312, 36.349523], [-86.515101, 36.349253], [-86.514997, 36.349189], [-86.514846, 36.349149], [-86.514419, 36.349203], [-86.51403, 36.349314], [-86.512752, 36.349813], [-86.512614, 36.349745], [-86.512515, 36.349637], [-86.512502, 36.34958]]]}, "properties": {"OBJECTID": 672, "Object_Name": "West Fork Station Camp Creek", "Information": "", "Scale_Minimum": 60000, "Source_Date": "20050412", "Source_Indication": "US,U3,USACE,LRN_GIS", "Source_Dataset": "U37CR221.000", "Feature_ID": "U3 1392981066 00001"}}, {"type": "Feature", "id": 673, "geometry": {"type": "Polygon", "coordinates": [[[-86.261302, 36.33269], [-86.261156, 36.332489], [-86.260911, 36.332626], [-86.260748, 36.33284], [-86.26061, 36.332856], [-86.260747, 36.332957], [-86.26068, 36.333311], [-86.260712, 36.333609], [-86.260972, 36.334033], [-86.261632, 36.334406], [-86.261929, 36.334382], [-86.262053, 36.334439], [-86.262092, 36.334726], [-86.262139, 36.334691], [-86.26216, 36.33455], [-86.262264, 36.334476], [-86.262963, 36.334597], [-86.263084, 36.334653], [-86.263114, 36.334724], [-86.263043, 36.334816], [-86.262897, 36.334882], [-86.262617, 36.334924], [-86.262421, 36.33504], [-86.261392, 36.335873], [-86.261227, 36.336116], [-86.261116, 36.336381], [-86.261103, 36.336803], [-86.261262, 36.337009], [-86.261346, 36.337196], [-86.261508, 36.337994], [-86.261606, 36.338158], [-86.2618, 36.33829], [-86.262115, 36.338391], [-86.262562, 36.338639], [-86.262902, 36.33889], [-86.263059, 36.339088], [-86.263124, 36.339291], [-86.263155, 36.339543], [-86.263102, 36.339876], [-86.263273, 36.339743], [-86.263323, 36.339597], [-86.26332, 36.339229], [-86.26324, 36.338994], [-86.263355, 36.339086], [-86.263416, 36.339154], [-86.263462, 36.339341], [-86.26342, 36.339848], [-86.263333, 36.340102], [-86.2631, 36.340299], [-86.262787, 36.340334], [-86.261698, 36.340569], [-86.261238, 36.340711], [-86.260576, 36.340855], [-86.260385, 36.340953], [-86.260381, 36.341222], [-86.260531, 36.341627], [-86.2606, 36.341751], [-86.26083, 36.341976], [-86.260874, 36.342309], [-86.260948, 36.34238], [-86.260935, 36.34253], [-86.260989, 36.342786], [-86.260904, 36.343231], [-86.260818, 36.343341], [-86.260613, 36.343457], [-86.260129, 36.343446], [-86.259731, 36.343375], [-86.259515, 36.34339], [-86.25922, 36.343544], [-86.259144, 36.343614], [-86.259206, 36.343651], [-86.259256, 36.343594], [-86.25952, 36.343459], [-86.259646, 36.343434], [-86.259971, 36.343509], [-86.260661, 36.343526], [-86.260745, 36.343495], [-86.261041, 36.343232], [-86.26111, 36.342928], [-86.261089, 36.342649], [-86.260992, 36.342336], [-86.260968, 36.342066], [-86.260661, 36.341596], [-86.260515, 36.3412], [-86.260523, 36.340967], [-86.260647, 36.340902], [-86.261148, 36.340849], [-86.261728, 36.340677], [-86.263155, 36.340401], [-86.263345, 36.340278], [-86.263455, 36.340152], [-86.263591, 36.33978], [-86.26363, 36.33931], [-86.263514, 36.33902], [-86.263378, 36.338902], [-86.262223, 36.338269], [-86.261981, 36.338088], [-86.26174, 36.33778], [-86.261661, 36.337381], [-86.261722, 36.336313], [-86.261916, 36.335789], [-86.262112, 36.335586], [-86.262771, 36.335201], [-86.262976, 36.335115], [-86.263293, 36.335103], [-86.263501, 36.335006], [-86.263649, 36.33482], [-86.263643, 36.33478], [-86.263172, 36.334419], [-86.26188, 36.334006], [-86.261657, 36.334009], [-86.261435, 36.333962], [-86.261185, 36.333824], [-86.261031, 36.333575], [-86.261009, 36.333376], [-86.261132, 36.332811], [-86.261209, 36.332727], [-86.261302, 36.33269]]]}, "properties": {"OBJECTID": 673, "Object_Name": "Rocky Creek", "Information": "", "Scale_Minimum": 60000, "Source_Date": "20050412", "Source_Indication": "US,U3,USACE,LRN_GIS", "Source_Dataset": "U37CR221.000", "Feature_ID": "U3 1392981069 00001"}}, {"type": "Feature", "id": 674, "geometry": {"type": "Polygon", "coordinates": [[[-86.097671, 36.28942], [-86.097825, 36.289267], [-86.098178, 36.288773], [-86.098235, 36.288547], [-86.098253, 36.288425], [-86.098222, 36.288223], [-86.098123, 36.287901], [-86.09797, 36.287645], [-86.098007, 36.287533], [-86.098037, 36.287509], [-86.098315, 36.287605], [-86.09851, 36.287594], [-86.098598, 36.287569], [-86.098724, 36.287352], [-86.098649, 36.287111], [-86.098498, 36.286926], [-86.098628, 36.286665], [-86.098733, 36.286265], [-86.098709, 36.286232], [-86.098481, 36.286152], [-86.098448, 36.286101], [-86.098493, 36.285969], [-86.098677, 36.285713], [-86.098781, 36.285362], [-86.098864, 36.285204], [-86.098857, 36.28449], [-86.098893, 36.284329], [-86.099067, 36.283916], [-86.098995, 36.283781], [-86.098833, 36.283661], [-86.098811, 36.283542], [-86.09901, 36.28336], [-86.099068, 36.283196], [-86.098969, 36.283102], [-86.098862, 36.282907], [-86.098751, 36.282845], [-86.098657, 36.282846], [-86.098581, 36.282766], [-86.098663, 36.282542], [-86.098738, 36.282492], [-86.098954, 36.282444], [-86.0991, 36.28226], [-86.09918, 36.282217], [-86.099272, 36.282233], [-86.099496, 36.282393], [-86.100875, 36.28252], [-86.101237, 36.282692], [-86.101331, 36.282808], [-86.10152, 36.282926], [-86.101917, 36.283098], [-86.102283, 36.283389], [-86.102897, 36.283614], [-86.103475, 36.283702], [-86.104661, 36.284601], [-86.104879, 36.284908], [-86.105102, 36.285013], [-86.105576, 36.285043], [-86.106331, 36.28494], [-86.106592, 36.284932], [-86.106886, 36.284972], [-86.107036, 36.28503], [-86.107108, 36.28513], [-86.107301, 36.28516], [-86.10816, 36.28502], [-86.109059, 36.285133], [-86.109141, 36.285122], [-86.109205, 36.285053], [-86.109317, 36.285043], [-86.109476, 36.284875], [-86.109595, 36.28483], [-86.10976, 36.284878], [-86.110053, 36.28506], [-86.110165, 36.285062], [-86.110292, 36.284981], [-86.110568, 36.284585], [-86.110831, 36.284392], [-86.110802, 36.284365], [-86.110557, 36.284544], [-86.110244, 36.28498], [-86.110135, 36.285034], [-86.110054, 36.285018], [-86.109781, 36.28484], [-86.109616, 36.284793], [-86.109491, 36.284815], [-86.109286, 36.285014], [-86.109208, 36.285016], [-86.109106, 36.28509], [-86.109005, 36.285098], [-86.108344, 36.284984], [-86.108161, 36.28498], [-86.107201, 36.285094], [-86.107144, 36.285088], [-86.107081, 36.285015], [-86.10687, 36.28493], [-86.106594, 36.284876], [-86.105567, 36.284979], [-86.105232, 36.284982], [-86.104883, 36.284828], [-86.10475, 36.284596], [-86.104515, 36.284451], [-86.104171, 36.284185], [-86.104037, 36.284036], [-86.103572, 36.283709], [-86.103379, 36.283639], [-86.103075, 36.283623], [-86.102563, 36.283463], [-86.102257, 36.283302], [-86.101948, 36.283045], [-86.101657, 36.282925], [-86.101336, 36.282698], [-86.100895, 36.282491], [-86.100356, 36.282411], [-86.099807, 36.282392], [-86.09949, 36.282336], [-86.099431, 36.282317], [-86.099339, 36.282172], [-86.099277, 36.282141], [-86.099172, 36.282155], [-86.098902, 36.282367], [-86.098619, 36.282454], [-86.098505, 36.282574], [-86.098452, 36.282711], [-86.09852, 36.282961], [-86.098655, 36.28305], [-86.098814, 36.283097], [-86.098851, 36.28314], [-86.098853, 36.283256], [-86.098751, 36.283417], [-86.098717, 36.283561], [-86.098818, 36.283821], [-86.09893, 36.283937], [-86.098872, 36.284068], [-86.09852, 36.284289], [-86.098469, 36.284446], [-86.098401, 36.284515], [-86.09835, 36.284778], [-86.098466, 36.284968], [-86.098517, 36.285229], [-86.098371, 36.285407], [-86.098374, 36.285569], [-86.098058, 36.285772], [-86.097976, 36.285859], [-86.097868, 36.286074], [-86.097859, 36.286145], [-86.097911, 36.286272], [-86.097964, 36.286321], [-86.098281, 36.286379], [-86.098401, 36.286369], [-86.098186, 36.286699], [-86.098115, 36.286865], [-86.098191, 36.287022], [-86.098322, 36.287182], [-86.09844, 36.287263], [-86.098424, 36.287303], [-86.098283, 36.287361], [-86.097925, 36.287364], [-86.097844, 36.287392], [-86.097757, 36.287513], [-86.097791, 36.287656], [-86.097905, 36.287796], [-86.098083, 36.28816], [-86.098099, 36.288556], [-86.097941, 36.288883], [-86.097552, 36.289247], [-86.097671, 36.28942]]]}, "properties": {"OBJECTID": 674, "Object_Name": "Fall Creek", "Information": "", "Scale_Minimum": 60000, "Source_Date": "20050412", "Source_Indication": "US,U3,USACE,LRN_GIS", "Source_Dataset": "U37CR221.000", "Feature_ID": "U3 1392981076 00001"}}, {"type": "Feature", "id": 675, "geometry": {"type": "Polygon", "coordinates": [[[-86.60964, 36.291177], [-86.609649, 36.291209], [-86.609814, 36.291167], [-86.610329, 36.292195], [-86.610435, 36.292359], [-86.610508, 36.29237], [-86.610702, 36.292263], [-86.611074, 36.29191], [-86.61111, 36.291632], [-86.611165, 36.291534], [-86.611527, 36.291358], [-86.611936, 36.29126], [-86.611977, 36.291197], [-86.611974, 36.291023], [-86.612246, 36.290818], [-86.612165, 36.290794], [-86.612096, 36.290813], [-86.611905, 36.290738], [-86.611585, 36.290737], [-86.611252, 36.290619], [-86.61077, 36.290593], [-86.609655, 36.290702], [-86.609628, 36.290753], [-86.609805, 36.291136], [-86.60964, 36.291177]]]}, "properties": {"OBJECTID": 675, "Object_Name": "", "Information": "", "Scale_Minimum": 60000, "Source_Date": "20050412", "Source_Indication": "US,U3,USACE,LRN_GIS", "Source_Dataset": "U37CR221.000", "Feature_ID": "U3 1392981084 00001"}}, {"type": "Feature", "id": 676, "geometry": {"type": "Polygon", "coordinates": [[[-86.498462, 36.288929], [-86.498441, 36.288978], [-86.498301, 36.28905], [-86.498157, 36.28893], [-86.497995, 36.288721], [-86.497369, 36.288825], [-86.496786, 36.288782], [-86.496324, 36.288622], [-86.495802, 36.288213], [-86.495382, 36.288131], [-86.495019, 36.287966], [-86.494938, 36.287834], [-86.494781, 36.287755], [-86.494563, 36.287741], [-86.494261, 36.287659], [-86.494082, 36.287673], [-86.494012, 36.287592], [-86.493745, 36.287601], [-86.493596, 36.287557], [-86.493547, 36.287575], [-86.493574, 36.287671], [-86.493768, 36.287748], [-86.493829, 36.287948], [-86.493984, 36.287988], [-86.493866, 36.288118], [-86.493865, 36.288157], [-86.493703, 36.288196], [-86.493485, 36.288141], [-86.493213, 36.28812], [-86.492824, 36.288202], [-86.49262, 36.288308], [-86.492511, 36.288512], [-86.492281, 36.288673], [-86.492072, 36.288483], [-86.491901, 36.288413], [-86.491813, 36.288396], [-86.491427, 36.288468], [-86.49139, 36.288431], [-86.491369, 36.288304], [-86.491204, 36.288162], [-86.491257, 36.28805], [-86.491207, 36.287923], [-86.491134, 36.287866], [-86.490868, 36.28779], [-86.49074, 36.287661], [-86.490653, 36.28762], [-86.490451, 36.287605], [-86.489953, 36.28764], [-86.48964, 36.287579], [-86.489393, 36.287333], [-86.489222, 36.287229], [-86.488969, 36.287229], [-86.488823, 36.287115], [-86.48883, 36.287044], [-86.488911, 36.287008], [-86.488957, 36.286907], [-86.488924, 36.286807], [-86.488818, 36.286701], [-86.488426, 36.286514], [-86.488004, 36.28639], [-86.487973, 36.286435], [-86.488563, 36.286643], [-86.488772, 36.286757], [-86.488895, 36.286928], [-86.488876, 36.286968], [-86.48878, 36.287013], [-86.48876, 36.287102], [-86.488785, 36.287163], [-86.488891, 36.287251], [-86.489159, 36.287277], [-86.489389, 36.287423], [-86.489592, 36.28761], [-86.489729, 36.287666], [-86.490098, 36.287702], [-86.490581, 36.287678], [-86.490744, 36.287791], [-86.49098, 36.287873], [-86.491143, 36.287982], [-86.491177, 36.288029], [-86.491128, 36.288155], [-86.491143, 36.288243], [-86.491258, 36.288305], [-86.491297, 36.288458], [-86.491349, 36.288498], [-86.49161, 36.288534], [-86.491725, 36.288486], [-86.491851, 36.288479], [-86.492178, 36.28875], [-86.492283, 36.288803], [-86.492401, 36.288794], [-86.492833, 36.288329], [-86.492905, 36.288294], [-86.493211, 36.288251], [-86.493674, 36.288392], [-86.493844, 36.288354], [-86.494005, 36.28827], [-86.493948, 36.288507], [-86.494011, 36.288826], [-86.494044, 36.288863], [-86.494527, 36.288833], [-86.494845, 36.288975], [-86.495232, 36.289096], [-86.495834, 36.289362], [-86.496239, 36.289627], [-86.496315, 36.289643], [-86.496457, 36.289781], [-86.496443, 36.290065], [-86.496378, 36.290195], [-86.496406, 36.290209], [-86.496475, 36.29021], [-86.496647, 36.290107], [-86.496804, 36.290112], [-86.496961, 36.289983], [-86.497295, 36.28986], [-86.497914, 36.289891], [-86.498054, 36.289975], [-86.498152, 36.290097], [-86.498266, 36.290083], [-86.498342, 36.290018], [-86.498339, 36.289875], [-86.498374, 36.289832], [-86.49866, 36.289659], [-86.498707, 36.289578], [-86.498454, 36.289198], [-86.498555, 36.289093], [-86.498626, 36.289101], [-86.498462, 36.288929]]]}, "properties": {"OBJECTID": 676, "Object_Name": "Lone Branch", "Information": "", "Scale_Minimum": 60000, "Source_Date": "20050412", "Source_Indication": "US,U3,USACE,LRN_GIS", "Source_Dataset": "U37CR221.000", "Feature_ID": "U3 1392981087 00001"}}, {"type": "Feature", "id": 677, "geometry": {"type": "Polygon", "coordinates": [[[-86.057345, 36.281842], [-86.0573, 36.281823], [-86.057162, 36.281607], [-86.057028, 36.281029], [-86.05709, 36.280713], [-86.057265, 36.280362], [-86.057175, 36.280053], [-86.057234, 36.279807], [-86.057167, 36.279694], [-86.057017, 36.279556], [-86.056926, 36.279361], [-86.056976, 36.279227], [-86.057162, 36.279019], [-86.057223, 36.278903], [-86.057078, 36.278772], [-86.056614, 36.278468], [-86.056371, 36.278339], [-86.056147, 36.278306], [-86.056, 36.278395], [-86.055954, 36.278485], [-86.055209, 36.278963], [-86.054492, 36.279551], [-86.054372, 36.279599], [-86.053507, 36.279635], [-86.053012, 36.279693], [-86.052596, 36.279691], [-86.051799, 36.279594], [-86.051525, 36.279512], [-86.050923, 36.279097], [-86.050781, 36.278922], [-86.050746, 36.278786], [-86.050305, 36.278549], [-86.049797, 36.278133], [-86.049393, 36.277976], [-86.049346, 36.277861], [-86.04902, 36.277527], [-86.048606, 36.277265], [-86.048394, 36.277004], [-86.048213, 36.276872], [-86.04807, 36.276593], [-86.047931, 36.276406], [-86.047746, 36.276259], [-86.047319, 36.275826], [-86.047045, 36.275601], [-86.046537, 36.275274], [-86.046329, 36.275179], [-86.046305, 36.275221], [-86.046398, 36.275251], [-86.046995, 36.275618], [-86.047317, 36.275869], [-86.047713, 36.276319], [-86.04787, 36.276409], [-86.047951, 36.276503], [-86.048179, 36.276893], [-86.048354, 36.277019], [-86.048469, 36.277195], [-86.048615, 36.277333], [-86.048966, 36.277529], [-86.049304, 36.277892], [-86.049303, 36.277946], [-86.049358, 36.278008], [-86.049775, 36.278155], [-86.05008, 36.278449], [-86.050626, 36.278822], [-86.050858, 36.279131], [-86.051073, 36.279258], [-86.05155, 36.279649], [-86.051621, 36.279674], [-86.051679, 36.279643], [-86.051904, 36.279647], [-86.05212, 36.279741], [-86.052751, 36.279794], [-86.054372, 36.27968], [-86.05473, 36.279503], [-86.055654, 36.278787], [-86.056, 36.278571], [-86.05614, 36.278437], [-86.056285, 36.278414], [-86.056572, 36.278564], [-86.057086, 36.278925], [-86.057086, 36.278969], [-86.056965, 36.279054], [-86.056814, 36.279275], [-86.056863, 36.279527], [-86.057098, 36.279809], [-86.057056, 36.280066], [-86.057114, 36.280411], [-86.056976, 36.280661], [-86.056958, 36.280834], [-86.056924, 36.280879], [-86.056958, 36.28112], [-86.056941, 36.281232], [-86.056991, 36.281457], [-86.056943, 36.281523], [-86.056951, 36.281557], [-86.057, 36.281571], [-86.057038, 36.281717], [-86.057162, 36.281908], [-86.05721, 36.282092], [-86.057345, 36.281842]]]}, "properties": {"OBJECTID": 677, "Object_Name": "Lost Creek", "Information": "", "Scale_Minimum": 60000, "Source_Date": "20050412", "Source_Indication": "US,U3,USACE,LRN_GIS", "Source_Dataset": "U37CR221.000", "Feature_ID": "U3 1392981092 00001"}}, {"type": "Feature", "id": 678, "geometry": {"type": "Polygon", "coordinates": [[[-86.061405, 36.271472], [-86.060425, 36.271539], [-86.059893, 36.271772], [-86.059411, 36.271925], [-86.058933, 36.272022], [-86.058736, 36.271968], [-86.058289, 36.271717], [-86.057957, 36.27148], [-86.056573, 36.270112], [-86.056002, 36.269369], [-86.056043, 36.269217], [-86.05623, 36.268987], [-86.056077, 36.268925], [-86.055876, 36.269154], [-86.05577, 36.269407], [-86.05594, 36.269501], [-86.056095, 36.269763], [-86.056186, 36.269825], [-86.056632, 36.270359], [-86.056753, 36.270565], [-86.057266, 36.270989], [-86.057833, 36.271574], [-86.058684, 36.272123], [-86.05887, 36.272177], [-86.059804, 36.272], [-86.060365, 36.271777], [-86.060682, 36.271714], [-86.061338, 36.271712], [-86.061405, 36.271472]]]}, "properties": {"OBJECTID": 678, "Object_Name": "Plunkets Creek", "Information": "", "Scale_Minimum": 60000, "Source_Date": "20050412", "Source_Indication": "US,U3,USACE,LRN_GIS", "Source_Dataset": "U37CR221.000", "Feature_ID": "U3 1392981094 00001"}}, {"type": "Feature", "id": 679, "geometry": {"type": "Polygon", "coordinates": [[[-86.571932, 36.245529], [-86.571766, 36.245488], [-86.571745, 36.245428], [-86.572122, 36.24487], [-86.572448, 36.244516], [-86.572696, 36.244301], [-86.573041, 36.244066], [-86.572981, 36.244043], [-86.572878, 36.244078], [-86.572743, 36.244045], [-86.572553, 36.243847], [-86.572518, 36.243716], [-86.572384, 36.243477], [-86.572288, 36.243388], [-86.572267, 36.243273], [-86.571989, 36.243141], [-86.571863, 36.243036], [-86.571892, 36.242641], [-86.571646, 36.242628], [-86.5714, 36.242847], [-86.571321, 36.243009], [-86.571351, 36.243077], [-86.571335, 36.243482], [-86.571181, 36.243865], [-86.571114, 36.243966], [-86.570998, 36.244044], [-86.570919, 36.244237], [-86.570856, 36.244307], [-86.570693, 36.244344], [-86.570455, 36.244301], [-86.57009, 36.244105], [-86.569954, 36.243873], [-86.569844, 36.243807], [-86.568651, 36.243536], [-86.568308, 36.243406], [-86.567668, 36.243083], [-86.566914, 36.242551], [-86.566685, 36.242126], [-86.566359, 36.241801], [-86.566294, 36.241612], [-86.566211, 36.24158], [-86.566065, 36.24134], [-86.565879, 36.241124], [-86.565684, 36.241175], [-86.565475, 36.241097], [-86.565306, 36.240864], [-86.565155, 36.240801], [-86.565067, 36.240807], [-86.564799, 36.240514], [-86.564765, 36.240422], [-86.564724, 36.240409], [-86.564663, 36.240458], [-86.564665, 36.240525], [-86.564735, 36.240641], [-86.56468, 36.240956], [-86.564686, 36.241219], [-86.564933, 36.241464], [-86.565167, 36.241889], [-86.565128, 36.242108], [-86.565366, 36.242223], [-86.565545, 36.24244], [-86.565599, 36.24291], [-86.565509, 36.243086], [-86.565595, 36.243133], [-86.565687, 36.243255], [-86.565915, 36.243376], [-86.566235, 36.243756], [-86.566451, 36.243872], [-86.566592, 36.244124], [-86.566891, 36.244398], [-86.567053, 36.244471], [-86.567736, 36.244599], [-86.568629, 36.244711], [-86.569038, 36.244876], [-86.569724, 36.245416], [-86.57038, 36.24572], [-86.570773, 36.24607], [-86.570855, 36.246168], [-86.570886, 36.246277], [-86.571022, 36.246406], [-86.571094, 36.246381], [-86.571534, 36.245723], [-86.57161, 36.245698], [-86.571756, 36.245783], [-86.571932, 36.245529]]]}, "properties": {"OBJECTID": 679, "Object_Name": "Shutes Branch", "Information": "", "Scale_Minimum": 60000, "Source_Date": "20050412", "Source_Indication": "US,U3,USACE,LRN_GIS", "Source_Dataset": "U37CR221.000", "Feature_ID": "U3 1392981099 00001"}}, {"type": "Feature", "id": 680, "geometry": {"type": "Polygon", "coordinates": [[[-85.966667, 36.251518], [-85.966667, 36.251565], [-85.966734, 36.251594], [-85.967044, 36.251631], [-85.9671, 36.2516], [-85.967211, 36.2516], [-85.967546, 36.251329], [-85.967731, 36.251135], [-85.967765, 36.251055], [-85.967865, 36.250984], [-85.968187, 36.250974], [-85.968244, 36.250914], [-85.967933, 36.250897], [-85.967849, 36.250927], [-85.967638, 36.251116], [-85.967502, 36.2513], [-85.967385, 36.251348], [-85.96729, 36.251452], [-85.967164, 36.251524], [-85.966746, 36.25154], [-85.966667, 36.251518]]]}, "properties": {"OBJECTID": 680, "Object_Name": "Hogans Creek", "Information": "", "Scale_Minimum": 60000, "Source_Date": "20050412", "Source_Indication": "US,U3,USACE,LRN_GIS", "Source_Dataset": "U37CR221.000", "Feature_ID": "U3 1392981100 00001"}}, {"type": "Feature", "id": 681, "geometry": {"type": "Polygon", "coordinates": [[[-86.517286, 36.256687], [-86.517196, 36.256485], [-86.51726, 36.256276], [-86.517196, 36.256271], [-86.51716, 36.256233], [-86.517217, 36.256101], [-86.517204, 36.255953], [-86.517012, 36.255503], [-86.517136, 36.255188], [-86.517001, 36.255096], [-86.516861, 36.25488], [-86.516737, 36.254556], [-86.516571, 36.253879], [-86.51639, 36.253466], [-86.516249, 36.253304], [-86.516215, 36.253306], [-86.516431, 36.254277], [-86.516425, 36.254421], [-86.516639, 36.254831], [-86.516642, 36.254879], [-86.516601, 36.254913], [-86.516366, 36.254491], [-86.515981, 36.253552], [-86.515834, 36.253281], [-86.515633, 36.252979], [-86.515384, 36.252725], [-86.515096, 36.25234], [-86.514859, 36.251934], [-86.514846, 36.251666], [-86.514911, 36.251345], [-86.514707, 36.250548], [-86.51479, 36.250241], [-86.514672, 36.249735], [-86.514127, 36.249308], [-86.513599, 36.249047], [-86.513497, 36.248944], [-86.513393, 36.248897], [-86.513286, 36.24877], [-86.5129, 36.24864], [-86.512824, 36.248542], [-86.512393, 36.248201], [-86.512233, 36.247975], [-86.512252, 36.247659], [-86.512065, 36.247275], [-86.512041, 36.246855], [-86.511895, 36.246614], [-86.511826, 36.246364], [-86.511958, 36.246008], [-86.51195, 36.245822], [-86.511887, 36.245733], [-86.511583, 36.245499], [-86.511307, 36.245207], [-86.511138, 36.244824], [-86.511154, 36.244539], [-86.511456, 36.243982], [-86.5116, 36.243593], [-86.511677, 36.243281], [-86.511449, 36.243307], [-86.511278, 36.243827], [-86.510934, 36.244595], [-86.510905, 36.244848], [-86.510985, 36.245152], [-86.511061, 36.24528], [-86.511667, 36.245674], [-86.511803, 36.245807], [-86.511824, 36.246021], [-86.511694, 36.246214], [-86.511676, 36.246291], [-86.511725, 36.246549], [-86.511839, 36.246786], [-86.511925, 36.247111], [-86.511957, 36.247376], [-86.512033, 36.247544], [-86.512091, 36.248146], [-86.512263, 36.248378], [-86.512681, 36.248636], [-86.512883, 36.248868], [-86.513061, 36.248936], [-86.51359, 36.249268], [-86.513852, 36.249512], [-86.514025, 36.249582], [-86.514104, 36.249664], [-86.514291, 36.249737], [-86.514383, 36.249828], [-86.514533, 36.250347], [-86.514474, 36.25072], [-86.514589, 36.251311], [-86.514583, 36.251444], [-86.514487, 36.25167], [-86.514474, 36.251897], [-86.514575, 36.252195], [-86.515035, 36.252752], [-86.515476, 36.253439], [-86.515694, 36.253926], [-86.515825, 36.254123], [-86.516195, 36.254864], [-86.516235, 36.254982], [-86.516212, 36.255002], [-86.516466, 36.255722], [-86.51657, 36.256226], [-86.516598, 36.256572], [-86.51666, 36.256802], [-86.517286, 36.256687]]]}, "properties": {"OBJECTID": 681, "Object_Name": "Cedar Creek", "Information": "", "Scale_Minimum": 60000, "Source_Date": "20050412", "Source_Indication": "US,U3,USACE,LRN_GIS", "Source_Dataset": "U37CR221.000", "Feature_ID": "U3 1392981103 00001"}}, {"type": "Feature", "id": 682, "geometry": {"type": "Polygon", "coordinates": [[[-86.339249, 36.356312], [-86.339036, 36.356338], [-86.338818, 36.355215], [-86.338791, 36.355151], [-86.338695, 36.355085], [-86.338235, 36.354956], [-86.338, 36.354952], [-86.33769, 36.355101], [-86.337697, 36.35522], [-86.337664, 36.35523], [-86.336765, 36.355019], [-86.336891, 36.355088], [-86.337505, 36.355299], [-86.336961, 36.355228], [-86.336868, 36.355265], [-86.336988, 36.355375], [-86.337027, 36.355463], [-86.337016, 36.355554], [-86.337055, 36.355625], [-86.337136, 36.355673], [-86.337219, 36.355884], [-86.337431, 36.355901], [-86.337469, 36.355992], [-86.337546, 36.356006], [-86.337791, 36.355942], [-86.33789, 36.355841], [-86.338194, 36.355909], [-86.338245, 36.355888], [-86.338405, 36.356005], [-86.338463, 36.356073], [-86.338461, 36.35612], [-86.338516, 36.356124], [-86.338805, 36.356437], [-86.33895, 36.35644], [-86.339044, 36.356364], [-86.339249, 36.356312]]]}, "properties": {"OBJECTID": 682, "Object_Name": "", "Information": "", "Scale_Minimum": 60000, "Source_Date": "20050412", "Source_Indication": "US,U3,USACE,LRN_GIS", "Source_Dataset": "U37CR221.000", "Feature_ID": "U3 1392981105 00001"}}, {"type": "Feature", "id": 683, "geometry": {"type": "Polygon", "coordinates": [[[-86.482033, 36.3661], [-86.481587, 36.366295], [-86.481312, 36.366325], [-86.481704, 36.366608], [-86.482006, 36.367041], [-86.482826, 36.367801], [-86.48292, 36.367838], [-86.482954, 36.367913], [-86.483092, 36.368036], [-86.483122, 36.368098], [-86.483103, 36.368148], [-86.483272, 36.368267], [-86.483904, 36.367882], [-86.48381, 36.367703], [-86.483181, 36.367039], [-86.482844, 36.366735], [-86.482745, 36.366733], [-86.482476, 36.366905], [-86.482417, 36.366888], [-86.482306, 36.366735], [-86.482235, 36.366687], [-86.4821, 36.366459], [-86.482076, 36.366125], [-86.482033, 36.3661]]]}, "properties": {"OBJECTID": 683, "Object_Name": "Station Camp Creek", "Information": "", "Scale_Minimum": 60000, "Source_Date": "20050412", "Source_Indication": "US,U3,USACE,LRN_GIS", "Source_Dataset": "U37CR221.000", "Feature_ID": "U3 1392981108 00001"}}, {"type": "Feature", "id": 684, "geometry": {"type": "Polygon", "coordinates": [[[-86.207833, 36.346152], [-86.207839, 36.34634], [-86.207966, 36.346278], [-86.208049, 36.346295], [-86.208381, 36.346446], [-86.208546, 36.346564], [-86.208593, 36.346546], [-86.208605, 36.346519], [-86.208433, 36.346399], [-86.208028, 36.346211], [-86.207868, 36.346191], [-86.207833, 36.346152]]]}, "properties": {"OBJECTID": 684, "Object_Name": "", "Information": "", "Scale_Minimum": 60000, "Source_Date": "20050412", "Source_Indication": "US,U3,USACE,LRN_GIS", "Source_Dataset": "U37CR221.000", "Feature_ID": "U3 1392981114 00001"}}, {"type": "Feature", "id": 685, "geometry": {"type": "Polygon", "coordinates": [[[-86.244346, 36.341332], [-86.244508, 36.341296], [-86.244889, 36.341297], [-86.245239, 36.34139], [-86.246, 36.341887], [-86.246036, 36.341919], [-86.246059, 36.342055], [-86.246112, 36.342091], [-86.246572, 36.341942], [-86.247016, 36.34197], [-86.247234, 36.342027], [-86.24758, 36.342326], [-86.247814, 36.34266], [-86.247687, 36.342235], [-86.247681, 36.342144], [-86.247731, 36.342014], [-86.247725, 36.341872], [-86.247777, 36.341786], [-86.247971, 36.34164], [-86.248086, 36.34142], [-86.248152, 36.341365], [-86.248118, 36.341331], [-86.247965, 36.341345], [-86.247664, 36.341409], [-86.247229, 36.341334], [-86.246836, 36.341396], [-86.246613, 36.341478], [-86.246396, 36.34148], [-86.24624, 36.341423], [-86.246018, 36.341284], [-86.245798, 36.341057], [-86.244997, 36.340996], [-86.2448, 36.340941], [-86.244607, 36.340968], [-86.244346, 36.341332]]]}, "properties": {"OBJECTID": 685, "Object_Name": "", "Information": "", "Scale_Minimum": 60000, "Source_Date": "20050412", "Source_Indication": "US,U3,USACE,LRN_GIS", "Source_Dataset": "U37CR221.000", "Feature_ID": "U3 1392981116 00001"}}, {"type": "Feature", "id": 686, "geometry": {"type": "Polygon", "coordinates": [[[-86.240266, 36.338986], [-86.240591, 36.338598], [-86.240123, 36.33874], [-86.239909, 36.338871], [-86.239726, 36.338912], [-86.2394, 36.339075], [-86.239375, 36.339136], [-86.239098, 36.339183], [-86.238838, 36.339457], [-86.238754, 36.339463], [-86.238101, 36.339319], [-86.237929, 36.339218], [-86.237931, 36.339154], [-86.23779, 36.339218], [-86.237463, 36.339127], [-86.23724, 36.33913], [-86.23668, 36.339259], [-86.236198, 36.339517], [-86.235357, 36.339838], [-86.234999, 36.3399], [-86.234445, 36.339689], [-86.234382, 36.339706], [-86.234446, 36.339776], [-86.234717, 36.339921], [-86.234791, 36.34005], [-86.234839, 36.340064], [-86.234891, 36.340003], [-86.235135, 36.340111], [-86.235476, 36.340098], [-86.235742, 36.340007], [-86.237112, 36.339877], [-86.23771, 36.339582], [-86.237852, 36.339539], [-86.238985, 36.339664], [-86.239118, 36.339568], [-86.239226, 36.339329], [-86.239493, 36.339311], [-86.239861, 36.339075], [-86.239994, 36.339051], [-86.240186, 36.338952], [-86.240229, 36.338949], [-86.240266, 36.338986]]]}, "properties": {"OBJECTID": 686, "Object_Name": "Jackson Branch", "Information": "", "Scale_Minimum": 60000, "Source_Date": "20050412", "Source_Indication": "US,U3,USACE,LRN_GIS", "Source_Dataset": "U37CR221.000", "Feature_ID": "U3 1392981122 00001"}}, {"type": "Feature", "id": 687, "geometry": {"type": "Polygon", "coordinates": [[[-86.438829, 36.346132], [-86.438801, 36.346151], [-86.438845, 36.346176], [-86.439148, 36.346237], [-86.439227, 36.346519], [-86.439416, 36.346803], [-86.439532, 36.346865], [-86.439576, 36.347044], [-86.439711, 36.34718], [-86.439751, 36.34728], [-86.439962, 36.347196], [-86.440031, 36.347124], [-86.440093, 36.346944], [-86.440065, 36.346749], [-86.440143, 36.346522], [-86.440146, 36.346296], [-86.440207, 36.346088], [-86.440124, 36.345953], [-86.439879, 36.345833], [-86.439463, 36.345558], [-86.439231, 36.345454], [-86.439064, 36.345485], [-86.438994, 36.345534], [-86.43915, 36.346219], [-86.438847, 36.346165], [-86.438829, 36.346132]]]}, "properties": {"OBJECTID": 687, "Object_Name": "Bulls Creek", "Information": "", "Scale_Minimum": 60000, "Source_Date": "20050412", "Source_Indication": "US,U3,USACE,LRN_GIS", "Source_Dataset": "U37CR221.000", "Feature_ID": "U3 1392981125 00001"}}, {"type": "Feature", "id": 688, "geometry": {"type": "Polygon", "coordinates": [[[-86.398981, 36.313265], [-86.399112, 36.313346], [-86.399552, 36.313011], [-86.399215, 36.312789], [-86.399166, 36.312709], [-86.398794, 36.312503], [-86.398713, 36.312561], [-86.398819, 36.3127], [-86.398812, 36.312785], [-86.398703, 36.312883], [-86.398594, 36.31289], [-86.397772, 36.312397], [-86.397402, 36.312263], [-86.397044, 36.312203], [-86.396443, 36.312231], [-86.39279, 36.312827], [-86.391489, 36.312847], [-86.391311, 36.31281], [-86.391112, 36.31266], [-86.390869, 36.312616], [-86.3908, 36.312653], [-86.390795, 36.312766], [-86.39076, 36.31279], [-86.390999, 36.313779], [-86.391041, 36.313763], [-86.391135, 36.313925], [-86.3912, 36.313907], [-86.391607, 36.313509], [-86.392864, 36.313129], [-86.396552, 36.312528], [-86.397023, 36.312514], [-86.397448, 36.312607], [-86.39775, 36.312748], [-86.398559, 36.313259], [-86.398753, 36.313253], [-86.399016, 36.312987], [-86.399162, 36.313082], [-86.398981, 36.313265]]]}, "properties": {"OBJECTID": 688, "Object_Name": "", "Information": "", "Scale_Minimum": 60000, "Source_Date": "20050412", "Source_Indication": "US,U3,USACE,LRN_GIS", "Source_Dataset": "U37CR221.000", "Feature_ID": "U3 1392981152 00001"}}, {"type": "Feature", "id": 689, "geometry": {"type": "Polygon", "coordinates": [[[-86.355071, 36.319735], [-86.355295, 36.319528], [-86.355091, 36.319478], [-86.355009, 36.319382], [-86.355004, 36.319332], [-86.355158, 36.319186], [-86.355107, 36.318962], [-86.35479, 36.318537], [-86.354554, 36.318132], [-86.354392, 36.317949], [-86.354104, 36.317805], [-86.354021, 36.317626], [-86.353968, 36.317605], [-86.353608, 36.317717], [-86.35324, 36.317623], [-86.352728, 36.317566], [-86.352656, 36.317594], [-86.352651, 36.317628], [-86.352766, 36.317708], [-86.352988, 36.317968], [-86.353255, 36.318216], [-86.353366, 36.318305], [-86.353663, 36.318449], [-86.353903, 36.318708], [-86.354129, 36.319048], [-86.354197, 36.319093], [-86.354533, 36.319159], [-86.35458, 36.319182], [-86.354726, 36.31942], [-86.354948, 36.319446], [-86.355089, 36.319612], [-86.355071, 36.319735]]]}, "properties": {"OBJECTID": 689, "Object_Name": "", "Information": "", "Scale_Minimum": 60000, "Source_Date": "20050412", "Source_Indication": "US,U3,USACE,LRN_GIS", "Source_Dataset": "U37CR221.000", "Feature_ID": "U3 1392981154 00001"}}, {"type": "Feature", "id": 690, "geometry": {"type": "Polygon", "coordinates": [[[-86.314799, 36.31343], [-86.314814, 36.313376], [-86.314867, 36.313338], [-86.315245, 36.313245], [-86.315742, 36.312844], [-86.316051, 36.312316], [-86.316106, 36.312007], [-86.316019, 36.311805], [-86.315918, 36.312115], [-86.31565, 36.312546], [-86.315136, 36.312828], [-86.314369, 36.313363], [-86.314799, 36.31343]]]}, "properties": {"OBJECTID": 690, "Object_Name": "", "Information": "", "Scale_Minimum": 60000, "Source_Date": "20050412", "Source_Indication": "US,U3,USACE,LRN_GIS", "Source_Dataset": "U37CR221.000", "Feature_ID": "U3 1392981157 00001"}}, {"type": "Feature", "id": 691, "geometry": {"type": "Polygon", "coordinates": [[[-86.176844, 36.335765], [-86.176782, 36.335553], [-86.176735, 36.335616], [-86.176255, 36.335763], [-86.176188, 36.335751], [-86.176124, 36.335608], [-86.175994, 36.335639], [-86.175723, 36.335636], [-86.175575, 36.335712], [-86.175536, 36.335822], [-86.175478, 36.335847], [-86.175314, 36.335774], [-86.175241, 36.335807], [-86.175199, 36.335862], [-86.175328, 36.335936], [-86.175178, 36.33601], [-86.175028, 36.336154], [-86.175073, 36.336356], [-86.17483, 36.336639], [-86.17484, 36.336749], [-86.174759, 36.336826], [-86.174849, 36.336946], [-86.174817, 36.336974], [-86.174831, 36.337078], [-86.174771, 36.337321], [-86.174658, 36.337479], [-86.174568, 36.337726], [-86.174482, 36.338245], [-86.174544, 36.338493], [-86.174735, 36.338704], [-86.174707, 36.338737], [-86.174762, 36.338909], [-86.174717, 36.339031], [-86.17473, 36.339109], [-86.174901, 36.339347], [-86.17492, 36.339479], [-86.175179, 36.339486], [-86.175121, 36.33886], [-86.175131, 36.338666], [-86.175061, 36.338572], [-86.175246, 36.338394], [-86.175246, 36.338296], [-86.175186, 36.337947], [-86.175068, 36.337763], [-86.17507, 36.337595], [-86.175159, 36.337207], [-86.175119, 36.336951], [-86.175022, 36.336773], [-86.175271, 36.336455], [-86.175295, 36.3363], [-86.175252, 36.336168], [-86.175298, 36.336102], [-86.175395, 36.336061], [-86.175588, 36.336041], [-86.175883, 36.336076], [-86.175996, 36.336031], [-86.176103, 36.335912], [-86.176522, 36.335847], [-86.17674, 36.335744], [-86.176844, 36.335765]], [[-86.175931, 36.335857], [-86.175879, 36.335941], [-86.175823, 36.335969], [-86.175724, 36.335929], [-86.175659, 36.335826], [-86.175686, 36.335774], [-86.175768, 36.335735], [-86.175961, 36.335724], [-86.176043, 36.335757], [-86.176041, 36.335793], [-86.175931, 36.335857]]]}, "properties": {"OBJECTID": 691, "Object_Name": "", "Information": "", "Scale_Minimum": 60000, "Source_Date": "20050412", "Source_Indication": "US,U3,USACE,LRN_GIS", "Source_Dataset": "U37CR221.000", "Feature_ID": "U3 1392981190 00001"}}, {"type": "Feature", "id": 692, "geometry": {"type": "Polygon", "coordinates": [[[-86.614265, 36.301338], [-86.613008, 36.3014], [-86.613054, 36.301581], [-86.613127, 36.301705], [-86.613203, 36.302029], [-86.613209, 36.302418], [-86.613238, 36.302642], [-86.613285, 36.302763], [-86.61331, 36.303395], [-86.613265, 36.304184], [-86.613327, 36.305001], [-86.613312, 36.305139], [-86.613246, 36.305183], [-86.613129, 36.305169], [-86.613074, 36.305081], [-86.613192, 36.304624], [-86.613233, 36.303842], [-86.613216, 36.302756], [-86.613149, 36.302412], [-86.612739, 36.302297], [-86.611708, 36.301906], [-86.611556, 36.301902], [-86.611375, 36.301807], [-86.611049, 36.301712], [-86.610845, 36.301852], [-86.610771, 36.30185], [-86.610381, 36.301623], [-86.610276, 36.301506], [-86.610205, 36.301539], [-86.610167, 36.301731], [-86.610304, 36.30173], [-86.610388, 36.30179], [-86.610516, 36.301821], [-86.610573, 36.301898], [-86.610763, 36.30202], [-86.610968, 36.302075], [-86.611102, 36.302376], [-86.611362, 36.302583], [-86.611557, 36.30267], [-86.612168, 36.302702], [-86.61266, 36.30292], [-86.612667, 36.303271], [-86.61237, 36.303791], [-86.612567, 36.303623], [-86.612543, 36.303965], [-86.612574, 36.304004], [-86.612571, 36.304226], [-86.612507, 36.304763], [-86.612513, 36.304978], [-86.612412, 36.305224], [-86.612412, 36.305283], [-86.612501, 36.305428], [-86.612608, 36.305466], [-86.613559, 36.305346], [-86.613679, 36.305342], [-86.613701, 36.305373], [-86.613667, 36.305618], [-86.613594, 36.305733], [-86.613601, 36.305796], [-86.613402, 36.30589], [-86.613351, 36.306004], [-86.613227, 36.306108], [-86.613109, 36.306106], [-86.612912, 36.306183], [-86.612729, 36.306153], [-86.612495, 36.30623], [-86.612352, 36.306353], [-86.612312, 36.30647], [-86.612136, 36.306551], [-86.611952, 36.306561], [-86.611646, 36.306679], [-86.61153, 36.306788], [-86.611235, 36.306879], [-86.610657, 36.306862], [-86.610386, 36.306938], [-86.61066, 36.307025], [-86.611258, 36.307064], [-86.611353, 36.30713], [-86.611442, 36.307279], [-86.611405, 36.307297], [-86.611202, 36.307283], [-86.61084, 36.307152], [-86.610203, 36.307024], [-86.609652, 36.307178], [-86.609399, 36.307416], [-86.609319, 36.307541], [-86.609187, 36.307855], [-86.60909, 36.308281], [-86.609357, 36.308708], [-86.609548, 36.308225], [-86.609756, 36.307881], [-86.609923, 36.307703], [-86.610082, 36.30762], [-86.610356, 36.307542], [-86.610722, 36.307528], [-86.610869, 36.307561], [-86.610939, 36.307639], [-86.610839, 36.307676], [-86.610522, 36.307672], [-86.610113, 36.307806], [-86.609874, 36.307983], [-86.609728, 36.308264], [-86.609701, 36.308398], [-86.609793, 36.308368], [-86.609968, 36.308075], [-86.610132, 36.307968], [-86.610222, 36.307971], [-86.610262, 36.307877], [-86.610312, 36.307912], [-86.610519, 36.307874], [-86.611078, 36.307854], [-86.611783, 36.307697], [-86.611851, 36.307704], [-86.612097, 36.307607], [-86.612104, 36.30771], [-86.612289, 36.307889], [-86.612029, 36.308301], [-86.612061, 36.308525], [-86.611972, 36.308832], [-86.612032, 36.308889], [-86.612132, 36.308706], [-86.612328, 36.308555], [-86.612366, 36.308506], [-86.61228, 36.308351], [-86.612482, 36.308183], [-86.61254, 36.308168], [-86.612468, 36.308289], [-86.612444, 36.308453], [-86.612513, 36.308793], [-86.612476, 36.308925], [-86.612548, 36.308945], [-86.612598, 36.308655], [-86.612576, 36.308491], [-86.612625, 36.308317], [-86.612737, 36.308206], [-86.61277, 36.308054], [-86.612869, 36.308083], [-86.612927, 36.308005], [-86.612925, 36.307918], [-86.613086, 36.307863], [-86.613095, 36.307756], [-86.612967, 36.307701], [-86.612918, 36.307609], [-86.612929, 36.30756], [-86.613132, 36.307429], [-86.613225, 36.307287], [-86.61352, 36.30659], [-86.613764, 36.306257], [-86.613936, 36.305929], [-86.614167, 36.305666], [-86.614224, 36.305287], [-86.614498, 36.305242], [-86.614933, 36.304934], [-86.615057, 36.30493], [-86.615156, 36.304874], [-86.615236, 36.304892], [-86.615318, 36.30484], [-86.615408, 36.304899], [-86.615514, 36.304916], [-86.615711, 36.305054], [-86.615734, 36.305128], [-86.615846, 36.305183], [-86.61613, 36.305205], [-86.61616, 36.305091], [-86.616072, 36.304845], [-86.615878, 36.304732], [-86.615682, 36.304488], [-86.615755, 36.304448], [-86.615755, 36.304413], [-86.615572, 36.304345], [-86.615376, 36.304428], [-86.615023, 36.304504], [-86.614973, 36.304458], [-86.615004, 36.304367], [-86.614707, 36.304128], [-86.614648, 36.303817], [-86.614585, 36.302883], [-86.614501, 36.302747], [-86.614441, 36.30245], [-86.614318, 36.302264], [-86.614312, 36.301548], [-86.614265, 36.301338]], [[-86.611566, 36.306988], [-86.611599, 36.307014], [-86.611561, 36.307037], [-86.611531, 36.307012], [-86.611566, 36.306988]]]}, "properties": {"OBJECTID": 692, "Object_Name": "Drakes Creek", "Information": "", "Scale_Minimum": 60000, "Source_Date": "20050412", "Source_Indication": "US,U3,USACE,LRN_GIS", "Source_Dataset": "U37CR221.000", "Feature_ID": "U3 1392981191 00001"}}, {"type": "Feature", "id": 693, "geometry": {"type": "Polygon", "coordinates": [[[-86.496534, 36.265406], [-86.496511, 36.265334], [-86.496407, 36.265355], [-86.496289, 36.265279], [-86.49583, 36.26533], [-86.495358, 36.265437], [-86.494263, 36.265474], [-86.494002, 36.265423], [-86.493295, 36.265211], [-86.493035, 36.265075], [-86.492933, 36.264929], [-86.492872, 36.264965], [-86.492943, 36.265087], [-86.49311, 36.265207], [-86.493361, 36.265322], [-86.493947, 36.265504], [-86.494026, 36.265561], [-86.49415, 36.265559], [-86.494242, 36.26563], [-86.494544, 36.265655], [-86.495002, 36.265611], [-86.494985, 36.265775], [-86.494831, 36.265764], [-86.494783, 36.265796], [-86.494882, 36.265859], [-86.495004, 36.265866], [-86.495125, 36.265752], [-86.495193, 36.265745], [-86.495305, 36.265668], [-86.495335, 36.26572], [-86.495296, 36.265773], [-86.495382, 36.265817], [-86.495575, 36.265813], [-86.495568, 36.265944], [-86.495443, 36.266021], [-86.495426, 36.26607], [-86.495661, 36.26616], [-86.495818, 36.266183], [-86.495908, 36.26624], [-86.496027, 36.266243], [-86.496201, 36.266368], [-86.496334, 36.26641], [-86.496567, 36.266398], [-86.496586, 36.266477], [-86.49652, 36.26653], [-86.496554, 36.266552], [-86.496595, 36.266538], [-86.496708, 36.266342], [-86.496425, 36.265549], [-86.496455, 36.265422], [-86.496534, 36.265406]], [[-86.496182, 36.265629], [-86.496134, 36.265738], [-86.496056, 36.265814], [-86.495982, 36.265833], [-86.495812, 36.2658], [-86.495745, 36.265855], [-86.495679, 36.26574], [-86.49551, 36.265723], [-86.495347, 36.265578], [-86.496059, 36.265489], [-86.496218, 36.265538], [-86.496182, 36.265629]]]}, "properties": {"OBJECTID": 693, "Object_Name": "", "Information": "", "Scale_Minimum": 60000, "Source_Date": "20050412", "Source_Indication": "US,U3,USACE,LRN_GIS", "Source_Dataset": "U37CR221.000", "Feature_ID": "U3 1392981206 00001"}}, {"type": "Feature", "id": 694, "geometry": {"type": "Polygon", "coordinates": [[[-86.443896, 36.287282], [-86.443914, 36.287084], [-86.443804, 36.287119], [-86.443659, 36.287106], [-86.443603, 36.286977], [-86.443556, 36.28527], [-86.44347, 36.285101], [-86.44329, 36.284934], [-86.443136, 36.284728], [-86.443051, 36.284397], [-86.442996, 36.28434], [-86.442944, 36.284177], [-86.442879, 36.284112], [-86.442709, 36.28404], [-86.442628, 36.283941], [-86.442643, 36.283756], [-86.442524, 36.283547], [-86.442305, 36.283464], [-86.442283, 36.283426], [-86.442312, 36.283354], [-86.442526, 36.28317], [-86.442466, 36.283088], [-86.442467, 36.282926], [-86.442507, 36.282786], [-86.442426, 36.282687], [-86.442391, 36.282345], [-86.442216, 36.281724], [-86.44212, 36.281698], [-86.441995, 36.281597], [-86.441845, 36.281401], [-86.441798, 36.281189], [-86.441615, 36.280993], [-86.441288, 36.280746], [-86.441336, 36.280582], [-86.441414, 36.280541], [-86.441608, 36.280525], [-86.441743, 36.280427], [-86.441851, 36.280147], [-86.441822, 36.279776], [-86.44137, 36.279585], [-86.440972, 36.279533], [-86.440816, 36.279574], [-86.440924, 36.279625], [-86.441322, 36.279674], [-86.441484, 36.279762], [-86.441713, 36.279821], [-86.441732, 36.280136], [-86.44164, 36.280377], [-86.441563, 36.280433], [-86.441375, 36.280449], [-86.441241, 36.280521], [-86.441194, 36.280595], [-86.441167, 36.280786], [-86.441529, 36.28106], [-86.441693, 36.281235], [-86.441724, 36.281423], [-86.441815, 36.281555], [-86.441734, 36.281577], [-86.441489, 36.281743], [-86.44118, 36.281835], [-86.441178, 36.281787], [-86.441307, 36.281661], [-86.441164, 36.281488], [-86.441087, 36.281261], [-86.441052, 36.281259], [-86.441049, 36.281343], [-86.440942, 36.281366], [-86.440735, 36.281307], [-86.440899, 36.281397], [-86.441003, 36.281405], [-86.441057, 36.281621], [-86.440977, 36.281812], [-86.44098, 36.281886], [-86.440882, 36.282003], [-86.440833, 36.282296], [-86.44058, 36.282801], [-86.440582, 36.282934], [-86.440465, 36.282975], [-86.440502, 36.283189], [-86.440473, 36.283264], [-86.440573, 36.283642], [-86.440564, 36.283759], [-86.440496, 36.283829], [-86.44055, 36.283888], [-86.440657, 36.284154], [-86.441023, 36.284443], [-86.440969, 36.284637], [-86.441277, 36.285928], [-86.441235, 36.28604], [-86.441086, 36.286144], [-86.440605, 36.286287], [-86.440078, 36.286366], [-86.439937, 36.28646], [-86.439904, 36.286539], [-86.439971, 36.286623], [-86.440099, 36.286676], [-86.440673, 36.286789], [-86.440962, 36.287041], [-86.441304, 36.286913], [-86.44138, 36.286912], [-86.441629, 36.286962], [-86.441952, 36.287113], [-86.442008, 36.287284], [-86.442284, 36.287457], [-86.442409, 36.287586], [-86.4426, 36.287944], [-86.442623, 36.288945], [-86.442728, 36.289287], [-86.44291, 36.289551], [-86.44324, 36.289628], [-86.443461, 36.289594], [-86.443623, 36.289498], [-86.443618, 36.287364], [-86.443642, 36.287294], [-86.443689, 36.287263], [-86.443845, 36.287257], [-86.443896, 36.287282]], [[-86.442215, 36.282839], [-86.442148, 36.282622], [-86.442262, 36.282369], [-86.442313, 36.282544], [-86.442316, 36.282799], [-86.442273, 36.28284], [-86.442215, 36.282839]], [[-86.440903, 36.282196], [-86.440952, 36.282361], [-86.440965, 36.28275], [-86.440766, 36.28301], [-86.440698, 36.283027], [-86.440655, 36.282975], [-86.440664, 36.282931], [-86.44076, 36.282742], [-86.440772, 36.282648], [-86.440861, 36.282555], [-86.440903, 36.282196]], [[-86.441585, 36.283208], [-86.4416, 36.283263], [-86.441384, 36.283244], [-86.441126, 36.283031], [-86.440959, 36.283148], [-86.440794, 36.283628], [-86.440756, 36.283643], [-86.440653, 36.28343], [-86.440679, 36.283233], [-86.440998, 36.282854], [-86.44109, 36.282663], [-86.441168, 36.282708], [-86.441379, 36.283023], [-86.441522, 36.2831], [-86.441585, 36.283208]], [[-86.442136, 36.28289], [-86.441982, 36.283571], [-86.441883, 36.283642], [-86.441853, 36.283594], [-86.441872, 36.283373], [-86.441725, 36.283306], [-86.441664, 36.283067], [-86.441588, 36.283011], [-86.441539, 36.283011], [-86.441543, 36.283062], [-86.441475, 36.283016], [-86.441293, 36.282738], [-86.441328, 36.282567], [-86.441455, 36.282824], [-86.441592, 36.28284], [-86.441701, 36.282768], [-86.441686, 36.282695], [-86.441554, 36.282626], [-86.441454, 36.282308], [-86.441457, 36.28228], [-86.441627, 36.282186], [-86.441631, 36.282069], [-86.441594, 36.282035], [-86.441555, 36.282043], [-86.441415, 36.282139], [-86.441273, 36.282141], [-86.441182, 36.282182], [-86.441181, 36.282358], [-86.441234, 36.282524], [-86.441207, 36.282708], [-86.441101, 36.282625], [-86.441087, 36.282441], [-86.440971, 36.282161], [-86.440994, 36.282038], [-86.441063, 36.281957], [-86.441571, 36.281759], [-86.441737, 36.281615], [-86.441844, 36.28159], [-86.441995, 36.281744], [-86.442116, 36.281797], [-86.44224, 36.282278], [-86.44211, 36.282632], [-86.442136, 36.28289]]]}, "properties": {"OBJECTID": 694, "Object_Name": "", "Information": "", "Scale_Minimum": 60000, "Source_Date": "20050412", "Source_Indication": "US,U3,USACE,LRN_GIS", "Source_Dataset": "U37CR221.000", "Feature_ID": "U3 1392981207 00001"}}, {"type": "Feature", "id": 695, "geometry": {"type": "Polygon", "coordinates": [[[-86.207699, 36.366599], [-86.207623, 36.366514], [-86.207712, 36.365964], [-86.207618, 36.365615], [-86.207718, 36.36542], [-86.207829, 36.365291], [-86.207687, 36.365078], [-86.207703, 36.364964], [-86.207659, 36.364496], [-86.20743, 36.36369], [-86.207391, 36.363321], [-86.207331, 36.363072], [-86.207281, 36.363103], [-86.207193, 36.363299], [-86.20714, 36.363556], [-86.20709, 36.364035], [-86.207133, 36.364695], [-86.207113, 36.364862], [-86.207072, 36.364906], [-86.206903, 36.36495], [-86.206394, 36.365374], [-86.205989, 36.365514], [-86.20583, 36.365514], [-86.20581, 36.365479], [-86.205842, 36.365418], [-86.205925, 36.365346], [-86.206016, 36.365163], [-86.206205, 36.364958], [-86.206288, 36.364738], [-86.206301, 36.364519], [-86.206234, 36.364327], [-86.206145, 36.364203], [-86.206138, 36.363931], [-86.206041, 36.363803], [-86.205868, 36.363737], [-86.205851, 36.363701], [-86.205916, 36.363404], [-86.205803, 36.363164], [-86.205703, 36.36307], [-86.205529, 36.363004], [-86.205473, 36.362938], [-86.205443, 36.362791], [-86.205375, 36.362693], [-86.2054, 36.362262], [-86.20536, 36.362107], [-86.205216, 36.361982], [-86.204976, 36.361926], [-86.205105, 36.36159], [-86.20503, 36.361472], [-86.204907, 36.361066], [-86.204759, 36.361004], [-86.204717, 36.360882], [-86.204664, 36.360829], [-86.204613, 36.360422], [-86.204682, 36.36018], [-86.204663, 36.360049], [-86.204619, 36.360057], [-86.204566, 36.360174], [-86.204508, 36.360202], [-86.204407, 36.360546], [-86.204382, 36.360553], [-86.204369, 36.360354], [-86.204445, 36.359881], [-86.204388, 36.359812], [-86.204403, 36.359599], [-86.204342, 36.359277], [-86.204189, 36.359018], [-86.204046, 36.358912], [-86.203866, 36.358841], [-86.203526, 36.358814], [-86.203484, 36.358843], [-86.203851, 36.358877], [-86.20409, 36.359001], [-86.204256, 36.359218], [-86.204237, 36.359253], [-86.204093, 36.359117], [-86.203882, 36.359038], [-86.203638, 36.358995], [-86.203377, 36.359031], [-86.203142, 36.359196], [-86.203093, 36.359278], [-86.203058, 36.359462], [-86.203015, 36.359493], [-86.20297, 36.359614], [-86.202984, 36.359646], [-86.203083, 36.359584], [-86.203179, 36.359258], [-86.203337, 36.35915], [-86.203535, 36.359079], [-86.203802, 36.359095], [-86.203962, 36.359158], [-86.204072, 36.359235], [-86.204203, 36.359444], [-86.204224, 36.35983], [-86.204154, 36.360033], [-86.20412, 36.360108], [-86.204001, 36.360131], [-86.203876, 36.36026], [-86.203898, 36.360421], [-86.203878, 36.361097], [-86.203963, 36.361428], [-86.20397, 36.361641], [-86.204149, 36.361966], [-86.204221, 36.362164], [-86.204197, 36.362448], [-86.204244, 36.36253], [-86.204224, 36.362607], [-86.20416, 36.362675], [-86.203927, 36.362694], [-86.20384, 36.362739], [-86.203943, 36.362794], [-86.204177, 36.362831], [-86.204372, 36.362947], [-86.204485, 36.363078], [-86.204501, 36.363294], [-86.204626, 36.363493], [-86.204627, 36.363755], [-86.204686, 36.363863], [-86.204664, 36.364163], [-86.204578, 36.364227], [-86.204534, 36.364218], [-86.204519, 36.364261], [-86.204713, 36.364324], [-86.204756, 36.364376], [-86.204871, 36.364679], [-86.204963, 36.364802], [-86.204925, 36.364894], [-86.20484, 36.36494], [-86.204614, 36.365019], [-86.204391, 36.365034], [-86.204075, 36.36533], [-86.204192, 36.365322], [-86.204437, 36.365218], [-86.20465, 36.36521], [-86.204766, 36.365159], [-86.204975, 36.365134], [-86.205133, 36.36523], [-86.205387, 36.365597], [-86.205631, 36.365761], [-86.205888, 36.365828], [-86.206229, 36.365799], [-86.206164, 36.366248], [-86.206092, 36.366445], [-86.206081, 36.366583], [-86.206037, 36.366629], [-86.205795, 36.366608], [-86.205633, 36.366649], [-86.205617, 36.366728], [-86.205344, 36.36692], [-86.205391, 36.366969], [-86.205592, 36.366939], [-86.205759, 36.366802], [-86.2059, 36.366731], [-86.206104, 36.366751], [-86.206178, 36.366706], [-86.206217, 36.366613], [-86.206187, 36.366579], [-86.206314, 36.366276], [-86.206373, 36.36591], [-86.206452, 36.365679], [-86.206556, 36.365602], [-86.206831, 36.365508], [-86.207006, 36.365257], [-86.207061, 36.365258], [-86.207163, 36.36535], [-86.207285, 36.365777], [-86.207462, 36.366012], [-86.207452, 36.366169], [-86.207354, 36.366358], [-86.207339, 36.366467], [-86.207383, 36.366678], [-86.207471, 36.36688], [-86.207699, 36.366599]]]}, "properties": {"OBJECTID": 695, "Object_Name": "Neely Branch", "Information": "", "Scale_Minimum": 60000, "Source_Date": "20050412", "Source_Indication": "US,U3,USACE,LRN_GIS", "Source_Dataset": "U37CR221.000", "Feature_ID": "U3 1392981215 00001"}}, {"type": "Feature", "id": 696, "geometry": {"type": "Polygon", "coordinates": [[[-86.333197, 36.379462], [-86.333229, 36.379346], [-86.332932, 36.379321], [-86.332847, 36.379358], [-86.332747, 36.379462], [-86.332592, 36.379848], [-86.332575, 36.379993], [-86.332814, 36.380269], [-86.332851, 36.380357], [-86.332853, 36.380404], [-86.332716, 36.380662], [-86.332751, 36.380944], [-86.332657, 36.381095], [-86.332254, 36.381116], [-86.331784, 36.381207], [-86.331424, 36.381301], [-86.33135, 36.381392], [-86.331371, 36.381562], [-86.331448, 36.381645], [-86.33164, 36.381686], [-86.33182, 36.381656], [-86.331956, 36.381673], [-86.332029, 36.381742], [-86.332062, 36.381915], [-86.332133, 36.381996], [-86.332127, 36.382198], [-86.33223, 36.382199], [-86.332213, 36.381981], [-86.332163, 36.381867], [-86.332174, 36.381771], [-86.332118, 36.381647], [-86.332078, 36.381602], [-86.33194, 36.381558], [-86.33166, 36.381576], [-86.331507, 36.381551], [-86.331468, 36.381529], [-86.331457, 36.381441], [-86.33153, 36.381372], [-86.331694, 36.381361], [-86.331855, 36.381293], [-86.332436, 36.381203], [-86.332581, 36.381221], [-86.332735, 36.381172], [-86.332793, 36.381117], [-86.332873, 36.380991], [-86.332868, 36.380676], [-86.332982, 36.380457], [-86.332984, 36.38039], [-86.332924, 36.380182], [-86.332754, 36.380012], [-86.332718, 36.379874], [-86.332895, 36.379487], [-86.332998, 36.379426], [-86.333197, 36.379462]]]}, "properties": {"OBJECTID": 696, "Object_Name": "", "Information": "", "Scale_Minimum": 60000, "Source_Date": "20050412", "Source_Indication": "US,U3,USACE,LRN_GIS", "Source_Dataset": "U37CR221.000", "Feature_ID": "U3 1392981218 00001"}}, {"type": "Feature", "id": 697, "geometry": {"type": "Polygon", "coordinates": [[[-86.075584, 36.345073], [-86.0754, 36.345235], [-86.075483, 36.345319], [-86.075477, 36.345418], [-86.075282, 36.345641], [-86.075115, 36.345748], [-86.074798, 36.345863], [-86.073345, 36.346055], [-86.072228, 36.3463], [-86.071105, 36.346474], [-86.070743, 36.346683], [-86.070561, 36.347099], [-86.070512, 36.347446], [-86.070658, 36.348289], [-86.070711, 36.348495], [-86.070818, 36.348719], [-86.071071, 36.349087], [-86.071354, 36.349316], [-86.071567, 36.34941], [-86.071698, 36.349575], [-86.071696, 36.349754], [-86.071588, 36.349981], [-86.071499, 36.350399], [-86.071627, 36.351028], [-86.071623, 36.351155], [-86.071593, 36.351216], [-86.071156, 36.351557], [-86.070902, 36.35206], [-86.070801, 36.352188], [-86.070658, 36.352217], [-86.069886, 36.35219], [-86.069873, 36.352363], [-86.0702, 36.352323], [-86.070558, 36.352412], [-86.070799, 36.352412], [-86.070984, 36.35229], [-86.071067, 36.352178], [-86.071335, 36.351652], [-86.071756, 36.351329], [-86.07181, 36.351177], [-86.071817, 36.35097], [-86.071698, 36.350388], [-86.071737, 36.350056], [-86.071892, 36.349768], [-86.071886, 36.349566], [-86.071801, 36.34938], [-86.071698, 36.34926], [-86.071365, 36.34906], [-86.071178, 36.348896], [-86.070917, 36.348446], [-86.070781, 36.347807], [-86.070737, 36.347353], [-86.0708, 36.347042], [-86.070924, 36.346781], [-86.071235, 36.346624], [-86.07232, 36.346493], [-86.072816, 36.346401], [-86.073402, 36.346237], [-86.074694, 36.346112], [-86.075124, 36.345975], [-86.075545, 36.345715], [-86.075719, 36.345493], [-86.07575, 36.34536], [-86.075726, 36.345245], [-86.075584, 36.345073]]]}, "properties": {"OBJECTID": 697, "Object_Name": "Dixon Creek", "Information": "", "Scale_Minimum": 60000, "Source_Date": "20050412", "Source_Indication": "US,U3,USACE,LRN_GIS", "Source_Dataset": "U37CR221.000", "Feature_ID": "U3 1392981222 00001"}}, {"type": "Feature", "id": 698, "geometry": {"type": "Polygon", "coordinates": [[[-86.266303, 36.335052], [-86.266898, 36.335006], [-86.267434, 36.335074], [-86.267845, 36.335023], [-86.2682, 36.335038], [-86.26823, 36.335115], [-86.268302, 36.335147], [-86.268396, 36.335076], [-86.268492, 36.33508], [-86.26845, 36.335326], [-86.268512, 36.335392], [-86.268595, 36.335635], [-86.268951, 36.33589], [-86.269015, 36.336019], [-86.269064, 36.336269], [-86.269169, 36.336343], [-86.269339, 36.336561], [-86.269345, 36.336756], [-86.269478, 36.336817], [-86.269648, 36.336847], [-86.26967, 36.336939], [-86.269516, 36.336974], [-86.269652, 36.336998], [-86.269689, 36.337101], [-86.26972, 36.337114], [-86.269798, 36.337084], [-86.269746, 36.336965], [-86.269795, 36.336736], [-86.270261, 36.335726], [-86.270435, 36.33559], [-86.270685, 36.335546], [-86.270783, 36.335499], [-86.270852, 36.335429], [-86.27084, 36.335365], [-86.271326, 36.335238], [-86.271582, 36.335073], [-86.271797, 36.33486], [-86.271777, 36.334807], [-86.271694, 36.334817], [-86.271127, 36.334969], [-86.270685, 36.335032], [-86.270561, 36.334986], [-86.270522, 36.334932], [-86.270511, 36.334825], [-86.270756, 36.333915], [-86.271018, 36.333301], [-86.271059, 36.332911], [-86.271367, 36.33227], [-86.271332, 36.332204], [-86.271355, 36.332163], [-86.27152, 36.332074], [-86.271567, 36.33198], [-86.271594, 36.331868], [-86.271588, 36.331516], [-86.271745, 36.331176], [-86.271953, 36.330916], [-86.272045, 36.330446], [-86.272239, 36.330162], [-86.272413, 36.329683], [-86.272478, 36.329636], [-86.272729, 36.329595], [-86.272873, 36.329419], [-86.272975, 36.329173], [-86.272963, 36.32909], [-86.272901, 36.329069], [-86.272362, 36.329095], [-86.272329, 36.329062], [-86.272308, 36.329015], [-86.272352, 36.32899], [-86.272309, 36.328514], [-86.272489, 36.32788], [-86.272654, 36.327493], [-86.272798, 36.326354], [-86.272868, 36.325929], [-86.273039, 36.325354], [-86.273047, 36.325234], [-86.273025, 36.325213], [-86.27296, 36.325197], [-86.272853, 36.325237], [-86.27242, 36.325881], [-86.272364, 36.326091], [-86.272192, 36.326337], [-86.272082, 36.327282], [-86.271621, 36.328307], [-86.271317, 36.328595], [-86.271178, 36.328821], [-86.27107, 36.329021], [-86.271036, 36.329176], [-86.27086, 36.329447], [-86.270813, 36.329704], [-86.270684, 36.329846], [-86.270374, 36.330008], [-86.270129, 36.330464], [-86.269516, 36.331879], [-86.269399, 36.332591], [-86.269232, 36.333234], [-86.268912, 36.334129], [-86.268778, 36.334674], [-86.268683, 36.334876], [-86.268503, 36.335056], [-86.268388, 36.335053], [-86.268378, 36.334989], [-86.26833, 36.334966], [-86.267415, 36.334896], [-86.266902, 36.334728], [-86.266381, 36.334759], [-86.266267, 36.334731], [-86.266303, 36.335052]]]}, "properties": {"OBJECTID": 698, "Object_Name": "", "Information": "", "Scale_Minimum": 60000, "Source_Date": "20050412", "Source_Indication": "US,U3,USACE,LRN_GIS", "Source_Dataset": "U37CR221.000", "Feature_ID": "U3 1392981225 00001"}}, {"type": "Feature", "id": 699, "geometry": {"type": "Polygon", "coordinates": [[[-86.107138, 36.345623], [-86.107027, 36.345914], [-86.10683, 36.34607], [-86.106693, 36.345952], [-86.106656, 36.345724], [-86.106573, 36.345539], [-86.106467, 36.345479], [-86.106317, 36.345464], [-86.10596, 36.345528], [-86.105773, 36.345709], [-86.105593, 36.346036], [-86.105462, 36.346174], [-86.105355, 36.346166], [-86.105279, 36.34596], [-86.105132, 36.34585], [-86.104941, 36.345769], [-86.104716, 36.34575], [-86.104454, 36.345801], [-86.10433, 36.345869], [-86.104195, 36.346011], [-86.10415, 36.346149], [-86.104081, 36.346226], [-86.104019, 36.346204], [-86.103934, 36.345924], [-86.103855, 36.345884], [-86.103759, 36.345904], [-86.103508, 36.345865], [-86.103274, 36.345966], [-86.10295, 36.34597], [-86.102913, 36.346038], [-86.102884, 36.346327], [-86.102954, 36.346415], [-86.103033, 36.346435], [-86.103227, 36.346401], [-86.103348, 36.346326], [-86.103539, 36.346333], [-86.10393, 36.346535], [-86.104094, 36.34654], [-86.104299, 36.346455], [-86.104362, 36.346384], [-86.104361, 36.346315], [-86.104472, 36.346206], [-86.104693, 36.346106], [-86.104838, 36.346084], [-86.105006, 36.34613], [-86.105426, 36.346397], [-86.105651, 36.346439], [-86.105722, 36.34641], [-86.105722, 36.346288], [-86.10581, 36.346233], [-86.105876, 36.345938], [-86.106074, 36.345738], [-86.106339, 36.34564], [-86.106409, 36.345651], [-86.106464, 36.345733], [-86.106575, 36.346081], [-86.106674, 36.346166], [-86.106845, 36.346198], [-86.106964, 36.34618], [-86.107163, 36.346016], [-86.107245, 36.345822], [-86.107264, 36.345676], [-86.107138, 36.345623]]]}, "properties": {"OBJECTID": 699, "Object_Name": "Lick Creek", "Information": "", "Scale_Minimum": 60000, "Source_Date": "20050412", "Source_Indication": "US,U3,USACE,LRN_GIS", "Source_Dataset": "U37CR221.000", "Feature_ID": "U3 1392981233 00001"}}, {"type": "Feature", "id": 700, "geometry": {"type": "Polygon", "coordinates": [[[-86.475009, 36.336048], [-86.475014, 36.335956], [-86.474832, 36.335981], [-86.474621, 36.335509], [-86.474378, 36.335197], [-86.474061, 36.335392], [-86.473535, 36.336046], [-86.473491, 36.336165], [-86.473135, 36.336341], [-86.473146, 36.336482], [-86.473296, 36.336509], [-86.473421, 36.336492], [-86.473492, 36.33661], [-86.47349, 36.336691], [-86.473519, 36.336725], [-86.474042, 36.336768], [-86.474209, 36.336735], [-86.474512, 36.33664], [-86.474663, 36.336539], [-86.474793, 36.336394], [-86.474847, 36.33607], [-86.475009, 36.336048]]]}, "properties": {"OBJECTID": 700, "Object_Name": "", "Information": "", "Scale_Minimum": 60000, "Source_Date": "20050412", "Source_Indication": "US,U3,USACE,LRN_GIS", "Source_Dataset": "U37CR221.000", "Feature_ID": "U3 1392981236 00001"}}, {"type": "Feature", "id": 701, "geometry": {"type": "Polygon", "coordinates": [[[-86.207619, 36.336305], [-86.207768, 36.33626], [-86.208003, 36.336006], [-86.208044, 36.335826], [-86.207981, 36.335501], [-86.208126, 36.335453], [-86.208292, 36.335474], [-86.208811, 36.335672], [-86.20924, 36.335734], [-86.209518, 36.33571], [-86.2096, 36.335736], [-86.209745, 36.335598], [-86.209767, 36.335538], [-86.209722, 36.33552], [-86.209486, 36.335589], [-86.209313, 36.335595], [-86.208947, 36.335396], [-86.208861, 36.335437], [-86.208763, 36.335341], [-86.208591, 36.335264], [-86.207888, 36.335165], [-86.207862, 36.335116], [-86.20778, 36.335078], [-86.207773, 36.335021], [-86.207905, 36.334865], [-86.207924, 36.33473], [-86.207912, 36.334448], [-86.207819, 36.334169], [-86.207913, 36.333957], [-86.207834, 36.333841], [-86.207635, 36.333712], [-86.207609, 36.333607], [-86.207632, 36.333532], [-86.207787, 36.333424], [-86.207851, 36.333267], [-86.207754, 36.333101], [-86.207568, 36.33304], [-86.207471, 36.332967], [-86.207655, 36.332693], [-86.207683, 36.332578], [-86.207656, 36.332471], [-86.207516, 36.332367], [-86.207466, 36.332069], [-86.207366, 36.331853], [-86.207406, 36.331529], [-86.207367, 36.331326], [-86.207275, 36.331088], [-86.207314, 36.330754], [-86.207132, 36.330756], [-86.207001, 36.330715], [-86.206945, 36.330737], [-86.206898, 36.330869], [-86.206852, 36.330944], [-86.206775, 36.330985], [-86.20674, 36.331082], [-86.206925, 36.331501], [-86.206876, 36.33161], [-86.206906, 36.331959], [-86.206876, 36.332029], [-86.206806, 36.331993], [-86.206769, 36.332108], [-86.206904, 36.33218], [-86.206786, 36.332433], [-86.206828, 36.332551], [-86.206943, 36.332646], [-86.206628, 36.332978], [-86.206676, 36.33312], [-86.206743, 36.333179], [-86.207173, 36.333438], [-86.207148, 36.333535], [-86.20707, 36.333619], [-86.207088, 36.333874], [-86.207165, 36.333993], [-86.20738, 36.334082], [-86.207407, 36.334126], [-86.207404, 36.334337], [-86.207477, 36.334646], [-86.207486, 36.335], [-86.207411, 36.335317], [-86.207462, 36.335403], [-86.207707, 36.335618], [-86.207764, 36.335796], [-86.207753, 36.335871], [-86.207639, 36.336054], [-86.207499, 36.336059], [-86.207619, 36.336305]]]}, "properties": {"OBJECTID": 701, "Object_Name": "", "Information": "", "Scale_Minimum": 60000, "Source_Date": "20050412", "Source_Indication": "US,U3,USACE,LRN_GIS", "Source_Dataset": "U37CR221.000", "Feature_ID": "U3 1392981240 00001"}}, {"type": "Feature", "id": 702, "geometry": {"type": "Polygon", "coordinates": [[[-86.095558, 36.299306], [-86.095483, 36.299485], [-86.09597, 36.299488], [-86.096632, 36.299558], [-86.097304, 36.29969], [-86.097442, 36.299755], [-86.098009, 36.300221], [-86.098482, 36.300386], [-86.099001, 36.300461], [-86.0996, 36.300485], [-86.099808, 36.300564], [-86.099849, 36.300507], [-86.099615, 36.300429], [-86.099159, 36.300412], [-86.098911, 36.300337], [-86.098511, 36.300295], [-86.098165, 36.300153], [-86.097613, 36.299783], [-86.097548, 36.299633], [-86.09737, 36.299628], [-86.096561, 36.29944], [-86.095558, 36.299306]]]}, "properties": {"OBJECTID": 702, "Object_Name": "Fall Creek", "Information": "", "Scale_Minimum": 60000, "Source_Date": "20050412", "Source_Indication": "US,U3,USACE,LRN_GIS", "Source_Dataset": "U37CR221.000", "Feature_ID": "U3 1392981318 00001"}}, {"type": "Feature", "id": 703, "geometry": {"type": "Polygon", "coordinates": [[[-86.011194, 36.30239], [-86.010869, 36.302217], [-86.010829, 36.302254], [-86.010789, 36.302377], [-86.010796, 36.302455], [-86.010718, 36.302574], [-86.010653, 36.302768], [-86.010593, 36.303309], [-86.010597, 36.303627], [-86.010661, 36.304301], [-86.010721, 36.304377], [-86.010885, 36.305231], [-86.010936, 36.305849], [-86.010826, 36.306323], [-86.010597, 36.306815], [-86.009796, 36.307986], [-86.009482, 36.308174], [-86.009173, 36.308263], [-86.008038, 36.308351], [-86.008058, 36.308502], [-86.009201, 36.30843], [-86.00934, 36.308354], [-86.009547, 36.308313], [-86.009754, 36.308219], [-86.009968, 36.308085], [-86.009982, 36.308019], [-86.010055, 36.308005], [-86.01013, 36.307943], [-86.010369, 36.307533], [-86.010609, 36.307342], [-86.010759, 36.307113], [-86.010806, 36.306922], [-86.011022, 36.306414], [-86.011102, 36.306079], [-86.011124, 36.305828], [-86.011083, 36.305181], [-86.01086, 36.303741], [-86.010861, 36.303364], [-86.010928, 36.302906], [-86.011064, 36.302673], [-86.01109, 36.302545], [-86.011194, 36.30239]]]}, "properties": {"OBJECTID": 703, "Object_Name": "Paytons Creek", "Information": "", "Scale_Minimum": 60000, "Source_Date": "20050412", "Source_Indication": "US,U3,USACE,LRN_GIS", "Source_Dataset": "U37CR221.000", "Feature_ID": "U3 1392981323 00001"}}, {"type": "Feature", "id": 704, "geometry": {"type": "Polygon", "coordinates": [[[-86.265304, 36.299449], [-86.265934, 36.299723], [-86.266067, 36.299309], [-86.26611, 36.299291], [-86.266256, 36.299327], [-86.266634, 36.29949], [-86.266654, 36.299471], [-86.266494, 36.299376], [-86.266392, 36.299275], [-86.266748, 36.299159], [-86.266962, 36.299016], [-86.267199, 36.298976], [-86.267384, 36.298819], [-86.267127, 36.298773], [-86.267084, 36.298713], [-86.26702, 36.298696], [-86.266814, 36.298772], [-86.266588, 36.298905], [-86.266343, 36.298979], [-86.266125, 36.299109], [-86.265888, 36.299171], [-86.265699, 36.29917], [-86.265667, 36.299116], [-86.265725, 36.298878], [-86.265717, 36.298608], [-86.265808, 36.298306], [-86.265654, 36.297872], [-86.265591, 36.297813], [-86.265622, 36.298091], [-86.265402, 36.298619], [-86.265392, 36.29873], [-86.265461, 36.299056], [-86.265525, 36.299229], [-86.265594, 36.299277], [-86.265421, 36.299413], [-86.265304, 36.299449]]]}, "properties": {"OBJECTID": 704, "Object_Name": "", "Information": "", "Scale_Minimum": 60000, "Source_Date": "20050412", "Source_Indication": "US,U3,USACE,LRN_GIS", "Source_Dataset": "U37CR221.000", "Feature_ID": "U3 1392981325 00001"}}, {"type": "Feature", "id": 705, "geometry": {"type": "Polygon", "coordinates": [[[-86.261752, 36.299225], [-86.26227, 36.299059], [-86.262092, 36.299004], [-86.261833, 36.298734], [-86.261643, 36.298726], [-86.261556, 36.298578], [-86.261452, 36.298481], [-86.261218, 36.29842], [-86.2609, 36.298402], [-86.260811, 36.298519], [-86.260572, 36.29864], [-86.260972, 36.298563], [-86.261252, 36.298667], [-86.261461, 36.298786], [-86.261593, 36.299003], [-86.261776, 36.299039], [-86.2618, 36.299108], [-86.261752, 36.299225]]]}, "properties": {"OBJECTID": 705, "Object_Name": "", "Information": "", "Scale_Minimum": 60000, "Source_Date": "20050412", "Source_Indication": "US,U3,USACE,LRN_GIS", "Source_Dataset": "U37CR221.000", "Feature_ID": "U3 1392981337 00001"}}, {"type": "Feature", "id": 706, "geometry": {"type": "Polygon", "coordinates": [[[-86.205126, 36.346066], [-86.203843, 36.346222], [-86.203836, 36.346261], [-86.204972, 36.346217], [-86.205089, 36.346291], [-86.205126, 36.346066]]]}, "properties": {"OBJECTID": 706, "Object_Name": "", "Information": "", "Scale_Minimum": 60000, "Source_Date": "20050412", "Source_Indication": "US,U3,USACE,LRN_GIS", "Source_Dataset": "U37CR221.000", "Feature_ID": "U3 1392981373 00001"}}, {"type": "Feature", "id": 707, "geometry": {"type": "Polygon", "coordinates": [[[-86.49174, 36.343264], [-86.491161, 36.343384], [-86.491064, 36.34346], [-86.491088, 36.34347], [-86.491105, 36.343644], [-86.491342, 36.344185], [-86.491289, 36.344344], [-86.491307, 36.344464], [-86.491397, 36.344475], [-86.491343, 36.34464], [-86.491386, 36.344684], [-86.491309, 36.344719], [-86.491281, 36.344772], [-86.491278, 36.345077], [-86.491318, 36.345093], [-86.49182, 36.345106], [-86.491859, 36.345001], [-86.49191, 36.344973], [-86.491911, 36.344871], [-86.492107, 36.344502], [-86.492072, 36.344426], [-86.492093, 36.344304], [-86.492071, 36.344097], [-86.492096, 36.344052], [-86.491996, 36.343779], [-86.491996, 36.343677], [-86.49174, 36.343264]]]}, "properties": {"OBJECTID": 707, "Object_Name": "", "Information": "", "Scale_Minimum": 60000, "Source_Date": "20050412", "Source_Indication": "US,U3,USACE,LRN_GIS", "Source_Dataset": "U37CR221.000", "Feature_ID": "U3 1392981376 00001"}}, {"type": "Feature", "id": 708, "geometry": {"type": "Polygon", "coordinates": [[[-86.210245, 36.375488], [-86.209913, 36.375283], [-86.209789, 36.375383], [-86.209495, 36.375736], [-86.209436, 36.376006], [-86.209482, 36.376163], [-86.209742, 36.376517], [-86.209791, 36.376675], [-86.209721, 36.376866], [-86.209622, 36.377023], [-86.20939, 36.377553], [-86.209206, 36.377687], [-86.208888, 36.378025], [-86.208732, 36.37814], [-86.208469, 36.378273], [-86.208336, 36.378303], [-86.210225, 36.379157], [-86.210247, 36.378952], [-86.210093, 36.378809], [-86.210142, 36.378746], [-86.210071, 36.378471], [-86.210131, 36.378266], [-86.210096, 36.377985], [-86.210115, 36.377806], [-86.21022, 36.377618], [-86.210266, 36.377424], [-86.210365, 36.376751], [-86.210294, 36.37646], [-86.210069, 36.376196], [-86.209834, 36.376002], [-86.20981, 36.375938], [-86.209935, 36.375693], [-86.210161, 36.375597], [-86.210245, 36.375488]]]}, "properties": {"OBJECTID": 708, "Object_Name": "Second Creek", "Information": "", "Scale_Minimum": 60000, "Source_Date": "20050412", "Source_Indication": "US,U3,USACE,LRN_GIS", "Source_Dataset": "U37CR221.000", "Feature_ID": "U3 1392981382 00001"}}, {"type": "Feature", "id": 709, "geometry": {"type": "Polygon", "coordinates": [[[-86.362474, 36.360497], [-86.362444, 36.360488], [-86.362404, 36.360653], [-86.361186, 36.36037], [-86.360978, 36.360458], [-86.360785, 36.360644], [-86.360582, 36.360908], [-86.36034, 36.360958], [-86.359697, 36.360898], [-86.359357, 36.360767], [-86.359081, 36.360751], [-86.358821, 36.36069], [-86.358603, 36.360711], [-86.357826, 36.360681], [-86.357724, 36.360751], [-86.357835, 36.360848], [-86.358025, 36.360915], [-86.358517, 36.361225], [-86.358645, 36.36124], [-86.35906, 36.361469], [-86.359413, 36.361573], [-86.359465, 36.361753], [-86.359601, 36.361833], [-86.35966, 36.361845], [-86.359997, 36.361736], [-86.36012, 36.361748], [-86.360242, 36.361806], [-86.360239, 36.361902], [-86.360011, 36.362085], [-86.359848, 36.362365], [-86.359769, 36.362551], [-86.359717, 36.36282], [-86.359523, 36.363126], [-86.359637, 36.363429], [-86.359636, 36.363532], [-86.360195, 36.363325], [-86.360278, 36.363354], [-86.360359, 36.36342], [-86.360447, 36.363698], [-86.360704, 36.364091], [-86.360983, 36.364363], [-86.361192, 36.364496], [-86.361248, 36.364579], [-86.361595, 36.364853], [-86.36181, 36.364866], [-86.361906, 36.364703], [-86.362237, 36.364326], [-86.362372, 36.36411], [-86.362307, 36.364014], [-86.362318, 36.363786], [-86.362291, 36.363691], [-86.36199, 36.363288], [-86.362175, 36.362558], [-86.362315, 36.362204], [-86.362297, 36.362135], [-86.362319, 36.362081], [-86.362472, 36.361954], [-86.362687, 36.361885], [-86.362811, 36.361721], [-86.362744, 36.361617], [-86.362802, 36.361413], [-86.362629, 36.360927], [-86.362739, 36.360773], [-86.362731, 36.360746], [-86.362424, 36.360661], [-86.362474, 36.360497]]]}, "properties": {"OBJECTID": 709, "Object_Name": "", "Information": "", "Scale_Minimum": 60000, "Source_Date": "20050412", "Source_Indication": "US,U3,USACE,LRN_GIS", "Source_Dataset": "U37CR221.000", "Feature_ID": "U3 1392981383 00001"}}, {"type": "Feature", "id": 710, "geometry": {"type": "Polygon", "coordinates": [[[-86.515517, 36.313], [-86.515493, 36.312997], [-86.515503, 36.313172], [-86.515462, 36.31319], [-86.514766, 36.313184], [-86.514699, 36.313203], [-86.514639, 36.313295], [-86.514869, 36.313733], [-86.515008, 36.313914], [-86.515687, 36.314462], [-86.515998, 36.31478], [-86.516092, 36.314807], [-86.516161, 36.314733], [-86.51614, 36.314457], [-86.516046, 36.314205], [-86.515577, 36.313584], [-86.515547, 36.313421], [-86.515569, 36.313205], [-86.515524, 36.313172], [-86.515517, 36.313]]]}, "properties": {"OBJECTID": 710, "Object_Name": "", "Information": "", "Scale_Minimum": 60000, "Source_Date": "20050412", "Source_Indication": "US,U3,USACE,LRN_GIS", "Source_Dataset": "U37CR221.000", "Feature_ID": "U3 1392981386 00001"}}, {"type": "Feature", "id": 711, "geometry": {"type": "Polygon", "coordinates": [[[-86.354499, 36.324863], [-86.354614, 36.324913], [-86.354777, 36.32492], [-86.355144, 36.324857], [-86.355526, 36.325016], [-86.355755, 36.324977], [-86.35597, 36.324991], [-86.356305, 36.324957], [-86.356453, 36.324917], [-86.356599, 36.324834], [-86.356771, 36.324836], [-86.356842, 36.324899], [-86.356818, 36.325018], [-86.356849, 36.325228], [-86.357178, 36.325525], [-86.35739, 36.325793], [-86.357597, 36.326128], [-86.357665, 36.32638], [-86.357851, 36.326437], [-86.357936, 36.326381], [-86.357895, 36.326305], [-86.358041, 36.326148], [-86.357974, 36.325764], [-86.358041, 36.32563], [-86.35819, 36.325503], [-86.358589, 36.325421], [-86.35895, 36.325395], [-86.359329, 36.3252], [-86.360145, 36.325165], [-86.360128, 36.325126], [-86.359598, 36.325014], [-86.359312, 36.324897], [-86.358968, 36.324681], [-86.358866, 36.324649], [-86.35877, 36.324517], [-86.358752, 36.324337], [-86.358552, 36.32433], [-86.358433, 36.32447], [-86.35807, 36.324612], [-86.357989, 36.324618], [-86.357727, 36.324544], [-86.357512, 36.324585], [-86.357304, 36.324689], [-86.357234, 36.324659], [-86.357163, 36.324474], [-86.35683, 36.324503], [-86.356838, 36.324436], [-86.356969, 36.324361], [-86.357093, 36.324], [-86.357188, 36.323891], [-86.357201, 36.323826], [-86.357476, 36.323389], [-86.357529, 36.323038], [-86.357605, 36.322886], [-86.357755, 36.322763], [-86.357772, 36.322717], [-86.357753, 36.322665], [-86.357705, 36.32266], [-86.357555, 36.322793], [-86.357221, 36.323224], [-86.35692, 36.323478], [-86.356676, 36.323904], [-86.356387, 36.324052], [-86.356324, 36.324383], [-86.356267, 36.324406], [-86.356074, 36.324315], [-86.355735, 36.324456], [-86.355484, 36.324382], [-86.355454, 36.324334], [-86.354499, 36.324863]]]}, "properties": {"OBJECTID": 711, "Object_Name": "", "Information": "", "Scale_Minimum": 60000, "Source_Date": "20050412", "Source_Indication": "US,U3,USACE,LRN_GIS", "Source_Dataset": "U37CR221.000", "Feature_ID": "U3 1392981388 00001"}}, {"type": "Feature", "id": 712, "geometry": {"type": "Polygon", "coordinates": [[[-86.19705, 36.324602], [-86.197083, 36.324238], [-86.197157, 36.32424], [-86.197445, 36.324379], [-86.197536, 36.324376], [-86.197633, 36.324321], [-86.197655, 36.324031], [-86.197596, 36.323745], [-86.197711, 36.323449], [-86.19769, 36.323254], [-86.197794, 36.322924], [-86.197959, 36.322629], [-86.197992, 36.322476], [-86.198108, 36.322315], [-86.198248, 36.3219], [-86.198304, 36.321704], [-86.198236, 36.321612], [-86.198092, 36.32161], [-86.198004, 36.321709], [-86.197914, 36.32208], [-86.197624, 36.322724], [-86.197518, 36.322775], [-86.197308, 36.322754], [-86.197394, 36.322947], [-86.197384, 36.322994], [-86.197421, 36.323026], [-86.197448, 36.324141], [-86.19739, 36.324153], [-86.197235, 36.324058], [-86.197086, 36.324017], [-86.196974, 36.324088], [-86.196776, 36.324389], [-86.19705, 36.324602]]]}, "properties": {"OBJECTID": 712, "Object_Name": "", "Information": "", "Scale_Minimum": 60000, "Source_Date": "20050412", "Source_Indication": "US,U3,USACE,LRN_GIS", "Source_Dataset": "U37CR221.000", "Feature_ID": "U3 1392981391 00001"}}, {"type": "Feature", "id": 713, "geometry": {"type": "Polygon", "coordinates": [[[-86.175025, 36.328945], [-86.175015, 36.328575], [-86.174864, 36.328752], [-86.174621, 36.328758], [-86.174577, 36.328791], [-86.174598, 36.328879], [-86.174755, 36.328859], [-86.174762, 36.328884], [-86.174914, 36.328889], [-86.175025, 36.328945]]]}, "properties": {"OBJECTID": 713, "Object_Name": "", "Information": "", "Scale_Minimum": 60000, "Source_Date": "20050412", "Source_Indication": "US,U3,USACE,LRN_GIS", "Source_Dataset": "U37CR221.000", "Feature_ID": "U3 1392981400 00001"}}, {"type": "Feature", "id": 714, "geometry": {"type": "Polygon", "coordinates": [[[-86.066225, 36.330182], [-86.065627, 36.330146], [-86.065078, 36.329997], [-86.064871, 36.330017], [-86.064647, 36.330254], [-86.064636, 36.330304], [-86.064732, 36.33058], [-86.0647, 36.330641], [-86.064646, 36.330644], [-86.064578, 36.330633], [-86.06442, 36.330527], [-86.064071, 36.33049], [-86.063951, 36.330099], [-86.06385, 36.330066], [-86.063587, 36.33006], [-86.063563, 36.33001], [-86.063588, 36.32986], [-86.063663, 36.329754], [-86.0635, 36.329825], [-86.063422, 36.329922], [-86.063404, 36.330011], [-86.063456, 36.330076], [-86.063299, 36.330148], [-86.063182, 36.33013], [-86.063144, 36.330095], [-86.063036, 36.329728], [-86.063042, 36.329499], [-86.063102, 36.329177], [-86.063312, 36.328986], [-86.063348, 36.328838], [-86.063261, 36.328705], [-86.063108, 36.32856], [-86.063022, 36.328601], [-86.062666, 36.328639], [-86.062463, 36.328627], [-86.062208, 36.328671], [-86.06181, 36.328832], [-86.060785, 36.329083], [-86.060543, 36.329194], [-86.060118, 36.329281], [-86.059737, 36.32941], [-86.05976, 36.329447], [-86.060133, 36.32932], [-86.060416, 36.32928], [-86.060822, 36.329146], [-86.061814, 36.328892], [-86.062283, 36.328727], [-86.062581, 36.328695], [-86.062965, 36.328749], [-86.063239, 36.328863], [-86.063185, 36.32901], [-86.063042, 36.329122], [-86.062967, 36.329257], [-86.062904, 36.32966], [-86.063005, 36.329958], [-86.063016, 36.33002], [-86.062976, 36.330099], [-86.063, 36.330176], [-86.063115, 36.330274], [-86.063184, 36.330291], [-86.063619, 36.330215], [-86.063794, 36.330216], [-86.063839, 36.330244], [-86.063863, 36.330486], [-86.063969, 36.330594], [-86.064039, 36.330633], [-86.064331, 36.330649], [-86.064694, 36.330771], [-86.064827, 36.330742], [-86.064862, 36.330702], [-86.064871, 36.330573], [-86.064814, 36.330325], [-86.064864, 36.330204], [-86.064964, 36.330122], [-86.065293, 36.330218], [-86.065535, 36.330328], [-86.065705, 36.330343], [-86.065857, 36.330304], [-86.066021, 36.330312], [-86.066192, 36.330393], [-86.066225, 36.330182]]]}, "properties": {"OBJECTID": 714, "Object_Name": "Wilburne Branch", "Information": "", "Scale_Minimum": 60000, "Source_Date": "20050412", "Source_Indication": "US,U3,USACE,LRN_GIS", "Source_Dataset": "U37CR221.000", "Feature_ID": "U3 1392981402 00001"}}, {"type": "Feature", "id": 715, "geometry": {"type": "Polygon", "coordinates": [[[-86.040488, 36.287743], [-86.040332, 36.287658], [-86.040321, 36.287885], [-86.04015, 36.287991], [-86.039573, 36.287949], [-86.039474, 36.28801], [-86.039219, 36.288373], [-86.039217, 36.288426], [-86.039286, 36.288466], [-86.03964, 36.288486], [-86.039654, 36.288525], [-86.039468, 36.288609], [-86.038991, 36.288665], [-86.038891, 36.288734], [-86.038876, 36.288768], [-86.038949, 36.288833], [-86.039187, 36.288807], [-86.039301, 36.288847], [-86.039387, 36.288922], [-86.039438, 36.289044], [-86.039383, 36.289081], [-86.039173, 36.289102], [-86.039132, 36.289134], [-86.039092, 36.289256], [-86.038822, 36.289344], [-86.0388, 36.289394], [-86.038822, 36.289472], [-86.038969, 36.289562], [-86.038906, 36.289694], [-86.038907, 36.289783], [-86.039166, 36.289927], [-86.039284, 36.289922], [-86.039457, 36.289827], [-86.039519, 36.289824], [-86.039632, 36.290054], [-86.039676, 36.290293], [-86.039622, 36.290315], [-86.039543, 36.29023], [-86.03947, 36.290215], [-86.039292, 36.290434], [-86.039033, 36.290421], [-86.038992, 36.290486], [-86.039057, 36.290673], [-86.038589, 36.290918], [-86.038605, 36.290996], [-86.038757, 36.291057], [-86.038826, 36.291125], [-86.038762, 36.291197], [-86.038731, 36.291336], [-86.038455, 36.291489], [-86.038116, 36.291833], [-86.038092, 36.292001], [-86.037976, 36.292282], [-86.037716, 36.292548], [-86.037609, 36.293056], [-86.037453, 36.293555], [-86.037467, 36.293681], [-86.037375, 36.293955], [-86.037225, 36.294262], [-86.037221, 36.29444], [-86.037132, 36.294565], [-86.037165, 36.294586], [-86.037281, 36.294448], [-86.03733, 36.294136], [-86.037421, 36.29398], [-86.037438, 36.293843], [-86.037512, 36.293691], [-86.037509, 36.29349], [-86.03765, 36.293007], [-86.037745, 36.29283], [-86.037778, 36.292537], [-86.037985, 36.292351], [-86.038181, 36.291823], [-86.038499, 36.291488], [-86.038787, 36.29134], [-86.038809, 36.291232], [-86.038881, 36.291178], [-86.038857, 36.291094], [-86.038666, 36.290995], [-86.038666, 36.290943], [-86.039085, 36.290699], [-86.0391, 36.290637], [-86.039045, 36.29047], [-86.039297, 36.290493], [-86.03946, 36.290269], [-86.039502, 36.290256], [-86.039605, 36.290369], [-86.039682, 36.290353], [-86.039733, 36.290274], [-86.039706, 36.290087], [-86.039542, 36.289769], [-86.039479, 36.289752], [-86.039264, 36.289875], [-86.039134, 36.289857], [-86.038986, 36.289778], [-86.038967, 36.289693], [-86.039034, 36.289534], [-86.039021, 36.289495], [-86.03887, 36.28942], [-86.038872, 36.289388], [-86.039122, 36.289309], [-86.039161, 36.289266], [-86.039164, 36.289198], [-86.039228, 36.289133], [-86.039494, 36.289106], [-86.039523, 36.289024], [-86.039425, 36.288849], [-86.03931, 36.288764], [-86.039232, 36.288745], [-86.039015, 36.288768], [-86.038985, 36.288734], [-86.039508, 36.288669], [-86.039746, 36.288575], [-86.039766, 36.288493], [-86.039669, 36.288412], [-86.039592, 36.288386], [-86.039305, 36.288387], [-86.039579, 36.28807], [-86.040131, 36.288082], [-86.04039, 36.287947], [-86.040488, 36.287743]]]}, "properties": {"OBJECTID": 715, "Object_Name": "", "Information": "", "Scale_Minimum": 60000, "Source_Date": "20050412", "Source_Indication": "US,U3,USACE,LRN_GIS", "Source_Dataset": "U37CR221.000", "Feature_ID": "U3 1392981409 00001"}}, {"type": "Feature", "id": 716, "geometry": {"type": "Polygon", "coordinates": [[[-86.340724, 36.401333], [-86.340233, 36.401268], [-86.340158, 36.401633], [-86.340181, 36.402164], [-86.340279, 36.402557], [-86.340413, 36.402827], [-86.340584, 36.403067], [-86.340664, 36.403119], [-86.341041, 36.40325], [-86.341384, 36.403282], [-86.341962, 36.403218], [-86.342084, 36.403365], [-86.342108, 36.403282], [-86.342089, 36.403205], [-86.342182, 36.403118], [-86.342774, 36.402918], [-86.343811, 36.402439], [-86.344284, 36.402277], [-86.34465, 36.402245], [-86.345009, 36.402294], [-86.345392, 36.402568], [-86.345472, 36.402694], [-86.345709, 36.402865], [-86.345783, 36.40304], [-86.345999, 36.403328], [-86.346398, 36.403691], [-86.347364, 36.40502], [-86.347899, 36.405537], [-86.348091, 36.405657], [-86.348727, 36.405929], [-86.349547, 36.40604], [-86.349866, 36.406137], [-86.350541, 36.406273], [-86.351116, 36.406664], [-86.351119, 36.406699], [-86.351238, 36.40678], [-86.351485, 36.40691], [-86.351676, 36.40699], [-86.352314, 36.407154], [-86.352477, 36.407139], [-86.352668, 36.407183], [-86.352895, 36.407338], [-86.352986, 36.407456], [-86.353119, 36.407691], [-86.353184, 36.407897], [-86.353306, 36.408052], [-86.353265, 36.408232], [-86.353315, 36.408322], [-86.353364, 36.40856], [-86.353573, 36.408536], [-86.353402, 36.407744], [-86.353449, 36.407407], [-86.353233, 36.407162], [-86.352601, 36.406762], [-86.3525, 36.406733], [-86.35249, 36.406678], [-86.352333, 36.406559], [-86.351942, 36.406438], [-86.351765, 36.40635], [-86.351564, 36.406339], [-86.351088, 36.406151], [-86.350973, 36.406171], [-86.350532, 36.406002], [-86.349104, 36.405683], [-86.348653, 36.405535], [-86.348011, 36.405259], [-86.347943, 36.405127], [-86.34766, 36.40488], [-86.347408, 36.404603], [-86.346355, 36.403082], [-86.346104, 36.402807], [-86.345807, 36.40241], [-86.345524, 36.402138], [-86.344967, 36.401938], [-86.344307, 36.401982], [-86.343921, 36.402091], [-86.343487, 36.40226], [-86.343019, 36.4025], [-86.342185, 36.402802], [-86.341882, 36.40289], [-86.341188, 36.402926], [-86.340729, 36.40265], [-86.340602, 36.402378], [-86.34056, 36.401715], [-86.340716, 36.40148], [-86.340724, 36.401333]], [[-86.350957, 36.40629], [-86.350851, 36.406193], [-86.350864, 36.406176], [-86.351093, 36.406254], [-86.351166, 36.406311], [-86.351811, 36.406452], [-86.35189, 36.40654], [-86.352333, 36.406599], [-86.352308, 36.40665], [-86.352404, 36.406727], [-86.352371, 36.406744], [-86.35201, 36.406611], [-86.351791, 36.406562], [-86.351767, 36.406592], [-86.35187, 36.406726], [-86.352021, 36.406792], [-86.352146, 36.40682], [-86.35241, 36.4068], [-86.352463, 36.406745], [-86.352583, 36.406786], [-86.352694, 36.4069], [-86.35263, 36.406944], [-86.352426, 36.406931], [-86.352393, 36.406989], [-86.352425, 36.407069], [-86.352369, 36.407068], [-86.351699, 36.406868], [-86.351474, 36.406772], [-86.351122, 36.406525], [-86.351071, 36.406479], [-86.351111, 36.406449], [-86.351005, 36.406374], [-86.350957, 36.40629]]]}, "properties": {"OBJECTID": 716, "Object_Name": "Bledsoe Creek", "Information": "", "Scale_Minimum": 60000, "Source_Date": "20050412", "Source_Indication": "US,U3,USACE,LRN_GIS", "Source_Dataset": "U37CR221.000", "Feature_ID": "U3 1392981411 00001"}}, {"type": "Feature", "id": 717, "geometry": {"type": "Polygon", "coordinates": [[[-86.316605, 36.31402], [-86.316726, 36.31399], [-86.316853, 36.314157], [-86.317011, 36.314233], [-86.317135, 36.314238], [-86.31728, 36.31418], [-86.317383, 36.314187], [-86.317565, 36.314134], [-86.317957, 36.314244], [-86.318037, 36.31419], [-86.318161, 36.314175], [-86.318257, 36.314101], [-86.31853, 36.314125], [-86.318904, 36.314044], [-86.319087, 36.313905], [-86.319205, 36.31391], [-86.31938, 36.313826], [-86.319393, 36.313763], [-86.319263, 36.313632], [-86.319456, 36.313465], [-86.319447, 36.313367], [-86.319584, 36.313138], [-86.319639, 36.312881], [-86.319912, 36.31253], [-86.319908, 36.312405], [-86.319948, 36.312325], [-86.320234, 36.31204], [-86.320172, 36.31194], [-86.320251, 36.311875], [-86.320324, 36.311747], [-86.320345, 36.31148], [-86.320539, 36.311152], [-86.320588, 36.310932], [-86.32055, 36.310813], [-86.320457, 36.31096], [-86.320408, 36.311168], [-86.320005, 36.311666], [-86.319971, 36.311821], [-86.319801, 36.31199], [-86.319265, 36.312332], [-86.319215, 36.312535], [-86.319209, 36.312867], [-86.319071, 36.313286], [-86.318975, 36.313412], [-86.318711, 36.313605], [-86.318698, 36.313655], [-86.318775, 36.313792], [-86.318734, 36.313862], [-86.3186, 36.313906], [-86.318503, 36.313893], [-86.318361, 36.313718], [-86.31831, 36.31371], [-86.318007, 36.313718], [-86.317436, 36.313811], [-86.3165, 36.313765], [-86.316605, 36.31402]]]}, "properties": {"OBJECTID": 717, "Object_Name": "", "Information": "", "Scale_Minimum": 60000, "Source_Date": "20050412", "Source_Indication": "US,U3,USACE,LRN_GIS", "Source_Dataset": "U37CR221.000", "Feature_ID": "U3 1392981412 00001"}}, {"type": "Feature", "id": 718, "geometry": {"type": "Polygon", "coordinates": [[[-86.310612, 36.281552], [-86.309843, 36.281181], [-86.309109, 36.280876], [-86.308786, 36.280798], [-86.308161, 36.280721], [-86.307651, 36.280577], [-86.307447, 36.280489], [-86.307065, 36.280429], [-86.306721, 36.280434], [-86.306421, 36.280498], [-86.306115, 36.280628], [-86.306058, 36.280694], [-86.305784, 36.280832], [-86.305447, 36.280965], [-86.305363, 36.280969], [-86.305183, 36.280565], [-86.304942, 36.280136], [-86.305158, 36.280733], [-86.305104, 36.280752], [-86.304952, 36.280687], [-86.304907, 36.280788], [-86.304817, 36.280852], [-86.304592, 36.280888], [-86.304788, 36.280967], [-86.305007, 36.280856], [-86.305141, 36.280833], [-86.305227, 36.280953], [-86.305197, 36.281036], [-86.303838, 36.28156], [-86.303154, 36.281932], [-86.302925, 36.281973], [-86.302784, 36.281943], [-86.302608, 36.281795], [-86.302254, 36.281275], [-86.301866, 36.280828], [-86.301613, 36.280306], [-86.301387, 36.279925], [-86.300701, 36.279302], [-86.30047, 36.279043], [-86.299903, 36.2782], [-86.299593, 36.27831], [-86.299978, 36.278836], [-86.30005, 36.278978], [-86.300529, 36.279587], [-86.300837, 36.279873], [-86.301103, 36.280048], [-86.301387, 36.280652], [-86.302239, 36.281879], [-86.302564, 36.282167], [-86.302761, 36.28226], [-86.302927, 36.282284], [-86.303748, 36.281906], [-86.305385, 36.281336], [-86.30557, 36.28124], [-86.305813, 36.281212], [-86.306387, 36.281027], [-86.306911, 36.281086], [-86.307163, 36.281156], [-86.308262, 36.281135], [-86.30891, 36.281181], [-86.310319, 36.281782], [-86.310395, 36.281862], [-86.310612, 36.281552]], [[-86.306819, 36.280679], [-86.307007, 36.280686], [-86.307241, 36.280782], [-86.306864, 36.280773], [-86.306586, 36.280836], [-86.306526, 36.280787], [-86.306819, 36.280679]]]}, "properties": {"OBJECTID": 718, "Object_Name": "Spring Creek", "Information": "", "Scale_Minimum": 60000, "Source_Date": "20050412", "Source_Indication": "US,U3,USACE,LRN_GIS", "Source_Dataset": "U37CR221.000", "Feature_ID": "U3 1392981434 00001"}}, {"type": "Feature", "id": 719, "geometry": {"type": "Polygon", "coordinates": [[[-85.960531, 36.255989], [-85.96072, 36.255566], [-85.960714, 36.255473], [-85.96085, 36.255319], [-85.960956, 36.255259], [-85.961254, 36.255274], [-85.961601, 36.255429], [-85.961769, 36.255543], [-85.961893, 36.255571], [-85.962157, 36.25549], [-85.962414, 36.255174], [-85.962514, 36.255141], [-85.962847, 36.255192], [-85.962967, 36.255161], [-85.963088, 36.255078], [-85.963177, 36.254999], [-85.963259, 36.254817], [-85.963254, 36.254738], [-85.963001, 36.254417], [-85.963063, 36.254305], [-85.963318, 36.254103], [-85.963441, 36.254071], [-85.96368, 36.254055], [-85.963907, 36.254129], [-85.964147, 36.254163], [-85.96437, 36.254073], [-85.964535, 36.253862], [-85.964679, 36.253552], [-85.965001, 36.253169], [-85.965027, 36.253078], [-85.965531, 36.252317], [-85.965643, 36.252085], [-85.965762, 36.251967], [-85.966026, 36.251807], [-85.966158, 36.251575], [-85.966303, 36.251477], [-85.966417, 36.251453], [-85.966667, 36.251565], [-85.966667, 36.251518], [-85.966492, 36.251396], [-85.966342, 36.251382], [-85.966139, 36.251488], [-85.965973, 36.251743], [-85.965552, 36.252054], [-85.96538, 36.252393], [-85.965099, 36.252814], [-85.964926, 36.252999], [-85.964831, 36.25323], [-85.964466, 36.253672], [-85.964377, 36.253909], [-85.964317, 36.253987], [-85.964235, 36.254032], [-85.964058, 36.254058], [-85.963515, 36.253946], [-85.963253, 36.254016], [-85.963011, 36.254184], [-85.962902, 36.254384], [-85.962907, 36.254445], [-85.96295, 36.254554], [-85.963145, 36.254783], [-85.963116, 36.254856], [-85.962934, 36.255035], [-85.962834, 36.255072], [-85.9626, 36.255028], [-85.962396, 36.255054], [-85.962228, 36.255176], [-85.962045, 36.255409], [-85.961947, 36.255442], [-85.961857, 36.25544], [-85.961641, 36.255308], [-85.961285, 36.255155], [-85.96118, 36.255131], [-85.960894, 36.255143], [-85.960744, 36.255221], [-85.960613, 36.255337], [-85.960427, 36.255748], [-85.96036, 36.255772], [-85.960531, 36.255989]]]}, "properties": {"OBJECTID": 719, "Object_Name": "Hogans Creek", "Information": "", "Scale_Minimum": 60000, "Source_Date": "20050412", "Source_Indication": "US,U3,USACE,LRN_GIS", "Source_Dataset": "U37CR307.000", "Feature_ID": "U3 1392981100 00001"}}, {"type": "Feature", "id": 723, "geometry": {"type": "Polygon", "coordinates": [[[-85.924644, 36.269798], [-85.924744, 36.269765], [-85.925034, 36.269804], [-85.925258, 36.26978], [-85.925512, 36.269627], [-85.925612, 36.269615], [-85.925936, 36.269613], [-85.926124, 36.269644], [-85.926115, 36.269696], [-85.925956, 36.269777], [-85.925907, 36.269867], [-85.926009, 36.270105], [-85.926205, 36.270369], [-85.926205, 36.270725], [-85.926331, 36.270892], [-85.926452, 36.270985], [-85.926734, 36.271107], [-85.926935, 36.271124], [-85.926991, 36.271108], [-85.927059, 36.271033], [-85.927057, 36.270936], [-85.926869, 36.270682], [-85.926816, 36.270544], [-85.926818, 36.27042], [-85.92694, 36.270269], [-85.927233, 36.270223], [-85.927305, 36.270339], [-85.927325, 36.27057], [-85.927424, 36.27062], [-85.9279, 36.270499], [-85.928065, 36.270517], [-85.928076, 36.270618], [-85.927889, 36.270736], [-85.927859, 36.270882], [-85.927892, 36.270931], [-85.928013, 36.270993], [-85.928121, 36.270984], [-85.92821, 36.270918], [-85.928289, 36.270957], [-85.928239, 36.271137], [-85.928315, 36.271334], [-85.928182, 36.271488], [-85.928168, 36.271574], [-85.928334, 36.27196], [-85.928868, 36.272234], [-85.929173, 36.272263], [-85.929319, 36.272336], [-85.929727, 36.272691], [-85.930072, 36.272915], [-85.930553, 36.273296], [-85.930796, 36.27356], [-85.931091, 36.273616], [-85.931342, 36.273817], [-85.931744, 36.273882], [-85.93206, 36.274091], [-85.932239, 36.274138], [-85.932678, 36.274184], [-85.933282, 36.274414], [-85.93348, 36.274577], [-85.933939, 36.274823], [-85.934024, 36.274943], [-85.934292, 36.275104], [-85.93446, 36.275293], [-85.934637, 36.275371], [-85.934815, 36.275407], [-85.935088, 36.27534], [-85.935283, 36.275328], [-85.935669, 36.275382], [-85.936033, 36.275539], [-85.93622, 36.275505], [-85.936402, 36.275524], [-85.936647, 36.275748], [-85.93672, 36.275871], [-85.93691, 36.276003], [-85.938348, 36.276624], [-85.938367, 36.276601], [-85.936929, 36.27598], [-85.936749, 36.275855], [-85.936676, 36.275733], [-85.936415, 36.275498], [-85.936214, 36.275477], [-85.936043, 36.275513], [-85.93568, 36.275356], [-85.935287, 36.2753], [-85.93508, 36.275313], [-85.934812, 36.275379], [-85.93465, 36.275346], [-85.934484, 36.275273], [-85.934315, 36.275084], [-85.934052, 36.274927], [-85.933962, 36.274803], [-85.933502, 36.274556], [-85.933301, 36.274391], [-85.93269, 36.274158], [-85.932155, 36.274094], [-85.931761, 36.273858], [-85.931355, 36.273791], [-85.931109, 36.273592], [-85.930815, 36.273536], [-85.930578, 36.273277], [-85.930095, 36.272894], [-85.92975, 36.272671], [-85.929342, 36.272315], [-85.929182, 36.272237], [-85.928878, 36.272207], [-85.928361, 36.271943], [-85.928211, 36.27159], [-85.92822, 36.271521], [-85.928372, 36.271308], [-85.928297, 36.271126], [-85.928356, 36.27103], [-85.92836, 36.270944], [-85.928332, 36.270901], [-85.928225, 36.270866], [-85.928023, 36.270928], [-85.927952, 36.27089], [-85.927939, 36.270829], [-85.927978, 36.270753], [-85.928116, 36.270675], [-85.928166, 36.270597], [-85.928126, 36.270489], [-85.927909, 36.270442], [-85.927688, 36.27047], [-85.927449, 36.270546], [-85.927395, 36.270507], [-85.927383, 36.270363], [-85.927257, 36.270161], [-85.927192, 36.270142], [-85.926895, 36.270207], [-85.926763, 36.270303], [-85.926688, 36.270485], [-85.926837, 36.270797], [-85.92698, 36.270953], [-85.926965, 36.271032], [-85.926828, 36.27105], [-85.926607, 36.270983], [-85.926336, 36.270742], [-85.926292, 36.270361], [-85.926007, 36.269899], [-85.926069, 36.269811], [-85.926216, 36.269765], [-85.926268, 36.269711], [-85.926268, 36.269599], [-85.926179, 36.26953], [-85.925653, 36.269475], [-85.925028, 36.269651], [-85.924637, 36.269614], [-85.924644, 36.269798]]]}, "properties": {"OBJECTID": 723, "Object_Name": "Turkey Creek", "Information": "", "Scale_Minimum": 60000, "Source_Date": "20050414", "Source_Indication": "US,U3,USACE,LRN_GIS", "Source_Dataset": "U37CR307.000", "Feature_ID": "U3 1392990619 00001"}}, {"type": "Feature", "id": 741, "geometry": {"type": "Polygon", "coordinates": [[[-85.942143, 36.239156], [-85.941407, 36.238705], [-85.941068, 36.238456], [-85.940764, 36.238336], [-85.940511, 36.238281], [-85.940169, 36.238104], [-85.939176, 36.23786], [-85.938402, 36.237742], [-85.937716, 36.237686], [-85.937569, 36.237715], [-85.936228, 36.237696], [-85.934823, 36.237745], [-85.934142, 36.237727], [-85.932147, 36.237809], [-85.931866, 36.237765], [-85.931319, 36.237852], [-85.930342, 36.237851], [-85.928875, 36.237917], [-85.926934, 36.238133], [-85.926272, 36.238114], [-85.925767, 36.238197], [-85.925174, 36.238516], [-85.924642, 36.238999], [-85.9245, 36.239176], [-85.924969, 36.239703], [-85.925694, 36.238984], [-85.925937, 36.238822], [-85.926318, 36.238653], [-85.928178, 36.238662], [-85.928445, 36.238598], [-85.929346, 36.238595], [-85.929546, 36.23856], [-85.929778, 36.23861], [-85.930021, 36.238561], [-85.931519, 36.238567], [-85.931659, 36.238535], [-85.932346, 36.238537], [-85.933136, 36.238488], [-85.933798, 36.238496], [-85.93473, 36.238424], [-85.935151, 36.23846], [-85.936157, 36.238396], [-85.937332, 36.238413], [-85.93895, 36.238554], [-85.939874, 36.23879], [-85.940588, 36.239063], [-85.940627, 36.239092], [-85.940629, 36.239137], [-85.941201, 36.239083], [-85.941727, 36.239082], [-85.942143, 36.239156]]]}, "properties": {"OBJECTID": 741, "Object_Name": "Caney Fork River", "Information": "", "Scale_Minimum": 60000, "Source_Date": "20050414", "Source_Indication": "US,U3,USACE,LRN_GIS", "Source_Dataset": "U37CR307.000", "Feature_ID": "U3 1392991001 00001"}}]}