ISO-10303-21;
HEADER;
FILE_DESCRIPTION(('FreeCAD Model'),'2;1');
FILE_NAME('Open CASCADE Shape Model','2026-09-25T12:47:58',('FreeCAD'),(
    'FreeCAD'),'Open CASCADE STEP processor 7.8','FreeCAD','Unknown');
FILE_SCHEMA(('AUTOMOTIVE_DESIGN { 1 0 10303 214 1 1 1 1 }'));
ENDSEC;
DATA;
#1 = APPLICATION_PROTOCOL_DEFINITION('international standard',
  'automotive_design',2000,#2);
#2 = APPLICATION_CONTEXT(
  'core data for automotive mechanical design processes');
#3 = SHAPE_DEFINITION_REPRESENTATION(#4,#10);
#4 = PRODUCT_DEFINITION_SHAPE('','',#5);
#5 = PRODUCT_DEFINITION('design','',#6,#9);
#6 = PRODUCT_DEFINITION_FORMATION('','',#7);
#7 = PRODUCT('Open CASCADE STEP translator 7.8 4',
  'Open CASCADE STEP translator 7.8 4','',(#8));
#8 = PRODUCT_CONTEXT('',#2,'mechanical');
#9 = PRODUCT_DEFINITION_CONTEXT('part definition',#2,'design');
#10 = ADVANCED_BREP_SHAPE_REPRESENTATION('',(#11,#15),#7943);
#11 = AXIS2_PLACEMENT_3D('',#12,#13,#14);
#12 = CARTESIAN_POINT('',(0.,0.,0.));
#13 = DIRECTION('',(0.,0.,1.));
#14 = DIRECTION('',(1.,0.,-0.));
#15 = MANIFOLD_SOLID_BREP('',#16);
#16 = CLOSED_SHELL('',(#17,#59,#362,#395,#426,#1091,#1141,#1191,#1231,
    #1262,#1302,#1333,#1364,#1399,#1434,#1458,#1482,#1499,#1516,#1528,
    #1551,#1575,#1592,#1603,#1625,#1642,#1659,#1671,#1693,#1710,#1727,
    #1739,#1762,#1786,#1803,#1814,#1836,#1853,#1870,#1882,#1913,#1953,
    #1977,#1993,#2017,#2034,#2074,#2091,#2107,#2128,#2145,#2157,#2179,
    #2196,#2213,#2225,#2248,#2272,#2289,#2300,#2322,#2339,#2356,#2368,
    #2390,#2407,#2424,#2436,#2458,#2475,#2492,#2504,#2535,#2575,#2599,
    #2615,#2631,#2648,#2667,#2679,#2840,#2899,#3502,#3552,#3592,#3632,
    #3663,#3694,#3729,#3764,#3788,#3812,#3843,#3875,#4128,#4153,#4170,
    #4187,#4199,#4230,#4246,#4262,#4274,#4296,#4313,#4330,#4342,#4373,
    #4389,#4405,#4417,#4439,#4456,#4473,#4485,#4516,#4532,#4548,#4560,
    #4582,#4599,#4616,#4628,#4650,#4667,#4684,#4696,#4727,#4743,#4759,
    #4771,#4793,#4810,#4827,#4839,#4870,#4886,#4902,#4914,#4945,#4961,
    #4977,#4989,#5011,#5028,#5045,#5057,#5088,#5104,#5120,#5132,#5163,
    #5188,#5213,#5238,#5263,#5280,#5297,#5322,#5347,#5378,#5409,#5426,
    #5443,#5468,#5493,#5518,#5543,#5568,#5593,#5618,#5643,#5663,#5683,
    #5703,#5723,#5743,#5763,#5788,#5813,#5838,#5863,#5888,#5913,#5922,
    #5931,#5940,#5949,#5958,#5967,#6227,#6267,#6289,#6329,#6351,#6376,
    #6385,#6410,#6419,#6444,#6453,#6478,#6487,#6512,#6521,#6546,#6555,
    #6567,#6579,#6596,#6613,#6625,#6642,#6795,#6826,#6842,#6859,#6870,
    #6901,#6925,#6949,#6966,#6997,#7021,#7045,#7062,#7093,#7117,#7141,
    #7158,#7339,#7370,#7386,#7403,#7414,#7445,#7469,#7493,#7510,#7541,
    #7565,#7589,#7606,#7637,#7661,#7685,#7702,#7732,#7762,#7774,#7786,
    #7842,#7859,#7871,#7883,#7895,#7907,#7919,#7931));
#17 = ADVANCED_FACE('',(#18),#54,.F.);
#18 = FACE_BOUND('',#19,.F.);
#19 = EDGE_LOOP('',(#20,#30,#39,#47));
#20 = ORIENTED_EDGE('',*,*,#21,.F.);
#21 = EDGE_CURVE('',#22,#24,#26,.T.);
#22 = VERTEX_POINT('',#23);
#23 = CARTESIAN_POINT('',(-0.8,0.7,-6.));
#24 = VERTEX_POINT('',#25);
#25 = CARTESIAN_POINT('',(-0.8,0.7,26.5));
#26 = LINE('',#27,#28);
#27 = CARTESIAN_POINT('',(-0.8,0.7,-6.));
#28 = VECTOR('',#29,1.);
#29 = DIRECTION('',(0.,0.,1.));
#30 = ORIENTED_EDGE('',*,*,#31,.T.);
#31 = EDGE_CURVE('',#22,#32,#34,.T.);
#32 = VERTEX_POINT('',#33);
#33 = CARTESIAN_POINT('',(0.7,-0.8,-6.));
#34 = CIRCLE('',#35,1.5);
#35 = AXIS2_PLACEMENT_3D('',#36,#37,#38);
#36 = CARTESIAN_POINT('',(0.7,0.7,-6.));
#37 = DIRECTION('',(0.,0.,1.));
#38 = DIRECTION('',(0.,-1.,0.));
#39 = ORIENTED_EDGE('',*,*,#40,.T.);
#40 = EDGE_CURVE('',#32,#41,#43,.T.);
#41 = VERTEX_POINT('',#42);
#42 = CARTESIAN_POINT('',(0.7,-0.8,26.5));
#43 = LINE('',#44,#45);
#44 = CARTESIAN_POINT('',(0.7,-0.8,-6.));
#45 = VECTOR('',#46,1.);
#46 = DIRECTION('',(0.,0.,1.));
#47 = ORIENTED_EDGE('',*,*,#48,.F.);
#48 = EDGE_CURVE('',#24,#41,#49,.T.);
#49 = CIRCLE('',#50,1.5);
#50 = AXIS2_PLACEMENT_3D('',#51,#52,#53);
#51 = CARTESIAN_POINT('',(0.7,0.7,26.5));
#52 = DIRECTION('',(0.,0.,1.));
#53 = DIRECTION('',(-1.,-0.,0.));
#54 = CYLINDRICAL_SURFACE('',#55,1.5);
#55 = AXIS2_PLACEMENT_3D('',#56,#57,#58);
#56 = CARTESIAN_POINT('',(0.7,0.7,-6.));
#57 = DIRECTION('',(0.,0.,1.));
#58 = DIRECTION('',(-1.,-0.,0.));
#59 = ADVANCED_FACE('',(#60,#85,#119,#153,#187,#221,#255,#289,#323),#357
  ,.T.);
#60 = FACE_BOUND('',#61,.T.);
#61 = EDGE_LOOP('',(#62,#70,#71,#79));
#62 = ORIENTED_EDGE('',*,*,#63,.F.);
#63 = EDGE_CURVE('',#24,#64,#66,.T.);
#64 = VERTEX_POINT('',#65);
#65 = CARTESIAN_POINT('',(-0.8,93.3,26.5));
#66 = LINE('',#67,#68);
#67 = CARTESIAN_POINT('',(-0.8,-2.05,26.5));
#68 = VECTOR('',#69,1.);
#69 = DIRECTION('',(-0.,1.,0.));
#70 = ORIENTED_EDGE('',*,*,#21,.F.);
#71 = ORIENTED_EDGE('',*,*,#72,.T.);
#72 = EDGE_CURVE('',#22,#73,#75,.T.);
#73 = VERTEX_POINT('',#74);
#74 = CARTESIAN_POINT('',(-0.8,93.3,-6.));
#75 = LINE('',#76,#77);
#76 = CARTESIAN_POINT('',(-0.8,-0.8,-6.));
#77 = VECTOR('',#78,1.);
#78 = DIRECTION('',(-0.,1.,0.));
#79 = ORIENTED_EDGE('',*,*,#80,.T.);
#80 = EDGE_CURVE('',#73,#64,#81,.T.);
#81 = LINE('',#82,#83);
#82 = CARTESIAN_POINT('',(-0.8,93.3,-6.));
#83 = VECTOR('',#84,1.);
#84 = DIRECTION('',(0.,0.,1.));
#85 = FACE_BOUND('',#86,.T.);
#86 = EDGE_LOOP('',(#87,#97,#105,#113));
#87 = ORIENTED_EDGE('',*,*,#88,.T.);
#88 = EDGE_CURVE('',#89,#91,#93,.T.);
#89 = VERTEX_POINT('',#90);
#90 = CARTESIAN_POINT('',(-0.8,80.,-4.));
#91 = VERTEX_POINT('',#92);
#92 = CARTESIAN_POINT('',(-0.8,67.5,-4.));
#93 = LINE('',#94,#95);
#94 = CARTESIAN_POINT('',(-0.8,33.35,-4.));
#95 = VECTOR('',#96,1.);
#96 = DIRECTION('',(0.,-1.,0.));
#97 = ORIENTED_EDGE('',*,*,#98,.T.);
#98 = EDGE_CURVE('',#91,#99,#101,.T.);
#99 = VERTEX_POINT('',#100);
#100 = CARTESIAN_POINT('',(-0.8,67.5,-1.5));
#101 = LINE('',#102,#103);
#102 = CARTESIAN_POINT('',(-0.8,67.5,-5.));
#103 = VECTOR('',#104,1.);
#104 = DIRECTION('',(0.,0.,1.));
#105 = ORIENTED_EDGE('',*,*,#106,.F.);
#106 = EDGE_CURVE('',#107,#99,#109,.T.);
#107 = VERTEX_POINT('',#108);
#108 = CARTESIAN_POINT('',(-0.8,80.,-1.5));
#109 = LINE('',#110,#111);
#110 = CARTESIAN_POINT('',(-0.8,33.35,-1.5));
#111 = VECTOR('',#112,1.);
#112 = DIRECTION('',(0.,-1.,0.));
#113 = ORIENTED_EDGE('',*,*,#114,.F.);
#114 = EDGE_CURVE('',#89,#107,#115,.T.);
#115 = LINE('',#116,#117);
#116 = CARTESIAN_POINT('',(-0.8,80.,-5.));
#117 = VECTOR('',#118,1.);
#118 = DIRECTION('',(0.,0.,1.));
#119 = FACE_BOUND('',#120,.T.);
#120 = EDGE_LOOP('',(#121,#131,#139,#147));
#121 = ORIENTED_EDGE('',*,*,#122,.T.);
#122 = EDGE_CURVE('',#123,#125,#127,.T.);
#123 = VERTEX_POINT('',#124);
#124 = CARTESIAN_POINT('',(-0.8,80.,4.));
#125 = VERTEX_POINT('',#126);
#126 = CARTESIAN_POINT('',(-0.8,67.5,4.));
#127 = LINE('',#128,#129);
#128 = CARTESIAN_POINT('',(-0.8,33.35,4.));
#129 = VECTOR('',#130,1.);
#130 = DIRECTION('',(0.,-1.,0.));
#131 = ORIENTED_EDGE('',*,*,#132,.T.);
#132 = EDGE_CURVE('',#125,#133,#135,.T.);
#133 = VERTEX_POINT('',#134);
#134 = CARTESIAN_POINT('',(-0.8,67.5,6.5));
#135 = LINE('',#136,#137);
#136 = CARTESIAN_POINT('',(-0.8,67.5,-1.));
#137 = VECTOR('',#138,1.);
#138 = DIRECTION('',(0.,0.,1.));
#139 = ORIENTED_EDGE('',*,*,#140,.F.);
#140 = EDGE_CURVE('',#141,#133,#143,.T.);
#141 = VERTEX_POINT('',#142);
#142 = CARTESIAN_POINT('',(-0.8,80.,6.5));
#143 = LINE('',#144,#145);
#144 = CARTESIAN_POINT('',(-0.8,33.35,6.5));
#145 = VECTOR('',#146,1.);
#146 = DIRECTION('',(0.,-1.,0.));
#147 = ORIENTED_EDGE('',*,*,#148,.F.);
#148 = EDGE_CURVE('',#123,#141,#149,.T.);
#149 = LINE('',#150,#151);
#150 = CARTESIAN_POINT('',(-0.8,80.,-1.));
#151 = VECTOR('',#152,1.);
#152 = DIRECTION('',(0.,0.,1.));
#153 = FACE_BOUND('',#154,.T.);
#154 = EDGE_LOOP('',(#155,#165,#173,#181));
#155 = ORIENTED_EDGE('',*,*,#156,.T.);
#156 = EDGE_CURVE('',#157,#159,#161,.T.);
#157 = VERTEX_POINT('',#158);
#158 = CARTESIAN_POINT('',(-0.8,80.,12.));
#159 = VERTEX_POINT('',#160);
#160 = CARTESIAN_POINT('',(-0.8,67.5,12.));
#161 = LINE('',#162,#163);
#162 = CARTESIAN_POINT('',(-0.8,33.35,12.));
#163 = VECTOR('',#164,1.);
#164 = DIRECTION('',(0.,-1.,0.));
#165 = ORIENTED_EDGE('',*,*,#166,.T.);
#166 = EDGE_CURVE('',#159,#167,#169,.T.);
#167 = VERTEX_POINT('',#168);
#168 = CARTESIAN_POINT('',(-0.8,67.5,14.5));
#169 = LINE('',#170,#171);
#170 = CARTESIAN_POINT('',(-0.8,67.5,3.));
#171 = VECTOR('',#172,1.);
#172 = DIRECTION('',(0.,0.,1.));
#173 = ORIENTED_EDGE('',*,*,#174,.F.);
#174 = EDGE_CURVE('',#175,#167,#177,.T.);
#175 = VERTEX_POINT('',#176);
#176 = CARTESIAN_POINT('',(-0.8,80.,14.5));
#177 = LINE('',#178,#179);
#178 = CARTESIAN_POINT('',(-0.8,33.35,14.5));
#179 = VECTOR('',#180,1.);
#180 = DIRECTION('',(0.,-1.,0.));
#181 = ORIENTED_EDGE('',*,*,#182,.F.);
#182 = EDGE_CURVE('',#157,#175,#183,.T.);
#183 = LINE('',#184,#185);
#184 = CARTESIAN_POINT('',(-0.8,80.,3.));
#185 = VECTOR('',#186,1.);
#186 = DIRECTION('',(0.,0.,1.));
#187 = FACE_BOUND('',#188,.T.);
#188 = EDGE_LOOP('',(#189,#199,#207,#215));
#189 = ORIENTED_EDGE('',*,*,#190,.T.);
#190 = EDGE_CURVE('',#191,#193,#195,.T.);
#191 = VERTEX_POINT('',#192);
#192 = CARTESIAN_POINT('',(-0.8,65.75,0.6));
#193 = VERTEX_POINT('',#194);
#194 = CARTESIAN_POINT('',(-0.8,47.36,0.6));
#195 = LINE('',#196,#197);
#196 = CARTESIAN_POINT('',(-0.8,23.28,0.6));
#197 = VECTOR('',#198,1.);
#198 = DIRECTION('',(0.,-1.,0.));
#199 = ORIENTED_EDGE('',*,*,#200,.T.);
#200 = EDGE_CURVE('',#193,#201,#203,.T.);
#201 = VERTEX_POINT('',#202);
#202 = CARTESIAN_POINT('',(-0.8,47.36,15.8));
#203 = LINE('',#204,#205);
#204 = CARTESIAN_POINT('',(-0.8,47.36,-2.7));
#205 = VECTOR('',#206,1.);
#206 = DIRECTION('',(0.,0.,1.));
#207 = ORIENTED_EDGE('',*,*,#208,.F.);
#208 = EDGE_CURVE('',#209,#201,#211,.T.);
#209 = VERTEX_POINT('',#210);
#210 = CARTESIAN_POINT('',(-0.8,65.75,15.8));
#211 = LINE('',#212,#213);
#212 = CARTESIAN_POINT('',(-0.8,23.28,15.8));
#213 = VECTOR('',#214,1.);
#214 = DIRECTION('',(0.,-1.,0.));
#215 = ORIENTED_EDGE('',*,*,#216,.F.);
#216 = EDGE_CURVE('',#191,#209,#217,.T.);
#217 = LINE('',#218,#219);
#218 = CARTESIAN_POINT('',(-0.8,65.75,-2.7));
#219 = VECTOR('',#220,1.);
#220 = DIRECTION('',(0.,0.,1.));
#221 = FACE_BOUND('',#222,.T.);
#222 = EDGE_LOOP('',(#223,#233,#241,#249));
#223 = ORIENTED_EDGE('',*,*,#224,.T.);
#224 = EDGE_CURVE('',#225,#227,#229,.T.);
#225 = VERTEX_POINT('',#226);
#226 = CARTESIAN_POINT('',(-0.8,45.5,-4.));
#227 = VERTEX_POINT('',#228);
#228 = CARTESIAN_POINT('',(-0.8,31.5,-4.));
#229 = LINE('',#230,#231);
#230 = CARTESIAN_POINT('',(-0.8,15.35,-4.));
#231 = VECTOR('',#232,1.);
#232 = DIRECTION('',(0.,-1.,0.));
#233 = ORIENTED_EDGE('',*,*,#234,.T.);
#234 = EDGE_CURVE('',#227,#235,#237,.T.);
#235 = VERTEX_POINT('',#236);
#236 = CARTESIAN_POINT('',(-0.8,31.5,-1.5));
#237 = LINE('',#238,#239);
#238 = CARTESIAN_POINT('',(-0.8,31.5,-5.));
#239 = VECTOR('',#240,1.);
#240 = DIRECTION('',(0.,0.,1.));
#241 = ORIENTED_EDGE('',*,*,#242,.F.);
#242 = EDGE_CURVE('',#243,#235,#245,.T.);
#243 = VERTEX_POINT('',#244);
#244 = CARTESIAN_POINT('',(-0.8,45.5,-1.5));
#245 = LINE('',#246,#247);
#246 = CARTESIAN_POINT('',(-0.8,15.35,-1.5));
#247 = VECTOR('',#248,1.);
#248 = DIRECTION('',(0.,-1.,0.));
#249 = ORIENTED_EDGE('',*,*,#250,.F.);
#250 = EDGE_CURVE('',#225,#243,#251,.T.);
#251 = LINE('',#252,#253);
#252 = CARTESIAN_POINT('',(-0.8,45.5,-5.));
#253 = VECTOR('',#254,1.);
#254 = DIRECTION('',(0.,0.,1.));
#255 = FACE_BOUND('',#256,.T.);
#256 = EDGE_LOOP('',(#257,#267,#275,#283));
#257 = ORIENTED_EDGE('',*,*,#258,.T.);
#258 = EDGE_CURVE('',#259,#261,#263,.T.);
#259 = VERTEX_POINT('',#260);
#260 = CARTESIAN_POINT('',(-0.8,45.5,4.));
#261 = VERTEX_POINT('',#262);
#262 = CARTESIAN_POINT('',(-0.8,31.5,4.));
#263 = LINE('',#264,#265);
#264 = CARTESIAN_POINT('',(-0.8,15.35,4.));
#265 = VECTOR('',#266,1.);
#266 = DIRECTION('',(0.,-1.,0.));
#267 = ORIENTED_EDGE('',*,*,#268,.T.);
#268 = EDGE_CURVE('',#261,#269,#271,.T.);
#269 = VERTEX_POINT('',#270);
#270 = CARTESIAN_POINT('',(-0.8,31.5,6.5));
#271 = LINE('',#272,#273);
#272 = CARTESIAN_POINT('',(-0.8,31.5,-1.));
#273 = VECTOR('',#274,1.);
#274 = DIRECTION('',(0.,0.,1.));
#275 = ORIENTED_EDGE('',*,*,#276,.F.);
#276 = EDGE_CURVE('',#277,#269,#279,.T.);
#277 = VERTEX_POINT('',#278);
#278 = CARTESIAN_POINT('',(-0.8,45.5,6.5));
#279 = LINE('',#280,#281);
#280 = CARTESIAN_POINT('',(-0.8,15.35,6.5));
#281 = VECTOR('',#282,1.);
#282 = DIRECTION('',(0.,-1.,0.));
#283 = ORIENTED_EDGE('',*,*,#284,.F.);
#284 = EDGE_CURVE('',#259,#277,#285,.T.);
#285 = LINE('',#286,#287);
#286 = CARTESIAN_POINT('',(-0.8,45.5,-1.));
#287 = VECTOR('',#288,1.);
#288 = DIRECTION('',(0.,0.,1.));
#289 = FACE_BOUND('',#290,.T.);
#290 = EDGE_LOOP('',(#291,#301,#309,#317));
#291 = ORIENTED_EDGE('',*,*,#292,.T.);
#292 = EDGE_CURVE('',#293,#295,#297,.T.);
#293 = VERTEX_POINT('',#294);
#294 = CARTESIAN_POINT('',(-0.8,30.36,0.1));
#295 = VERTEX_POINT('',#296);
#296 = CARTESIAN_POINT('',(-0.8,13.64,0.1));
#297 = LINE('',#298,#299);
#298 = CARTESIAN_POINT('',(-0.8,6.42,1.E-01));
#299 = VECTOR('',#300,1.);
#300 = DIRECTION('',(0.,-1.,0.));
#301 = ORIENTED_EDGE('',*,*,#302,.T.);
#302 = EDGE_CURVE('',#295,#303,#305,.T.);
#303 = VERTEX_POINT('',#304);
#304 = CARTESIAN_POINT('',(-0.8,13.64,8.6));
#305 = LINE('',#306,#307);
#306 = CARTESIAN_POINT('',(-0.8,13.64,-2.95));
#307 = VECTOR('',#308,1.);
#308 = DIRECTION('',(0.,0.,1.));
#309 = ORIENTED_EDGE('',*,*,#310,.F.);
#310 = EDGE_CURVE('',#311,#303,#313,.T.);
#311 = VERTEX_POINT('',#312);
#312 = CARTESIAN_POINT('',(-0.8,30.36,8.6));
#313 = LINE('',#314,#315);
#314 = CARTESIAN_POINT('',(-0.8,6.42,8.6));
#315 = VECTOR('',#316,1.);
#316 = DIRECTION('',(0.,-1.,0.));
#317 = ORIENTED_EDGE('',*,*,#318,.F.);
#318 = EDGE_CURVE('',#293,#311,#319,.T.);
#319 = LINE('',#320,#321);
#320 = CARTESIAN_POINT('',(-0.8,30.36,-2.95));
#321 = VECTOR('',#322,1.);
#322 = DIRECTION('',(0.,0.,1.));
#323 = FACE_BOUND('',#324,.T.);
#324 = EDGE_LOOP('',(#325,#335,#343,#351));
#325 = ORIENTED_EDGE('',*,*,#326,.T.);
#326 = EDGE_CURVE('',#327,#329,#331,.T.);
#327 = VERTEX_POINT('',#328);
#328 = CARTESIAN_POINT('',(-0.8,45.5,12.));
#329 = VERTEX_POINT('',#330);
#330 = CARTESIAN_POINT('',(-0.8,31.5,12.));
#331 = LINE('',#332,#333);
#332 = CARTESIAN_POINT('',(-0.8,15.35,12.));
#333 = VECTOR('',#334,1.);
#334 = DIRECTION('',(0.,-1.,0.));
#335 = ORIENTED_EDGE('',*,*,#336,.T.);
#336 = EDGE_CURVE('',#329,#337,#339,.T.);
#337 = VERTEX_POINT('',#338);
#338 = CARTESIAN_POINT('',(-0.8,31.5,14.5));
#339 = LINE('',#340,#341);
#340 = CARTESIAN_POINT('',(-0.8,31.5,3.));
#341 = VECTOR('',#342,1.);
#342 = DIRECTION('',(0.,0.,1.));
#343 = ORIENTED_EDGE('',*,*,#344,.F.);
#344 = EDGE_CURVE('',#345,#337,#347,.T.);
#345 = VERTEX_POINT('',#346);
#346 = CARTESIAN_POINT('',(-0.8,45.5,14.5));
#347 = LINE('',#348,#349);
#348 = CARTESIAN_POINT('',(-0.8,15.35,14.5));
#349 = VECTOR('',#350,1.);
#350 = DIRECTION('',(0.,-1.,0.));
#351 = ORIENTED_EDGE('',*,*,#352,.F.);
#352 = EDGE_CURVE('',#327,#345,#353,.T.);
#353 = LINE('',#354,#355);
#354 = CARTESIAN_POINT('',(-0.8,45.5,3.));
#355 = VECTOR('',#356,1.);
#356 = DIRECTION('',(0.,0.,1.));
#357 = PLANE('',#358);
#358 = AXIS2_PLACEMENT_3D('',#359,#360,#361);
#359 = CARTESIAN_POINT('',(-0.8,-0.8,-6.));
#360 = DIRECTION('',(1.,0.,-0.));
#361 = DIRECTION('',(0.,0.,1.));
#362 = ADVANCED_FACE('',(#363),#390,.F.);
#363 = FACE_BOUND('',#364,.T.);
#364 = EDGE_LOOP('',(#365,#366,#375,#383));
#365 = ORIENTED_EDGE('',*,*,#80,.F.);
#366 = ORIENTED_EDGE('',*,*,#367,.T.);
#367 = EDGE_CURVE('',#73,#368,#370,.T.);
#368 = VERTEX_POINT('',#369);
#369 = CARTESIAN_POINT('',(0.7,94.8,-6.));
#370 = CIRCLE('',#371,1.5);
#371 = AXIS2_PLACEMENT_3D('',#372,#373,#374);
#372 = CARTESIAN_POINT('',(0.7,93.3,-6.));
#373 = DIRECTION('',(-0.,-0.,-1.));
#374 = DIRECTION('',(0.,-1.,0.));
#375 = ORIENTED_EDGE('',*,*,#376,.T.);
#376 = EDGE_CURVE('',#368,#377,#379,.T.);
#377 = VERTEX_POINT('',#378);
#378 = CARTESIAN_POINT('',(0.7,94.8,26.5));
#379 = LINE('',#380,#381);
#380 = CARTESIAN_POINT('',(0.7,94.8,-6.));
#381 = VECTOR('',#382,1.);
#382 = DIRECTION('',(0.,0.,1.));
#383 = ORIENTED_EDGE('',*,*,#384,.T.);
#384 = EDGE_CURVE('',#377,#64,#385,.T.);
#385 = CIRCLE('',#386,1.5);
#386 = AXIS2_PLACEMENT_3D('',#387,#388,#389);
#387 = CARTESIAN_POINT('',(0.7,93.3,26.5));
#388 = DIRECTION('',(0.,0.,1.));
#389 = DIRECTION('',(-1.,-0.,0.));
#390 = CYLINDRICAL_SURFACE('',#391,1.5);
#391 = AXIS2_PLACEMENT_3D('',#392,#393,#394);
#392 = CARTESIAN_POINT('',(0.7,93.3,-6.));
#393 = DIRECTION('',(0.,0.,1.));
#394 = DIRECTION('',(-1.,-0.,0.));
#395 = ADVANCED_FACE('',(#396),#421,.T.);
#396 = FACE_BOUND('',#397,.T.);
#397 = EDGE_LOOP('',(#398,#406,#414,#420));
#398 = ORIENTED_EDGE('',*,*,#399,.F.);
#399 = EDGE_CURVE('',#400,#89,#402,.T.);
#400 = VERTEX_POINT('',#401);
#401 = CARTESIAN_POINT('',(-3.3,80.,-4.));
#402 = LINE('',#403,#404);
#403 = CARTESIAN_POINT('',(-3.9,80.,-4.));
#404 = VECTOR('',#405,1.);
#405 = DIRECTION('',(1.,0.,-0.));
#406 = ORIENTED_EDGE('',*,*,#407,.T.);
#407 = EDGE_CURVE('',#400,#408,#410,.T.);
#408 = VERTEX_POINT('',#409);
#409 = CARTESIAN_POINT('',(-3.3,67.5,-4.));
#410 = LINE('',#411,#412);
#411 = CARTESIAN_POINT('',(-3.3,32.1,-4.));
#412 = VECTOR('',#413,1.);
#413 = DIRECTION('',(0.,-1.,0.));
#414 = ORIENTED_EDGE('',*,*,#415,.T.);
#415 = EDGE_CURVE('',#408,#91,#416,.T.);
#416 = LINE('',#417,#418);
#417 = CARTESIAN_POINT('',(-3.9,67.5,-4.));
#418 = VECTOR('',#419,1.);
#419 = DIRECTION('',(1.,0.,-0.));
#420 = ORIENTED_EDGE('',*,*,#88,.F.);
#421 = PLANE('',#422);
#422 = AXIS2_PLACEMENT_3D('',#423,#424,#425);
#423 = CARTESIAN_POINT('',(-3.9,67.5,-4.));
#424 = DIRECTION('',(0.,0.,1.));
#425 = DIRECTION('',(1.,0.,-0.));
#426 = ADVANCED_FACE('',(#427,#557,#582,#616,#650,#684,#718,#752,#850,
    #884,#918,#952,#986,#1020),#1086,.F.);
#427 = FACE_BOUND('',#428,.F.);
#428 = EDGE_LOOP('',(#429,#439,#447,#455,#463,#471,#479,#487,#495,#503,
    #511,#519,#527,#535,#543,#551));
#429 = ORIENTED_EDGE('',*,*,#430,.F.);
#430 = EDGE_CURVE('',#431,#433,#435,.T.);
#431 = VERTEX_POINT('',#432);
#432 = CARTESIAN_POINT('',(-3.3,10.2,26.5));
#433 = VERTEX_POINT('',#434);
#434 = CARTESIAN_POINT('',(-3.3,83.8,26.5));
#435 = LINE('',#436,#437);
#436 = CARTESIAN_POINT('',(-3.3,-3.3,26.5));
#437 = VECTOR('',#438,1.);
#438 = DIRECTION('',(-0.,1.,0.));
#439 = ORIENTED_EDGE('',*,*,#440,.T.);
#440 = EDGE_CURVE('',#431,#441,#443,.T.);
#441 = VERTEX_POINT('',#442);
#442 = CARTESIAN_POINT('',(-3.3,10.2,9.509988901221));
#443 = LINE('',#444,#445);
#444 = CARTESIAN_POINT('',(-3.3,10.2,3.409375613467));
#445 = VECTOR('',#446,1.);
#446 = DIRECTION('',(-0.,0.,-1.));
#447 = ORIENTED_EDGE('',*,*,#448,.F.);
#448 = EDGE_CURVE('',#449,#441,#451,.T.);
#449 = VERTEX_POINT('',#450);
#450 = CARTESIAN_POINT('',(-3.3,0.7,9.509988901221));
#451 = LINE('',#452,#453);
#452 = CARTESIAN_POINT('',(-3.3,-1.55,9.509988901221));
#453 = VECTOR('',#454,1.);
#454 = DIRECTION('',(0.,1.,0.));
#455 = ORIENTED_EDGE('',*,*,#456,.F.);
#456 = EDGE_CURVE('',#457,#449,#459,.T.);
#457 = VERTEX_POINT('',#458);
#458 = CARTESIAN_POINT('',(-3.3,0.7,-8.5));
#459 = LINE('',#460,#461);
#460 = CARTESIAN_POINT('',(-3.3,0.7,-8.5));
#461 = VECTOR('',#462,1.);
#462 = DIRECTION('',(0.,0.,1.));
#463 = ORIENTED_EDGE('',*,*,#464,.T.);
#464 = EDGE_CURVE('',#457,#465,#467,.T.);
#465 = VERTEX_POINT('',#466);
#466 = CARTESIAN_POINT('',(-3.3,10.,-8.5));
#467 = LINE('',#468,#469);
#468 = CARTESIAN_POINT('',(-3.3,-3.3,-8.5));
#469 = VECTOR('',#470,1.);
#470 = DIRECTION('',(-0.,1.,0.));
#471 = ORIENTED_EDGE('',*,*,#472,.T.);
#472 = EDGE_CURVE('',#465,#473,#475,.T.);
#473 = VERTEX_POINT('',#474);
#474 = CARTESIAN_POINT('',(-3.3,10.,-4.5));
#475 = LINE('',#476,#477);
#476 = CARTESIAN_POINT('',(-3.3,10.,-8.5));
#477 = VECTOR('',#478,1.);
#478 = DIRECTION('',(0.,0.,1.));
#479 = ORIENTED_EDGE('',*,*,#480,.F.);
#480 = EDGE_CURVE('',#481,#473,#483,.T.);
#481 = VERTEX_POINT('',#482);
#482 = CARTESIAN_POINT('',(-3.3,26.,-4.5));
#483 = LINE('',#484,#485);
#484 = CARTESIAN_POINT('',(-3.3,3.35,-4.5));
#485 = VECTOR('',#486,1.);
#486 = DIRECTION('',(0.,-1.,0.));
#487 = ORIENTED_EDGE('',*,*,#488,.F.);
#488 = EDGE_CURVE('',#489,#481,#491,.T.);
#489 = VERTEX_POINT('',#490);
#490 = CARTESIAN_POINT('',(-3.3,26.,-8.5));
#491 = LINE('',#492,#493);
#492 = CARTESIAN_POINT('',(-3.3,26.,-8.5));
#493 = VECTOR('',#494,1.);
#494 = DIRECTION('',(0.,0.,1.));
#495 = ORIENTED_EDGE('',*,*,#496,.T.);
#496 = EDGE_CURVE('',#489,#497,#499,.T.);
#497 = VERTEX_POINT('',#498);
#498 = CARTESIAN_POINT('',(-3.3,68.,-8.5));
#499 = LINE('',#500,#501);
#500 = CARTESIAN_POINT('',(-3.3,-3.3,-8.5));
#501 = VECTOR('',#502,1.);
#502 = DIRECTION('',(-0.,1.,0.));
#503 = ORIENTED_EDGE('',*,*,#504,.T.);
#504 = EDGE_CURVE('',#497,#505,#507,.T.);
#505 = VERTEX_POINT('',#506);
#506 = CARTESIAN_POINT('',(-3.3,68.,-4.5));
#507 = LINE('',#508,#509);
#508 = CARTESIAN_POINT('',(-3.3,68.,-8.5));
#509 = VECTOR('',#510,1.);
#510 = DIRECTION('',(0.,0.,1.));
#511 = ORIENTED_EDGE('',*,*,#512,.F.);
#512 = EDGE_CURVE('',#513,#505,#515,.T.);
#513 = VERTEX_POINT('',#514);
#514 = CARTESIAN_POINT('',(-3.3,84.,-4.5));
#515 = LINE('',#516,#517);
#516 = CARTESIAN_POINT('',(-3.3,32.35,-4.5));
#517 = VECTOR('',#518,1.);
#518 = DIRECTION('',(0.,-1.,0.));
#519 = ORIENTED_EDGE('',*,*,#520,.F.);
#520 = EDGE_CURVE('',#521,#513,#523,.T.);
#521 = VERTEX_POINT('',#522);
#522 = CARTESIAN_POINT('',(-3.3,84.,-8.5));
#523 = LINE('',#524,#525);
#524 = CARTESIAN_POINT('',(-3.3,84.,-8.5));
#525 = VECTOR('',#526,1.);
#526 = DIRECTION('',(0.,0.,1.));
#527 = ORIENTED_EDGE('',*,*,#528,.T.);
#528 = EDGE_CURVE('',#521,#529,#531,.T.);
#529 = VERTEX_POINT('',#530);
#530 = CARTESIAN_POINT('',(-3.3,93.3,-8.5));
#531 = LINE('',#532,#533);
#532 = CARTESIAN_POINT('',(-3.3,-3.3,-8.5));
#533 = VECTOR('',#534,1.);
#534 = DIRECTION('',(-0.,1.,0.));
#535 = ORIENTED_EDGE('',*,*,#536,.T.);
#536 = EDGE_CURVE('',#529,#537,#539,.T.);
#537 = VERTEX_POINT('',#538);
#538 = CARTESIAN_POINT('',(-3.3,93.3,9.509988901221));
#539 = LINE('',#540,#541);
#540 = CARTESIAN_POINT('',(-3.3,93.3,-8.5));
#541 = VECTOR('',#542,1.);
#542 = DIRECTION('',(0.,0.,1.));
#543 = ORIENTED_EDGE('',*,*,#544,.F.);
#544 = EDGE_CURVE('',#545,#537,#547,.T.);
#545 = VERTEX_POINT('',#546);
#546 = CARTESIAN_POINT('',(-3.3,83.8,9.509988901221));
#547 = LINE('',#548,#549);
#548 = CARTESIAN_POINT('',(-3.3,40.25,9.509988901221));
#549 = VECTOR('',#550,1.);
#550 = DIRECTION('',(0.,1.,0.));
#551 = ORIENTED_EDGE('',*,*,#552,.T.);
#552 = EDGE_CURVE('',#545,#433,#553,.T.);
#553 = LINE('',#554,#555);
#554 = CARTESIAN_POINT('',(-3.3,83.8,5.));
#555 = VECTOR('',#556,1.);
#556 = DIRECTION('',(0.,0.,1.));
#557 = FACE_BOUND('',#558,.F.);
#558 = EDGE_LOOP('',(#559,#560,#568,#576));
#559 = ORIENTED_EDGE('',*,*,#407,.T.);
#560 = ORIENTED_EDGE('',*,*,#561,.T.);
#561 = EDGE_CURVE('',#408,#562,#564,.T.);
#562 = VERTEX_POINT('',#563);
#563 = CARTESIAN_POINT('',(-3.3,67.5,-1.5));
#564 = LINE('',#565,#566);
#565 = CARTESIAN_POINT('',(-3.3,67.5,-6.25));
#566 = VECTOR('',#567,1.);
#567 = DIRECTION('',(0.,0.,1.));
#568 = ORIENTED_EDGE('',*,*,#569,.F.);
#569 = EDGE_CURVE('',#570,#562,#572,.T.);
#570 = VERTEX_POINT('',#571);
#571 = CARTESIAN_POINT('',(-3.3,80.,-1.5));
#572 = LINE('',#573,#574);
#573 = CARTESIAN_POINT('',(-3.3,32.1,-1.5));
#574 = VECTOR('',#575,1.);
#575 = DIRECTION('',(0.,-1.,0.));
#576 = ORIENTED_EDGE('',*,*,#577,.F.);
#577 = EDGE_CURVE('',#400,#570,#578,.T.);
#578 = LINE('',#579,#580);
#579 = CARTESIAN_POINT('',(-3.3,80.,-6.25));
#580 = VECTOR('',#581,1.);
#581 = DIRECTION('',(0.,0.,1.));
#582 = FACE_BOUND('',#583,.F.);
#583 = EDGE_LOOP('',(#584,#594,#602,#610));
#584 = ORIENTED_EDGE('',*,*,#585,.F.);
#585 = EDGE_CURVE('',#586,#588,#590,.T.);
#586 = VERTEX_POINT('',#587);
#587 = CARTESIAN_POINT('',(-3.3,81.,-1.490039840637));
#588 = VERTEX_POINT('',#589);
#589 = CARTESIAN_POINT('',(-3.3,81.,3.490039840637));
#590 = LINE('',#591,#592);
#591 = CARTESIAN_POINT('',(-3.3,81.,-3.75));
#592 = VECTOR('',#593,1.);
#593 = DIRECTION('',(0.,-0.,1.));
#594 = ORIENTED_EDGE('',*,*,#595,.T.);
#595 = EDGE_CURVE('',#586,#596,#598,.T.);
#596 = VERTEX_POINT('',#597);
#597 = CARTESIAN_POINT('',(-3.3,66.5,-1.490039840637));
#598 = LINE('',#599,#600);
#599 = CARTESIAN_POINT('',(-3.3,31.6,-1.490039840637));
#600 = VECTOR('',#601,1.);
#601 = DIRECTION('',(0.,-1.,-0.));
#602 = ORIENTED_EDGE('',*,*,#603,.T.);
#603 = EDGE_CURVE('',#596,#604,#606,.T.);
#604 = VERTEX_POINT('',#605);
#605 = CARTESIAN_POINT('',(-3.3,66.5,3.490039840637));
#606 = LINE('',#607,#608);
#607 = CARTESIAN_POINT('',(-3.3,66.5,-3.75));
#608 = VECTOR('',#609,1.);
#609 = DIRECTION('',(0.,-0.,1.));
#610 = ORIENTED_EDGE('',*,*,#611,.T.);
#611 = EDGE_CURVE('',#604,#588,#612,.T.);
#612 = LINE('',#613,#614);
#613 = CARTESIAN_POINT('',(-3.3,31.6,3.490039840637));
#614 = VECTOR('',#615,1.);
#615 = DIRECTION('',(0.,1.,0.));
#616 = FACE_BOUND('',#617,.F.);
#617 = EDGE_LOOP('',(#618,#628,#636,#644));
#618 = ORIENTED_EDGE('',*,*,#619,.T.);
#619 = EDGE_CURVE('',#620,#622,#624,.T.);
#620 = VERTEX_POINT('',#621);
#621 = CARTESIAN_POINT('',(-3.3,80.,4.));
#622 = VERTEX_POINT('',#623);
#623 = CARTESIAN_POINT('',(-3.3,67.5,4.));
#624 = LINE('',#625,#626);
#625 = CARTESIAN_POINT('',(-3.3,32.1,4.));
#626 = VECTOR('',#627,1.);
#627 = DIRECTION('',(0.,-1.,0.));
#628 = ORIENTED_EDGE('',*,*,#629,.T.);
#629 = EDGE_CURVE('',#622,#630,#632,.T.);
#630 = VERTEX_POINT('',#631);
#631 = CARTESIAN_POINT('',(-3.3,67.5,6.5));
#632 = LINE('',#633,#634);
#633 = CARTESIAN_POINT('',(-3.3,67.5,-2.25));
#634 = VECTOR('',#635,1.);
#635 = DIRECTION('',(0.,0.,1.));
#636 = ORIENTED_EDGE('',*,*,#637,.F.);
#637 = EDGE_CURVE('',#638,#630,#640,.T.);
#638 = VERTEX_POINT('',#639);
#639 = CARTESIAN_POINT('',(-3.3,80.,6.5));
#640 = LINE('',#641,#642);
#641 = CARTESIAN_POINT('',(-3.3,32.1,6.5));
#642 = VECTOR('',#643,1.);
#643 = DIRECTION('',(0.,-1.,0.));
#644 = ORIENTED_EDGE('',*,*,#645,.F.);
#645 = EDGE_CURVE('',#620,#638,#646,.T.);
#646 = LINE('',#647,#648);
#647 = CARTESIAN_POINT('',(-3.3,80.,-2.25));
#648 = VECTOR('',#649,1.);
#649 = DIRECTION('',(0.,0.,1.));
#650 = FACE_BOUND('',#651,.F.);
#651 = EDGE_LOOP('',(#652,#662,#670,#678));
#652 = ORIENTED_EDGE('',*,*,#653,.T.);
#653 = EDGE_CURVE('',#654,#656,#658,.T.);
#654 = VERTEX_POINT('',#655);
#655 = CARTESIAN_POINT('',(-3.3,65.75,0.6));
#656 = VERTEX_POINT('',#657);
#657 = CARTESIAN_POINT('',(-3.3,47.36,0.6));
#658 = LINE('',#659,#660);
#659 = CARTESIAN_POINT('',(-3.3,22.03,0.6));
#660 = VECTOR('',#661,1.);
#661 = DIRECTION('',(0.,-1.,0.));
#662 = ORIENTED_EDGE('',*,*,#663,.T.);
#663 = EDGE_CURVE('',#656,#664,#666,.T.);
#664 = VERTEX_POINT('',#665);
#665 = CARTESIAN_POINT('',(-3.3,47.36,15.8));
#666 = LINE('',#667,#668);
#667 = CARTESIAN_POINT('',(-3.3,47.36,-3.95));
#668 = VECTOR('',#669,1.);
#669 = DIRECTION('',(0.,0.,1.));
#670 = ORIENTED_EDGE('',*,*,#671,.F.);
#671 = EDGE_CURVE('',#672,#664,#674,.T.);
#672 = VERTEX_POINT('',#673);
#673 = CARTESIAN_POINT('',(-3.3,65.75,15.8));
#674 = LINE('',#675,#676);
#675 = CARTESIAN_POINT('',(-3.3,22.03,15.8));
#676 = VECTOR('',#677,1.);
#677 = DIRECTION('',(0.,-1.,0.));
#678 = ORIENTED_EDGE('',*,*,#679,.F.);
#679 = EDGE_CURVE('',#654,#672,#680,.T.);
#680 = LINE('',#681,#682);
#681 = CARTESIAN_POINT('',(-3.3,65.75,-3.95));
#682 = VECTOR('',#683,1.);
#683 = DIRECTION('',(0.,0.,1.));
#684 = FACE_BOUND('',#685,.F.);
#685 = EDGE_LOOP('',(#686,#696,#704,#712));
#686 = ORIENTED_EDGE('',*,*,#687,.F.);
#687 = EDGE_CURVE('',#688,#690,#692,.T.);
#688 = VERTEX_POINT('',#689);
#689 = CARTESIAN_POINT('',(-3.3,81.,6.509960159363));
#690 = VERTEX_POINT('',#691);
#691 = CARTESIAN_POINT('',(-3.3,81.,11.490039840637));
#692 = LINE('',#693,#694);
#693 = CARTESIAN_POINT('',(-3.3,81.,0.25));
#694 = VECTOR('',#695,1.);
#695 = DIRECTION('',(0.,-0.,1.));
#696 = ORIENTED_EDGE('',*,*,#697,.T.);
#697 = EDGE_CURVE('',#688,#698,#700,.T.);
#698 = VERTEX_POINT('',#699);
#699 = CARTESIAN_POINT('',(-3.3,66.5,6.509960159363));
#700 = LINE('',#701,#702);
#701 = CARTESIAN_POINT('',(-3.3,31.6,6.509960159363));
#702 = VECTOR('',#703,1.);
#703 = DIRECTION('',(0.,-1.,-0.));
#704 = ORIENTED_EDGE('',*,*,#705,.T.);
#705 = EDGE_CURVE('',#698,#706,#708,.T.);
#706 = VERTEX_POINT('',#707);
#707 = CARTESIAN_POINT('',(-3.3,66.5,11.490039840637));
#708 = LINE('',#709,#710);
#709 = CARTESIAN_POINT('',(-3.3,66.5,0.25));
#710 = VECTOR('',#711,1.);
#711 = DIRECTION('',(0.,-0.,1.));
#712 = ORIENTED_EDGE('',*,*,#713,.T.);
#713 = EDGE_CURVE('',#706,#690,#714,.T.);
#714 = LINE('',#715,#716);
#715 = CARTESIAN_POINT('',(-3.3,31.6,11.490039840637));
#716 = VECTOR('',#717,1.);
#717 = DIRECTION('',(0.,1.,0.));
#718 = FACE_BOUND('',#719,.F.);
#719 = EDGE_LOOP('',(#720,#730,#738,#746));
#720 = ORIENTED_EDGE('',*,*,#721,.T.);
#721 = EDGE_CURVE('',#722,#724,#726,.T.);
#722 = VERTEX_POINT('',#723);
#723 = CARTESIAN_POINT('',(-3.3,80.,12.));
#724 = VERTEX_POINT('',#725);
#725 = CARTESIAN_POINT('',(-3.3,67.5,12.));
#726 = LINE('',#727,#728);
#727 = CARTESIAN_POINT('',(-3.3,32.1,12.));
#728 = VECTOR('',#729,1.);
#729 = DIRECTION('',(0.,-1.,0.));
#730 = ORIENTED_EDGE('',*,*,#731,.T.);
#731 = EDGE_CURVE('',#724,#732,#734,.T.);
#732 = VERTEX_POINT('',#733);
#733 = CARTESIAN_POINT('',(-3.3,67.5,14.5));
#734 = LINE('',#735,#736);
#735 = CARTESIAN_POINT('',(-3.3,67.5,1.75));
#736 = VECTOR('',#737,1.);
#737 = DIRECTION('',(0.,0.,1.));
#738 = ORIENTED_EDGE('',*,*,#739,.F.);
#739 = EDGE_CURVE('',#740,#732,#742,.T.);
#740 = VERTEX_POINT('',#741);
#741 = CARTESIAN_POINT('',(-3.3,80.,14.5));
#742 = LINE('',#743,#744);
#743 = CARTESIAN_POINT('',(-3.3,32.1,14.5));
#744 = VECTOR('',#745,1.);
#745 = DIRECTION('',(0.,-1.,0.));
#746 = ORIENTED_EDGE('',*,*,#747,.F.);
#747 = EDGE_CURVE('',#722,#740,#748,.T.);
#748 = LINE('',#749,#750);
#749 = CARTESIAN_POINT('',(-3.3,80.,1.75));
#750 = VECTOR('',#751,1.);
#751 = DIRECTION('',(0.,0.,1.));
#752 = FACE_BOUND('',#753,.F.);
#753 = EDGE_LOOP('',(#754,#764,#772,#780,#788,#796,#804,#812,#820,#828,
    #836,#844));
#754 = ORIENTED_EDGE('',*,*,#755,.F.);
#755 = EDGE_CURVE('',#756,#758,#760,.T.);
#756 = VERTEX_POINT('',#757);
#757 = CARTESIAN_POINT('',(-3.3,66.75,19.490039840637));
#758 = VERTEX_POINT('',#759);
#759 = CARTESIAN_POINT('',(-3.3,66.75,20.790039840637));
#760 = LINE('',#761,#762);
#761 = CARTESIAN_POINT('',(-3.3,66.75,4.9));
#762 = VECTOR('',#763,1.);
#763 = DIRECTION('',(0.,-0.,1.));
#764 = ORIENTED_EDGE('',*,*,#765,.T.);
#765 = EDGE_CURVE('',#756,#766,#768,.T.);
#766 = VERTEX_POINT('',#767);
#767 = CARTESIAN_POINT('',(-3.3,81.,19.490039840637));
#768 = LINE('',#769,#770);
#769 = CARTESIAN_POINT('',(-3.3,31.6,19.490039840637));
#770 = VECTOR('',#771,1.);
#771 = DIRECTION('',(0.,1.,0.));
#772 = ORIENTED_EDGE('',*,*,#773,.F.);
#773 = EDGE_CURVE('',#774,#766,#776,.T.);
#774 = VERTEX_POINT('',#775);
#775 = CARTESIAN_POINT('',(-3.3,81.,14.509960159363));
#776 = LINE('',#777,#778);
#777 = CARTESIAN_POINT('',(-3.3,81.,4.25));
#778 = VECTOR('',#779,1.);
#779 = DIRECTION('',(0.,-0.,1.));
#780 = ORIENTED_EDGE('',*,*,#781,.T.);
#781 = EDGE_CURVE('',#774,#782,#784,.T.);
#782 = VERTEX_POINT('',#783);
#783 = CARTESIAN_POINT('',(-3.3,66.5,14.509960159363));
#784 = LINE('',#785,#786);
#785 = CARTESIAN_POINT('',(-3.3,31.6,14.509960159363));
#786 = VECTOR('',#787,1.);
#787 = DIRECTION('',(0.,-1.,-0.));
#788 = ORIENTED_EDGE('',*,*,#789,.T.);
#789 = EDGE_CURVE('',#782,#790,#792,.T.);
#790 = VERTEX_POINT('',#791);
#791 = CARTESIAN_POINT('',(-3.3,66.5,15.809960159363));
#792 = LINE('',#793,#794);
#793 = CARTESIAN_POINT('',(-3.3,66.5,4.25));
#794 = VECTOR('',#795,1.);
#795 = DIRECTION('',(0.,-0.,1.));
#796 = ORIENTED_EDGE('',*,*,#797,.T.);
#797 = EDGE_CURVE('',#790,#798,#800,.T.);
#798 = VERTEX_POINT('',#799);
#799 = CARTESIAN_POINT('',(-3.3,46.5,15.809960159363));
#800 = LINE('',#801,#802);
#801 = CARTESIAN_POINT('',(-3.3,21.53,15.809960159363));
#802 = VECTOR('',#803,1.);
#803 = DIRECTION('',(0.,-1.,-0.));
#804 = ORIENTED_EDGE('',*,*,#805,.F.);
#805 = EDGE_CURVE('',#806,#798,#808,.T.);
#806 = VERTEX_POINT('',#807);
#807 = CARTESIAN_POINT('',(-3.3,46.5,14.509960159363));
#808 = LINE('',#809,#810);
#809 = CARTESIAN_POINT('',(-3.3,46.5,4.25));
#810 = VECTOR('',#811,1.);
#811 = DIRECTION('',(0.,-0.,1.));
#812 = ORIENTED_EDGE('',*,*,#813,.T.);
#813 = EDGE_CURVE('',#806,#814,#816,.T.);
#814 = VERTEX_POINT('',#815);
#815 = CARTESIAN_POINT('',(-3.3,30.5,14.509960159363));
#816 = LINE('',#817,#818);
#817 = CARTESIAN_POINT('',(-3.3,13.6,14.509960159363));
#818 = VECTOR('',#819,1.);
#819 = DIRECTION('',(0.,-1.,-0.));
#820 = ORIENTED_EDGE('',*,*,#821,.T.);
#821 = EDGE_CURVE('',#814,#822,#824,.T.);
#822 = VERTEX_POINT('',#823);
#823 = CARTESIAN_POINT('',(-3.3,30.5,19.490039840637));
#824 = LINE('',#825,#826);
#825 = CARTESIAN_POINT('',(-3.3,30.5,4.25));
#826 = VECTOR('',#827,1.);
#827 = DIRECTION('',(0.,-0.,1.));
#828 = ORIENTED_EDGE('',*,*,#829,.T.);
#829 = EDGE_CURVE('',#822,#830,#832,.T.);
#830 = VERTEX_POINT('',#831);
#831 = CARTESIAN_POINT('',(-3.3,46.36,19.490039840637));
#832 = LINE('',#833,#834);
#833 = CARTESIAN_POINT('',(-3.3,13.6,19.490039840637));
#834 = VECTOR('',#835,1.);
#835 = DIRECTION('',(0.,1.,0.));
#836 = ORIENTED_EDGE('',*,*,#837,.T.);
#837 = EDGE_CURVE('',#830,#838,#840,.T.);
#838 = VERTEX_POINT('',#839);
#839 = CARTESIAN_POINT('',(-3.3,46.36,20.790039840637));
#840 = LINE('',#841,#842);
#841 = CARTESIAN_POINT('',(-3.3,46.36,4.9));
#842 = VECTOR('',#843,1.);
#843 = DIRECTION('',(0.,-0.,1.));
#844 = ORIENTED_EDGE('',*,*,#845,.T.);
#845 = EDGE_CURVE('',#838,#758,#846,.T.);
#846 = LINE('',#847,#848);
#847 = CARTESIAN_POINT('',(-3.3,21.53,20.790039840637));
#848 = VECTOR('',#849,1.);
#849 = DIRECTION('',(0.,1.,0.));
#850 = FACE_BOUND('',#851,.F.);
#851 = EDGE_LOOP('',(#852,#862,#870,#878));
#852 = ORIENTED_EDGE('',*,*,#853,.T.);
#853 = EDGE_CURVE('',#854,#856,#858,.T.);
#854 = VERTEX_POINT('',#855);
#855 = CARTESIAN_POINT('',(-3.3,45.5,-4.));
#856 = VERTEX_POINT('',#857);
#857 = CARTESIAN_POINT('',(-3.3,31.5,-4.));
#858 = LINE('',#859,#860);
#859 = CARTESIAN_POINT('',(-3.3,14.1,-4.));
#860 = VECTOR('',#861,1.);
#861 = DIRECTION('',(0.,-1.,0.));
#862 = ORIENTED_EDGE('',*,*,#863,.T.);
#863 = EDGE_CURVE('',#856,#864,#866,.T.);
#864 = VERTEX_POINT('',#865);
#865 = CARTESIAN_POINT('',(-3.3,31.5,-1.5));
#866 = LINE('',#867,#868);
#867 = CARTESIAN_POINT('',(-3.3,31.5,-6.25));
#868 = VECTOR('',#869,1.);
#869 = DIRECTION('',(0.,0.,1.));
#870 = ORIENTED_EDGE('',*,*,#871,.F.);
#871 = EDGE_CURVE('',#872,#864,#874,.T.);
#872 = VERTEX_POINT('',#873);
#873 = CARTESIAN_POINT('',(-3.3,45.5,-1.5));
#874 = LINE('',#875,#876);
#875 = CARTESIAN_POINT('',(-3.3,14.1,-1.5));
#876 = VECTOR('',#877,1.);
#877 = DIRECTION('',(0.,-1.,0.));
#878 = ORIENTED_EDGE('',*,*,#879,.F.);
#879 = EDGE_CURVE('',#854,#872,#880,.T.);
#880 = LINE('',#881,#882);
#881 = CARTESIAN_POINT('',(-3.3,45.5,-6.25));
#882 = VECTOR('',#883,1.);
#883 = DIRECTION('',(0.,0.,1.));
#884 = FACE_BOUND('',#885,.F.);
#885 = EDGE_LOOP('',(#886,#896,#904,#912));
#886 = ORIENTED_EDGE('',*,*,#887,.F.);
#887 = EDGE_CURVE('',#888,#890,#892,.T.);
#888 = VERTEX_POINT('',#889);
#889 = CARTESIAN_POINT('',(-3.3,46.5,-1.490039840637));
#890 = VERTEX_POINT('',#891);
#891 = CARTESIAN_POINT('',(-3.3,46.5,3.490039840637));
#892 = LINE('',#893,#894);
#893 = CARTESIAN_POINT('',(-3.3,46.5,-3.75));
#894 = VECTOR('',#895,1.);
#895 = DIRECTION('',(0.,-0.,1.));
#896 = ORIENTED_EDGE('',*,*,#897,.T.);
#897 = EDGE_CURVE('',#888,#898,#900,.T.);
#898 = VERTEX_POINT('',#899);
#899 = CARTESIAN_POINT('',(-3.3,30.5,-1.490039840637));
#900 = LINE('',#901,#902);
#901 = CARTESIAN_POINT('',(-3.3,13.6,-1.490039840637));
#902 = VECTOR('',#903,1.);
#903 = DIRECTION('',(0.,-1.,-0.));
#904 = ORIENTED_EDGE('',*,*,#905,.T.);
#905 = EDGE_CURVE('',#898,#906,#908,.T.);
#906 = VERTEX_POINT('',#907);
#907 = CARTESIAN_POINT('',(-3.3,30.5,3.490039840637));
#908 = LINE('',#909,#910);
#909 = CARTESIAN_POINT('',(-3.3,30.5,-3.75));
#910 = VECTOR('',#911,1.);
#911 = DIRECTION('',(0.,-0.,1.));
#912 = ORIENTED_EDGE('',*,*,#913,.T.);
#913 = EDGE_CURVE('',#906,#890,#914,.T.);
#914 = LINE('',#915,#916);
#915 = CARTESIAN_POINT('',(-3.3,13.6,3.490039840637));
#916 = VECTOR('',#917,1.);
#917 = DIRECTION('',(0.,1.,0.));
#918 = FACE_BOUND('',#919,.F.);
#919 = EDGE_LOOP('',(#920,#930,#938,#946));
#920 = ORIENTED_EDGE('',*,*,#921,.T.);
#921 = EDGE_CURVE('',#922,#924,#926,.T.);
#922 = VERTEX_POINT('',#923);
#923 = CARTESIAN_POINT('',(-3.3,45.5,4.));
#924 = VERTEX_POINT('',#925);
#925 = CARTESIAN_POINT('',(-3.3,31.5,4.));
#926 = LINE('',#927,#928);
#927 = CARTESIAN_POINT('',(-3.3,14.1,4.));
#928 = VECTOR('',#929,1.);
#929 = DIRECTION('',(0.,-1.,0.));
#930 = ORIENTED_EDGE('',*,*,#931,.T.);
#931 = EDGE_CURVE('',#924,#932,#934,.T.);
#932 = VERTEX_POINT('',#933);
#933 = CARTESIAN_POINT('',(-3.3,31.5,6.5));
#934 = LINE('',#935,#936);
#935 = CARTESIAN_POINT('',(-3.3,31.5,-2.25));
#936 = VECTOR('',#937,1.);
#937 = DIRECTION('',(0.,0.,1.));
#938 = ORIENTED_EDGE('',*,*,#939,.F.);
#939 = EDGE_CURVE('',#940,#932,#942,.T.);
#940 = VERTEX_POINT('',#941);
#941 = CARTESIAN_POINT('',(-3.3,45.5,6.5));
#942 = LINE('',#943,#944);
#943 = CARTESIAN_POINT('',(-3.3,14.1,6.5));
#944 = VECTOR('',#945,1.);
#945 = DIRECTION('',(0.,-1.,0.));
#946 = ORIENTED_EDGE('',*,*,#947,.F.);
#947 = EDGE_CURVE('',#922,#940,#948,.T.);
#948 = LINE('',#949,#950);
#949 = CARTESIAN_POINT('',(-3.3,45.5,-2.25));
#950 = VECTOR('',#951,1.);
#951 = DIRECTION('',(0.,0.,1.));
#952 = FACE_BOUND('',#953,.F.);
#953 = EDGE_LOOP('',(#954,#964,#972,#980));
#954 = ORIENTED_EDGE('',*,*,#955,.T.);
#955 = EDGE_CURVE('',#956,#958,#960,.T.);
#956 = VERTEX_POINT('',#957);
#957 = CARTESIAN_POINT('',(-3.3,30.36,0.1));
#958 = VERTEX_POINT('',#959);
#959 = CARTESIAN_POINT('',(-3.3,13.64,0.1));
#960 = LINE('',#961,#962);
#961 = CARTESIAN_POINT('',(-3.3,5.17,1.E-01));
#962 = VECTOR('',#963,1.);
#963 = DIRECTION('',(0.,-1.,0.));
#964 = ORIENTED_EDGE('',*,*,#965,.T.);
#965 = EDGE_CURVE('',#958,#966,#968,.T.);
#966 = VERTEX_POINT('',#967);
#967 = CARTESIAN_POINT('',(-3.3,13.64,8.6));
#968 = LINE('',#969,#970);
#969 = CARTESIAN_POINT('',(-3.3,13.64,-4.2));
#970 = VECTOR('',#971,1.);
#971 = DIRECTION('',(0.,0.,1.));
#972 = ORIENTED_EDGE('',*,*,#973,.F.);
#973 = EDGE_CURVE('',#974,#966,#976,.T.);
#974 = VERTEX_POINT('',#975);
#975 = CARTESIAN_POINT('',(-3.3,30.36,8.6));
#976 = LINE('',#977,#978);
#977 = CARTESIAN_POINT('',(-3.3,5.17,8.6));
#978 = VECTOR('',#979,1.);
#979 = DIRECTION('',(0.,-1.,0.));
#980 = ORIENTED_EDGE('',*,*,#981,.F.);
#981 = EDGE_CURVE('',#956,#974,#982,.T.);
#982 = LINE('',#983,#984);
#983 = CARTESIAN_POINT('',(-3.3,30.36,-4.2));
#984 = VECTOR('',#985,1.);
#985 = DIRECTION('',(0.,0.,1.));
#986 = FACE_BOUND('',#987,.F.);
#987 = EDGE_LOOP('',(#988,#998,#1006,#1014));
#988 = ORIENTED_EDGE('',*,*,#989,.T.);
#989 = EDGE_CURVE('',#990,#992,#994,.T.);
#990 = VERTEX_POINT('',#991);
#991 = CARTESIAN_POINT('',(-3.3,45.5,12.));
#992 = VERTEX_POINT('',#993);
#993 = CARTESIAN_POINT('',(-3.3,31.5,12.));
#994 = LINE('',#995,#996);
#995 = CARTESIAN_POINT('',(-3.3,14.1,12.));
#996 = VECTOR('',#997,1.);
#997 = DIRECTION('',(0.,-1.,0.));
#998 = ORIENTED_EDGE('',*,*,#999,.T.);
#999 = EDGE_CURVE('',#992,#1000,#1002,.T.);
#1000 = VERTEX_POINT('',#1001);
#1001 = CARTESIAN_POINT('',(-3.3,31.5,14.5));
#1002 = LINE('',#1003,#1004);
#1003 = CARTESIAN_POINT('',(-3.3,31.5,1.75));
#1004 = VECTOR('',#1005,1.);
#1005 = DIRECTION('',(0.,0.,1.));
#1006 = ORIENTED_EDGE('',*,*,#1007,.F.);
#1007 = EDGE_CURVE('',#1008,#1000,#1010,.T.);
#1008 = VERTEX_POINT('',#1009);
#1009 = CARTESIAN_POINT('',(-3.3,45.5,14.5));
#1010 = LINE('',#1011,#1012);
#1011 = CARTESIAN_POINT('',(-3.3,14.1,14.5));
#1012 = VECTOR('',#1013,1.);
#1013 = DIRECTION('',(0.,-1.,0.));
#1014 = ORIENTED_EDGE('',*,*,#1015,.F.);
#1015 = EDGE_CURVE('',#990,#1008,#1016,.T.);
#1016 = LINE('',#1017,#1018);
#1017 = CARTESIAN_POINT('',(-3.3,45.5,1.75));
#1018 = VECTOR('',#1019,1.);
#1019 = DIRECTION('',(0.,0.,1.));
#1020 = FACE_BOUND('',#1021,.F.);
#1021 = EDGE_LOOP('',(#1022,#1032,#1040,#1048,#1056,#1064,#1072,#1080));
#1022 = ORIENTED_EDGE('',*,*,#1023,.F.);
#1023 = EDGE_CURVE('',#1024,#1026,#1028,.T.);
#1024 = VERTEX_POINT('',#1025);
#1025 = CARTESIAN_POINT('',(-3.3,31.36,11.490039840637));
#1026 = VERTEX_POINT('',#1027);
#1027 = CARTESIAN_POINT('',(-3.3,31.36,13.590039840637));
#1028 = LINE('',#1029,#1030);
#1029 = CARTESIAN_POINT('',(-3.3,31.36,1.3));
#1030 = VECTOR('',#1031,1.);
#1031 = DIRECTION('',(0.,-0.,1.));
#1032 = ORIENTED_EDGE('',*,*,#1033,.T.);
#1033 = EDGE_CURVE('',#1024,#1034,#1036,.T.);
#1034 = VERTEX_POINT('',#1035);
#1035 = CARTESIAN_POINT('',(-3.3,46.5,11.490039840637));
#1036 = LINE('',#1037,#1038);
#1037 = CARTESIAN_POINT('',(-3.3,13.6,11.490039840637));
#1038 = VECTOR('',#1039,1.);
#1039 = DIRECTION('',(0.,1.,0.));
#1040 = ORIENTED_EDGE('',*,*,#1041,.F.);
#1041 = EDGE_CURVE('',#1042,#1034,#1044,.T.);
#1042 = VERTEX_POINT('',#1043);
#1043 = CARTESIAN_POINT('',(-3.3,46.5,6.509960159363));
#1044 = LINE('',#1045,#1046);
#1045 = CARTESIAN_POINT('',(-3.3,46.5,0.25));
#1046 = VECTOR('',#1047,1.);
#1047 = DIRECTION('',(0.,-0.,1.));
#1048 = ORIENTED_EDGE('',*,*,#1049,.T.);
#1049 = EDGE_CURVE('',#1042,#1050,#1052,.T.);
#1050 = VERTEX_POINT('',#1051);
#1051 = CARTESIAN_POINT('',(-3.3,30.5,6.509960159363));
#1052 = LINE('',#1053,#1054);
#1053 = CARTESIAN_POINT('',(-3.3,13.6,6.509960159363));
#1054 = VECTOR('',#1055,1.);
#1055 = DIRECTION('',(0.,-1.,-0.));
#1056 = ORIENTED_EDGE('',*,*,#1057,.T.);
#1057 = EDGE_CURVE('',#1050,#1058,#1060,.T.);
#1058 = VERTEX_POINT('',#1059);
#1059 = CARTESIAN_POINT('',(-3.3,30.5,8.609960159363));
#1060 = LINE('',#1061,#1062);
#1061 = CARTESIAN_POINT('',(-3.3,30.5,0.25));
#1062 = VECTOR('',#1063,1.);
#1063 = DIRECTION('',(0.,-0.,1.));
#1064 = ORIENTED_EDGE('',*,*,#1065,.T.);
#1065 = EDGE_CURVE('',#1058,#1066,#1068,.T.);
#1066 = VERTEX_POINT('',#1067);
#1067 = CARTESIAN_POINT('',(-3.3,12.64,8.609960159363));
#1068 = LINE('',#1069,#1070);
#1069 = CARTESIAN_POINT('',(-3.3,4.67,8.609960159363));
#1070 = VECTOR('',#1071,1.);
#1071 = DIRECTION('',(0.,-1.,-0.));
#1072 = ORIENTED_EDGE('',*,*,#1073,.T.);
#1073 = EDGE_CURVE('',#1066,#1074,#1076,.T.);
#1074 = VERTEX_POINT('',#1075);
#1075 = CARTESIAN_POINT('',(-3.3,12.64,13.590039840637));
#1076 = LINE('',#1077,#1078);
#1077 = CARTESIAN_POINT('',(-3.3,12.64,1.3));
#1078 = VECTOR('',#1079,1.);
#1079 = DIRECTION('',(0.,-0.,1.));
#1080 = ORIENTED_EDGE('',*,*,#1081,.T.);
#1081 = EDGE_CURVE('',#1074,#1026,#1082,.T.);
#1082 = LINE('',#1083,#1084);
#1083 = CARTESIAN_POINT('',(-3.3,4.67,13.590039840637));
#1084 = VECTOR('',#1085,1.);
#1085 = DIRECTION('',(0.,1.,0.));
#1086 = PLANE('',#1087);
#1087 = AXIS2_PLACEMENT_3D('',#1088,#1089,#1090);
#1088 = CARTESIAN_POINT('',(-3.3,-3.3,-8.5));
#1089 = DIRECTION('',(1.,0.,-0.));
#1090 = DIRECTION('',(0.,0.,1.));
#1091 = ADVANCED_FACE('',(#1092),#1136,.T.);
#1092 = FACE_BOUND('',#1093,.F.);
#1093 = EDGE_LOOP('',(#1094,#1095,#1104,#1112,#1121,#1129));
#1094 = ORIENTED_EDGE('',*,*,#536,.F.);
#1095 = ORIENTED_EDGE('',*,*,#1096,.T.);
#1096 = EDGE_CURVE('',#529,#1097,#1099,.T.);
#1097 = VERTEX_POINT('',#1098);
#1098 = CARTESIAN_POINT('',(0.7,97.3,-8.5));
#1099 = CIRCLE('',#1100,4.);
#1100 = AXIS2_PLACEMENT_3D('',#1101,#1102,#1103);
#1101 = CARTESIAN_POINT('',(0.7,93.3,-8.5));
#1102 = DIRECTION('',(-0.,-0.,-1.));
#1103 = DIRECTION('',(0.,-1.,0.));
#1104 = ORIENTED_EDGE('',*,*,#1105,.T.);
#1105 = EDGE_CURVE('',#1097,#1106,#1108,.T.);
#1106 = VERTEX_POINT('',#1107);
#1107 = CARTESIAN_POINT('',(0.7,97.3,26.5));
#1108 = LINE('',#1109,#1110);
#1109 = CARTESIAN_POINT('',(0.7,97.3,-8.5));
#1110 = VECTOR('',#1111,1.);
#1111 = DIRECTION('',(0.,0.,1.));
#1112 = ORIENTED_EDGE('',*,*,#1113,.F.);
#1113 = EDGE_CURVE('',#1114,#1106,#1116,.T.);
#1114 = VERTEX_POINT('',#1115);
#1115 = CARTESIAN_POINT('',(-3.29,93.582665880502,26.5));
#1116 = CIRCLE('',#1117,4.);
#1117 = AXIS2_PLACEMENT_3D('',#1118,#1119,#1120);
#1118 = CARTESIAN_POINT('',(0.7,93.3,26.5));
#1119 = DIRECTION('',(-0.,-0.,-1.));
#1120 = DIRECTION('',(0.,-1.,0.));
#1121 = ORIENTED_EDGE('',*,*,#1122,.F.);
#1122 = EDGE_CURVE('',#1123,#1114,#1125,.T.);
#1123 = VERTEX_POINT('',#1124);
#1124 = CARTESIAN_POINT('',(-3.29,93.582665880503,9.5));
#1125 = LINE('',#1126,#1127);
#1126 = CARTESIAN_POINT('',(-3.29,93.582665880502,-8.5));
#1127 = VECTOR('',#1128,1.);
#1128 = DIRECTION('',(0.,0.,1.));
#1129 = ORIENTED_EDGE('',*,*,#1130,.F.);
#1130 = EDGE_CURVE('',#537,#1123,#1131,.T.);
#1131 = ELLIPSE('',#1132,5.653715912215,4.);
#1132 = AXIS2_PLACEMENT_3D('',#1133,#1134,#1135);
#1133 = CARTESIAN_POINT('',(0.7,93.3,5.514428412875));
#1134 = DIRECTION('',(-0.706714053268,0.,-0.707499291105));
#1135 = DIRECTION('',(-0.707499291105,0.,0.706714053268));
#1136 = CYLINDRICAL_SURFACE('',#1137,4.);
#1137 = AXIS2_PLACEMENT_3D('',#1138,#1139,#1140);
#1138 = CARTESIAN_POINT('',(0.7,93.3,-8.5));
#1139 = DIRECTION('',(0.,0.,1.));
#1140 = DIRECTION('',(-1.,-0.,0.));
#1141 = ADVANCED_FACE('',(#1142),#1186,.T.);
#1142 = FACE_BOUND('',#1143,.T.);
#1143 = EDGE_LOOP('',(#1144,#1145,#1154,#1162,#1171,#1179));
#1144 = ORIENTED_EDGE('',*,*,#456,.F.);
#1145 = ORIENTED_EDGE('',*,*,#1146,.T.);
#1146 = EDGE_CURVE('',#457,#1147,#1149,.T.);
#1147 = VERTEX_POINT('',#1148);
#1148 = CARTESIAN_POINT('',(0.7,-3.3,-8.5));
#1149 = CIRCLE('',#1150,4.);
#1150 = AXIS2_PLACEMENT_3D('',#1151,#1152,#1153);
#1151 = CARTESIAN_POINT('',(0.7,0.7,-8.5));
#1152 = DIRECTION('',(0.,0.,1.));
#1153 = DIRECTION('',(0.,-1.,0.));
#1154 = ORIENTED_EDGE('',*,*,#1155,.T.);
#1155 = EDGE_CURVE('',#1147,#1156,#1158,.T.);
#1156 = VERTEX_POINT('',#1157);
#1157 = CARTESIAN_POINT('',(0.7,-3.3,26.5));
#1158 = LINE('',#1159,#1160);
#1159 = CARTESIAN_POINT('',(0.7,-3.3,-8.5));
#1160 = VECTOR('',#1161,1.);
#1161 = DIRECTION('',(0.,0.,1.));
#1162 = ORIENTED_EDGE('',*,*,#1163,.F.);
#1163 = EDGE_CURVE('',#1164,#1156,#1166,.T.);
#1164 = VERTEX_POINT('',#1165);
#1165 = CARTESIAN_POINT('',(-3.29,0.417334119498,26.5));
#1166 = CIRCLE('',#1167,4.);
#1167 = AXIS2_PLACEMENT_3D('',#1168,#1169,#1170);
#1168 = CARTESIAN_POINT('',(0.7,0.7,26.5));
#1169 = DIRECTION('',(0.,0.,1.));
#1170 = DIRECTION('',(0.,-1.,0.));
#1171 = ORIENTED_EDGE('',*,*,#1172,.F.);
#1172 = EDGE_CURVE('',#1173,#1164,#1175,.T.);
#1173 = VERTEX_POINT('',#1174);
#1174 = CARTESIAN_POINT('',(-3.29,0.417334119498,9.5));
#1175 = LINE('',#1176,#1177);
#1176 = CARTESIAN_POINT('',(-3.29,0.417334119498,-8.5));
#1177 = VECTOR('',#1178,1.);
#1178 = DIRECTION('',(0.,0.,1.));
#1179 = ORIENTED_EDGE('',*,*,#1180,.T.);
#1180 = EDGE_CURVE('',#1173,#449,#1181,.T.);
#1181 = ELLIPSE('',#1182,5.653715912215,4.);
#1182 = AXIS2_PLACEMENT_3D('',#1183,#1184,#1185);
#1183 = CARTESIAN_POINT('',(0.7,0.7,5.514428412875));
#1184 = DIRECTION('',(-0.706714053268,0.,-0.707499291105));
#1185 = DIRECTION('',(-0.707499291105,0.,0.706714053268));
#1186 = CYLINDRICAL_SURFACE('',#1187,4.);
#1187 = AXIS2_PLACEMENT_3D('',#1188,#1189,#1190);
#1188 = CARTESIAN_POINT('',(0.7,0.7,-8.5));
#1189 = DIRECTION('',(0.,0.,1.));
#1190 = DIRECTION('',(-1.,-0.,0.));
#1191 = ADVANCED_FACE('',(#1192),#1226,.T.);
#1192 = FACE_BOUND('',#1193,.T.);
#1193 = EDGE_LOOP('',(#1194,#1204,#1212,#1218,#1219,#1220));
#1194 = ORIENTED_EDGE('',*,*,#1195,.F.);
#1195 = EDGE_CURVE('',#1196,#1198,#1200,.T.);
#1196 = VERTEX_POINT('',#1197);
#1197 = CARTESIAN_POINT('',(-12.3,0.2,18.5));
#1198 = VERTEX_POINT('',#1199);
#1199 = CARTESIAN_POINT('',(-3.29,0.2,9.5));
#1200 = LINE('',#1201,#1202);
#1201 = CARTESIAN_POINT('',(-12.3,0.2,18.5));
#1202 = VECTOR('',#1203,1.);
#1203 = DIRECTION('',(0.707499291105,0.,-0.706714053268));
#1204 = ORIENTED_EDGE('',*,*,#1205,.T.);
#1205 = EDGE_CURVE('',#1196,#1206,#1208,.T.);
#1206 = VERTEX_POINT('',#1207);
#1207 = CARTESIAN_POINT('',(-12.3,10.2,18.5));
#1208 = LINE('',#1209,#1210);
#1209 = CARTESIAN_POINT('',(-12.3,0.2,18.5));
#1210 = VECTOR('',#1211,1.);
#1211 = DIRECTION('',(-0.,1.,0.));
#1212 = ORIENTED_EDGE('',*,*,#1213,.T.);
#1213 = EDGE_CURVE('',#1206,#441,#1214,.T.);
#1214 = LINE('',#1215,#1216);
#1215 = CARTESIAN_POINT('',(-12.3,10.2,18.5));
#1216 = VECTOR('',#1217,1.);
#1217 = DIRECTION('',(0.707499291105,0.,-0.706714053268));
#1218 = ORIENTED_EDGE('',*,*,#448,.F.);
#1219 = ORIENTED_EDGE('',*,*,#1180,.F.);
#1220 = ORIENTED_EDGE('',*,*,#1221,.F.);
#1221 = EDGE_CURVE('',#1198,#1173,#1222,.T.);
#1222 = LINE('',#1223,#1224);
#1223 = CARTESIAN_POINT('',(-3.29,0.2,9.5));
#1224 = VECTOR('',#1225,1.);
#1225 = DIRECTION('',(0.,1.,0.));
#1226 = PLANE('',#1227);
#1227 = AXIS2_PLACEMENT_3D('',#1228,#1229,#1230);
#1228 = CARTESIAN_POINT('',(-12.3,0.2,18.5));
#1229 = DIRECTION('',(-0.706714053268,0.,-0.707499291105));
#1230 = DIRECTION('',(0.707499291105,0.,-0.706714053268));
#1231 = ADVANCED_FACE('',(#1232),#1257,.F.);
#1232 = FACE_BOUND('',#1233,.F.);
#1233 = EDGE_LOOP('',(#1234,#1242,#1243,#1251));
#1234 = ORIENTED_EDGE('',*,*,#1235,.F.);
#1235 = EDGE_CURVE('',#1196,#1236,#1238,.T.);
#1236 = VERTEX_POINT('',#1237);
#1237 = CARTESIAN_POINT('',(-12.3,0.2,26.5));
#1238 = LINE('',#1239,#1240);
#1239 = CARTESIAN_POINT('',(-12.3,0.2,18.5));
#1240 = VECTOR('',#1241,1.);
#1241 = DIRECTION('',(0.,0.,1.));
#1242 = ORIENTED_EDGE('',*,*,#1205,.T.);
#1243 = ORIENTED_EDGE('',*,*,#1244,.T.);
#1244 = EDGE_CURVE('',#1206,#1245,#1247,.T.);
#1245 = VERTEX_POINT('',#1246);
#1246 = CARTESIAN_POINT('',(-12.3,10.2,26.5));
#1247 = LINE('',#1248,#1249);
#1248 = CARTESIAN_POINT('',(-12.3,10.2,18.5));
#1249 = VECTOR('',#1250,1.);
#1250 = DIRECTION('',(0.,0.,1.));
#1251 = ORIENTED_EDGE('',*,*,#1252,.F.);
#1252 = EDGE_CURVE('',#1236,#1245,#1253,.T.);
#1253 = LINE('',#1254,#1255);
#1254 = CARTESIAN_POINT('',(-12.3,0.2,26.5));
#1255 = VECTOR('',#1256,1.);
#1256 = DIRECTION('',(-0.,1.,0.));
#1257 = PLANE('',#1258);
#1258 = AXIS2_PLACEMENT_3D('',#1259,#1260,#1261);
#1259 = CARTESIAN_POINT('',(-12.3,0.2,18.5));
#1260 = DIRECTION('',(1.,0.,-0.));
#1261 = DIRECTION('',(0.,0.,1.));
#1262 = ADVANCED_FACE('',(#1263),#1297,.T.);
#1263 = FACE_BOUND('',#1264,.T.);
#1264 = EDGE_LOOP('',(#1265,#1273,#1281,#1289,#1295,#1296));
#1265 = ORIENTED_EDGE('',*,*,#1266,.F.);
#1266 = EDGE_CURVE('',#1267,#545,#1269,.T.);
#1267 = VERTEX_POINT('',#1268);
#1268 = CARTESIAN_POINT('',(-12.3,83.8,18.5));
#1269 = LINE('',#1270,#1271);
#1270 = CARTESIAN_POINT('',(-12.3,83.8,18.5));
#1271 = VECTOR('',#1272,1.);
#1272 = DIRECTION('',(0.707499291105,0.,-0.706714053268));
#1273 = ORIENTED_EDGE('',*,*,#1274,.T.);
#1274 = EDGE_CURVE('',#1267,#1275,#1277,.T.);
#1275 = VERTEX_POINT('',#1276);
#1276 = CARTESIAN_POINT('',(-12.3,93.8,18.5));
#1277 = LINE('',#1278,#1279);
#1278 = CARTESIAN_POINT('',(-12.3,83.8,18.5));
#1279 = VECTOR('',#1280,1.);
#1280 = DIRECTION('',(-0.,1.,0.));
#1281 = ORIENTED_EDGE('',*,*,#1282,.T.);
#1282 = EDGE_CURVE('',#1275,#1283,#1285,.T.);
#1283 = VERTEX_POINT('',#1284);
#1284 = CARTESIAN_POINT('',(-3.29,93.8,9.5));
#1285 = LINE('',#1286,#1287);
#1286 = CARTESIAN_POINT('',(-12.3,93.8,18.5));
#1287 = VECTOR('',#1288,1.);
#1288 = DIRECTION('',(0.707499291105,0.,-0.706714053268));
#1289 = ORIENTED_EDGE('',*,*,#1290,.F.);
#1290 = EDGE_CURVE('',#1123,#1283,#1291,.T.);
#1291 = LINE('',#1292,#1293);
#1292 = CARTESIAN_POINT('',(-3.29,83.8,9.5));
#1293 = VECTOR('',#1294,1.);
#1294 = DIRECTION('',(0.,1.,0.));
#1295 = ORIENTED_EDGE('',*,*,#1130,.F.);
#1296 = ORIENTED_EDGE('',*,*,#544,.F.);
#1297 = PLANE('',#1298);
#1298 = AXIS2_PLACEMENT_3D('',#1299,#1300,#1301);
#1299 = CARTESIAN_POINT('',(-12.3,83.8,18.5));
#1300 = DIRECTION('',(-0.706714053268,0.,-0.707499291105));
#1301 = DIRECTION('',(0.707499291105,0.,-0.706714053268));
#1302 = ADVANCED_FACE('',(#1303),#1328,.F.);
#1303 = FACE_BOUND('',#1304,.F.);
#1304 = EDGE_LOOP('',(#1305,#1313,#1321,#1327));
#1305 = ORIENTED_EDGE('',*,*,#1306,.F.);
#1306 = EDGE_CURVE('',#1307,#465,#1309,.T.);
#1307 = VERTEX_POINT('',#1308);
#1308 = CARTESIAN_POINT('',(-17.3,10.,-8.5));
#1309 = LINE('',#1310,#1311);
#1310 = CARTESIAN_POINT('',(-17.3,10.,-8.5));
#1311 = VECTOR('',#1312,1.);
#1312 = DIRECTION('',(1.,0.,-0.));
#1313 = ORIENTED_EDGE('',*,*,#1314,.T.);
#1314 = EDGE_CURVE('',#1307,#1315,#1317,.T.);
#1315 = VERTEX_POINT('',#1316);
#1316 = CARTESIAN_POINT('',(-17.3,10.,-4.5));
#1317 = LINE('',#1318,#1319);
#1318 = CARTESIAN_POINT('',(-17.3,10.,-8.5));
#1319 = VECTOR('',#1320,1.);
#1320 = DIRECTION('',(0.,0.,1.));
#1321 = ORIENTED_EDGE('',*,*,#1322,.T.);
#1322 = EDGE_CURVE('',#1315,#473,#1323,.T.);
#1323 = LINE('',#1324,#1325);
#1324 = CARTESIAN_POINT('',(-17.3,10.,-4.5));
#1325 = VECTOR('',#1326,1.);
#1326 = DIRECTION('',(1.,0.,-0.));
#1327 = ORIENTED_EDGE('',*,*,#472,.F.);
#1328 = PLANE('',#1329);
#1329 = AXIS2_PLACEMENT_3D('',#1330,#1331,#1332);
#1330 = CARTESIAN_POINT('',(-17.3,10.,-8.5));
#1331 = DIRECTION('',(-0.,1.,0.));
#1332 = DIRECTION('',(0.,0.,1.));
#1333 = ADVANCED_FACE('',(#1334),#1359,.T.);
#1334 = FACE_BOUND('',#1335,.T.);
#1335 = EDGE_LOOP('',(#1336,#1344,#1352,#1358));
#1336 = ORIENTED_EDGE('',*,*,#1337,.F.);
#1337 = EDGE_CURVE('',#1338,#521,#1340,.T.);
#1338 = VERTEX_POINT('',#1339);
#1339 = CARTESIAN_POINT('',(-17.3,84.,-8.5));
#1340 = LINE('',#1341,#1342);
#1341 = CARTESIAN_POINT('',(-17.3,84.,-8.5));
#1342 = VECTOR('',#1343,1.);
#1343 = DIRECTION('',(1.,0.,-0.));
#1344 = ORIENTED_EDGE('',*,*,#1345,.T.);
#1345 = EDGE_CURVE('',#1338,#1346,#1348,.T.);
#1346 = VERTEX_POINT('',#1347);
#1347 = CARTESIAN_POINT('',(-17.3,84.,-4.5));
#1348 = LINE('',#1349,#1350);
#1349 = CARTESIAN_POINT('',(-17.3,84.,-8.5));
#1350 = VECTOR('',#1351,1.);
#1351 = DIRECTION('',(0.,0.,1.));
#1352 = ORIENTED_EDGE('',*,*,#1353,.T.);
#1353 = EDGE_CURVE('',#1346,#513,#1354,.T.);
#1354 = LINE('',#1355,#1356);
#1355 = CARTESIAN_POINT('',(-17.3,84.,-4.5));
#1356 = VECTOR('',#1357,1.);
#1357 = DIRECTION('',(1.,0.,-0.));
#1358 = ORIENTED_EDGE('',*,*,#520,.F.);
#1359 = PLANE('',#1360);
#1360 = AXIS2_PLACEMENT_3D('',#1361,#1362,#1363);
#1361 = CARTESIAN_POINT('',(-17.3,84.,-8.5));
#1362 = DIRECTION('',(-0.,1.,0.));
#1363 = DIRECTION('',(0.,0.,1.));
#1364 = ADVANCED_FACE('',(#1365,#1383),#1394,.T.);
#1365 = FACE_BOUND('',#1366,.T.);
#1366 = EDGE_LOOP('',(#1367,#1375,#1381,#1382));
#1367 = ORIENTED_EDGE('',*,*,#1368,.F.);
#1368 = EDGE_CURVE('',#1369,#481,#1371,.T.);
#1369 = VERTEX_POINT('',#1370);
#1370 = CARTESIAN_POINT('',(-17.3,26.,-4.5));
#1371 = LINE('',#1372,#1373);
#1372 = CARTESIAN_POINT('',(-17.3,26.,-4.5));
#1373 = VECTOR('',#1374,1.);
#1374 = DIRECTION('',(1.,0.,-0.));
#1375 = ORIENTED_EDGE('',*,*,#1376,.F.);
#1376 = EDGE_CURVE('',#1315,#1369,#1377,.T.);
#1377 = LINE('',#1378,#1379);
#1378 = CARTESIAN_POINT('',(-17.3,10.,-4.5));
#1379 = VECTOR('',#1380,1.);
#1380 = DIRECTION('',(-0.,1.,0.));
#1381 = ORIENTED_EDGE('',*,*,#1322,.T.);
#1382 = ORIENTED_EDGE('',*,*,#480,.F.);
#1383 = FACE_BOUND('',#1384,.T.);
#1384 = EDGE_LOOP('',(#1385));
#1385 = ORIENTED_EDGE('',*,*,#1386,.F.);
#1386 = EDGE_CURVE('',#1387,#1387,#1389,.T.);
#1387 = VERTEX_POINT('',#1388);
#1388 = CARTESIAN_POINT('',(-8.55,18.,-4.5));
#1389 = CIRCLE('',#1390,2.25);
#1390 = AXIS2_PLACEMENT_3D('',#1391,#1392,#1393);
#1391 = CARTESIAN_POINT('',(-10.8,18.,-4.5));
#1392 = DIRECTION('',(0.,0.,1.));
#1393 = DIRECTION('',(1.,0.,-0.));
#1394 = PLANE('',#1395);
#1395 = AXIS2_PLACEMENT_3D('',#1396,#1397,#1398);
#1396 = CARTESIAN_POINT('',(-17.3,10.,-4.5));
#1397 = DIRECTION('',(0.,0.,1.));
#1398 = DIRECTION('',(1.,0.,-0.));
#1399 = ADVANCED_FACE('',(#1400,#1418),#1429,.T.);
#1400 = FACE_BOUND('',#1401,.T.);
#1401 = EDGE_LOOP('',(#1402,#1403,#1411,#1417));
#1402 = ORIENTED_EDGE('',*,*,#1353,.F.);
#1403 = ORIENTED_EDGE('',*,*,#1404,.F.);
#1404 = EDGE_CURVE('',#1405,#1346,#1407,.T.);
#1405 = VERTEX_POINT('',#1406);
#1406 = CARTESIAN_POINT('',(-17.3,68.,-4.5));
#1407 = LINE('',#1408,#1409);
#1408 = CARTESIAN_POINT('',(-17.3,68.,-4.5));
#1409 = VECTOR('',#1410,1.);
#1410 = DIRECTION('',(-0.,1.,0.));
#1411 = ORIENTED_EDGE('',*,*,#1412,.T.);
#1412 = EDGE_CURVE('',#1405,#505,#1413,.T.);
#1413 = LINE('',#1414,#1415);
#1414 = CARTESIAN_POINT('',(-17.3,68.,-4.5));
#1415 = VECTOR('',#1416,1.);
#1416 = DIRECTION('',(1.,0.,-0.));
#1417 = ORIENTED_EDGE('',*,*,#512,.F.);
#1418 = FACE_BOUND('',#1419,.T.);
#1419 = EDGE_LOOP('',(#1420));
#1420 = ORIENTED_EDGE('',*,*,#1421,.F.);
#1421 = EDGE_CURVE('',#1422,#1422,#1424,.T.);
#1422 = VERTEX_POINT('',#1423);
#1423 = CARTESIAN_POINT('',(-8.55,76.,-4.5));
#1424 = CIRCLE('',#1425,2.25);
#1425 = AXIS2_PLACEMENT_3D('',#1426,#1427,#1428);
#1426 = CARTESIAN_POINT('',(-10.8,76.,-4.5));
#1427 = DIRECTION('',(0.,0.,1.));
#1428 = DIRECTION('',(1.,0.,-0.));
#1429 = PLANE('',#1430);
#1430 = AXIS2_PLACEMENT_3D('',#1431,#1432,#1433);
#1431 = CARTESIAN_POINT('',(-17.3,68.,-4.5));
#1432 = DIRECTION('',(0.,0.,1.));
#1433 = DIRECTION('',(1.,0.,-0.));
#1434 = ADVANCED_FACE('',(#1435),#1453,.T.);
#1435 = FACE_BOUND('',#1436,.T.);
#1436 = EDGE_LOOP('',(#1437,#1445,#1451,#1452));
#1437 = ORIENTED_EDGE('',*,*,#1438,.F.);
#1438 = EDGE_CURVE('',#1439,#489,#1441,.T.);
#1439 = VERTEX_POINT('',#1440);
#1440 = CARTESIAN_POINT('',(-17.3,26.,-8.5));
#1441 = LINE('',#1442,#1443);
#1442 = CARTESIAN_POINT('',(-17.3,26.,-8.5));
#1443 = VECTOR('',#1444,1.);
#1444 = DIRECTION('',(1.,0.,-0.));
#1445 = ORIENTED_EDGE('',*,*,#1446,.T.);
#1446 = EDGE_CURVE('',#1439,#1369,#1447,.T.);
#1447 = LINE('',#1448,#1449);
#1448 = CARTESIAN_POINT('',(-17.3,26.,-8.5));
#1449 = VECTOR('',#1450,1.);
#1450 = DIRECTION('',(0.,0.,1.));
#1451 = ORIENTED_EDGE('',*,*,#1368,.T.);
#1452 = ORIENTED_EDGE('',*,*,#488,.F.);
#1453 = PLANE('',#1454);
#1454 = AXIS2_PLACEMENT_3D('',#1455,#1456,#1457);
#1455 = CARTESIAN_POINT('',(-17.3,26.,-8.5));
#1456 = DIRECTION('',(-0.,1.,0.));
#1457 = DIRECTION('',(0.,0.,1.));
#1458 = ADVANCED_FACE('',(#1459),#1477,.F.);
#1459 = FACE_BOUND('',#1460,.F.);
#1460 = EDGE_LOOP('',(#1461,#1469,#1475,#1476));
#1461 = ORIENTED_EDGE('',*,*,#1462,.F.);
#1462 = EDGE_CURVE('',#1463,#497,#1465,.T.);
#1463 = VERTEX_POINT('',#1464);
#1464 = CARTESIAN_POINT('',(-17.3,68.,-8.5));
#1465 = LINE('',#1466,#1467);
#1466 = CARTESIAN_POINT('',(-17.3,68.,-8.5));
#1467 = VECTOR('',#1468,1.);
#1468 = DIRECTION('',(1.,0.,-0.));
#1469 = ORIENTED_EDGE('',*,*,#1470,.T.);
#1470 = EDGE_CURVE('',#1463,#1405,#1471,.T.);
#1471 = LINE('',#1472,#1473);
#1472 = CARTESIAN_POINT('',(-17.3,68.,-8.5));
#1473 = VECTOR('',#1474,1.);
#1474 = DIRECTION('',(0.,0.,1.));
#1475 = ORIENTED_EDGE('',*,*,#1412,.T.);
#1476 = ORIENTED_EDGE('',*,*,#504,.F.);
#1477 = PLANE('',#1478);
#1478 = AXIS2_PLACEMENT_3D('',#1479,#1480,#1481);
#1479 = CARTESIAN_POINT('',(-17.3,68.,-8.5));
#1480 = DIRECTION('',(-0.,1.,0.));
#1481 = DIRECTION('',(0.,0.,1.));
#1482 = ADVANCED_FACE('',(#1483),#1494,.F.);
#1483 = FACE_BOUND('',#1484,.F.);
#1484 = EDGE_LOOP('',(#1485,#1486,#1487,#1493));
#1485 = ORIENTED_EDGE('',*,*,#399,.F.);
#1486 = ORIENTED_EDGE('',*,*,#577,.T.);
#1487 = ORIENTED_EDGE('',*,*,#1488,.T.);
#1488 = EDGE_CURVE('',#570,#107,#1489,.T.);
#1489 = LINE('',#1490,#1491);
#1490 = CARTESIAN_POINT('',(-3.9,80.,-1.5));
#1491 = VECTOR('',#1492,1.);
#1492 = DIRECTION('',(1.,0.,-0.));
#1493 = ORIENTED_EDGE('',*,*,#114,.F.);
#1494 = PLANE('',#1495);
#1495 = AXIS2_PLACEMENT_3D('',#1496,#1497,#1498);
#1496 = CARTESIAN_POINT('',(-3.9,80.,-4.));
#1497 = DIRECTION('',(-0.,1.,0.));
#1498 = DIRECTION('',(0.,0.,1.));
#1499 = ADVANCED_FACE('',(#1500),#1511,.T.);
#1500 = FACE_BOUND('',#1501,.T.);
#1501 = EDGE_LOOP('',(#1502,#1503,#1504,#1510));
#1502 = ORIENTED_EDGE('',*,*,#415,.F.);
#1503 = ORIENTED_EDGE('',*,*,#561,.T.);
#1504 = ORIENTED_EDGE('',*,*,#1505,.T.);
#1505 = EDGE_CURVE('',#562,#99,#1506,.T.);
#1506 = LINE('',#1507,#1508);
#1507 = CARTESIAN_POINT('',(-3.9,67.5,-1.5));
#1508 = VECTOR('',#1509,1.);
#1509 = DIRECTION('',(1.,0.,-0.));
#1510 = ORIENTED_EDGE('',*,*,#98,.F.);
#1511 = PLANE('',#1512);
#1512 = AXIS2_PLACEMENT_3D('',#1513,#1514,#1515);
#1513 = CARTESIAN_POINT('',(-3.9,67.5,-4.));
#1514 = DIRECTION('',(-0.,1.,0.));
#1515 = DIRECTION('',(0.,0.,1.));
#1516 = ADVANCED_FACE('',(#1517),#1523,.F.);
#1517 = FACE_BOUND('',#1518,.F.);
#1518 = EDGE_LOOP('',(#1519,#1520,#1521,#1522));
#1519 = ORIENTED_EDGE('',*,*,#1488,.F.);
#1520 = ORIENTED_EDGE('',*,*,#569,.T.);
#1521 = ORIENTED_EDGE('',*,*,#1505,.T.);
#1522 = ORIENTED_EDGE('',*,*,#106,.F.);
#1523 = PLANE('',#1524);
#1524 = AXIS2_PLACEMENT_3D('',#1525,#1526,#1527);
#1525 = CARTESIAN_POINT('',(-3.9,67.5,-1.5));
#1526 = DIRECTION('',(0.,0.,1.));
#1527 = DIRECTION('',(1.,0.,-0.));
#1528 = ADVANCED_FACE('',(#1529),#1546,.T.);
#1529 = FACE_BOUND('',#1530,.T.);
#1530 = EDGE_LOOP('',(#1531,#1532,#1540));
#1531 = ORIENTED_EDGE('',*,*,#585,.F.);
#1532 = ORIENTED_EDGE('',*,*,#1533,.T.);
#1533 = EDGE_CURVE('',#586,#1534,#1536,.T.);
#1534 = VERTEX_POINT('',#1535);
#1535 = CARTESIAN_POINT('',(-5.8,81.,1.));
#1536 = LINE('',#1537,#1538);
#1537 = CARTESIAN_POINT('',(-3.29,81.,-1.5));
#1538 = VECTOR('',#1539,1.);
#1539 = DIRECTION('',(-0.708516760586,0.,0.705693984648));
#1540 = ORIENTED_EDGE('',*,*,#1541,.T.);
#1541 = EDGE_CURVE('',#1534,#588,#1542,.T.);
#1542 = LINE('',#1543,#1544);
#1543 = CARTESIAN_POINT('',(-5.8,81.,1.));
#1544 = VECTOR('',#1545,1.);
#1545 = DIRECTION('',(0.708516760586,0.,0.705693984648));
#1546 = PLANE('',#1547);
#1547 = AXIS2_PLACEMENT_3D('',#1548,#1549,#1550);
#1548 = CARTESIAN_POINT('',(-4.02577090105,81.,1.));
#1549 = DIRECTION('',(0.,1.,0.));
#1550 = DIRECTION('',(0.,-0.,1.));
#1551 = ADVANCED_FACE('',(#1552),#1570,.F.);
#1552 = FACE_BOUND('',#1553,.F.);
#1553 = EDGE_LOOP('',(#1554,#1562,#1563,#1564));
#1554 = ORIENTED_EDGE('',*,*,#1555,.F.);
#1555 = EDGE_CURVE('',#596,#1556,#1558,.T.);
#1556 = VERTEX_POINT('',#1557);
#1557 = CARTESIAN_POINT('',(-5.8,66.5,1.));
#1558 = LINE('',#1559,#1560);
#1559 = CARTESIAN_POINT('',(-3.29,66.5,-1.5));
#1560 = VECTOR('',#1561,1.);
#1561 = DIRECTION('',(-0.708516760586,0.,0.705693984648));
#1562 = ORIENTED_EDGE('',*,*,#595,.F.);
#1563 = ORIENTED_EDGE('',*,*,#1533,.T.);
#1564 = ORIENTED_EDGE('',*,*,#1565,.F.);
#1565 = EDGE_CURVE('',#1556,#1534,#1566,.T.);
#1566 = LINE('',#1567,#1568);
#1567 = CARTESIAN_POINT('',(-5.8,66.5,1.));
#1568 = VECTOR('',#1569,1.);
#1569 = DIRECTION('',(0.,1.,0.));
#1570 = PLANE('',#1571);
#1571 = AXIS2_PLACEMENT_3D('',#1572,#1573,#1574);
#1572 = CARTESIAN_POINT('',(-3.29,66.5,-1.5));
#1573 = DIRECTION('',(0.705693984648,-0.,0.708516760586));
#1574 = DIRECTION('',(-0.708516760586,0.,0.705693984648));
#1575 = ADVANCED_FACE('',(#1576),#1587,.F.);
#1576 = FACE_BOUND('',#1577,.F.);
#1577 = EDGE_LOOP('',(#1578,#1584,#1585,#1586));
#1578 = ORIENTED_EDGE('',*,*,#1579,.F.);
#1579 = EDGE_CURVE('',#1556,#604,#1580,.T.);
#1580 = LINE('',#1581,#1582);
#1581 = CARTESIAN_POINT('',(-5.8,66.5,1.));
#1582 = VECTOR('',#1583,1.);
#1583 = DIRECTION('',(0.708516760586,0.,0.705693984648));
#1584 = ORIENTED_EDGE('',*,*,#1565,.T.);
#1585 = ORIENTED_EDGE('',*,*,#1541,.T.);
#1586 = ORIENTED_EDGE('',*,*,#611,.F.);
#1587 = PLANE('',#1588);
#1588 = AXIS2_PLACEMENT_3D('',#1589,#1590,#1591);
#1589 = CARTESIAN_POINT('',(-5.8,66.5,1.));
#1590 = DIRECTION('',(0.705693984648,0.,-0.708516760586));
#1591 = DIRECTION('',(0.708516760586,0.,0.705693984648));
#1592 = ADVANCED_FACE('',(#1593),#1598,.F.);
#1593 = FACE_BOUND('',#1594,.F.);
#1594 = EDGE_LOOP('',(#1595,#1596,#1597));
#1595 = ORIENTED_EDGE('',*,*,#603,.F.);
#1596 = ORIENTED_EDGE('',*,*,#1555,.T.);
#1597 = ORIENTED_EDGE('',*,*,#1579,.T.);
#1598 = PLANE('',#1599);
#1599 = AXIS2_PLACEMENT_3D('',#1600,#1601,#1602);
#1600 = CARTESIAN_POINT('',(-4.02577090105,66.5,1.));
#1601 = DIRECTION('',(0.,1.,0.));
#1602 = DIRECTION('',(0.,-0.,1.));
#1603 = ADVANCED_FACE('',(#1604),#1620,.T.);
#1604 = FACE_BOUND('',#1605,.T.);
#1605 = EDGE_LOOP('',(#1606,#1612,#1613,#1619));
#1606 = ORIENTED_EDGE('',*,*,#1607,.F.);
#1607 = EDGE_CURVE('',#620,#123,#1608,.T.);
#1608 = LINE('',#1609,#1610);
#1609 = CARTESIAN_POINT('',(-3.9,80.,4.));
#1610 = VECTOR('',#1611,1.);
#1611 = DIRECTION('',(1.,0.,-0.));
#1612 = ORIENTED_EDGE('',*,*,#619,.T.);
#1613 = ORIENTED_EDGE('',*,*,#1614,.T.);
#1614 = EDGE_CURVE('',#622,#125,#1615,.T.);
#1615 = LINE('',#1616,#1617);
#1616 = CARTESIAN_POINT('',(-3.9,67.5,4.));
#1617 = VECTOR('',#1618,1.);
#1618 = DIRECTION('',(1.,0.,-0.));
#1619 = ORIENTED_EDGE('',*,*,#122,.F.);
#1620 = PLANE('',#1621);
#1621 = AXIS2_PLACEMENT_3D('',#1622,#1623,#1624);
#1622 = CARTESIAN_POINT('',(-3.9,67.5,4.));
#1623 = DIRECTION('',(0.,0.,1.));
#1624 = DIRECTION('',(1.,0.,-0.));
#1625 = ADVANCED_FACE('',(#1626),#1637,.F.);
#1626 = FACE_BOUND('',#1627,.F.);
#1627 = EDGE_LOOP('',(#1628,#1629,#1630,#1636));
#1628 = ORIENTED_EDGE('',*,*,#1607,.F.);
#1629 = ORIENTED_EDGE('',*,*,#645,.T.);
#1630 = ORIENTED_EDGE('',*,*,#1631,.T.);
#1631 = EDGE_CURVE('',#638,#141,#1632,.T.);
#1632 = LINE('',#1633,#1634);
#1633 = CARTESIAN_POINT('',(-3.9,80.,6.5));
#1634 = VECTOR('',#1635,1.);
#1635 = DIRECTION('',(1.,0.,-0.));
#1636 = ORIENTED_EDGE('',*,*,#148,.F.);
#1637 = PLANE('',#1638);
#1638 = AXIS2_PLACEMENT_3D('',#1639,#1640,#1641);
#1639 = CARTESIAN_POINT('',(-3.9,80.,4.));
#1640 = DIRECTION('',(-0.,1.,0.));
#1641 = DIRECTION('',(0.,0.,1.));
#1642 = ADVANCED_FACE('',(#1643),#1654,.T.);
#1643 = FACE_BOUND('',#1644,.T.);
#1644 = EDGE_LOOP('',(#1645,#1646,#1647,#1653));
#1645 = ORIENTED_EDGE('',*,*,#1614,.F.);
#1646 = ORIENTED_EDGE('',*,*,#629,.T.);
#1647 = ORIENTED_EDGE('',*,*,#1648,.T.);
#1648 = EDGE_CURVE('',#630,#133,#1649,.T.);
#1649 = LINE('',#1650,#1651);
#1650 = CARTESIAN_POINT('',(-3.9,67.5,6.5));
#1651 = VECTOR('',#1652,1.);
#1652 = DIRECTION('',(1.,0.,-0.));
#1653 = ORIENTED_EDGE('',*,*,#132,.F.);
#1654 = PLANE('',#1655);
#1655 = AXIS2_PLACEMENT_3D('',#1656,#1657,#1658);
#1656 = CARTESIAN_POINT('',(-3.9,67.5,4.));
#1657 = DIRECTION('',(-0.,1.,0.));
#1658 = DIRECTION('',(0.,0.,1.));
#1659 = ADVANCED_FACE('',(#1660),#1666,.F.);
#1660 = FACE_BOUND('',#1661,.F.);
#1661 = EDGE_LOOP('',(#1662,#1663,#1664,#1665));
#1662 = ORIENTED_EDGE('',*,*,#1631,.F.);
#1663 = ORIENTED_EDGE('',*,*,#637,.T.);
#1664 = ORIENTED_EDGE('',*,*,#1648,.T.);
#1665 = ORIENTED_EDGE('',*,*,#140,.F.);
#1666 = PLANE('',#1667);
#1667 = AXIS2_PLACEMENT_3D('',#1668,#1669,#1670);
#1668 = CARTESIAN_POINT('',(-3.9,67.5,6.5));
#1669 = DIRECTION('',(0.,0.,1.));
#1670 = DIRECTION('',(1.,0.,-0.));
#1671 = ADVANCED_FACE('',(#1672),#1688,.T.);
#1672 = FACE_BOUND('',#1673,.T.);
#1673 = EDGE_LOOP('',(#1674,#1680,#1681,#1687));
#1674 = ORIENTED_EDGE('',*,*,#1675,.F.);
#1675 = EDGE_CURVE('',#654,#191,#1676,.T.);
#1676 = LINE('',#1677,#1678);
#1677 = CARTESIAN_POINT('',(-3.9,65.75,0.6));
#1678 = VECTOR('',#1679,1.);
#1679 = DIRECTION('',(1.,0.,-0.));
#1680 = ORIENTED_EDGE('',*,*,#653,.T.);
#1681 = ORIENTED_EDGE('',*,*,#1682,.T.);
#1682 = EDGE_CURVE('',#656,#193,#1683,.T.);
#1683 = LINE('',#1684,#1685);
#1684 = CARTESIAN_POINT('',(-3.9,47.36,0.6));
#1685 = VECTOR('',#1686,1.);
#1686 = DIRECTION('',(1.,0.,-0.));
#1687 = ORIENTED_EDGE('',*,*,#190,.F.);
#1688 = PLANE('',#1689);
#1689 = AXIS2_PLACEMENT_3D('',#1690,#1691,#1692);
#1690 = CARTESIAN_POINT('',(-3.9,47.36,0.6));
#1691 = DIRECTION('',(0.,0.,1.));
#1692 = DIRECTION('',(1.,0.,-0.));
#1693 = ADVANCED_FACE('',(#1694),#1705,.F.);
#1694 = FACE_BOUND('',#1695,.F.);
#1695 = EDGE_LOOP('',(#1696,#1697,#1698,#1704));
#1696 = ORIENTED_EDGE('',*,*,#1675,.F.);
#1697 = ORIENTED_EDGE('',*,*,#679,.T.);
#1698 = ORIENTED_EDGE('',*,*,#1699,.T.);
#1699 = EDGE_CURVE('',#672,#209,#1700,.T.);
#1700 = LINE('',#1701,#1702);
#1701 = CARTESIAN_POINT('',(-3.9,65.75,15.8));
#1702 = VECTOR('',#1703,1.);
#1703 = DIRECTION('',(1.,0.,-0.));
#1704 = ORIENTED_EDGE('',*,*,#216,.F.);
#1705 = PLANE('',#1706);
#1706 = AXIS2_PLACEMENT_3D('',#1707,#1708,#1709);
#1707 = CARTESIAN_POINT('',(-3.9,65.75,0.6));
#1708 = DIRECTION('',(-0.,1.,0.));
#1709 = DIRECTION('',(0.,0.,1.));
#1710 = ADVANCED_FACE('',(#1711),#1722,.T.);
#1711 = FACE_BOUND('',#1712,.T.);
#1712 = EDGE_LOOP('',(#1713,#1714,#1715,#1721));
#1713 = ORIENTED_EDGE('',*,*,#1682,.F.);
#1714 = ORIENTED_EDGE('',*,*,#663,.T.);
#1715 = ORIENTED_EDGE('',*,*,#1716,.T.);
#1716 = EDGE_CURVE('',#664,#201,#1717,.T.);
#1717 = LINE('',#1718,#1719);
#1718 = CARTESIAN_POINT('',(-3.9,47.36,15.8));
#1719 = VECTOR('',#1720,1.);
#1720 = DIRECTION('',(1.,0.,-0.));
#1721 = ORIENTED_EDGE('',*,*,#200,.F.);
#1722 = PLANE('',#1723);
#1723 = AXIS2_PLACEMENT_3D('',#1724,#1725,#1726);
#1724 = CARTESIAN_POINT('',(-3.9,47.36,0.6));
#1725 = DIRECTION('',(-0.,1.,0.));
#1726 = DIRECTION('',(0.,0.,1.));
#1727 = ADVANCED_FACE('',(#1728),#1734,.F.);
#1728 = FACE_BOUND('',#1729,.F.);
#1729 = EDGE_LOOP('',(#1730,#1731,#1732,#1733));
#1730 = ORIENTED_EDGE('',*,*,#1699,.F.);
#1731 = ORIENTED_EDGE('',*,*,#671,.T.);
#1732 = ORIENTED_EDGE('',*,*,#1716,.T.);
#1733 = ORIENTED_EDGE('',*,*,#208,.F.);
#1734 = PLANE('',#1735);
#1735 = AXIS2_PLACEMENT_3D('',#1736,#1737,#1738);
#1736 = CARTESIAN_POINT('',(-3.9,47.36,15.8));
#1737 = DIRECTION('',(0.,0.,1.));
#1738 = DIRECTION('',(1.,0.,-0.));
#1739 = ADVANCED_FACE('',(#1740),#1757,.T.);
#1740 = FACE_BOUND('',#1741,.T.);
#1741 = EDGE_LOOP('',(#1742,#1743,#1751));
#1742 = ORIENTED_EDGE('',*,*,#687,.F.);
#1743 = ORIENTED_EDGE('',*,*,#1744,.T.);
#1744 = EDGE_CURVE('',#688,#1745,#1747,.T.);
#1745 = VERTEX_POINT('',#1746);
#1746 = CARTESIAN_POINT('',(-5.8,81.,9.));
#1747 = LINE('',#1748,#1749);
#1748 = CARTESIAN_POINT('',(-3.29,81.,6.5));
#1749 = VECTOR('',#1750,1.);
#1750 = DIRECTION('',(-0.708516760586,0.,0.705693984648));
#1751 = ORIENTED_EDGE('',*,*,#1752,.T.);
#1752 = EDGE_CURVE('',#1745,#690,#1753,.T.);
#1753 = LINE('',#1754,#1755);
#1754 = CARTESIAN_POINT('',(-5.8,81.,9.));
#1755 = VECTOR('',#1756,1.);
#1756 = DIRECTION('',(0.708516760586,0.,0.705693984648));
#1757 = PLANE('',#1758);
#1758 = AXIS2_PLACEMENT_3D('',#1759,#1760,#1761);
#1759 = CARTESIAN_POINT('',(-4.02577090105,81.,9.));
#1760 = DIRECTION('',(0.,1.,0.));
#1761 = DIRECTION('',(0.,-0.,1.));
#1762 = ADVANCED_FACE('',(#1763),#1781,.F.);
#1763 = FACE_BOUND('',#1764,.F.);
#1764 = EDGE_LOOP('',(#1765,#1773,#1774,#1775));
#1765 = ORIENTED_EDGE('',*,*,#1766,.F.);
#1766 = EDGE_CURVE('',#698,#1767,#1769,.T.);
#1767 = VERTEX_POINT('',#1768);
#1768 = CARTESIAN_POINT('',(-5.8,66.5,9.));
#1769 = LINE('',#1770,#1771);
#1770 = CARTESIAN_POINT('',(-3.29,66.5,6.5));
#1771 = VECTOR('',#1772,1.);
#1772 = DIRECTION('',(-0.708516760586,0.,0.705693984648));
#1773 = ORIENTED_EDGE('',*,*,#697,.F.);
#1774 = ORIENTED_EDGE('',*,*,#1744,.T.);
#1775 = ORIENTED_EDGE('',*,*,#1776,.F.);
#1776 = EDGE_CURVE('',#1767,#1745,#1777,.T.);
#1777 = LINE('',#1778,#1779);
#1778 = CARTESIAN_POINT('',(-5.8,66.5,9.));
#1779 = VECTOR('',#1780,1.);
#1780 = DIRECTION('',(0.,1.,0.));
#1781 = PLANE('',#1782);
#1782 = AXIS2_PLACEMENT_3D('',#1783,#1784,#1785);
#1783 = CARTESIAN_POINT('',(-3.29,66.5,6.5));
#1784 = DIRECTION('',(0.705693984648,-0.,0.708516760586));
#1785 = DIRECTION('',(-0.708516760586,0.,0.705693984648));
#1786 = ADVANCED_FACE('',(#1787),#1798,.F.);
#1787 = FACE_BOUND('',#1788,.F.);
#1788 = EDGE_LOOP('',(#1789,#1795,#1796,#1797));
#1789 = ORIENTED_EDGE('',*,*,#1790,.F.);
#1790 = EDGE_CURVE('',#1767,#706,#1791,.T.);
#1791 = LINE('',#1792,#1793);
#1792 = CARTESIAN_POINT('',(-5.8,66.5,9.));
#1793 = VECTOR('',#1794,1.);
#1794 = DIRECTION('',(0.708516760586,0.,0.705693984648));
#1795 = ORIENTED_EDGE('',*,*,#1776,.T.);
#1796 = ORIENTED_EDGE('',*,*,#1752,.T.);
#1797 = ORIENTED_EDGE('',*,*,#713,.F.);
#1798 = PLANE('',#1799);
#1799 = AXIS2_PLACEMENT_3D('',#1800,#1801,#1802);
#1800 = CARTESIAN_POINT('',(-5.8,66.5,9.));
#1801 = DIRECTION('',(0.705693984648,0.,-0.708516760586));
#1802 = DIRECTION('',(0.708516760586,0.,0.705693984648));
#1803 = ADVANCED_FACE('',(#1804),#1809,.F.);
#1804 = FACE_BOUND('',#1805,.F.);
#1805 = EDGE_LOOP('',(#1806,#1807,#1808));
#1806 = ORIENTED_EDGE('',*,*,#705,.F.);
#1807 = ORIENTED_EDGE('',*,*,#1766,.T.);
#1808 = ORIENTED_EDGE('',*,*,#1790,.T.);
#1809 = PLANE('',#1810);
#1810 = AXIS2_PLACEMENT_3D('',#1811,#1812,#1813);
#1811 = CARTESIAN_POINT('',(-4.02577090105,66.5,9.));
#1812 = DIRECTION('',(0.,1.,0.));
#1813 = DIRECTION('',(0.,-0.,1.));
#1814 = ADVANCED_FACE('',(#1815),#1831,.T.);
#1815 = FACE_BOUND('',#1816,.T.);
#1816 = EDGE_LOOP('',(#1817,#1823,#1824,#1830));
#1817 = ORIENTED_EDGE('',*,*,#1818,.F.);
#1818 = EDGE_CURVE('',#722,#157,#1819,.T.);
#1819 = LINE('',#1820,#1821);
#1820 = CARTESIAN_POINT('',(-3.9,80.,12.));
#1821 = VECTOR('',#1822,1.);
#1822 = DIRECTION('',(1.,0.,-0.));
#1823 = ORIENTED_EDGE('',*,*,#721,.T.);
#1824 = ORIENTED_EDGE('',*,*,#1825,.T.);
#1825 = EDGE_CURVE('',#724,#159,#1826,.T.);
#1826 = LINE('',#1827,#1828);
#1827 = CARTESIAN_POINT('',(-3.9,67.5,12.));
#1828 = VECTOR('',#1829,1.);
#1829 = DIRECTION('',(1.,0.,-0.));
#1830 = ORIENTED_EDGE('',*,*,#156,.F.);
#1831 = PLANE('',#1832);
#1832 = AXIS2_PLACEMENT_3D('',#1833,#1834,#1835);
#1833 = CARTESIAN_POINT('',(-3.9,67.5,12.));
#1834 = DIRECTION('',(0.,0.,1.));
#1835 = DIRECTION('',(1.,0.,-0.));
#1836 = ADVANCED_FACE('',(#1837),#1848,.F.);
#1837 = FACE_BOUND('',#1838,.F.);
#1838 = EDGE_LOOP('',(#1839,#1840,#1841,#1847));
#1839 = ORIENTED_EDGE('',*,*,#1818,.F.);
#1840 = ORIENTED_EDGE('',*,*,#747,.T.);
#1841 = ORIENTED_EDGE('',*,*,#1842,.T.);
#1842 = EDGE_CURVE('',#740,#175,#1843,.T.);
#1843 = LINE('',#1844,#1845);
#1844 = CARTESIAN_POINT('',(-3.9,80.,14.5));
#1845 = VECTOR('',#1846,1.);
#1846 = DIRECTION('',(1.,0.,-0.));
#1847 = ORIENTED_EDGE('',*,*,#182,.F.);
#1848 = PLANE('',#1849);
#1849 = AXIS2_PLACEMENT_3D('',#1850,#1851,#1852);
#1850 = CARTESIAN_POINT('',(-3.9,80.,12.));
#1851 = DIRECTION('',(-0.,1.,0.));
#1852 = DIRECTION('',(0.,0.,1.));
#1853 = ADVANCED_FACE('',(#1854),#1865,.F.);
#1854 = FACE_BOUND('',#1855,.F.);
#1855 = EDGE_LOOP('',(#1856,#1857,#1858,#1864));
#1856 = ORIENTED_EDGE('',*,*,#1842,.F.);
#1857 = ORIENTED_EDGE('',*,*,#739,.T.);
#1858 = ORIENTED_EDGE('',*,*,#1859,.T.);
#1859 = EDGE_CURVE('',#732,#167,#1860,.T.);
#1860 = LINE('',#1861,#1862);
#1861 = CARTESIAN_POINT('',(-3.9,67.5,14.5));
#1862 = VECTOR('',#1863,1.);
#1863 = DIRECTION('',(1.,0.,-0.));
#1864 = ORIENTED_EDGE('',*,*,#174,.F.);
#1865 = PLANE('',#1866);
#1866 = AXIS2_PLACEMENT_3D('',#1867,#1868,#1869);
#1867 = CARTESIAN_POINT('',(-3.9,67.5,14.5));
#1868 = DIRECTION('',(0.,0.,1.));
#1869 = DIRECTION('',(1.,0.,-0.));
#1870 = ADVANCED_FACE('',(#1871),#1877,.T.);
#1871 = FACE_BOUND('',#1872,.T.);
#1872 = EDGE_LOOP('',(#1873,#1874,#1875,#1876));
#1873 = ORIENTED_EDGE('',*,*,#1825,.F.);
#1874 = ORIENTED_EDGE('',*,*,#731,.T.);
#1875 = ORIENTED_EDGE('',*,*,#1859,.T.);
#1876 = ORIENTED_EDGE('',*,*,#166,.F.);
#1877 = PLANE('',#1878);
#1878 = AXIS2_PLACEMENT_3D('',#1879,#1880,#1881);
#1879 = CARTESIAN_POINT('',(-3.9,67.5,12.));
#1880 = DIRECTION('',(-0.,1.,0.));
#1881 = DIRECTION('',(0.,0.,1.));
#1882 = ADVANCED_FACE('',(#1883),#1908,.T.);
#1883 = FACE_BOUND('',#1884,.T.);
#1884 = EDGE_LOOP('',(#1885,#1886,#1894,#1902));
#1885 = ORIENTED_EDGE('',*,*,#755,.F.);
#1886 = ORIENTED_EDGE('',*,*,#1887,.T.);
#1887 = EDGE_CURVE('',#756,#1888,#1890,.T.);
#1888 = VERTEX_POINT('',#1889);
#1889 = CARTESIAN_POINT('',(-5.1474,66.75,17.65));
#1890 = LINE('',#1891,#1892);
#1891 = CARTESIAN_POINT('',(-5.029674634214,66.75,17.767256340424));
#1892 = VECTOR('',#1893,1.);
#1893 = DIRECTION('',(-0.708516760586,0.,-0.705693984648));
#1894 = ORIENTED_EDGE('',*,*,#1895,.T.);
#1895 = EDGE_CURVE('',#1888,#1896,#1898,.T.);
#1896 = VERTEX_POINT('',#1897);
#1897 = CARTESIAN_POINT('',(-5.8,66.75,18.3));
#1898 = LINE('',#1899,#1900);
#1899 = CARTESIAN_POINT('',(-3.29,66.75,15.8));
#1900 = VECTOR('',#1901,1.);
#1901 = DIRECTION('',(-0.708516760586,0.,0.705693984648));
#1902 = ORIENTED_EDGE('',*,*,#1903,.T.);
#1903 = EDGE_CURVE('',#1896,#758,#1904,.T.);
#1904 = LINE('',#1905,#1906);
#1905 = CARTESIAN_POINT('',(-5.8,66.75,18.3));
#1906 = VECTOR('',#1907,1.);
#1907 = DIRECTION('',(0.708516760586,0.,0.705693984648));
#1908 = PLANE('',#1909);
#1909 = AXIS2_PLACEMENT_3D('',#1910,#1911,#1912);
#1910 = CARTESIAN_POINT('',(-4.02577090105,66.75,18.3));
#1911 = DIRECTION('',(0.,1.,0.));
#1912 = DIRECTION('',(0.,-0.,1.));
#1913 = ADVANCED_FACE('',(#1914),#1948,.F.);
#1914 = FACE_BOUND('',#1915,.F.);
#1915 = EDGE_LOOP('',(#1916,#1926,#1934,#1940,#1941,#1942));
#1916 = ORIENTED_EDGE('',*,*,#1917,.F.);
#1917 = EDGE_CURVE('',#1918,#1920,#1922,.T.);
#1918 = VERTEX_POINT('',#1919);
#1919 = CARTESIAN_POINT('',(-5.8,66.5,17.));
#1920 = VERTEX_POINT('',#1921);
#1921 = CARTESIAN_POINT('',(-5.1474,66.5,17.65));
#1922 = LINE('',#1923,#1924);
#1923 = CARTESIAN_POINT('',(-5.8,66.5,17.));
#1924 = VECTOR('',#1925,1.);
#1925 = DIRECTION('',(0.708516760586,0.,0.705693984648));
#1926 = ORIENTED_EDGE('',*,*,#1927,.T.);
#1927 = EDGE_CURVE('',#1918,#1928,#1930,.T.);
#1928 = VERTEX_POINT('',#1929);
#1929 = CARTESIAN_POINT('',(-5.8,81.,17.));
#1930 = LINE('',#1931,#1932);
#1931 = CARTESIAN_POINT('',(-5.8,66.5,17.));
#1932 = VECTOR('',#1933,1.);
#1933 = DIRECTION('',(0.,1.,0.));
#1934 = ORIENTED_EDGE('',*,*,#1935,.T.);
#1935 = EDGE_CURVE('',#1928,#766,#1936,.T.);
#1936 = LINE('',#1937,#1938);
#1937 = CARTESIAN_POINT('',(-5.8,81.,17.));
#1938 = VECTOR('',#1939,1.);
#1939 = DIRECTION('',(0.708516760586,0.,0.705693984648));
#1940 = ORIENTED_EDGE('',*,*,#765,.F.);
#1941 = ORIENTED_EDGE('',*,*,#1887,.T.);
#1942 = ORIENTED_EDGE('',*,*,#1943,.F.);
#1943 = EDGE_CURVE('',#1920,#1888,#1944,.T.);
#1944 = LINE('',#1945,#1946);
#1945 = CARTESIAN_POINT('',(-5.1474,56.43,17.65));
#1946 = VECTOR('',#1947,1.);
#1947 = DIRECTION('',(0.,1.,0.));
#1948 = PLANE('',#1949);
#1949 = AXIS2_PLACEMENT_3D('',#1950,#1951,#1952);
#1950 = CARTESIAN_POINT('',(-5.8,66.5,17.));
#1951 = DIRECTION('',(0.705693984648,0.,-0.708516760586));
#1952 = DIRECTION('',(0.708516760586,0.,0.705693984648));
#1953 = ADVANCED_FACE('',(#1954),#1972,.F.);
#1954 = FACE_BOUND('',#1955,.F.);
#1955 = EDGE_LOOP('',(#1956,#1964,#1970,#1971));
#1956 = ORIENTED_EDGE('',*,*,#1957,.F.);
#1957 = EDGE_CURVE('',#1958,#838,#1960,.T.);
#1958 = VERTEX_POINT('',#1959);
#1959 = CARTESIAN_POINT('',(-5.8,46.36,18.3));
#1960 = LINE('',#1961,#1962);
#1961 = CARTESIAN_POINT('',(-5.8,46.36,18.3));
#1962 = VECTOR('',#1963,1.);
#1963 = DIRECTION('',(0.708516760586,0.,0.705693984648));
#1964 = ORIENTED_EDGE('',*,*,#1965,.T.);
#1965 = EDGE_CURVE('',#1958,#1896,#1966,.T.);
#1966 = LINE('',#1967,#1968);
#1967 = CARTESIAN_POINT('',(-5.8,46.36,18.3));
#1968 = VECTOR('',#1969,1.);
#1969 = DIRECTION('',(0.,1.,0.));
#1970 = ORIENTED_EDGE('',*,*,#1903,.T.);
#1971 = ORIENTED_EDGE('',*,*,#845,.F.);
#1972 = PLANE('',#1973);
#1973 = AXIS2_PLACEMENT_3D('',#1974,#1975,#1976);
#1974 = CARTESIAN_POINT('',(-5.8,46.36,18.3));
#1975 = DIRECTION('',(0.705693984648,0.,-0.708516760586));
#1976 = DIRECTION('',(0.708516760586,0.,0.705693984648));
#1977 = ADVANCED_FACE('',(#1978),#1988,.T.);
#1978 = FACE_BOUND('',#1979,.T.);
#1979 = EDGE_LOOP('',(#1980,#1981,#1987));
#1980 = ORIENTED_EDGE('',*,*,#773,.F.);
#1981 = ORIENTED_EDGE('',*,*,#1982,.T.);
#1982 = EDGE_CURVE('',#774,#1928,#1983,.T.);
#1983 = LINE('',#1984,#1985);
#1984 = CARTESIAN_POINT('',(-3.29,81.,14.5));
#1985 = VECTOR('',#1986,1.);
#1986 = DIRECTION('',(-0.708516760586,0.,0.705693984648));
#1987 = ORIENTED_EDGE('',*,*,#1935,.T.);
#1988 = PLANE('',#1989);
#1989 = AXIS2_PLACEMENT_3D('',#1990,#1991,#1992);
#1990 = CARTESIAN_POINT('',(-4.02577090105,81.,17.));
#1991 = DIRECTION('',(0.,1.,0.));
#1992 = DIRECTION('',(0.,-0.,1.));
#1993 = ADVANCED_FACE('',(#1994),#2012,.F.);
#1994 = FACE_BOUND('',#1995,.F.);
#1995 = EDGE_LOOP('',(#1996,#1997,#2005,#2011));
#1996 = ORIENTED_EDGE('',*,*,#837,.F.);
#1997 = ORIENTED_EDGE('',*,*,#1998,.T.);
#1998 = EDGE_CURVE('',#830,#1999,#2001,.T.);
#1999 = VERTEX_POINT('',#2000);
#2000 = CARTESIAN_POINT('',(-5.1474,46.36,17.65));
#2001 = LINE('',#2002,#2003);
#2002 = CARTESIAN_POINT('',(-5.029674634214,46.36,17.767256340424));
#2003 = VECTOR('',#2004,1.);
#2004 = DIRECTION('',(-0.708516760586,0.,-0.705693984648));
#2005 = ORIENTED_EDGE('',*,*,#2006,.T.);
#2006 = EDGE_CURVE('',#1999,#1958,#2007,.T.);
#2007 = LINE('',#2008,#2009);
#2008 = CARTESIAN_POINT('',(-3.29,46.36,15.8));
#2009 = VECTOR('',#2010,1.);
#2010 = DIRECTION('',(-0.708516760586,0.,0.705693984648));
#2011 = ORIENTED_EDGE('',*,*,#1957,.T.);
#2012 = PLANE('',#2013);
#2013 = AXIS2_PLACEMENT_3D('',#2014,#2015,#2016);
#2014 = CARTESIAN_POINT('',(-4.02577090105,46.36,18.3));
#2015 = DIRECTION('',(0.,1.,0.));
#2016 = DIRECTION('',(0.,-0.,1.));
#2017 = ADVANCED_FACE('',(#2018),#2029,.F.);
#2018 = FACE_BOUND('',#2019,.F.);
#2019 = EDGE_LOOP('',(#2020,#2026,#2027,#2028));
#2020 = ORIENTED_EDGE('',*,*,#2021,.F.);
#2021 = EDGE_CURVE('',#782,#1918,#2022,.T.);
#2022 = LINE('',#2023,#2024);
#2023 = CARTESIAN_POINT('',(-3.29,66.5,14.5));
#2024 = VECTOR('',#2025,1.);
#2025 = DIRECTION('',(-0.708516760586,0.,0.705693984648));
#2026 = ORIENTED_EDGE('',*,*,#781,.F.);
#2027 = ORIENTED_EDGE('',*,*,#1982,.T.);
#2028 = ORIENTED_EDGE('',*,*,#1927,.F.);
#2029 = PLANE('',#2030);
#2030 = AXIS2_PLACEMENT_3D('',#2031,#2032,#2033);
#2031 = CARTESIAN_POINT('',(-3.29,66.5,14.5));
#2032 = DIRECTION('',(0.705693984648,-0.,0.708516760586));
#2033 = DIRECTION('',(-0.708516760586,0.,0.705693984648));
#2034 = ADVANCED_FACE('',(#2035),#2069,.F.);
#2035 = FACE_BOUND('',#2036,.F.);
#2036 = EDGE_LOOP('',(#2037,#2045,#2053,#2061,#2067,#2068));
#2037 = ORIENTED_EDGE('',*,*,#2038,.F.);
#2038 = EDGE_CURVE('',#2039,#822,#2041,.T.);
#2039 = VERTEX_POINT('',#2040);
#2040 = CARTESIAN_POINT('',(-5.8,30.5,17.));
#2041 = LINE('',#2042,#2043);
#2042 = CARTESIAN_POINT('',(-5.8,30.5,17.));
#2043 = VECTOR('',#2044,1.);
#2044 = DIRECTION('',(0.708516760586,0.,0.705693984648));
#2045 = ORIENTED_EDGE('',*,*,#2046,.T.);
#2046 = EDGE_CURVE('',#2039,#2047,#2049,.T.);
#2047 = VERTEX_POINT('',#2048);
#2048 = CARTESIAN_POINT('',(-5.8,46.5,17.));
#2049 = LINE('',#2050,#2051);
#2050 = CARTESIAN_POINT('',(-5.8,30.5,17.));
#2051 = VECTOR('',#2052,1.);
#2052 = DIRECTION('',(0.,1.,0.));
#2053 = ORIENTED_EDGE('',*,*,#2054,.T.);
#2054 = EDGE_CURVE('',#2047,#2055,#2057,.T.);
#2055 = VERTEX_POINT('',#2056);
#2056 = CARTESIAN_POINT('',(-5.1474,46.5,17.65));
#2057 = LINE('',#2058,#2059);
#2058 = CARTESIAN_POINT('',(-5.8,46.5,17.));
#2059 = VECTOR('',#2060,1.);
#2060 = DIRECTION('',(0.708516760586,0.,0.705693984648));
#2061 = ORIENTED_EDGE('',*,*,#2062,.F.);
#2062 = EDGE_CURVE('',#1999,#2055,#2063,.T.);
#2063 = LINE('',#2064,#2065);
#2064 = CARTESIAN_POINT('',(-5.1474,38.43,17.65));
#2065 = VECTOR('',#2066,1.);
#2066 = DIRECTION('',(0.,1.,0.));
#2067 = ORIENTED_EDGE('',*,*,#1998,.F.);
#2068 = ORIENTED_EDGE('',*,*,#829,.F.);
#2069 = PLANE('',#2070);
#2070 = AXIS2_PLACEMENT_3D('',#2071,#2072,#2073);
#2071 = CARTESIAN_POINT('',(-5.8,30.5,17.));
#2072 = DIRECTION('',(0.705693984648,0.,-0.708516760586));
#2073 = DIRECTION('',(0.708516760586,0.,0.705693984648));
#2074 = ADVANCED_FACE('',(#2075),#2086,.F.);
#2075 = FACE_BOUND('',#2076,.F.);
#2076 = EDGE_LOOP('',(#2077,#2078,#2079,#2080));
#2077 = ORIENTED_EDGE('',*,*,#789,.F.);
#2078 = ORIENTED_EDGE('',*,*,#2021,.T.);
#2079 = ORIENTED_EDGE('',*,*,#1917,.T.);
#2080 = ORIENTED_EDGE('',*,*,#2081,.F.);
#2081 = EDGE_CURVE('',#790,#1920,#2082,.T.);
#2082 = LINE('',#2083,#2084);
#2083 = CARTESIAN_POINT('',(-3.774674634214,66.5,16.282743659576));
#2084 = VECTOR('',#2085,1.);
#2085 = DIRECTION('',(-0.708516760586,0.,0.705693984648));
#2086 = PLANE('',#2087);
#2087 = AXIS2_PLACEMENT_3D('',#2088,#2089,#2090);
#2088 = CARTESIAN_POINT('',(-4.02577090105,66.5,17.));
#2089 = DIRECTION('',(0.,1.,0.));
#2090 = DIRECTION('',(0.,-0.,1.));
#2091 = ADVANCED_FACE('',(#2092),#2102,.F.);
#2092 = FACE_BOUND('',#2093,.F.);
#2093 = EDGE_LOOP('',(#2094,#2095,#2101));
#2094 = ORIENTED_EDGE('',*,*,#821,.F.);
#2095 = ORIENTED_EDGE('',*,*,#2096,.T.);
#2096 = EDGE_CURVE('',#814,#2039,#2097,.T.);
#2097 = LINE('',#2098,#2099);
#2098 = CARTESIAN_POINT('',(-3.29,30.5,14.5));
#2099 = VECTOR('',#2100,1.);
#2100 = DIRECTION('',(-0.708516760586,0.,0.705693984648));
#2101 = ORIENTED_EDGE('',*,*,#2038,.T.);
#2102 = PLANE('',#2103);
#2103 = AXIS2_PLACEMENT_3D('',#2104,#2105,#2106);
#2104 = CARTESIAN_POINT('',(-4.02577090105,30.5,17.));
#2105 = DIRECTION('',(0.,1.,0.));
#2106 = DIRECTION('',(0.,-0.,1.));
#2107 = ADVANCED_FACE('',(#2108),#2123,.F.);
#2108 = FACE_BOUND('',#2109,.F.);
#2109 = EDGE_LOOP('',(#2110,#2111,#2112,#2118,#2119,#2120,#2121,#2122));
#2110 = ORIENTED_EDGE('',*,*,#2006,.F.);
#2111 = ORIENTED_EDGE('',*,*,#2062,.T.);
#2112 = ORIENTED_EDGE('',*,*,#2113,.F.);
#2113 = EDGE_CURVE('',#798,#2055,#2114,.T.);
#2114 = LINE('',#2115,#2116);
#2115 = CARTESIAN_POINT('',(-3.774674634214,46.5,16.282743659576));
#2116 = VECTOR('',#2117,1.);
#2117 = DIRECTION('',(-0.708516760586,0.,0.705693984648));
#2118 = ORIENTED_EDGE('',*,*,#797,.F.);
#2119 = ORIENTED_EDGE('',*,*,#2081,.T.);
#2120 = ORIENTED_EDGE('',*,*,#1943,.T.);
#2121 = ORIENTED_EDGE('',*,*,#1895,.T.);
#2122 = ORIENTED_EDGE('',*,*,#1965,.F.);
#2123 = PLANE('',#2124);
#2124 = AXIS2_PLACEMENT_3D('',#2125,#2126,#2127);
#2125 = CARTESIAN_POINT('',(-3.29,46.36,15.8));
#2126 = DIRECTION('',(0.705693984648,-0.,0.708516760586));
#2127 = DIRECTION('',(-0.708516760586,0.,0.705693984648));
#2128 = ADVANCED_FACE('',(#2129),#2140,.F.);
#2129 = FACE_BOUND('',#2130,.F.);
#2130 = EDGE_LOOP('',(#2131,#2132,#2133,#2139));
#2131 = ORIENTED_EDGE('',*,*,#2096,.F.);
#2132 = ORIENTED_EDGE('',*,*,#813,.F.);
#2133 = ORIENTED_EDGE('',*,*,#2134,.T.);
#2134 = EDGE_CURVE('',#806,#2047,#2135,.T.);
#2135 = LINE('',#2136,#2137);
#2136 = CARTESIAN_POINT('',(-3.29,46.5,14.5));
#2137 = VECTOR('',#2138,1.);
#2138 = DIRECTION('',(-0.708516760586,0.,0.705693984648));
#2139 = ORIENTED_EDGE('',*,*,#2046,.F.);
#2140 = PLANE('',#2141);
#2141 = AXIS2_PLACEMENT_3D('',#2142,#2143,#2144);
#2142 = CARTESIAN_POINT('',(-3.29,30.5,14.5));
#2143 = DIRECTION('',(0.705693984648,-0.,0.708516760586));
#2144 = DIRECTION('',(-0.708516760586,0.,0.705693984648));
#2145 = ADVANCED_FACE('',(#2146),#2152,.T.);
#2146 = FACE_BOUND('',#2147,.T.);
#2147 = EDGE_LOOP('',(#2148,#2149,#2150,#2151));
#2148 = ORIENTED_EDGE('',*,*,#805,.F.);
#2149 = ORIENTED_EDGE('',*,*,#2134,.T.);
#2150 = ORIENTED_EDGE('',*,*,#2054,.T.);
#2151 = ORIENTED_EDGE('',*,*,#2113,.F.);
#2152 = PLANE('',#2153);
#2153 = AXIS2_PLACEMENT_3D('',#2154,#2155,#2156);
#2154 = CARTESIAN_POINT('',(-4.02577090105,46.5,17.));
#2155 = DIRECTION('',(0.,1.,0.));
#2156 = DIRECTION('',(0.,-0.,1.));
#2157 = ADVANCED_FACE('',(#2158),#2174,.T.);
#2158 = FACE_BOUND('',#2159,.T.);
#2159 = EDGE_LOOP('',(#2160,#2166,#2167,#2173));
#2160 = ORIENTED_EDGE('',*,*,#2161,.F.);
#2161 = EDGE_CURVE('',#854,#225,#2162,.T.);
#2162 = LINE('',#2163,#2164);
#2163 = CARTESIAN_POINT('',(-3.9,45.5,-4.));
#2164 = VECTOR('',#2165,1.);
#2165 = DIRECTION('',(1.,0.,-0.));
#2166 = ORIENTED_EDGE('',*,*,#853,.T.);
#2167 = ORIENTED_EDGE('',*,*,#2168,.T.);
#2168 = EDGE_CURVE('',#856,#227,#2169,.T.);
#2169 = LINE('',#2170,#2171);
#2170 = CARTESIAN_POINT('',(-3.9,31.5,-4.));
#2171 = VECTOR('',#2172,1.);
#2172 = DIRECTION('',(1.,0.,-0.));
#2173 = ORIENTED_EDGE('',*,*,#224,.F.);
#2174 = PLANE('',#2175);
#2175 = AXIS2_PLACEMENT_3D('',#2176,#2177,#2178);
#2176 = CARTESIAN_POINT('',(-3.9,31.5,-4.));
#2177 = DIRECTION('',(0.,0.,1.));
#2178 = DIRECTION('',(1.,0.,-0.));
#2179 = ADVANCED_FACE('',(#2180),#2191,.F.);
#2180 = FACE_BOUND('',#2181,.F.);
#2181 = EDGE_LOOP('',(#2182,#2183,#2184,#2190));
#2182 = ORIENTED_EDGE('',*,*,#2161,.F.);
#2183 = ORIENTED_EDGE('',*,*,#879,.T.);
#2184 = ORIENTED_EDGE('',*,*,#2185,.T.);
#2185 = EDGE_CURVE('',#872,#243,#2186,.T.);
#2186 = LINE('',#2187,#2188);
#2187 = CARTESIAN_POINT('',(-3.9,45.5,-1.5));
#2188 = VECTOR('',#2189,1.);
#2189 = DIRECTION('',(1.,0.,-0.));
#2190 = ORIENTED_EDGE('',*,*,#250,.F.);
#2191 = PLANE('',#2192);
#2192 = AXIS2_PLACEMENT_3D('',#2193,#2194,#2195);
#2193 = CARTESIAN_POINT('',(-3.9,45.5,-4.));
#2194 = DIRECTION('',(-0.,1.,0.));
#2195 = DIRECTION('',(0.,0.,1.));
#2196 = ADVANCED_FACE('',(#2197),#2208,.T.);
#2197 = FACE_BOUND('',#2198,.T.);
#2198 = EDGE_LOOP('',(#2199,#2200,#2201,#2207));
#2199 = ORIENTED_EDGE('',*,*,#2168,.F.);
#2200 = ORIENTED_EDGE('',*,*,#863,.T.);
#2201 = ORIENTED_EDGE('',*,*,#2202,.T.);
#2202 = EDGE_CURVE('',#864,#235,#2203,.T.);
#2203 = LINE('',#2204,#2205);
#2204 = CARTESIAN_POINT('',(-3.9,31.5,-1.5));
#2205 = VECTOR('',#2206,1.);
#2206 = DIRECTION('',(1.,0.,-0.));
#2207 = ORIENTED_EDGE('',*,*,#234,.F.);
#2208 = PLANE('',#2209);
#2209 = AXIS2_PLACEMENT_3D('',#2210,#2211,#2212);
#2210 = CARTESIAN_POINT('',(-3.9,31.5,-4.));
#2211 = DIRECTION('',(-0.,1.,0.));
#2212 = DIRECTION('',(0.,0.,1.));
#2213 = ADVANCED_FACE('',(#2214),#2220,.F.);
#2214 = FACE_BOUND('',#2215,.F.);
#2215 = EDGE_LOOP('',(#2216,#2217,#2218,#2219));
#2216 = ORIENTED_EDGE('',*,*,#2185,.F.);
#2217 = ORIENTED_EDGE('',*,*,#871,.T.);
#2218 = ORIENTED_EDGE('',*,*,#2202,.T.);
#2219 = ORIENTED_EDGE('',*,*,#242,.F.);
#2220 = PLANE('',#2221);
#2221 = AXIS2_PLACEMENT_3D('',#2222,#2223,#2224);
#2222 = CARTESIAN_POINT('',(-3.9,31.5,-1.5));
#2223 = DIRECTION('',(0.,0.,1.));
#2224 = DIRECTION('',(1.,0.,-0.));
#2225 = ADVANCED_FACE('',(#2226),#2243,.T.);
#2226 = FACE_BOUND('',#2227,.T.);
#2227 = EDGE_LOOP('',(#2228,#2229,#2237));
#2228 = ORIENTED_EDGE('',*,*,#887,.F.);
#2229 = ORIENTED_EDGE('',*,*,#2230,.T.);
#2230 = EDGE_CURVE('',#888,#2231,#2233,.T.);
#2231 = VERTEX_POINT('',#2232);
#2232 = CARTESIAN_POINT('',(-5.8,46.5,1.));
#2233 = LINE('',#2234,#2235);
#2234 = CARTESIAN_POINT('',(-3.29,46.5,-1.5));
#2235 = VECTOR('',#2236,1.);
#2236 = DIRECTION('',(-0.708516760586,0.,0.705693984648));
#2237 = ORIENTED_EDGE('',*,*,#2238,.T.);
#2238 = EDGE_CURVE('',#2231,#890,#2239,.T.);
#2239 = LINE('',#2240,#2241);
#2240 = CARTESIAN_POINT('',(-5.8,46.5,1.));
#2241 = VECTOR('',#2242,1.);
#2242 = DIRECTION('',(0.708516760586,0.,0.705693984648));
#2243 = PLANE('',#2244);
#2244 = AXIS2_PLACEMENT_3D('',#2245,#2246,#2247);
#2245 = CARTESIAN_POINT('',(-4.02577090105,46.5,1.));
#2246 = DIRECTION('',(0.,1.,0.));
#2247 = DIRECTION('',(0.,-0.,1.));
#2248 = ADVANCED_FACE('',(#2249),#2267,.F.);
#2249 = FACE_BOUND('',#2250,.F.);
#2250 = EDGE_LOOP('',(#2251,#2259,#2260,#2261));
#2251 = ORIENTED_EDGE('',*,*,#2252,.F.);
#2252 = EDGE_CURVE('',#898,#2253,#2255,.T.);
#2253 = VERTEX_POINT('',#2254);
#2254 = CARTESIAN_POINT('',(-5.8,30.5,1.));
#2255 = LINE('',#2256,#2257);
#2256 = CARTESIAN_POINT('',(-3.29,30.5,-1.5));
#2257 = VECTOR('',#2258,1.);
#2258 = DIRECTION('',(-0.708516760586,0.,0.705693984648));
#2259 = ORIENTED_EDGE('',*,*,#897,.F.);
#2260 = ORIENTED_EDGE('',*,*,#2230,.T.);
#2261 = ORIENTED_EDGE('',*,*,#2262,.F.);
#2262 = EDGE_CURVE('',#2253,#2231,#2263,.T.);
#2263 = LINE('',#2264,#2265);
#2264 = CARTESIAN_POINT('',(-5.8,30.5,1.));
#2265 = VECTOR('',#2266,1.);
#2266 = DIRECTION('',(0.,1.,0.));
#2267 = PLANE('',#2268);
#2268 = AXIS2_PLACEMENT_3D('',#2269,#2270,#2271);
#2269 = CARTESIAN_POINT('',(-3.29,30.5,-1.5));
#2270 = DIRECTION('',(0.705693984648,-0.,0.708516760586));
#2271 = DIRECTION('',(-0.708516760586,0.,0.705693984648));
#2272 = ADVANCED_FACE('',(#2273),#2284,.F.);
#2273 = FACE_BOUND('',#2274,.F.);
#2274 = EDGE_LOOP('',(#2275,#2281,#2282,#2283));
#2275 = ORIENTED_EDGE('',*,*,#2276,.F.);
#2276 = EDGE_CURVE('',#2253,#906,#2277,.T.);
#2277 = LINE('',#2278,#2279);
#2278 = CARTESIAN_POINT('',(-5.8,30.5,1.));
#2279 = VECTOR('',#2280,1.);
#2280 = DIRECTION('',(0.708516760586,0.,0.705693984648));
#2281 = ORIENTED_EDGE('',*,*,#2262,.T.);
#2282 = ORIENTED_EDGE('',*,*,#2238,.T.);
#2283 = ORIENTED_EDGE('',*,*,#913,.F.);
#2284 = PLANE('',#2285);
#2285 = AXIS2_PLACEMENT_3D('',#2286,#2287,#2288);
#2286 = CARTESIAN_POINT('',(-5.8,30.5,1.));
#2287 = DIRECTION('',(0.705693984648,0.,-0.708516760586));
#2288 = DIRECTION('',(0.708516760586,0.,0.705693984648));
#2289 = ADVANCED_FACE('',(#2290),#2295,.F.);
#2290 = FACE_BOUND('',#2291,.F.);
#2291 = EDGE_LOOP('',(#2292,#2293,#2294));
#2292 = ORIENTED_EDGE('',*,*,#905,.F.);
#2293 = ORIENTED_EDGE('',*,*,#2252,.T.);
#2294 = ORIENTED_EDGE('',*,*,#2276,.T.);
#2295 = PLANE('',#2296);
#2296 = AXIS2_PLACEMENT_3D('',#2297,#2298,#2299);
#2297 = CARTESIAN_POINT('',(-4.02577090105,30.5,1.));
#2298 = DIRECTION('',(0.,1.,0.));
#2299 = DIRECTION('',(0.,-0.,1.));
#2300 = ADVANCED_FACE('',(#2301),#2317,.T.);
#2301 = FACE_BOUND('',#2302,.T.);
#2302 = EDGE_LOOP('',(#2303,#2309,#2310,#2316));
#2303 = ORIENTED_EDGE('',*,*,#2304,.F.);
#2304 = EDGE_CURVE('',#922,#259,#2305,.T.);
#2305 = LINE('',#2306,#2307);
#2306 = CARTESIAN_POINT('',(-3.9,45.5,4.));
#2307 = VECTOR('',#2308,1.);
#2308 = DIRECTION('',(1.,0.,-0.));
#2309 = ORIENTED_EDGE('',*,*,#921,.T.);
#2310 = ORIENTED_EDGE('',*,*,#2311,.T.);
#2311 = EDGE_CURVE('',#924,#261,#2312,.T.);
#2312 = LINE('',#2313,#2314);
#2313 = CARTESIAN_POINT('',(-3.9,31.5,4.));
#2314 = VECTOR('',#2315,1.);
#2315 = DIRECTION('',(1.,0.,-0.));
#2316 = ORIENTED_EDGE('',*,*,#258,.F.);
#2317 = PLANE('',#2318);
#2318 = AXIS2_PLACEMENT_3D('',#2319,#2320,#2321);
#2319 = CARTESIAN_POINT('',(-3.9,31.5,4.));
#2320 = DIRECTION('',(0.,0.,1.));
#2321 = DIRECTION('',(1.,0.,-0.));
#2322 = ADVANCED_FACE('',(#2323),#2334,.F.);
#2323 = FACE_BOUND('',#2324,.F.);
#2324 = EDGE_LOOP('',(#2325,#2326,#2327,#2333));
#2325 = ORIENTED_EDGE('',*,*,#2304,.F.);
#2326 = ORIENTED_EDGE('',*,*,#947,.T.);
#2327 = ORIENTED_EDGE('',*,*,#2328,.T.);
#2328 = EDGE_CURVE('',#940,#277,#2329,.T.);
#2329 = LINE('',#2330,#2331);
#2330 = CARTESIAN_POINT('',(-3.9,45.5,6.5));
#2331 = VECTOR('',#2332,1.);
#2332 = DIRECTION('',(1.,0.,-0.));
#2333 = ORIENTED_EDGE('',*,*,#284,.F.);
#2334 = PLANE('',#2335);
#2335 = AXIS2_PLACEMENT_3D('',#2336,#2337,#2338);
#2336 = CARTESIAN_POINT('',(-3.9,45.5,4.));
#2337 = DIRECTION('',(-0.,1.,0.));
#2338 = DIRECTION('',(0.,0.,1.));
#2339 = ADVANCED_FACE('',(#2340),#2351,.T.);
#2340 = FACE_BOUND('',#2341,.T.);
#2341 = EDGE_LOOP('',(#2342,#2343,#2344,#2350));
#2342 = ORIENTED_EDGE('',*,*,#2311,.F.);
#2343 = ORIENTED_EDGE('',*,*,#931,.T.);
#2344 = ORIENTED_EDGE('',*,*,#2345,.T.);
#2345 = EDGE_CURVE('',#932,#269,#2346,.T.);
#2346 = LINE('',#2347,#2348);
#2347 = CARTESIAN_POINT('',(-3.9,31.5,6.5));
#2348 = VECTOR('',#2349,1.);
#2349 = DIRECTION('',(1.,0.,-0.));
#2350 = ORIENTED_EDGE('',*,*,#268,.F.);
#2351 = PLANE('',#2352);
#2352 = AXIS2_PLACEMENT_3D('',#2353,#2354,#2355);
#2353 = CARTESIAN_POINT('',(-3.9,31.5,4.));
#2354 = DIRECTION('',(-0.,1.,0.));
#2355 = DIRECTION('',(0.,0.,1.));
#2356 = ADVANCED_FACE('',(#2357),#2363,.F.);
#2357 = FACE_BOUND('',#2358,.F.);
#2358 = EDGE_LOOP('',(#2359,#2360,#2361,#2362));
#2359 = ORIENTED_EDGE('',*,*,#2328,.F.);
#2360 = ORIENTED_EDGE('',*,*,#939,.T.);
#2361 = ORIENTED_EDGE('',*,*,#2345,.T.);
#2362 = ORIENTED_EDGE('',*,*,#276,.F.);
#2363 = PLANE('',#2364);
#2364 = AXIS2_PLACEMENT_3D('',#2365,#2366,#2367);
#2365 = CARTESIAN_POINT('',(-3.9,31.5,6.5));
#2366 = DIRECTION('',(0.,0.,1.));
#2367 = DIRECTION('',(1.,0.,-0.));
#2368 = ADVANCED_FACE('',(#2369),#2385,.T.);
#2369 = FACE_BOUND('',#2370,.T.);
#2370 = EDGE_LOOP('',(#2371,#2377,#2378,#2384));
#2371 = ORIENTED_EDGE('',*,*,#2372,.F.);
#2372 = EDGE_CURVE('',#956,#293,#2373,.T.);
#2373 = LINE('',#2374,#2375);
#2374 = CARTESIAN_POINT('',(-3.9,30.36,0.1));
#2375 = VECTOR('',#2376,1.);
#2376 = DIRECTION('',(1.,0.,-0.));
#2377 = ORIENTED_EDGE('',*,*,#955,.T.);
#2378 = ORIENTED_EDGE('',*,*,#2379,.T.);
#2379 = EDGE_CURVE('',#958,#295,#2380,.T.);
#2380 = LINE('',#2381,#2382);
#2381 = CARTESIAN_POINT('',(-3.9,13.64,0.1));
#2382 = VECTOR('',#2383,1.);
#2383 = DIRECTION('',(1.,0.,-0.));
#2384 = ORIENTED_EDGE('',*,*,#292,.F.);
#2385 = PLANE('',#2386);
#2386 = AXIS2_PLACEMENT_3D('',#2387,#2388,#2389);
#2387 = CARTESIAN_POINT('',(-3.9,13.64,0.1));
#2388 = DIRECTION('',(0.,0.,1.));
#2389 = DIRECTION('',(1.,0.,-0.));
#2390 = ADVANCED_FACE('',(#2391),#2402,.F.);
#2391 = FACE_BOUND('',#2392,.F.);
#2392 = EDGE_LOOP('',(#2393,#2394,#2395,#2401));
#2393 = ORIENTED_EDGE('',*,*,#2372,.F.);
#2394 = ORIENTED_EDGE('',*,*,#981,.T.);
#2395 = ORIENTED_EDGE('',*,*,#2396,.T.);
#2396 = EDGE_CURVE('',#974,#311,#2397,.T.);
#2397 = LINE('',#2398,#2399);
#2398 = CARTESIAN_POINT('',(-3.9,30.36,8.6));
#2399 = VECTOR('',#2400,1.);
#2400 = DIRECTION('',(1.,0.,-0.));
#2401 = ORIENTED_EDGE('',*,*,#318,.F.);
#2402 = PLANE('',#2403);
#2403 = AXIS2_PLACEMENT_3D('',#2404,#2405,#2406);
#2404 = CARTESIAN_POINT('',(-3.9,30.36,0.1));
#2405 = DIRECTION('',(-0.,1.,0.));
#2406 = DIRECTION('',(0.,0.,1.));
#2407 = ADVANCED_FACE('',(#2408),#2419,.T.);
#2408 = FACE_BOUND('',#2409,.T.);
#2409 = EDGE_LOOP('',(#2410,#2411,#2412,#2418));
#2410 = ORIENTED_EDGE('',*,*,#2379,.F.);
#2411 = ORIENTED_EDGE('',*,*,#965,.T.);
#2412 = ORIENTED_EDGE('',*,*,#2413,.T.);
#2413 = EDGE_CURVE('',#966,#303,#2414,.T.);
#2414 = LINE('',#2415,#2416);
#2415 = CARTESIAN_POINT('',(-3.9,13.64,8.6));
#2416 = VECTOR('',#2417,1.);
#2417 = DIRECTION('',(1.,0.,-0.));
#2418 = ORIENTED_EDGE('',*,*,#302,.F.);
#2419 = PLANE('',#2420);
#2420 = AXIS2_PLACEMENT_3D('',#2421,#2422,#2423);
#2421 = CARTESIAN_POINT('',(-3.9,13.64,0.1));
#2422 = DIRECTION('',(-0.,1.,0.));
#2423 = DIRECTION('',(0.,0.,1.));
#2424 = ADVANCED_FACE('',(#2425),#2431,.F.);
#2425 = FACE_BOUND('',#2426,.F.);
#2426 = EDGE_LOOP('',(#2427,#2428,#2429,#2430));
#2427 = ORIENTED_EDGE('',*,*,#2396,.F.);
#2428 = ORIENTED_EDGE('',*,*,#973,.T.);
#2429 = ORIENTED_EDGE('',*,*,#2413,.T.);
#2430 = ORIENTED_EDGE('',*,*,#310,.F.);
#2431 = PLANE('',#2432);
#2432 = AXIS2_PLACEMENT_3D('',#2433,#2434,#2435);
#2433 = CARTESIAN_POINT('',(-3.9,13.64,8.6));
#2434 = DIRECTION('',(0.,0.,1.));
#2435 = DIRECTION('',(1.,0.,-0.));
#2436 = ADVANCED_FACE('',(#2437),#2453,.T.);
#2437 = FACE_BOUND('',#2438,.T.);
#2438 = EDGE_LOOP('',(#2439,#2445,#2446,#2452));
#2439 = ORIENTED_EDGE('',*,*,#2440,.F.);
#2440 = EDGE_CURVE('',#990,#327,#2441,.T.);
#2441 = LINE('',#2442,#2443);
#2442 = CARTESIAN_POINT('',(-3.9,45.5,12.));
#2443 = VECTOR('',#2444,1.);
#2444 = DIRECTION('',(1.,0.,-0.));
#2445 = ORIENTED_EDGE('',*,*,#989,.T.);
#2446 = ORIENTED_EDGE('',*,*,#2447,.T.);
#2447 = EDGE_CURVE('',#992,#329,#2448,.T.);
#2448 = LINE('',#2449,#2450);
#2449 = CARTESIAN_POINT('',(-3.9,31.5,12.));
#2450 = VECTOR('',#2451,1.);
#2451 = DIRECTION('',(1.,0.,-0.));
#2452 = ORIENTED_EDGE('',*,*,#326,.F.);
#2453 = PLANE('',#2454);
#2454 = AXIS2_PLACEMENT_3D('',#2455,#2456,#2457);
#2455 = CARTESIAN_POINT('',(-3.9,31.5,12.));
#2456 = DIRECTION('',(0.,0.,1.));
#2457 = DIRECTION('',(1.,0.,-0.));
#2458 = ADVANCED_FACE('',(#2459),#2470,.F.);
#2459 = FACE_BOUND('',#2460,.F.);
#2460 = EDGE_LOOP('',(#2461,#2462,#2463,#2469));
#2461 = ORIENTED_EDGE('',*,*,#2440,.F.);
#2462 = ORIENTED_EDGE('',*,*,#1015,.T.);
#2463 = ORIENTED_EDGE('',*,*,#2464,.T.);
#2464 = EDGE_CURVE('',#1008,#345,#2465,.T.);
#2465 = LINE('',#2466,#2467);
#2466 = CARTESIAN_POINT('',(-3.9,45.5,14.5));
#2467 = VECTOR('',#2468,1.);
#2468 = DIRECTION('',(1.,0.,-0.));
#2469 = ORIENTED_EDGE('',*,*,#352,.F.);
#2470 = PLANE('',#2471);
#2471 = AXIS2_PLACEMENT_3D('',#2472,#2473,#2474);
#2472 = CARTESIAN_POINT('',(-3.9,45.5,12.));
#2473 = DIRECTION('',(-0.,1.,0.));
#2474 = DIRECTION('',(0.,0.,1.));
#2475 = ADVANCED_FACE('',(#2476),#2487,.T.);
#2476 = FACE_BOUND('',#2477,.T.);
#2477 = EDGE_LOOP('',(#2478,#2479,#2480,#2486));
#2478 = ORIENTED_EDGE('',*,*,#2447,.F.);
#2479 = ORIENTED_EDGE('',*,*,#999,.T.);
#2480 = ORIENTED_EDGE('',*,*,#2481,.T.);
#2481 = EDGE_CURVE('',#1000,#337,#2482,.T.);
#2482 = LINE('',#2483,#2484);
#2483 = CARTESIAN_POINT('',(-3.9,31.5,14.5));
#2484 = VECTOR('',#2485,1.);
#2485 = DIRECTION('',(1.,0.,-0.));
#2486 = ORIENTED_EDGE('',*,*,#336,.F.);
#2487 = PLANE('',#2488);
#2488 = AXIS2_PLACEMENT_3D('',#2489,#2490,#2491);
#2489 = CARTESIAN_POINT('',(-3.9,31.5,12.));
#2490 = DIRECTION('',(-0.,1.,0.));
#2491 = DIRECTION('',(0.,0.,1.));
#2492 = ADVANCED_FACE('',(#2493),#2499,.F.);
#2493 = FACE_BOUND('',#2494,.F.);
#2494 = EDGE_LOOP('',(#2495,#2496,#2497,#2498));
#2495 = ORIENTED_EDGE('',*,*,#2464,.F.);
#2496 = ORIENTED_EDGE('',*,*,#1007,.T.);
#2497 = ORIENTED_EDGE('',*,*,#2481,.T.);
#2498 = ORIENTED_EDGE('',*,*,#344,.F.);
#2499 = PLANE('',#2500);
#2500 = AXIS2_PLACEMENT_3D('',#2501,#2502,#2503);
#2501 = CARTESIAN_POINT('',(-3.9,31.5,14.5));
#2502 = DIRECTION('',(0.,0.,1.));
#2503 = DIRECTION('',(1.,0.,-0.));
#2504 = ADVANCED_FACE('',(#2505),#2530,.T.);
#2505 = FACE_BOUND('',#2506,.T.);
#2506 = EDGE_LOOP('',(#2507,#2508,#2516,#2524));
#2507 = ORIENTED_EDGE('',*,*,#1023,.F.);
#2508 = ORIENTED_EDGE('',*,*,#2509,.T.);
#2509 = EDGE_CURVE('',#1024,#2510,#2512,.T.);
#2510 = VERTEX_POINT('',#2511);
#2511 = CARTESIAN_POINT('',(-4.7458,31.36,10.05));
#2512 = LINE('',#2513,#2514);
#2513 = CARTESIAN_POINT('',(-4.829676227827,31.36,9.966457940411));
#2514 = VECTOR('',#2515,1.);
#2515 = DIRECTION('',(-0.708516760586,0.,-0.705693984648));
#2516 = ORIENTED_EDGE('',*,*,#2517,.T.);
#2517 = EDGE_CURVE('',#2510,#2518,#2520,.T.);
#2518 = VERTEX_POINT('',#2519);
#2519 = CARTESIAN_POINT('',(-5.8,31.36,11.1));
#2520 = LINE('',#2521,#2522);
#2521 = CARTESIAN_POINT('',(-3.29,31.36,8.6));
#2522 = VECTOR('',#2523,1.);
#2523 = DIRECTION('',(-0.708516760586,0.,0.705693984648));
#2524 = ORIENTED_EDGE('',*,*,#2525,.T.);
#2525 = EDGE_CURVE('',#2518,#1026,#2526,.T.);
#2526 = LINE('',#2527,#2528);
#2527 = CARTESIAN_POINT('',(-5.8,31.36,11.1));
#2528 = VECTOR('',#2529,1.);
#2529 = DIRECTION('',(0.708516760586,0.,0.705693984648));
#2530 = PLANE('',#2531);
#2531 = AXIS2_PLACEMENT_3D('',#2532,#2533,#2534);
#2532 = CARTESIAN_POINT('',(-4.02577090105,31.36,11.1));
#2533 = DIRECTION('',(0.,1.,0.));
#2534 = DIRECTION('',(0.,-0.,1.));
#2535 = ADVANCED_FACE('',(#2536),#2570,.F.);
#2536 = FACE_BOUND('',#2537,.F.);
#2537 = EDGE_LOOP('',(#2538,#2548,#2556,#2562,#2563,#2564));
#2538 = ORIENTED_EDGE('',*,*,#2539,.F.);
#2539 = EDGE_CURVE('',#2540,#2542,#2544,.T.);
#2540 = VERTEX_POINT('',#2541);
#2541 = CARTESIAN_POINT('',(-5.8,30.5,9.));
#2542 = VERTEX_POINT('',#2543);
#2543 = CARTESIAN_POINT('',(-4.7458,30.5,10.05));
#2544 = LINE('',#2545,#2546);
#2545 = CARTESIAN_POINT('',(-5.8,30.5,9.));
#2546 = VECTOR('',#2547,1.);
#2547 = DIRECTION('',(0.708516760586,0.,0.705693984648));
#2548 = ORIENTED_EDGE('',*,*,#2549,.T.);
#2549 = EDGE_CURVE('',#2540,#2550,#2552,.T.);
#2550 = VERTEX_POINT('',#2551);
#2551 = CARTESIAN_POINT('',(-5.8,46.5,9.));
#2552 = LINE('',#2553,#2554);
#2553 = CARTESIAN_POINT('',(-5.8,30.5,9.));
#2554 = VECTOR('',#2555,1.);
#2555 = DIRECTION('',(0.,1.,0.));
#2556 = ORIENTED_EDGE('',*,*,#2557,.T.);
#2557 = EDGE_CURVE('',#2550,#1034,#2558,.T.);
#2558 = LINE('',#2559,#2560);
#2559 = CARTESIAN_POINT('',(-5.8,46.5,9.));
#2560 = VECTOR('',#2561,1.);
#2561 = DIRECTION('',(0.708516760586,0.,0.705693984648));
#2562 = ORIENTED_EDGE('',*,*,#1033,.F.);
#2563 = ORIENTED_EDGE('',*,*,#2509,.T.);
#2564 = ORIENTED_EDGE('',*,*,#2565,.F.);
#2565 = EDGE_CURVE('',#2542,#2510,#2566,.T.);
#2566 = LINE('',#2567,#2568);
#2567 = CARTESIAN_POINT('',(-4.7458,21.57,10.05));
#2568 = VECTOR('',#2569,1.);
#2569 = DIRECTION('',(0.,1.,0.));
#2570 = PLANE('',#2571);
#2571 = AXIS2_PLACEMENT_3D('',#2572,#2573,#2574);
#2572 = CARTESIAN_POINT('',(-5.8,30.5,9.));
#2573 = DIRECTION('',(0.705693984648,0.,-0.708516760586));
#2574 = DIRECTION('',(0.708516760586,0.,0.705693984648));
#2575 = ADVANCED_FACE('',(#2576),#2594,.F.);
#2576 = FACE_BOUND('',#2577,.F.);
#2577 = EDGE_LOOP('',(#2578,#2586,#2592,#2593));
#2578 = ORIENTED_EDGE('',*,*,#2579,.F.);
#2579 = EDGE_CURVE('',#2580,#1074,#2582,.T.);
#2580 = VERTEX_POINT('',#2581);
#2581 = CARTESIAN_POINT('',(-5.8,12.64,11.1));
#2582 = LINE('',#2583,#2584);
#2583 = CARTESIAN_POINT('',(-5.8,12.64,11.1));
#2584 = VECTOR('',#2585,1.);
#2585 = DIRECTION('',(0.708516760586,0.,0.705693984648));
#2586 = ORIENTED_EDGE('',*,*,#2587,.T.);
#2587 = EDGE_CURVE('',#2580,#2518,#2588,.T.);
#2588 = LINE('',#2589,#2590);
#2589 = CARTESIAN_POINT('',(-5.8,12.64,11.1));
#2590 = VECTOR('',#2591,1.);
#2591 = DIRECTION('',(0.,1.,0.));
#2592 = ORIENTED_EDGE('',*,*,#2525,.T.);
#2593 = ORIENTED_EDGE('',*,*,#1081,.F.);
#2594 = PLANE('',#2595);
#2595 = AXIS2_PLACEMENT_3D('',#2596,#2597,#2598);
#2596 = CARTESIAN_POINT('',(-5.8,12.64,11.1));
#2597 = DIRECTION('',(0.705693984648,0.,-0.708516760586));
#2598 = DIRECTION('',(0.708516760586,0.,0.705693984648));
#2599 = ADVANCED_FACE('',(#2600),#2610,.T.);
#2600 = FACE_BOUND('',#2601,.T.);
#2601 = EDGE_LOOP('',(#2602,#2603,#2609));
#2602 = ORIENTED_EDGE('',*,*,#1041,.F.);
#2603 = ORIENTED_EDGE('',*,*,#2604,.T.);
#2604 = EDGE_CURVE('',#1042,#2550,#2605,.T.);
#2605 = LINE('',#2606,#2607);
#2606 = CARTESIAN_POINT('',(-3.29,46.5,6.5));
#2607 = VECTOR('',#2608,1.);
#2608 = DIRECTION('',(-0.708516760586,0.,0.705693984648));
#2609 = ORIENTED_EDGE('',*,*,#2557,.T.);
#2610 = PLANE('',#2611);
#2611 = AXIS2_PLACEMENT_3D('',#2612,#2613,#2614);
#2612 = CARTESIAN_POINT('',(-4.02577090105,46.5,9.));
#2613 = DIRECTION('',(0.,1.,0.));
#2614 = DIRECTION('',(0.,-0.,1.));
#2615 = ADVANCED_FACE('',(#2616),#2626,.F.);
#2616 = FACE_BOUND('',#2617,.F.);
#2617 = EDGE_LOOP('',(#2618,#2619,#2625));
#2618 = ORIENTED_EDGE('',*,*,#1073,.F.);
#2619 = ORIENTED_EDGE('',*,*,#2620,.T.);
#2620 = EDGE_CURVE('',#1066,#2580,#2621,.T.);
#2621 = LINE('',#2622,#2623);
#2622 = CARTESIAN_POINT('',(-3.29,12.64,8.6));
#2623 = VECTOR('',#2624,1.);
#2624 = DIRECTION('',(-0.708516760586,0.,0.705693984648));
#2625 = ORIENTED_EDGE('',*,*,#2579,.T.);
#2626 = PLANE('',#2627);
#2627 = AXIS2_PLACEMENT_3D('',#2628,#2629,#2630);
#2628 = CARTESIAN_POINT('',(-4.02577090105,12.64,11.1));
#2629 = DIRECTION('',(0.,1.,0.));
#2630 = DIRECTION('',(0.,-0.,1.));
#2631 = ADVANCED_FACE('',(#2632),#2643,.F.);
#2632 = FACE_BOUND('',#2633,.F.);
#2633 = EDGE_LOOP('',(#2634,#2640,#2641,#2642));
#2634 = ORIENTED_EDGE('',*,*,#2635,.F.);
#2635 = EDGE_CURVE('',#1050,#2540,#2636,.T.);
#2636 = LINE('',#2637,#2638);
#2637 = CARTESIAN_POINT('',(-3.29,30.5,6.5));
#2638 = VECTOR('',#2639,1.);
#2639 = DIRECTION('',(-0.708516760586,0.,0.705693984648));
#2640 = ORIENTED_EDGE('',*,*,#1049,.F.);
#2641 = ORIENTED_EDGE('',*,*,#2604,.T.);
#2642 = ORIENTED_EDGE('',*,*,#2549,.F.);
#2643 = PLANE('',#2644);
#2644 = AXIS2_PLACEMENT_3D('',#2645,#2646,#2647);
#2645 = CARTESIAN_POINT('',(-3.29,30.5,6.5));
#2646 = DIRECTION('',(0.705693984648,-0.,0.708516760586));
#2647 = DIRECTION('',(-0.708516760586,0.,0.705693984648));
#2648 = ADVANCED_FACE('',(#2649),#2662,.F.);
#2649 = FACE_BOUND('',#2650,.F.);
#2650 = EDGE_LOOP('',(#2651,#2652,#2653,#2659,#2660,#2661));
#2651 = ORIENTED_EDGE('',*,*,#2620,.F.);
#2652 = ORIENTED_EDGE('',*,*,#1065,.F.);
#2653 = ORIENTED_EDGE('',*,*,#2654,.T.);
#2654 = EDGE_CURVE('',#1058,#2542,#2655,.T.);
#2655 = LINE('',#2656,#2657);
#2656 = CARTESIAN_POINT('',(-3.574676227827,30.5,8.883542059589));
#2657 = VECTOR('',#2658,1.);
#2658 = DIRECTION('',(-0.708516760586,0.,0.705693984648));
#2659 = ORIENTED_EDGE('',*,*,#2565,.T.);
#2660 = ORIENTED_EDGE('',*,*,#2517,.T.);
#2661 = ORIENTED_EDGE('',*,*,#2587,.F.);
#2662 = PLANE('',#2663);
#2663 = AXIS2_PLACEMENT_3D('',#2664,#2665,#2666);
#2664 = CARTESIAN_POINT('',(-3.29,12.64,8.6));
#2665 = DIRECTION('',(0.705693984648,-0.,0.708516760586));
#2666 = DIRECTION('',(-0.708516760586,0.,0.705693984648));
#2667 = ADVANCED_FACE('',(#2668),#2674,.F.);
#2668 = FACE_BOUND('',#2669,.F.);
#2669 = EDGE_LOOP('',(#2670,#2671,#2672,#2673));
#2670 = ORIENTED_EDGE('',*,*,#1057,.F.);
#2671 = ORIENTED_EDGE('',*,*,#2635,.T.);
#2672 = ORIENTED_EDGE('',*,*,#2539,.T.);
#2673 = ORIENTED_EDGE('',*,*,#2654,.F.);
#2674 = PLANE('',#2675);
#2675 = AXIS2_PLACEMENT_3D('',#2676,#2677,#2678);
#2676 = CARTESIAN_POINT('',(-4.02577090105,30.5,9.));
#2677 = DIRECTION('',(0.,1.,0.));
#2678 = DIRECTION('',(0.,-0.,1.));
#2679 = ADVANCED_FACE('',(#2680,#2725,#2736,#2747,#2758,#2769,#2780,
    #2791,#2802,#2813,#2824),#2835,.T.);
#2680 = FACE_BOUND('',#2681,.T.);
#2681 = EDGE_LOOP('',(#2682,#2683,#2684,#2692,#2701,#2709,#2718,#2724));
#2682 = ORIENTED_EDGE('',*,*,#72,.F.);
#2683 = ORIENTED_EDGE('',*,*,#31,.T.);
#2684 = ORIENTED_EDGE('',*,*,#2685,.T.);
#2685 = EDGE_CURVE('',#32,#2686,#2688,.T.);
#2686 = VERTEX_POINT('',#2687);
#2687 = CARTESIAN_POINT('',(177.3,-0.8,-6.));
#2688 = LINE('',#2689,#2690);
#2689 = CARTESIAN_POINT('',(-0.8,-0.8,-6.));
#2690 = VECTOR('',#2691,1.);
#2691 = DIRECTION('',(1.,0.,-0.));
#2692 = ORIENTED_EDGE('',*,*,#2693,.F.);
#2693 = EDGE_CURVE('',#2694,#2686,#2696,.T.);
#2694 = VERTEX_POINT('',#2695);
#2695 = CARTESIAN_POINT('',(178.8,0.7,-6.));
#2696 = CIRCLE('',#2697,1.5);
#2697 = AXIS2_PLACEMENT_3D('',#2698,#2699,#2700);
#2698 = CARTESIAN_POINT('',(177.3,0.7,-6.));
#2699 = DIRECTION('',(-0.,-0.,-1.));
#2700 = DIRECTION('',(0.,-1.,0.));
#2701 = ORIENTED_EDGE('',*,*,#2702,.T.);
#2702 = EDGE_CURVE('',#2694,#2703,#2705,.T.);
#2703 = VERTEX_POINT('',#2704);
#2704 = CARTESIAN_POINT('',(178.8,93.3,-6.));
#2705 = LINE('',#2706,#2707);
#2706 = CARTESIAN_POINT('',(178.8,-0.8,-6.));
#2707 = VECTOR('',#2708,1.);
#2708 = DIRECTION('',(-0.,1.,0.));
#2709 = ORIENTED_EDGE('',*,*,#2710,.T.);
#2710 = EDGE_CURVE('',#2703,#2711,#2713,.T.);
#2711 = VERTEX_POINT('',#2712);
#2712 = CARTESIAN_POINT('',(177.3,94.8,-6.));
#2713 = CIRCLE('',#2714,1.5);
#2714 = AXIS2_PLACEMENT_3D('',#2715,#2716,#2717);
#2715 = CARTESIAN_POINT('',(177.3,93.3,-6.));
#2716 = DIRECTION('',(0.,0.,1.));
#2717 = DIRECTION('',(0.,-1.,0.));
#2718 = ORIENTED_EDGE('',*,*,#2719,.F.);
#2719 = EDGE_CURVE('',#368,#2711,#2720,.T.);
#2720 = LINE('',#2721,#2722);
#2721 = CARTESIAN_POINT('',(-0.8,94.8,-6.));
#2722 = VECTOR('',#2723,1.);
#2723 = DIRECTION('',(1.,0.,-0.));
#2724 = ORIENTED_EDGE('',*,*,#367,.F.);
#2725 = FACE_BOUND('',#2726,.T.);
#2726 = EDGE_LOOP('',(#2727));
#2727 = ORIENTED_EDGE('',*,*,#2728,.F.);
#2728 = EDGE_CURVE('',#2729,#2729,#2731,.T.);
#2729 = VERTEX_POINT('',#2730);
#2730 = CARTESIAN_POINT('',(7.,3.5,-6.));
#2731 = CIRCLE('',#2732,3.5);
#2732 = AXIS2_PLACEMENT_3D('',#2733,#2734,#2735);
#2733 = CARTESIAN_POINT('',(3.5,3.5,-6.));
#2734 = DIRECTION('',(0.,0.,1.));
#2735 = DIRECTION('',(1.,0.,-0.));
#2736 = FACE_BOUND('',#2737,.T.);
#2737 = EDGE_LOOP('',(#2738));
#2738 = ORIENTED_EDGE('',*,*,#2739,.F.);
#2739 = EDGE_CURVE('',#2740,#2740,#2742,.T.);
#2740 = VERTEX_POINT('',#2741);
#2741 = CARTESIAN_POINT('',(3.2,8.2,-6.));
#2742 = CIRCLE('',#2743,1.5);
#2743 = AXIS2_PLACEMENT_3D('',#2744,#2745,#2746);
#2744 = CARTESIAN_POINT('',(1.7,8.2,-6.));
#2745 = DIRECTION('',(0.,0.,1.));
#2746 = DIRECTION('',(1.,0.,-0.));
#2747 = FACE_BOUND('',#2748,.T.);
#2748 = EDGE_LOOP('',(#2749));
#2749 = ORIENTED_EDGE('',*,*,#2750,.F.);
#2750 = EDGE_CURVE('',#2751,#2751,#2753,.T.);
#2751 = VERTEX_POINT('',#2752);
#2752 = CARTESIAN_POINT('',(55.3,42.8,-6.));
#2753 = CIRCLE('',#2754,3.5);
#2754 = AXIS2_PLACEMENT_3D('',#2755,#2756,#2757);
#2755 = CARTESIAN_POINT('',(51.8,42.8,-6.));
#2756 = DIRECTION('',(0.,0.,1.));
#2757 = DIRECTION('',(1.,0.,-0.));
#2758 = FACE_BOUND('',#2759,.T.);
#2759 = EDGE_LOOP('',(#2760));
#2760 = ORIENTED_EDGE('',*,*,#2761,.F.);
#2761 = EDGE_CURVE('',#2762,#2762,#2764,.T.);
#2762 = VERTEX_POINT('',#2763);
#2763 = CARTESIAN_POINT('',(178.,3.5,-6.));
#2764 = CIRCLE('',#2765,3.5);
#2765 = AXIS2_PLACEMENT_3D('',#2766,#2767,#2768);
#2766 = CARTESIAN_POINT('',(174.5,3.5,-6.));
#2767 = DIRECTION('',(0.,0.,1.));
#2768 = DIRECTION('',(1.,0.,-0.));
#2769 = FACE_BOUND('',#2770,.T.);
#2770 = EDGE_LOOP('',(#2771));
#2771 = ORIENTED_EDGE('',*,*,#2772,.F.);
#2772 = EDGE_CURVE('',#2773,#2773,#2775,.T.);
#2773 = VERTEX_POINT('',#2774);
#2774 = CARTESIAN_POINT('',(177.8,8.2,-6.));
#2775 = CIRCLE('',#2776,1.5);
#2776 = AXIS2_PLACEMENT_3D('',#2777,#2778,#2779);
#2777 = CARTESIAN_POINT('',(176.3,8.2,-6.));
#2778 = DIRECTION('',(0.,0.,1.));
#2779 = DIRECTION('',(1.,0.,-0.));
#2780 = FACE_BOUND('',#2781,.T.);
#2781 = EDGE_LOOP('',(#2782));
#2782 = ORIENTED_EDGE('',*,*,#2783,.F.);
#2783 = EDGE_CURVE('',#2784,#2784,#2786,.T.);
#2784 = VERTEX_POINT('',#2785);
#2785 = CARTESIAN_POINT('',(123.5,42.8,-6.));
#2786 = CIRCLE('',#2787,3.5);
#2787 = AXIS2_PLACEMENT_3D('',#2788,#2789,#2790);
#2788 = CARTESIAN_POINT('',(120.,42.8,-6.));
#2789 = DIRECTION('',(0.,0.,1.));
#2790 = DIRECTION('',(1.,0.,-0.));
#2791 = FACE_BOUND('',#2792,.T.);
#2792 = EDGE_LOOP('',(#2793));
#2793 = ORIENTED_EDGE('',*,*,#2794,.F.);
#2794 = EDGE_CURVE('',#2795,#2795,#2797,.T.);
#2795 = VERTEX_POINT('',#2796);
#2796 = CARTESIAN_POINT('',(3.2,85.8,-6.));
#2797 = CIRCLE('',#2798,1.5);
#2798 = AXIS2_PLACEMENT_3D('',#2799,#2800,#2801);
#2799 = CARTESIAN_POINT('',(1.7,85.8,-6.));
#2800 = DIRECTION('',(0.,0.,1.));
#2801 = DIRECTION('',(1.,0.,-0.));
#2802 = FACE_BOUND('',#2803,.T.);
#2803 = EDGE_LOOP('',(#2804));
#2804 = ORIENTED_EDGE('',*,*,#2805,.F.);
#2805 = EDGE_CURVE('',#2806,#2806,#2808,.T.);
#2806 = VERTEX_POINT('',#2807);
#2807 = CARTESIAN_POINT('',(7.,90.5,-6.));
#2808 = CIRCLE('',#2809,3.5);
#2809 = AXIS2_PLACEMENT_3D('',#2810,#2811,#2812);
#2810 = CARTESIAN_POINT('',(3.5,90.5,-6.));
#2811 = DIRECTION('',(0.,0.,1.));
#2812 = DIRECTION('',(1.,0.,-0.));
#2813 = FACE_BOUND('',#2814,.T.);
#2814 = EDGE_LOOP('',(#2815));
#2815 = ORIENTED_EDGE('',*,*,#2816,.F.);
#2816 = EDGE_CURVE('',#2817,#2817,#2819,.T.);
#2817 = VERTEX_POINT('',#2818);
#2818 = CARTESIAN_POINT('',(177.8,85.8,-6.));
#2819 = CIRCLE('',#2820,1.5);
#2820 = AXIS2_PLACEMENT_3D('',#2821,#2822,#2823);
#2821 = CARTESIAN_POINT('',(176.3,85.8,-6.));
#2822 = DIRECTION('',(0.,0.,1.));
#2823 = DIRECTION('',(1.,0.,-0.));
#2824 = FACE_BOUND('',#2825,.T.);
#2825 = EDGE_LOOP('',(#2826));
#2826 = ORIENTED_EDGE('',*,*,#2827,.F.);
#2827 = EDGE_CURVE('',#2828,#2828,#2830,.T.);
#2828 = VERTEX_POINT('',#2829);
#2829 = CARTESIAN_POINT('',(178.,90.5,-6.));
#2830 = CIRCLE('',#2831,3.5);
#2831 = AXIS2_PLACEMENT_3D('',#2832,#2833,#2834);
#2832 = CARTESIAN_POINT('',(174.5,90.5,-6.));
#2833 = DIRECTION('',(0.,0.,1.));
#2834 = DIRECTION('',(1.,0.,-0.));
#2835 = PLANE('',#2836);
#2836 = AXIS2_PLACEMENT_3D('',#2837,#2838,#2839);
#2837 = CARTESIAN_POINT('',(-0.8,-0.8,-6.));
#2838 = DIRECTION('',(0.,0.,1.));
#2839 = DIRECTION('',(1.,0.,-0.));
#2840 = ADVANCED_FACE('',(#2841),#2894,.T.);
#2841 = FACE_BOUND('',#2842,.T.);
#2842 = EDGE_LOOP('',(#2843,#2853,#2862,#2870,#2879,#2887));
#2843 = ORIENTED_EDGE('',*,*,#2844,.F.);
#2844 = EDGE_CURVE('',#2845,#2847,#2849,.T.);
#2845 = VERTEX_POINT('',#2846);
#2846 = CARTESIAN_POINT('',(181.3,93.3,-8.5));
#2847 = VERTEX_POINT('',#2848);
#2848 = CARTESIAN_POINT('',(181.3,93.3,9.509988901221));
#2849 = LINE('',#2850,#2851);
#2850 = CARTESIAN_POINT('',(181.3,93.3,-8.5));
#2851 = VECTOR('',#2852,1.);
#2852 = DIRECTION('',(0.,0.,1.));
#2853 = ORIENTED_EDGE('',*,*,#2854,.T.);
#2854 = EDGE_CURVE('',#2845,#2855,#2857,.T.);
#2855 = VERTEX_POINT('',#2856);
#2856 = CARTESIAN_POINT('',(177.3,97.3,-8.5));
#2857 = CIRCLE('',#2858,4.);
#2858 = AXIS2_PLACEMENT_3D('',#2859,#2860,#2861);
#2859 = CARTESIAN_POINT('',(177.3,93.3,-8.5));
#2860 = DIRECTION('',(0.,0.,1.));
#2861 = DIRECTION('',(0.,-1.,0.));
#2862 = ORIENTED_EDGE('',*,*,#2863,.T.);
#2863 = EDGE_CURVE('',#2855,#2864,#2866,.T.);
#2864 = VERTEX_POINT('',#2865);
#2865 = CARTESIAN_POINT('',(177.3,97.3,26.5));
#2866 = LINE('',#2867,#2868);
#2867 = CARTESIAN_POINT('',(177.3,97.3,-8.5));
#2868 = VECTOR('',#2869,1.);
#2869 = DIRECTION('',(0.,0.,1.));
#2870 = ORIENTED_EDGE('',*,*,#2871,.F.);
#2871 = EDGE_CURVE('',#2872,#2864,#2874,.T.);
#2872 = VERTEX_POINT('',#2873);
#2873 = CARTESIAN_POINT('',(181.29,93.582665880502,26.5));
#2874 = CIRCLE('',#2875,4.);
#2875 = AXIS2_PLACEMENT_3D('',#2876,#2877,#2878);
#2876 = CARTESIAN_POINT('',(177.3,93.3,26.5));
#2877 = DIRECTION('',(0.,0.,1.));
#2878 = DIRECTION('',(0.,-1.,0.));
#2879 = ORIENTED_EDGE('',*,*,#2880,.F.);
#2880 = EDGE_CURVE('',#2881,#2872,#2883,.T.);
#2881 = VERTEX_POINT('',#2882);
#2882 = CARTESIAN_POINT('',(181.29,93.582665880497,9.5));
#2883 = LINE('',#2884,#2885);
#2884 = CARTESIAN_POINT('',(181.29,93.582665880502,-8.5));
#2885 = VECTOR('',#2886,1.);
#2886 = DIRECTION('',(0.,0.,1.));
#2887 = ORIENTED_EDGE('',*,*,#2888,.F.);
#2888 = EDGE_CURVE('',#2847,#2881,#2889,.T.);
#2889 = ELLIPSE('',#2890,5.653715912215,4.);
#2890 = AXIS2_PLACEMENT_3D('',#2891,#2892,#2893);
#2891 = CARTESIAN_POINT('',(177.3,93.3,5.514428412875));
#2892 = DIRECTION('',(-0.706714053268,0.,0.707499291105));
#2893 = DIRECTION('',(0.707499291105,0.,0.706714053268));
#2894 = CYLINDRICAL_SURFACE('',#2895,4.);
#2895 = AXIS2_PLACEMENT_3D('',#2896,#2897,#2898);
#2896 = CARTESIAN_POINT('',(177.3,93.3,-8.5));
#2897 = DIRECTION('',(0.,0.,1.));
#2898 = DIRECTION('',(1.,0.,-0.));
#2899 = ADVANCED_FACE('',(#2900,#3021,#3055,#3089,#3123,#3157,#3191,
    #3225,#3259,#3293,#3327,#3361,#3395,#3429,#3463),#3497,.T.);
#2900 = FACE_BOUND('',#2901,.T.);
#2901 = EDGE_LOOP('',(#2902,#2912,#2920,#2928,#2936,#2944,#2952,#2960,
    #2968,#2976,#2984,#2992,#3000,#3006,#3007,#3015));
#2902 = ORIENTED_EDGE('',*,*,#2903,.F.);
#2903 = EDGE_CURVE('',#2904,#2906,#2908,.T.);
#2904 = VERTEX_POINT('',#2905);
#2905 = CARTESIAN_POINT('',(181.3,10.2,26.5));
#2906 = VERTEX_POINT('',#2907);
#2907 = CARTESIAN_POINT('',(181.3,83.8,26.5));
#2908 = LINE('',#2909,#2910);
#2909 = CARTESIAN_POINT('',(181.3,-3.3,26.5));
#2910 = VECTOR('',#2911,1.);
#2911 = DIRECTION('',(-0.,1.,0.));
#2912 = ORIENTED_EDGE('',*,*,#2913,.F.);
#2913 = EDGE_CURVE('',#2914,#2904,#2916,.T.);
#2914 = VERTEX_POINT('',#2915);
#2915 = CARTESIAN_POINT('',(181.3,10.2,9.509988901221));
#2916 = LINE('',#2917,#2918);
#2917 = CARTESIAN_POINT('',(181.3,10.2,5.));
#2918 = VECTOR('',#2919,1.);
#2919 = DIRECTION('',(0.,0.,1.));
#2920 = ORIENTED_EDGE('',*,*,#2921,.T.);
#2921 = EDGE_CURVE('',#2914,#2922,#2924,.T.);
#2922 = VERTEX_POINT('',#2923);
#2923 = CARTESIAN_POINT('',(181.3,0.7,9.509988901221));
#2924 = LINE('',#2925,#2926);
#2925 = CARTESIAN_POINT('',(181.3,-1.55,9.509988901221));
#2926 = VECTOR('',#2927,1.);
#2927 = DIRECTION('',(0.,-1.,0.));
#2928 = ORIENTED_EDGE('',*,*,#2929,.F.);
#2929 = EDGE_CURVE('',#2930,#2922,#2932,.T.);
#2930 = VERTEX_POINT('',#2931);
#2931 = CARTESIAN_POINT('',(181.3,0.7,-8.5));
#2932 = LINE('',#2933,#2934);
#2933 = CARTESIAN_POINT('',(181.3,0.7,-8.5));
#2934 = VECTOR('',#2935,1.);
#2935 = DIRECTION('',(0.,0.,1.));
#2936 = ORIENTED_EDGE('',*,*,#2937,.T.);
#2937 = EDGE_CURVE('',#2930,#2938,#2940,.T.);
#2938 = VERTEX_POINT('',#2939);
#2939 = CARTESIAN_POINT('',(181.3,10.,-8.5));
#2940 = LINE('',#2941,#2942);
#2941 = CARTESIAN_POINT('',(181.3,-3.3,-8.5));
#2942 = VECTOR('',#2943,1.);
#2943 = DIRECTION('',(-0.,1.,0.));
#2944 = ORIENTED_EDGE('',*,*,#2945,.T.);
#2945 = EDGE_CURVE('',#2938,#2946,#2948,.T.);
#2946 = VERTEX_POINT('',#2947);
#2947 = CARTESIAN_POINT('',(181.3,10.,-4.5));
#2948 = LINE('',#2949,#2950);
#2949 = CARTESIAN_POINT('',(181.3,10.,-8.5));
#2950 = VECTOR('',#2951,1.);
#2951 = DIRECTION('',(0.,0.,1.));
#2952 = ORIENTED_EDGE('',*,*,#2953,.F.);
#2953 = EDGE_CURVE('',#2954,#2946,#2956,.T.);
#2954 = VERTEX_POINT('',#2955);
#2955 = CARTESIAN_POINT('',(181.3,26.,-4.5));
#2956 = LINE('',#2957,#2958);
#2957 = CARTESIAN_POINT('',(181.3,3.35,-4.5));
#2958 = VECTOR('',#2959,1.);
#2959 = DIRECTION('',(0.,-1.,0.));
#2960 = ORIENTED_EDGE('',*,*,#2961,.F.);
#2961 = EDGE_CURVE('',#2962,#2954,#2964,.T.);
#2962 = VERTEX_POINT('',#2963);
#2963 = CARTESIAN_POINT('',(181.3,26.,-8.5));
#2964 = LINE('',#2965,#2966);
#2965 = CARTESIAN_POINT('',(181.3,26.,-8.5));
#2966 = VECTOR('',#2967,1.);
#2967 = DIRECTION('',(0.,0.,1.));
#2968 = ORIENTED_EDGE('',*,*,#2969,.T.);
#2969 = EDGE_CURVE('',#2962,#2970,#2972,.T.);
#2970 = VERTEX_POINT('',#2971);
#2971 = CARTESIAN_POINT('',(181.3,68.,-8.5));
#2972 = LINE('',#2973,#2974);
#2973 = CARTESIAN_POINT('',(181.3,-3.3,-8.5));
#2974 = VECTOR('',#2975,1.);
#2975 = DIRECTION('',(-0.,1.,0.));
#2976 = ORIENTED_EDGE('',*,*,#2977,.T.);
#2977 = EDGE_CURVE('',#2970,#2978,#2980,.T.);
#2978 = VERTEX_POINT('',#2979);
#2979 = CARTESIAN_POINT('',(181.3,68.,-4.5));
#2980 = LINE('',#2981,#2982);
#2981 = CARTESIAN_POINT('',(181.3,68.,-8.5));
#2982 = VECTOR('',#2983,1.);
#2983 = DIRECTION('',(0.,0.,1.));
#2984 = ORIENTED_EDGE('',*,*,#2985,.F.);
#2985 = EDGE_CURVE('',#2986,#2978,#2988,.T.);
#2986 = VERTEX_POINT('',#2987);
#2987 = CARTESIAN_POINT('',(181.3,84.,-4.5));
#2988 = LINE('',#2989,#2990);
#2989 = CARTESIAN_POINT('',(181.3,32.35,-4.5));
#2990 = VECTOR('',#2991,1.);
#2991 = DIRECTION('',(0.,-1.,0.));
#2992 = ORIENTED_EDGE('',*,*,#2993,.F.);
#2993 = EDGE_CURVE('',#2994,#2986,#2996,.T.);
#2994 = VERTEX_POINT('',#2995);
#2995 = CARTESIAN_POINT('',(181.3,84.,-8.5));
#2996 = LINE('',#2997,#2998);
#2997 = CARTESIAN_POINT('',(181.3,84.,-8.5));
#2998 = VECTOR('',#2999,1.);
#2999 = DIRECTION('',(0.,0.,1.));
#3000 = ORIENTED_EDGE('',*,*,#3001,.T.);
#3001 = EDGE_CURVE('',#2994,#2845,#3002,.T.);
#3002 = LINE('',#3003,#3004);
#3003 = CARTESIAN_POINT('',(181.3,-3.3,-8.5));
#3004 = VECTOR('',#3005,1.);
#3005 = DIRECTION('',(-0.,1.,0.));
#3006 = ORIENTED_EDGE('',*,*,#2844,.T.);
#3007 = ORIENTED_EDGE('',*,*,#3008,.T.);
#3008 = EDGE_CURVE('',#2847,#3009,#3011,.T.);
#3009 = VERTEX_POINT('',#3010);
#3010 = CARTESIAN_POINT('',(181.3,83.8,9.509988901221));
#3011 = LINE('',#3012,#3013);
#3012 = CARTESIAN_POINT('',(181.3,40.25,9.509988901221));
#3013 = VECTOR('',#3014,1.);
#3014 = DIRECTION('',(0.,-1.,0.));
#3015 = ORIENTED_EDGE('',*,*,#3016,.T.);
#3016 = EDGE_CURVE('',#3009,#2906,#3017,.T.);
#3017 = LINE('',#3018,#3019);
#3018 = CARTESIAN_POINT('',(181.3,83.8,3.409375613467));
#3019 = VECTOR('',#3020,1.);
#3020 = DIRECTION('',(0.,-0.,1.));
#3021 = FACE_BOUND('',#3022,.T.);
#3022 = EDGE_LOOP('',(#3023,#3033,#3041,#3049));
#3023 = ORIENTED_EDGE('',*,*,#3024,.T.);
#3024 = EDGE_CURVE('',#3025,#3027,#3029,.T.);
#3025 = VERTEX_POINT('',#3026);
#3026 = CARTESIAN_POINT('',(181.3,80.,-4.));
#3027 = VERTEX_POINT('',#3028);
#3028 = CARTESIAN_POINT('',(181.3,57.,-4.));
#3029 = LINE('',#3030,#3031);
#3030 = CARTESIAN_POINT('',(181.3,26.85,-4.));
#3031 = VECTOR('',#3032,1.);
#3032 = DIRECTION('',(0.,-1.,0.));
#3033 = ORIENTED_EDGE('',*,*,#3034,.T.);
#3034 = EDGE_CURVE('',#3027,#3035,#3037,.T.);
#3035 = VERTEX_POINT('',#3036);
#3036 = CARTESIAN_POINT('',(181.3,57.,-1.5));
#3037 = LINE('',#3038,#3039);
#3038 = CARTESIAN_POINT('',(181.3,57.,-6.25));
#3039 = VECTOR('',#3040,1.);
#3040 = DIRECTION('',(0.,0.,1.));
#3041 = ORIENTED_EDGE('',*,*,#3042,.F.);
#3042 = EDGE_CURVE('',#3043,#3035,#3045,.T.);
#3043 = VERTEX_POINT('',#3044);
#3044 = CARTESIAN_POINT('',(181.3,80.,-1.5));
#3045 = LINE('',#3046,#3047);
#3046 = CARTESIAN_POINT('',(181.3,26.85,-1.5));
#3047 = VECTOR('',#3048,1.);
#3048 = DIRECTION('',(0.,-1.,0.));
#3049 = ORIENTED_EDGE('',*,*,#3050,.F.);
#3050 = EDGE_CURVE('',#3025,#3043,#3051,.T.);
#3051 = LINE('',#3052,#3053);
#3052 = CARTESIAN_POINT('',(181.3,80.,-6.25));
#3053 = VECTOR('',#3054,1.);
#3054 = DIRECTION('',(0.,0.,1.));
#3055 = FACE_BOUND('',#3056,.T.);
#3056 = EDGE_LOOP('',(#3057,#3067,#3075,#3083));
#3057 = ORIENTED_EDGE('',*,*,#3058,.F.);
#3058 = EDGE_CURVE('',#3059,#3061,#3063,.T.);
#3059 = VERTEX_POINT('',#3060);
#3060 = CARTESIAN_POINT('',(181.3,56.,-1.490039840637));
#3061 = VERTEX_POINT('',#3062);
#3062 = CARTESIAN_POINT('',(181.3,81.,-1.490039840637));
#3063 = LINE('',#3064,#3065);
#3064 = CARTESIAN_POINT('',(181.3,26.35,-1.490039840637));
#3065 = VECTOR('',#3066,1.);
#3066 = DIRECTION('',(0.,1.,0.));
#3067 = ORIENTED_EDGE('',*,*,#3068,.F.);
#3068 = EDGE_CURVE('',#3069,#3059,#3071,.T.);
#3069 = VERTEX_POINT('',#3070);
#3070 = CARTESIAN_POINT('',(181.3,56.,3.490039840637));
#3071 = LINE('',#3072,#3073);
#3072 = CARTESIAN_POINT('',(181.3,56.,-3.75));
#3073 = VECTOR('',#3074,1.);
#3074 = DIRECTION('',(-0.,0.,-1.));
#3075 = ORIENTED_EDGE('',*,*,#3076,.F.);
#3076 = EDGE_CURVE('',#3077,#3069,#3079,.T.);
#3077 = VERTEX_POINT('',#3078);
#3078 = CARTESIAN_POINT('',(181.3,81.,3.490039840637));
#3079 = LINE('',#3080,#3081);
#3080 = CARTESIAN_POINT('',(181.3,26.35,3.490039840637));
#3081 = VECTOR('',#3082,1.);
#3082 = DIRECTION('',(0.,-1.,-0.));
#3083 = ORIENTED_EDGE('',*,*,#3084,.T.);
#3084 = EDGE_CURVE('',#3077,#3061,#3085,.T.);
#3085 = LINE('',#3086,#3087);
#3086 = CARTESIAN_POINT('',(181.3,81.,-3.75));
#3087 = VECTOR('',#3088,1.);
#3088 = DIRECTION('',(-0.,0.,-1.));
#3089 = FACE_BOUND('',#3090,.T.);
#3090 = EDGE_LOOP('',(#3091,#3101,#3109,#3117));
#3091 = ORIENTED_EDGE('',*,*,#3092,.T.);
#3092 = EDGE_CURVE('',#3093,#3095,#3097,.T.);
#3093 = VERTEX_POINT('',#3094);
#3094 = CARTESIAN_POINT('',(181.3,80.,4.));
#3095 = VERTEX_POINT('',#3096);
#3096 = CARTESIAN_POINT('',(181.3,57.,4.));
#3097 = LINE('',#3098,#3099);
#3098 = CARTESIAN_POINT('',(181.3,26.85,4.));
#3099 = VECTOR('',#3100,1.);
#3100 = DIRECTION('',(0.,-1.,0.));
#3101 = ORIENTED_EDGE('',*,*,#3102,.T.);
#3102 = EDGE_CURVE('',#3095,#3103,#3105,.T.);
#3103 = VERTEX_POINT('',#3104);
#3104 = CARTESIAN_POINT('',(181.3,57.,6.5));
#3105 = LINE('',#3106,#3107);
#3106 = CARTESIAN_POINT('',(181.3,57.,-2.25));
#3107 = VECTOR('',#3108,1.);
#3108 = DIRECTION('',(0.,0.,1.));
#3109 = ORIENTED_EDGE('',*,*,#3110,.F.);
#3110 = EDGE_CURVE('',#3111,#3103,#3113,.T.);
#3111 = VERTEX_POINT('',#3112);
#3112 = CARTESIAN_POINT('',(181.3,80.,6.5));
#3113 = LINE('',#3114,#3115);
#3114 = CARTESIAN_POINT('',(181.3,26.85,6.5));
#3115 = VECTOR('',#3116,1.);
#3116 = DIRECTION('',(0.,-1.,0.));
#3117 = ORIENTED_EDGE('',*,*,#3118,.F.);
#3118 = EDGE_CURVE('',#3093,#3111,#3119,.T.);
#3119 = LINE('',#3120,#3121);
#3120 = CARTESIAN_POINT('',(181.3,80.,-2.25));
#3121 = VECTOR('',#3122,1.);
#3122 = DIRECTION('',(0.,0.,1.));
#3123 = FACE_BOUND('',#3124,.T.);
#3124 = EDGE_LOOP('',(#3125,#3135,#3143,#3151));
#3125 = ORIENTED_EDGE('',*,*,#3126,.F.);
#3126 = EDGE_CURVE('',#3127,#3129,#3131,.T.);
#3127 = VERTEX_POINT('',#3128);
#3128 = CARTESIAN_POINT('',(181.3,56.,6.509960159363));
#3129 = VERTEX_POINT('',#3130);
#3130 = CARTESIAN_POINT('',(181.3,81.,6.509960159363));
#3131 = LINE('',#3132,#3133);
#3132 = CARTESIAN_POINT('',(181.3,26.35,6.509960159363));
#3133 = VECTOR('',#3134,1.);
#3134 = DIRECTION('',(0.,1.,0.));
#3135 = ORIENTED_EDGE('',*,*,#3136,.F.);
#3136 = EDGE_CURVE('',#3137,#3127,#3139,.T.);
#3137 = VERTEX_POINT('',#3138);
#3138 = CARTESIAN_POINT('',(181.3,56.,11.490039840637));
#3139 = LINE('',#3140,#3141);
#3140 = CARTESIAN_POINT('',(181.3,56.,0.25));
#3141 = VECTOR('',#3142,1.);
#3142 = DIRECTION('',(-0.,0.,-1.));
#3143 = ORIENTED_EDGE('',*,*,#3144,.F.);
#3144 = EDGE_CURVE('',#3145,#3137,#3147,.T.);
#3145 = VERTEX_POINT('',#3146);
#3146 = CARTESIAN_POINT('',(181.3,81.,11.490039840637));
#3147 = LINE('',#3148,#3149);
#3148 = CARTESIAN_POINT('',(181.3,26.35,11.490039840637));
#3149 = VECTOR('',#3150,1.);
#3150 = DIRECTION('',(0.,-1.,-0.));
#3151 = ORIENTED_EDGE('',*,*,#3152,.T.);
#3152 = EDGE_CURVE('',#3145,#3129,#3153,.T.);
#3153 = LINE('',#3154,#3155);
#3154 = CARTESIAN_POINT('',(181.3,81.,0.25));
#3155 = VECTOR('',#3156,1.);
#3156 = DIRECTION('',(-0.,0.,-1.));
#3157 = FACE_BOUND('',#3158,.T.);
#3158 = EDGE_LOOP('',(#3159,#3169,#3177,#3185));
#3159 = ORIENTED_EDGE('',*,*,#3160,.T.);
#3160 = EDGE_CURVE('',#3161,#3163,#3165,.T.);
#3161 = VERTEX_POINT('',#3162);
#3162 = CARTESIAN_POINT('',(181.3,80.,12.));
#3163 = VERTEX_POINT('',#3164);
#3164 = CARTESIAN_POINT('',(181.3,57.,12.));
#3165 = LINE('',#3166,#3167);
#3166 = CARTESIAN_POINT('',(181.3,26.85,12.));
#3167 = VECTOR('',#3168,1.);
#3168 = DIRECTION('',(0.,-1.,0.));
#3169 = ORIENTED_EDGE('',*,*,#3170,.T.);
#3170 = EDGE_CURVE('',#3163,#3171,#3173,.T.);
#3171 = VERTEX_POINT('',#3172);
#3172 = CARTESIAN_POINT('',(181.3,57.,14.5));
#3173 = LINE('',#3174,#3175);
#3174 = CARTESIAN_POINT('',(181.3,57.,1.75));
#3175 = VECTOR('',#3176,1.);
#3176 = DIRECTION('',(0.,0.,1.));
#3177 = ORIENTED_EDGE('',*,*,#3178,.F.);
#3178 = EDGE_CURVE('',#3179,#3171,#3181,.T.);
#3179 = VERTEX_POINT('',#3180);
#3180 = CARTESIAN_POINT('',(181.3,80.,14.5));
#3181 = LINE('',#3182,#3183);
#3182 = CARTESIAN_POINT('',(181.3,26.85,14.5));
#3183 = VECTOR('',#3184,1.);
#3184 = DIRECTION('',(0.,-1.,0.));
#3185 = ORIENTED_EDGE('',*,*,#3186,.F.);
#3186 = EDGE_CURVE('',#3161,#3179,#3187,.T.);
#3187 = LINE('',#3188,#3189);
#3188 = CARTESIAN_POINT('',(181.3,80.,1.75));
#3189 = VECTOR('',#3190,1.);
#3190 = DIRECTION('',(0.,0.,1.));
#3191 = FACE_BOUND('',#3192,.T.);
#3192 = EDGE_LOOP('',(#3193,#3203,#3211,#3219));
#3193 = ORIENTED_EDGE('',*,*,#3194,.F.);
#3194 = EDGE_CURVE('',#3195,#3197,#3199,.T.);
#3195 = VERTEX_POINT('',#3196);
#3196 = CARTESIAN_POINT('',(181.3,56.,14.509960159363));
#3197 = VERTEX_POINT('',#3198);
#3198 = CARTESIAN_POINT('',(181.3,81.,14.509960159363));
#3199 = LINE('',#3200,#3201);
#3200 = CARTESIAN_POINT('',(181.3,26.35,14.509960159363));
#3201 = VECTOR('',#3202,1.);
#3202 = DIRECTION('',(0.,1.,0.));
#3203 = ORIENTED_EDGE('',*,*,#3204,.F.);
#3204 = EDGE_CURVE('',#3205,#3195,#3207,.T.);
#3205 = VERTEX_POINT('',#3206);
#3206 = CARTESIAN_POINT('',(181.3,56.,19.490039840637));
#3207 = LINE('',#3208,#3209);
#3208 = CARTESIAN_POINT('',(181.3,56.,4.25));
#3209 = VECTOR('',#3210,1.);
#3210 = DIRECTION('',(-0.,0.,-1.));
#3211 = ORIENTED_EDGE('',*,*,#3212,.F.);
#3212 = EDGE_CURVE('',#3213,#3205,#3215,.T.);
#3213 = VERTEX_POINT('',#3214);
#3214 = CARTESIAN_POINT('',(181.3,81.,19.490039840637));
#3215 = LINE('',#3216,#3217);
#3216 = CARTESIAN_POINT('',(181.3,26.35,19.490039840637));
#3217 = VECTOR('',#3218,1.);
#3218 = DIRECTION('',(0.,-1.,-0.));
#3219 = ORIENTED_EDGE('',*,*,#3220,.T.);
#3220 = EDGE_CURVE('',#3213,#3197,#3221,.T.);
#3221 = LINE('',#3222,#3223);
#3222 = CARTESIAN_POINT('',(181.3,81.,4.25));
#3223 = VECTOR('',#3224,1.);
#3224 = DIRECTION('',(-0.,0.,-1.));
#3225 = FACE_BOUND('',#3226,.T.);
#3226 = EDGE_LOOP('',(#3227,#3237,#3245,#3253));
#3227 = ORIENTED_EDGE('',*,*,#3228,.T.);
#3228 = EDGE_CURVE('',#3229,#3231,#3233,.T.);
#3229 = VERTEX_POINT('',#3230);
#3230 = CARTESIAN_POINT('',(181.3,54.33,-0.4));
#3231 = VERTEX_POINT('',#3232);
#3232 = CARTESIAN_POINT('',(181.3,31.19,-0.4));
#3233 = LINE('',#3234,#3235);
#3234 = CARTESIAN_POINT('',(181.3,13.945,-0.4));
#3235 = VECTOR('',#3236,1.);
#3236 = DIRECTION('',(0.,-1.,0.));
#3237 = ORIENTED_EDGE('',*,*,#3238,.T.);
#3238 = EDGE_CURVE('',#3231,#3239,#3241,.T.);
#3239 = VERTEX_POINT('',#3240);
#3240 = CARTESIAN_POINT('',(181.3,31.19,19.6));
#3241 = LINE('',#3242,#3243);
#3242 = CARTESIAN_POINT('',(181.3,31.19,-4.45));
#3243 = VECTOR('',#3244,1.);
#3244 = DIRECTION('',(0.,0.,1.));
#3245 = ORIENTED_EDGE('',*,*,#3246,.F.);
#3246 = EDGE_CURVE('',#3247,#3239,#3249,.T.);
#3247 = VERTEX_POINT('',#3248);
#3248 = CARTESIAN_POINT('',(181.3,54.33,19.6));
#3249 = LINE('',#3250,#3251);
#3250 = CARTESIAN_POINT('',(181.3,13.945,19.6));
#3251 = VECTOR('',#3252,1.);
#3252 = DIRECTION('',(0.,-1.,0.));
#3253 = ORIENTED_EDGE('',*,*,#3254,.F.);
#3254 = EDGE_CURVE('',#3229,#3247,#3255,.T.);
#3255 = LINE('',#3256,#3257);
#3256 = CARTESIAN_POINT('',(181.3,54.33,-4.45));
#3257 = VECTOR('',#3258,1.);
#3258 = DIRECTION('',(0.,0.,1.));
#3259 = FACE_BOUND('',#3260,.T.);
#3260 = EDGE_LOOP('',(#3261,#3271,#3279,#3287));
#3261 = ORIENTED_EDGE('',*,*,#3262,.T.);
#3262 = EDGE_CURVE('',#3263,#3265,#3267,.T.);
#3263 = VERTEX_POINT('',#3264);
#3264 = CARTESIAN_POINT('',(181.3,29.,-4.));
#3265 = VERTEX_POINT('',#3266);
#3266 = CARTESIAN_POINT('',(181.3,14.,-4.));
#3267 = LINE('',#3268,#3269);
#3268 = CARTESIAN_POINT('',(181.3,5.35,-4.));
#3269 = VECTOR('',#3270,1.);
#3270 = DIRECTION('',(0.,-1.,0.));
#3271 = ORIENTED_EDGE('',*,*,#3272,.T.);
#3272 = EDGE_CURVE('',#3265,#3273,#3275,.T.);
#3273 = VERTEX_POINT('',#3274);
#3274 = CARTESIAN_POINT('',(181.3,14.,-1.5));
#3275 = LINE('',#3276,#3277);
#3276 = CARTESIAN_POINT('',(181.3,14.,-6.25));
#3277 = VECTOR('',#3278,1.);
#3278 = DIRECTION('',(0.,0.,1.));
#3279 = ORIENTED_EDGE('',*,*,#3280,.F.);
#3280 = EDGE_CURVE('',#3281,#3273,#3283,.T.);
#3281 = VERTEX_POINT('',#3282);
#3282 = CARTESIAN_POINT('',(181.3,29.,-1.5));
#3283 = LINE('',#3284,#3285);
#3284 = CARTESIAN_POINT('',(181.3,5.35,-1.5));
#3285 = VECTOR('',#3286,1.);
#3286 = DIRECTION('',(0.,-1.,0.));
#3287 = ORIENTED_EDGE('',*,*,#3288,.F.);
#3288 = EDGE_CURVE('',#3263,#3281,#3289,.T.);
#3289 = LINE('',#3290,#3291);
#3290 = CARTESIAN_POINT('',(181.3,29.,-6.25));
#3291 = VECTOR('',#3292,1.);
#3292 = DIRECTION('',(0.,0.,1.));
#3293 = FACE_BOUND('',#3294,.T.);
#3294 = EDGE_LOOP('',(#3295,#3305,#3313,#3321));
#3295 = ORIENTED_EDGE('',*,*,#3296,.F.);
#3296 = EDGE_CURVE('',#3297,#3299,#3301,.T.);
#3297 = VERTEX_POINT('',#3298);
#3298 = CARTESIAN_POINT('',(181.3,13.,-1.490039840637));
#3299 = VERTEX_POINT('',#3300);
#3300 = CARTESIAN_POINT('',(181.3,30.,-1.490039840637));
#3301 = LINE('',#3302,#3303);
#3302 = CARTESIAN_POINT('',(181.3,4.85,-1.490039840637));
#3303 = VECTOR('',#3304,1.);
#3304 = DIRECTION('',(0.,1.,0.));
#3305 = ORIENTED_EDGE('',*,*,#3306,.F.);
#3306 = EDGE_CURVE('',#3307,#3297,#3309,.T.);
#3307 = VERTEX_POINT('',#3308);
#3308 = CARTESIAN_POINT('',(181.3,13.,3.490039840637));
#3309 = LINE('',#3310,#3311);
#3310 = CARTESIAN_POINT('',(181.3,13.,-3.75));
#3311 = VECTOR('',#3312,1.);
#3312 = DIRECTION('',(-0.,0.,-1.));
#3313 = ORIENTED_EDGE('',*,*,#3314,.F.);
#3314 = EDGE_CURVE('',#3315,#3307,#3317,.T.);
#3315 = VERTEX_POINT('',#3316);
#3316 = CARTESIAN_POINT('',(181.3,30.,3.490039840637));
#3317 = LINE('',#3318,#3319);
#3318 = CARTESIAN_POINT('',(181.3,4.85,3.490039840637));
#3319 = VECTOR('',#3320,1.);
#3320 = DIRECTION('',(0.,-1.,-0.));
#3321 = ORIENTED_EDGE('',*,*,#3322,.T.);
#3322 = EDGE_CURVE('',#3315,#3299,#3323,.T.);
#3323 = LINE('',#3324,#3325);
#3324 = CARTESIAN_POINT('',(181.3,30.,-3.75));
#3325 = VECTOR('',#3326,1.);
#3326 = DIRECTION('',(-0.,0.,-1.));
#3327 = FACE_BOUND('',#3328,.T.);
#3328 = EDGE_LOOP('',(#3329,#3339,#3347,#3355));
#3329 = ORIENTED_EDGE('',*,*,#3330,.T.);
#3330 = EDGE_CURVE('',#3331,#3333,#3335,.T.);
#3331 = VERTEX_POINT('',#3332);
#3332 = CARTESIAN_POINT('',(181.3,29.,4.));
#3333 = VERTEX_POINT('',#3334);
#3334 = CARTESIAN_POINT('',(181.3,14.,4.));
#3335 = LINE('',#3336,#3337);
#3336 = CARTESIAN_POINT('',(181.3,5.35,4.));
#3337 = VECTOR('',#3338,1.);
#3338 = DIRECTION('',(0.,-1.,0.));
#3339 = ORIENTED_EDGE('',*,*,#3340,.T.);
#3340 = EDGE_CURVE('',#3333,#3341,#3343,.T.);
#3341 = VERTEX_POINT('',#3342);
#3342 = CARTESIAN_POINT('',(181.3,14.,6.5));
#3343 = LINE('',#3344,#3345);
#3344 = CARTESIAN_POINT('',(181.3,14.,-2.25));
#3345 = VECTOR('',#3346,1.);
#3346 = DIRECTION('',(0.,0.,1.));
#3347 = ORIENTED_EDGE('',*,*,#3348,.F.);
#3348 = EDGE_CURVE('',#3349,#3341,#3351,.T.);
#3349 = VERTEX_POINT('',#3350);
#3350 = CARTESIAN_POINT('',(181.3,29.,6.5));
#3351 = LINE('',#3352,#3353);
#3352 = CARTESIAN_POINT('',(181.3,5.35,6.5));
#3353 = VECTOR('',#3354,1.);
#3354 = DIRECTION('',(0.,-1.,0.));
#3355 = ORIENTED_EDGE('',*,*,#3356,.F.);
#3356 = EDGE_CURVE('',#3331,#3349,#3357,.T.);
#3357 = LINE('',#3358,#3359);
#3358 = CARTESIAN_POINT('',(181.3,29.,-2.25));
#3359 = VECTOR('',#3360,1.);
#3360 = DIRECTION('',(0.,0.,1.));
#3361 = FACE_BOUND('',#3362,.T.);
#3362 = EDGE_LOOP('',(#3363,#3373,#3381,#3389));
#3363 = ORIENTED_EDGE('',*,*,#3364,.F.);
#3364 = EDGE_CURVE('',#3365,#3367,#3369,.T.);
#3365 = VERTEX_POINT('',#3366);
#3366 = CARTESIAN_POINT('',(181.3,13.,6.509960159363));
#3367 = VERTEX_POINT('',#3368);
#3368 = CARTESIAN_POINT('',(181.3,30.,6.509960159363));
#3369 = LINE('',#3370,#3371);
#3370 = CARTESIAN_POINT('',(181.3,4.85,6.509960159363));
#3371 = VECTOR('',#3372,1.);
#3372 = DIRECTION('',(0.,1.,0.));
#3373 = ORIENTED_EDGE('',*,*,#3374,.F.);
#3374 = EDGE_CURVE('',#3375,#3365,#3377,.T.);
#3375 = VERTEX_POINT('',#3376);
#3376 = CARTESIAN_POINT('',(181.3,13.,11.490039840637));
#3377 = LINE('',#3378,#3379);
#3378 = CARTESIAN_POINT('',(181.3,13.,0.25));
#3379 = VECTOR('',#3380,1.);
#3380 = DIRECTION('',(-0.,0.,-1.));
#3381 = ORIENTED_EDGE('',*,*,#3382,.F.);
#3382 = EDGE_CURVE('',#3383,#3375,#3385,.T.);
#3383 = VERTEX_POINT('',#3384);
#3384 = CARTESIAN_POINT('',(181.3,30.,11.490039840637));
#3385 = LINE('',#3386,#3387);
#3386 = CARTESIAN_POINT('',(181.3,4.85,11.490039840637));
#3387 = VECTOR('',#3388,1.);
#3388 = DIRECTION('',(0.,-1.,-0.));
#3389 = ORIENTED_EDGE('',*,*,#3390,.T.);
#3390 = EDGE_CURVE('',#3383,#3367,#3391,.T.);
#3391 = LINE('',#3392,#3393);
#3392 = CARTESIAN_POINT('',(181.3,30.,0.25));
#3393 = VECTOR('',#3394,1.);
#3394 = DIRECTION('',(-0.,0.,-1.));
#3395 = FACE_BOUND('',#3396,.T.);
#3396 = EDGE_LOOP('',(#3397,#3407,#3415,#3423));
#3397 = ORIENTED_EDGE('',*,*,#3398,.F.);
#3398 = EDGE_CURVE('',#3399,#3401,#3403,.T.);
#3399 = VERTEX_POINT('',#3400);
#3400 = CARTESIAN_POINT('',(181.3,30.19,19.609960159363));
#3401 = VERTEX_POINT('',#3402);
#3402 = CARTESIAN_POINT('',(181.3,55.33,19.609960159363));
#3403 = LINE('',#3404,#3405);
#3404 = CARTESIAN_POINT('',(181.3,13.445,19.609960159363));
#3405 = VECTOR('',#3406,1.);
#3406 = DIRECTION('',(0.,1.,0.));
#3407 = ORIENTED_EDGE('',*,*,#3408,.F.);
#3408 = EDGE_CURVE('',#3409,#3399,#3411,.T.);
#3409 = VERTEX_POINT('',#3410);
#3410 = CARTESIAN_POINT('',(181.3,30.19,24.590039840637));
#3411 = LINE('',#3412,#3413);
#3412 = CARTESIAN_POINT('',(181.3,30.19,6.8));
#3413 = VECTOR('',#3414,1.);
#3414 = DIRECTION('',(-0.,0.,-1.));
#3415 = ORIENTED_EDGE('',*,*,#3416,.F.);
#3416 = EDGE_CURVE('',#3417,#3409,#3419,.T.);
#3417 = VERTEX_POINT('',#3418);
#3418 = CARTESIAN_POINT('',(181.3,55.33,24.590039840637));
#3419 = LINE('',#3420,#3421);
#3420 = CARTESIAN_POINT('',(181.3,13.445,24.590039840637));
#3421 = VECTOR('',#3422,1.);
#3422 = DIRECTION('',(0.,-1.,-0.));
#3423 = ORIENTED_EDGE('',*,*,#3424,.T.);
#3424 = EDGE_CURVE('',#3417,#3401,#3425,.T.);
#3425 = LINE('',#3426,#3427);
#3426 = CARTESIAN_POINT('',(181.3,55.33,6.8));
#3427 = VECTOR('',#3428,1.);
#3428 = DIRECTION('',(-0.,0.,-1.));
#3429 = FACE_BOUND('',#3430,.T.);
#3430 = EDGE_LOOP('',(#3431,#3441,#3449,#3457));
#3431 = ORIENTED_EDGE('',*,*,#3432,.T.);
#3432 = EDGE_CURVE('',#3433,#3435,#3437,.T.);
#3433 = VERTEX_POINT('',#3434);
#3434 = CARTESIAN_POINT('',(181.3,29.,12.));
#3435 = VERTEX_POINT('',#3436);
#3436 = CARTESIAN_POINT('',(181.3,14.,12.));
#3437 = LINE('',#3438,#3439);
#3438 = CARTESIAN_POINT('',(181.3,5.35,12.));
#3439 = VECTOR('',#3440,1.);
#3440 = DIRECTION('',(0.,-1.,0.));
#3441 = ORIENTED_EDGE('',*,*,#3442,.T.);
#3442 = EDGE_CURVE('',#3435,#3443,#3445,.T.);
#3443 = VERTEX_POINT('',#3444);
#3444 = CARTESIAN_POINT('',(181.3,14.,14.5));
#3445 = LINE('',#3446,#3447);
#3446 = CARTESIAN_POINT('',(181.3,14.,1.75));
#3447 = VECTOR('',#3448,1.);
#3448 = DIRECTION('',(0.,0.,1.));
#3449 = ORIENTED_EDGE('',*,*,#3450,.F.);
#3450 = EDGE_CURVE('',#3451,#3443,#3453,.T.);
#3451 = VERTEX_POINT('',#3452);
#3452 = CARTESIAN_POINT('',(181.3,29.,14.5));
#3453 = LINE('',#3454,#3455);
#3454 = CARTESIAN_POINT('',(181.3,5.35,14.5));
#3455 = VECTOR('',#3456,1.);
#3456 = DIRECTION('',(0.,-1.,0.));
#3457 = ORIENTED_EDGE('',*,*,#3458,.F.);
#3458 = EDGE_CURVE('',#3433,#3451,#3459,.T.);
#3459 = LINE('',#3460,#3461);
#3460 = CARTESIAN_POINT('',(181.3,29.,1.75));
#3461 = VECTOR('',#3462,1.);
#3462 = DIRECTION('',(0.,0.,1.));
#3463 = FACE_BOUND('',#3464,.T.);
#3464 = EDGE_LOOP('',(#3465,#3475,#3483,#3491));
#3465 = ORIENTED_EDGE('',*,*,#3466,.F.);
#3466 = EDGE_CURVE('',#3467,#3469,#3471,.T.);
#3467 = VERTEX_POINT('',#3468);
#3468 = CARTESIAN_POINT('',(181.3,13.,14.509960159363));
#3469 = VERTEX_POINT('',#3470);
#3470 = CARTESIAN_POINT('',(181.3,30.,14.509960159363));
#3471 = LINE('',#3472,#3473);
#3472 = CARTESIAN_POINT('',(181.3,4.85,14.509960159363));
#3473 = VECTOR('',#3474,1.);
#3474 = DIRECTION('',(0.,1.,0.));
#3475 = ORIENTED_EDGE('',*,*,#3476,.F.);
#3476 = EDGE_CURVE('',#3477,#3467,#3479,.T.);
#3477 = VERTEX_POINT('',#3478);
#3478 = CARTESIAN_POINT('',(181.3,13.,19.490039840637));
#3479 = LINE('',#3480,#3481);
#3480 = CARTESIAN_POINT('',(181.3,13.,4.25));
#3481 = VECTOR('',#3482,1.);
#3482 = DIRECTION('',(-0.,0.,-1.));
#3483 = ORIENTED_EDGE('',*,*,#3484,.F.);
#3484 = EDGE_CURVE('',#3485,#3477,#3487,.T.);
#3485 = VERTEX_POINT('',#3486);
#3486 = CARTESIAN_POINT('',(181.3,30.,19.490039840637));
#3487 = LINE('',#3488,#3489);
#3488 = CARTESIAN_POINT('',(181.3,4.85,19.490039840637));
#3489 = VECTOR('',#3490,1.);
#3490 = DIRECTION('',(0.,-1.,-0.));
#3491 = ORIENTED_EDGE('',*,*,#3492,.T.);
#3492 = EDGE_CURVE('',#3485,#3469,#3493,.T.);
#3493 = LINE('',#3494,#3495);
#3494 = CARTESIAN_POINT('',(181.3,30.,4.25));
#3495 = VECTOR('',#3496,1.);
#3496 = DIRECTION('',(-0.,0.,-1.));
#3497 = PLANE('',#3498);
#3498 = AXIS2_PLACEMENT_3D('',#3499,#3500,#3501);
#3499 = CARTESIAN_POINT('',(181.3,-3.3,-8.5));
#3500 = DIRECTION('',(1.,0.,-0.));
#3501 = DIRECTION('',(0.,0.,1.));
#3502 = ADVANCED_FACE('',(#3503),#3547,.T.);
#3503 = FACE_BOUND('',#3504,.F.);
#3504 = EDGE_LOOP('',(#3505,#3506,#3515,#3523,#3532,#3540));
#3505 = ORIENTED_EDGE('',*,*,#2929,.F.);
#3506 = ORIENTED_EDGE('',*,*,#3507,.T.);
#3507 = EDGE_CURVE('',#2930,#3508,#3510,.T.);
#3508 = VERTEX_POINT('',#3509);
#3509 = CARTESIAN_POINT('',(177.3,-3.3,-8.5));
#3510 = CIRCLE('',#3511,4.);
#3511 = AXIS2_PLACEMENT_3D('',#3512,#3513,#3514);
#3512 = CARTESIAN_POINT('',(177.3,0.7,-8.5));
#3513 = DIRECTION('',(-0.,-0.,-1.));
#3514 = DIRECTION('',(0.,-1.,0.));
#3515 = ORIENTED_EDGE('',*,*,#3516,.T.);
#3516 = EDGE_CURVE('',#3508,#3517,#3519,.T.);
#3517 = VERTEX_POINT('',#3518);
#3518 = CARTESIAN_POINT('',(177.3,-3.3,26.5));
#3519 = LINE('',#3520,#3521);
#3520 = CARTESIAN_POINT('',(177.3,-3.3,-8.5));
#3521 = VECTOR('',#3522,1.);
#3522 = DIRECTION('',(0.,0.,1.));
#3523 = ORIENTED_EDGE('',*,*,#3524,.F.);
#3524 = EDGE_CURVE('',#3525,#3517,#3527,.T.);
#3525 = VERTEX_POINT('',#3526);
#3526 = CARTESIAN_POINT('',(181.29,0.417334119498,26.5));
#3527 = CIRCLE('',#3528,4.);
#3528 = AXIS2_PLACEMENT_3D('',#3529,#3530,#3531);
#3529 = CARTESIAN_POINT('',(177.3,0.7,26.5));
#3530 = DIRECTION('',(-0.,-0.,-1.));
#3531 = DIRECTION('',(0.,-1.,0.));
#3532 = ORIENTED_EDGE('',*,*,#3533,.F.);
#3533 = EDGE_CURVE('',#3534,#3525,#3536,.T.);
#3534 = VERTEX_POINT('',#3535);
#3535 = CARTESIAN_POINT('',(181.29,0.417334119516,9.5));
#3536 = LINE('',#3537,#3538);
#3537 = CARTESIAN_POINT('',(181.29,0.417334119498,-8.5));
#3538 = VECTOR('',#3539,1.);
#3539 = DIRECTION('',(0.,0.,1.));
#3540 = ORIENTED_EDGE('',*,*,#3541,.T.);
#3541 = EDGE_CURVE('',#3534,#2922,#3542,.T.);
#3542 = ELLIPSE('',#3543,5.653715912215,4.);
#3543 = AXIS2_PLACEMENT_3D('',#3544,#3545,#3546);
#3544 = CARTESIAN_POINT('',(177.3,0.7,5.514428412875));
#3545 = DIRECTION('',(-0.706714053268,0.,0.707499291105));
#3546 = DIRECTION('',(0.707499291105,0.,0.706714053268));
#3547 = CYLINDRICAL_SURFACE('',#3548,4.);
#3548 = AXIS2_PLACEMENT_3D('',#3549,#3550,#3551);
#3549 = CARTESIAN_POINT('',(177.3,0.7,-8.5));
#3550 = DIRECTION('',(0.,0.,1.));
#3551 = DIRECTION('',(1.,0.,-0.));
#3552 = ADVANCED_FACE('',(#3553),#3587,.F.);
#3553 = FACE_BOUND('',#3554,.F.);
#3554 = EDGE_LOOP('',(#3555,#3563,#3571,#3579,#3585,#3586));
#3555 = ORIENTED_EDGE('',*,*,#3556,.F.);
#3556 = EDGE_CURVE('',#3557,#3009,#3559,.T.);
#3557 = VERTEX_POINT('',#3558);
#3558 = CARTESIAN_POINT('',(190.3,83.8,18.5));
#3559 = LINE('',#3560,#3561);
#3560 = CARTESIAN_POINT('',(190.3,83.8,18.5));
#3561 = VECTOR('',#3562,1.);
#3562 = DIRECTION('',(-0.707499291105,0.,-0.706714053268));
#3563 = ORIENTED_EDGE('',*,*,#3564,.T.);
#3564 = EDGE_CURVE('',#3557,#3565,#3567,.T.);
#3565 = VERTEX_POINT('',#3566);
#3566 = CARTESIAN_POINT('',(190.3,93.8,18.5));
#3567 = LINE('',#3568,#3569);
#3568 = CARTESIAN_POINT('',(190.3,83.8,18.5));
#3569 = VECTOR('',#3570,1.);
#3570 = DIRECTION('',(-0.,1.,0.));
#3571 = ORIENTED_EDGE('',*,*,#3572,.T.);
#3572 = EDGE_CURVE('',#3565,#3573,#3575,.T.);
#3573 = VERTEX_POINT('',#3574);
#3574 = CARTESIAN_POINT('',(181.29,93.8,9.5));
#3575 = LINE('',#3576,#3577);
#3576 = CARTESIAN_POINT('',(190.3,93.8,18.5));
#3577 = VECTOR('',#3578,1.);
#3578 = DIRECTION('',(-0.707499291105,0.,-0.706714053268));
#3579 = ORIENTED_EDGE('',*,*,#3580,.F.);
#3580 = EDGE_CURVE('',#2881,#3573,#3581,.T.);
#3581 = LINE('',#3582,#3583);
#3582 = CARTESIAN_POINT('',(181.29,83.8,9.5));
#3583 = VECTOR('',#3584,1.);
#3584 = DIRECTION('',(0.,1.,0.));
#3585 = ORIENTED_EDGE('',*,*,#2888,.F.);
#3586 = ORIENTED_EDGE('',*,*,#3008,.T.);
#3587 = PLANE('',#3588);
#3588 = AXIS2_PLACEMENT_3D('',#3589,#3590,#3591);
#3589 = CARTESIAN_POINT('',(190.3,83.8,18.5));
#3590 = DIRECTION('',(-0.706714053268,0.,0.707499291105));
#3591 = DIRECTION('',(-0.707499291105,0.,-0.706714053268));
#3592 = ADVANCED_FACE('',(#3593),#3627,.F.);
#3593 = FACE_BOUND('',#3594,.F.);
#3594 = EDGE_LOOP('',(#3595,#3605,#3613,#3619,#3620,#3621));
#3595 = ORIENTED_EDGE('',*,*,#3596,.F.);
#3596 = EDGE_CURVE('',#3597,#3599,#3601,.T.);
#3597 = VERTEX_POINT('',#3598);
#3598 = CARTESIAN_POINT('',(190.3,0.2,18.5));
#3599 = VERTEX_POINT('',#3600);
#3600 = CARTESIAN_POINT('',(181.29,0.2,9.5));
#3601 = LINE('',#3602,#3603);
#3602 = CARTESIAN_POINT('',(190.3,0.2,18.5));
#3603 = VECTOR('',#3604,1.);
#3604 = DIRECTION('',(-0.707499291105,0.,-0.706714053268));
#3605 = ORIENTED_EDGE('',*,*,#3606,.T.);
#3606 = EDGE_CURVE('',#3597,#3607,#3609,.T.);
#3607 = VERTEX_POINT('',#3608);
#3608 = CARTESIAN_POINT('',(190.3,10.2,18.5));
#3609 = LINE('',#3610,#3611);
#3610 = CARTESIAN_POINT('',(190.3,0.2,18.5));
#3611 = VECTOR('',#3612,1.);
#3612 = DIRECTION('',(-0.,1.,0.));
#3613 = ORIENTED_EDGE('',*,*,#3614,.T.);
#3614 = EDGE_CURVE('',#3607,#2914,#3615,.T.);
#3615 = LINE('',#3616,#3617);
#3616 = CARTESIAN_POINT('',(190.3,10.2,18.5));
#3617 = VECTOR('',#3618,1.);
#3618 = DIRECTION('',(-0.707499291105,0.,-0.706714053268));
#3619 = ORIENTED_EDGE('',*,*,#2921,.T.);
#3620 = ORIENTED_EDGE('',*,*,#3541,.F.);
#3621 = ORIENTED_EDGE('',*,*,#3622,.F.);
#3622 = EDGE_CURVE('',#3599,#3534,#3623,.T.);
#3623 = LINE('',#3624,#3625);
#3624 = CARTESIAN_POINT('',(181.29,0.2,9.5));
#3625 = VECTOR('',#3626,1.);
#3626 = DIRECTION('',(0.,1.,0.));
#3627 = PLANE('',#3628);
#3628 = AXIS2_PLACEMENT_3D('',#3629,#3630,#3631);
#3629 = CARTESIAN_POINT('',(190.3,0.2,18.5));
#3630 = DIRECTION('',(-0.706714053268,0.,0.707499291105));
#3631 = DIRECTION('',(-0.707499291105,0.,-0.706714053268));
#3632 = ADVANCED_FACE('',(#3633),#3658,.F.);
#3633 = FACE_BOUND('',#3634,.F.);
#3634 = EDGE_LOOP('',(#3635,#3643,#3644,#3652));
#3635 = ORIENTED_EDGE('',*,*,#3636,.F.);
#3636 = EDGE_CURVE('',#2938,#3637,#3639,.T.);
#3637 = VERTEX_POINT('',#3638);
#3638 = CARTESIAN_POINT('',(195.3,10.,-8.5));
#3639 = LINE('',#3640,#3641);
#3640 = CARTESIAN_POINT('',(181.29,10.,-8.5));
#3641 = VECTOR('',#3642,1.);
#3642 = DIRECTION('',(1.,0.,-0.));
#3643 = ORIENTED_EDGE('',*,*,#2945,.T.);
#3644 = ORIENTED_EDGE('',*,*,#3645,.T.);
#3645 = EDGE_CURVE('',#2946,#3646,#3648,.T.);
#3646 = VERTEX_POINT('',#3647);
#3647 = CARTESIAN_POINT('',(195.3,10.,-4.5));
#3648 = LINE('',#3649,#3650);
#3649 = CARTESIAN_POINT('',(181.29,10.,-4.5));
#3650 = VECTOR('',#3651,1.);
#3651 = DIRECTION('',(1.,0.,-0.));
#3652 = ORIENTED_EDGE('',*,*,#3653,.F.);
#3653 = EDGE_CURVE('',#3637,#3646,#3654,.T.);
#3654 = LINE('',#3655,#3656);
#3655 = CARTESIAN_POINT('',(195.3,10.,-8.5));
#3656 = VECTOR('',#3657,1.);
#3657 = DIRECTION('',(0.,0.,1.));
#3658 = PLANE('',#3659);
#3659 = AXIS2_PLACEMENT_3D('',#3660,#3661,#3662);
#3660 = CARTESIAN_POINT('',(181.29,10.,-8.5));
#3661 = DIRECTION('',(-0.,1.,0.));
#3662 = DIRECTION('',(0.,0.,1.));
#3663 = ADVANCED_FACE('',(#3664),#3689,.T.);
#3664 = FACE_BOUND('',#3665,.T.);
#3665 = EDGE_LOOP('',(#3666,#3674,#3675,#3683));
#3666 = ORIENTED_EDGE('',*,*,#3667,.F.);
#3667 = EDGE_CURVE('',#2994,#3668,#3670,.T.);
#3668 = VERTEX_POINT('',#3669);
#3669 = CARTESIAN_POINT('',(195.3,84.,-8.5));
#3670 = LINE('',#3671,#3672);
#3671 = CARTESIAN_POINT('',(181.29,84.,-8.5));
#3672 = VECTOR('',#3673,1.);
#3673 = DIRECTION('',(1.,0.,-0.));
#3674 = ORIENTED_EDGE('',*,*,#2993,.T.);
#3675 = ORIENTED_EDGE('',*,*,#3676,.T.);
#3676 = EDGE_CURVE('',#2986,#3677,#3679,.T.);
#3677 = VERTEX_POINT('',#3678);
#3678 = CARTESIAN_POINT('',(195.3,84.,-4.5));
#3679 = LINE('',#3680,#3681);
#3680 = CARTESIAN_POINT('',(181.29,84.,-4.5));
#3681 = VECTOR('',#3682,1.);
#3682 = DIRECTION('',(1.,0.,-0.));
#3683 = ORIENTED_EDGE('',*,*,#3684,.F.);
#3684 = EDGE_CURVE('',#3668,#3677,#3685,.T.);
#3685 = LINE('',#3686,#3687);
#3686 = CARTESIAN_POINT('',(195.3,84.,-8.5));
#3687 = VECTOR('',#3688,1.);
#3688 = DIRECTION('',(0.,0.,1.));
#3689 = PLANE('',#3690);
#3690 = AXIS2_PLACEMENT_3D('',#3691,#3692,#3693);
#3691 = CARTESIAN_POINT('',(181.29,84.,-8.5));
#3692 = DIRECTION('',(-0.,1.,0.));
#3693 = DIRECTION('',(0.,0.,1.));
#3694 = ADVANCED_FACE('',(#3695,#3713),#3724,.T.);
#3695 = FACE_BOUND('',#3696,.T.);
#3696 = EDGE_LOOP('',(#3697,#3705,#3706,#3707));
#3697 = ORIENTED_EDGE('',*,*,#3698,.F.);
#3698 = EDGE_CURVE('',#2954,#3699,#3701,.T.);
#3699 = VERTEX_POINT('',#3700);
#3700 = CARTESIAN_POINT('',(195.3,26.,-4.5));
#3701 = LINE('',#3702,#3703);
#3702 = CARTESIAN_POINT('',(181.29,26.,-4.5));
#3703 = VECTOR('',#3704,1.);
#3704 = DIRECTION('',(1.,0.,-0.));
#3705 = ORIENTED_EDGE('',*,*,#2953,.T.);
#3706 = ORIENTED_EDGE('',*,*,#3645,.T.);
#3707 = ORIENTED_EDGE('',*,*,#3708,.T.);
#3708 = EDGE_CURVE('',#3646,#3699,#3709,.T.);
#3709 = LINE('',#3710,#3711);
#3710 = CARTESIAN_POINT('',(195.3,10.,-4.5));
#3711 = VECTOR('',#3712,1.);
#3712 = DIRECTION('',(-0.,1.,0.));
#3713 = FACE_BOUND('',#3714,.T.);
#3714 = EDGE_LOOP('',(#3715));
#3715 = ORIENTED_EDGE('',*,*,#3716,.F.);
#3716 = EDGE_CURVE('',#3717,#3717,#3719,.T.);
#3717 = VERTEX_POINT('',#3718);
#3718 = CARTESIAN_POINT('',(191.05,18.,-4.5));
#3719 = CIRCLE('',#3720,2.25);
#3720 = AXIS2_PLACEMENT_3D('',#3721,#3722,#3723);
#3721 = CARTESIAN_POINT('',(188.8,18.,-4.5));
#3722 = DIRECTION('',(0.,0.,1.));
#3723 = DIRECTION('',(1.,0.,-0.));
#3724 = PLANE('',#3725);
#3725 = AXIS2_PLACEMENT_3D('',#3726,#3727,#3728);
#3726 = CARTESIAN_POINT('',(181.29,10.,-4.5));
#3727 = DIRECTION('',(0.,0.,1.));
#3728 = DIRECTION('',(1.,0.,-0.));
#3729 = ADVANCED_FACE('',(#3730,#3748),#3759,.T.);
#3730 = FACE_BOUND('',#3731,.T.);
#3731 = EDGE_LOOP('',(#3732,#3733,#3734,#3742));
#3732 = ORIENTED_EDGE('',*,*,#3676,.F.);
#3733 = ORIENTED_EDGE('',*,*,#2985,.T.);
#3734 = ORIENTED_EDGE('',*,*,#3735,.T.);
#3735 = EDGE_CURVE('',#2978,#3736,#3738,.T.);
#3736 = VERTEX_POINT('',#3737);
#3737 = CARTESIAN_POINT('',(195.3,68.,-4.5));
#3738 = LINE('',#3739,#3740);
#3739 = CARTESIAN_POINT('',(181.29,68.,-4.5));
#3740 = VECTOR('',#3741,1.);
#3741 = DIRECTION('',(1.,0.,-0.));
#3742 = ORIENTED_EDGE('',*,*,#3743,.T.);
#3743 = EDGE_CURVE('',#3736,#3677,#3744,.T.);
#3744 = LINE('',#3745,#3746);
#3745 = CARTESIAN_POINT('',(195.3,68.,-4.5));
#3746 = VECTOR('',#3747,1.);
#3747 = DIRECTION('',(-0.,1.,0.));
#3748 = FACE_BOUND('',#3749,.T.);
#3749 = EDGE_LOOP('',(#3750));
#3750 = ORIENTED_EDGE('',*,*,#3751,.F.);
#3751 = EDGE_CURVE('',#3752,#3752,#3754,.T.);
#3752 = VERTEX_POINT('',#3753);
#3753 = CARTESIAN_POINT('',(191.05,76.,-4.5));
#3754 = CIRCLE('',#3755,2.25);
#3755 = AXIS2_PLACEMENT_3D('',#3756,#3757,#3758);
#3756 = CARTESIAN_POINT('',(188.8,76.,-4.5));
#3757 = DIRECTION('',(0.,0.,1.));
#3758 = DIRECTION('',(1.,0.,-0.));
#3759 = PLANE('',#3760);
#3760 = AXIS2_PLACEMENT_3D('',#3761,#3762,#3763);
#3761 = CARTESIAN_POINT('',(181.29,68.,-4.5));
#3762 = DIRECTION('',(0.,0.,1.));
#3763 = DIRECTION('',(1.,0.,-0.));
#3764 = ADVANCED_FACE('',(#3765),#3783,.T.);
#3765 = FACE_BOUND('',#3766,.T.);
#3766 = EDGE_LOOP('',(#3767,#3775,#3776,#3777));
#3767 = ORIENTED_EDGE('',*,*,#3768,.F.);
#3768 = EDGE_CURVE('',#2962,#3769,#3771,.T.);
#3769 = VERTEX_POINT('',#3770);
#3770 = CARTESIAN_POINT('',(195.3,26.,-8.5));
#3771 = LINE('',#3772,#3773);
#3772 = CARTESIAN_POINT('',(181.29,26.,-8.5));
#3773 = VECTOR('',#3774,1.);
#3774 = DIRECTION('',(1.,0.,-0.));
#3775 = ORIENTED_EDGE('',*,*,#2961,.T.);
#3776 = ORIENTED_EDGE('',*,*,#3698,.T.);
#3777 = ORIENTED_EDGE('',*,*,#3778,.F.);
#3778 = EDGE_CURVE('',#3769,#3699,#3779,.T.);
#3779 = LINE('',#3780,#3781);
#3780 = CARTESIAN_POINT('',(195.3,26.,-8.5));
#3781 = VECTOR('',#3782,1.);
#3782 = DIRECTION('',(0.,0.,1.));
#3783 = PLANE('',#3784);
#3784 = AXIS2_PLACEMENT_3D('',#3785,#3786,#3787);
#3785 = CARTESIAN_POINT('',(181.29,26.,-8.5));
#3786 = DIRECTION('',(-0.,1.,0.));
#3787 = DIRECTION('',(0.,0.,1.));
#3788 = ADVANCED_FACE('',(#3789),#3807,.F.);
#3789 = FACE_BOUND('',#3790,.F.);
#3790 = EDGE_LOOP('',(#3791,#3799,#3800,#3801));
#3791 = ORIENTED_EDGE('',*,*,#3792,.F.);
#3792 = EDGE_CURVE('',#2970,#3793,#3795,.T.);
#3793 = VERTEX_POINT('',#3794);
#3794 = CARTESIAN_POINT('',(195.3,68.,-8.5));
#3795 = LINE('',#3796,#3797);
#3796 = CARTESIAN_POINT('',(181.29,68.,-8.5));
#3797 = VECTOR('',#3798,1.);
#3798 = DIRECTION('',(1.,0.,-0.));
#3799 = ORIENTED_EDGE('',*,*,#2977,.T.);
#3800 = ORIENTED_EDGE('',*,*,#3735,.T.);
#3801 = ORIENTED_EDGE('',*,*,#3802,.F.);
#3802 = EDGE_CURVE('',#3793,#3736,#3803,.T.);
#3803 = LINE('',#3804,#3805);
#3804 = CARTESIAN_POINT('',(195.3,68.,-8.5));
#3805 = VECTOR('',#3806,1.);
#3806 = DIRECTION('',(0.,0.,1.));
#3807 = PLANE('',#3808);
#3808 = AXIS2_PLACEMENT_3D('',#3809,#3810,#3811);
#3809 = CARTESIAN_POINT('',(181.29,68.,-8.5));
#3810 = DIRECTION('',(-0.,1.,0.));
#3811 = DIRECTION('',(0.,0.,1.));
#3812 = ADVANCED_FACE('',(#3813),#3838,.T.);
#3813 = FACE_BOUND('',#3814,.T.);
#3814 = EDGE_LOOP('',(#3815,#3823,#3831,#3837));
#3815 = ORIENTED_EDGE('',*,*,#3816,.F.);
#3816 = EDGE_CURVE('',#3817,#3025,#3819,.T.);
#3817 = VERTEX_POINT('',#3818);
#3818 = CARTESIAN_POINT('',(178.8,80.,-4.));
#3819 = LINE('',#3820,#3821);
#3820 = CARTESIAN_POINT('',(178.2,80.,-4.));
#3821 = VECTOR('',#3822,1.);
#3822 = DIRECTION('',(1.,0.,-0.));
#3823 = ORIENTED_EDGE('',*,*,#3824,.T.);
#3824 = EDGE_CURVE('',#3817,#3825,#3827,.T.);
#3825 = VERTEX_POINT('',#3826);
#3826 = CARTESIAN_POINT('',(178.8,57.,-4.));
#3827 = LINE('',#3828,#3829);
#3828 = CARTESIAN_POINT('',(178.8,28.1,-4.));
#3829 = VECTOR('',#3830,1.);
#3830 = DIRECTION('',(0.,-1.,0.));
#3831 = ORIENTED_EDGE('',*,*,#3832,.T.);
#3832 = EDGE_CURVE('',#3825,#3027,#3833,.T.);
#3833 = LINE('',#3834,#3835);
#3834 = CARTESIAN_POINT('',(178.2,57.,-4.));
#3835 = VECTOR('',#3836,1.);
#3836 = DIRECTION('',(1.,0.,-0.));
#3837 = ORIENTED_EDGE('',*,*,#3024,.F.);
#3838 = PLANE('',#3839);
#3839 = AXIS2_PLACEMENT_3D('',#3840,#3841,#3842);
#3840 = CARTESIAN_POINT('',(178.2,57.,-4.));
#3841 = DIRECTION('',(0.,0.,1.));
#3842 = DIRECTION('',(1.,0.,-0.));
#3843 = ADVANCED_FACE('',(#3844),#3870,.F.);
#3844 = FACE_BOUND('',#3845,.T.);
#3845 = EDGE_LOOP('',(#3846,#3854,#3855,#3863));
#3846 = ORIENTED_EDGE('',*,*,#3847,.F.);
#3847 = EDGE_CURVE('',#2694,#3848,#3850,.T.);
#3848 = VERTEX_POINT('',#3849);
#3849 = CARTESIAN_POINT('',(178.8,0.7,26.5));
#3850 = LINE('',#3851,#3852);
#3851 = CARTESIAN_POINT('',(178.8,0.7,-6.));
#3852 = VECTOR('',#3853,1.);
#3853 = DIRECTION('',(0.,0.,1.));
#3854 = ORIENTED_EDGE('',*,*,#2693,.T.);
#3855 = ORIENTED_EDGE('',*,*,#3856,.T.);
#3856 = EDGE_CURVE('',#2686,#3857,#3859,.T.);
#3857 = VERTEX_POINT('',#3858);
#3858 = CARTESIAN_POINT('',(177.3,-0.8,26.5));
#3859 = LINE('',#3860,#3861);
#3860 = CARTESIAN_POINT('',(177.3,-0.8,-6.));
#3861 = VECTOR('',#3862,1.);
#3862 = DIRECTION('',(0.,0.,1.));
#3863 = ORIENTED_EDGE('',*,*,#3864,.T.);
#3864 = EDGE_CURVE('',#3857,#3848,#3865,.T.);
#3865 = CIRCLE('',#3866,1.5);
#3866 = AXIS2_PLACEMENT_3D('',#3867,#3868,#3869);
#3867 = CARTESIAN_POINT('',(177.3,0.7,26.5));
#3868 = DIRECTION('',(0.,0.,1.));
#3869 = DIRECTION('',(1.,0.,-0.));
#3870 = CYLINDRICAL_SURFACE('',#3871,1.5);
#3871 = AXIS2_PLACEMENT_3D('',#3872,#3873,#3874);
#3872 = CARTESIAN_POINT('',(177.3,0.7,-6.));
#3873 = DIRECTION('',(0.,0.,1.));
#3874 = DIRECTION('',(1.,0.,-0.));
#3875 = ADVANCED_FACE('',(#3876,#3894,#3919,#3953,#3987,#4021,#4055,
    #4089),#4123,.F.);
#3876 = FACE_BOUND('',#3877,.F.);
#3877 = EDGE_LOOP('',(#3878,#3886,#3887,#3888));
#3878 = ORIENTED_EDGE('',*,*,#3879,.F.);
#3879 = EDGE_CURVE('',#3848,#3880,#3882,.T.);
#3880 = VERTEX_POINT('',#3881);
#3881 = CARTESIAN_POINT('',(178.8,93.3,26.5));
#3882 = LINE('',#3883,#3884);
#3883 = CARTESIAN_POINT('',(178.8,-2.05,26.5));
#3884 = VECTOR('',#3885,1.);
#3885 = DIRECTION('',(-0.,1.,0.));
#3886 = ORIENTED_EDGE('',*,*,#3847,.F.);
#3887 = ORIENTED_EDGE('',*,*,#2702,.T.);
#3888 = ORIENTED_EDGE('',*,*,#3889,.T.);
#3889 = EDGE_CURVE('',#2703,#3880,#3890,.T.);
#3890 = LINE('',#3891,#3892);
#3891 = CARTESIAN_POINT('',(178.8,93.3,-6.));
#3892 = VECTOR('',#3893,1.);
#3893 = DIRECTION('',(0.,0.,1.));
#3894 = FACE_BOUND('',#3895,.F.);
#3895 = EDGE_LOOP('',(#3896,#3897,#3905,#3913));
#3896 = ORIENTED_EDGE('',*,*,#3824,.T.);
#3897 = ORIENTED_EDGE('',*,*,#3898,.T.);
#3898 = EDGE_CURVE('',#3825,#3899,#3901,.T.);
#3899 = VERTEX_POINT('',#3900);
#3900 = CARTESIAN_POINT('',(178.8,57.,-1.5));
#3901 = LINE('',#3902,#3903);
#3902 = CARTESIAN_POINT('',(178.8,57.,-5.));
#3903 = VECTOR('',#3904,1.);
#3904 = DIRECTION('',(0.,0.,1.));
#3905 = ORIENTED_EDGE('',*,*,#3906,.F.);
#3906 = EDGE_CURVE('',#3907,#3899,#3909,.T.);
#3907 = VERTEX_POINT('',#3908);
#3908 = CARTESIAN_POINT('',(178.8,80.,-1.5));
#3909 = LINE('',#3910,#3911);
#3910 = CARTESIAN_POINT('',(178.8,28.1,-1.5));
#3911 = VECTOR('',#3912,1.);
#3912 = DIRECTION('',(0.,-1.,0.));
#3913 = ORIENTED_EDGE('',*,*,#3914,.F.);
#3914 = EDGE_CURVE('',#3817,#3907,#3915,.T.);
#3915 = LINE('',#3916,#3917);
#3916 = CARTESIAN_POINT('',(178.8,80.,-5.));
#3917 = VECTOR('',#3918,1.);
#3918 = DIRECTION('',(0.,0.,1.));
#3919 = FACE_BOUND('',#3920,.F.);
#3920 = EDGE_LOOP('',(#3921,#3931,#3939,#3947));
#3921 = ORIENTED_EDGE('',*,*,#3922,.T.);
#3922 = EDGE_CURVE('',#3923,#3925,#3927,.T.);
#3923 = VERTEX_POINT('',#3924);
#3924 = CARTESIAN_POINT('',(178.8,80.,4.));
#3925 = VERTEX_POINT('',#3926);
#3926 = CARTESIAN_POINT('',(178.8,57.,4.));
#3927 = LINE('',#3928,#3929);
#3928 = CARTESIAN_POINT('',(178.8,28.1,4.));
#3929 = VECTOR('',#3930,1.);
#3930 = DIRECTION('',(0.,-1.,0.));
#3931 = ORIENTED_EDGE('',*,*,#3932,.T.);
#3932 = EDGE_CURVE('',#3925,#3933,#3935,.T.);
#3933 = VERTEX_POINT('',#3934);
#3934 = CARTESIAN_POINT('',(178.8,57.,6.5));
#3935 = LINE('',#3936,#3937);
#3936 = CARTESIAN_POINT('',(178.8,57.,-1.));
#3937 = VECTOR('',#3938,1.);
#3938 = DIRECTION('',(0.,0.,1.));
#3939 = ORIENTED_EDGE('',*,*,#3940,.F.);
#3940 = EDGE_CURVE('',#3941,#3933,#3943,.T.);
#3941 = VERTEX_POINT('',#3942);
#3942 = CARTESIAN_POINT('',(178.8,80.,6.5));
#3943 = LINE('',#3944,#3945);
#3944 = CARTESIAN_POINT('',(178.8,28.1,6.5));
#3945 = VECTOR('',#3946,1.);
#3946 = DIRECTION('',(0.,-1.,0.));
#3947 = ORIENTED_EDGE('',*,*,#3948,.F.);
#3948 = EDGE_CURVE('',#3923,#3941,#3949,.T.);
#3949 = LINE('',#3950,#3951);
#3950 = CARTESIAN_POINT('',(178.8,80.,-1.));
#3951 = VECTOR('',#3952,1.);
#3952 = DIRECTION('',(0.,0.,1.));
#3953 = FACE_BOUND('',#3954,.F.);
#3954 = EDGE_LOOP('',(#3955,#3965,#3973,#3981));
#3955 = ORIENTED_EDGE('',*,*,#3956,.T.);
#3956 = EDGE_CURVE('',#3957,#3959,#3961,.T.);
#3957 = VERTEX_POINT('',#3958);
#3958 = CARTESIAN_POINT('',(178.8,80.,12.));
#3959 = VERTEX_POINT('',#3960);
#3960 = CARTESIAN_POINT('',(178.8,57.,12.));
#3961 = LINE('',#3962,#3963);
#3962 = CARTESIAN_POINT('',(178.8,28.1,12.));
#3963 = VECTOR('',#3964,1.);
#3964 = DIRECTION('',(0.,-1.,0.));
#3965 = ORIENTED_EDGE('',*,*,#3966,.T.);
#3966 = EDGE_CURVE('',#3959,#3967,#3969,.T.);
#3967 = VERTEX_POINT('',#3968);
#3968 = CARTESIAN_POINT('',(178.8,57.,14.5));
#3969 = LINE('',#3970,#3971);
#3970 = CARTESIAN_POINT('',(178.8,57.,3.));
#3971 = VECTOR('',#3972,1.);
#3972 = DIRECTION('',(0.,0.,1.));
#3973 = ORIENTED_EDGE('',*,*,#3974,.F.);
#3974 = EDGE_CURVE('',#3975,#3967,#3977,.T.);
#3975 = VERTEX_POINT('',#3976);
#3976 = CARTESIAN_POINT('',(178.8,80.,14.5));
#3977 = LINE('',#3978,#3979);
#3978 = CARTESIAN_POINT('',(178.8,28.1,14.5));
#3979 = VECTOR('',#3980,1.);
#3980 = DIRECTION('',(0.,-1.,0.));
#3981 = ORIENTED_EDGE('',*,*,#3982,.F.);
#3982 = EDGE_CURVE('',#3957,#3975,#3983,.T.);
#3983 = LINE('',#3984,#3985);
#3984 = CARTESIAN_POINT('',(178.8,80.,3.));
#3985 = VECTOR('',#3986,1.);
#3986 = DIRECTION('',(0.,0.,1.));
#3987 = FACE_BOUND('',#3988,.F.);
#3988 = EDGE_LOOP('',(#3989,#3999,#4007,#4015));
#3989 = ORIENTED_EDGE('',*,*,#3990,.T.);
#3990 = EDGE_CURVE('',#3991,#3993,#3995,.T.);
#3991 = VERTEX_POINT('',#3992);
#3992 = CARTESIAN_POINT('',(178.8,29.,-4.));
#3993 = VERTEX_POINT('',#3994);
#3994 = CARTESIAN_POINT('',(178.8,14.,-4.));
#3995 = LINE('',#3996,#3997);
#3996 = CARTESIAN_POINT('',(178.8,6.6,-4.));
#3997 = VECTOR('',#3998,1.);
#3998 = DIRECTION('',(0.,-1.,0.));
#3999 = ORIENTED_EDGE('',*,*,#4000,.T.);
#4000 = EDGE_CURVE('',#3993,#4001,#4003,.T.);
#4001 = VERTEX_POINT('',#4002);
#4002 = CARTESIAN_POINT('',(178.8,14.,-1.5));
#4003 = LINE('',#4004,#4005);
#4004 = CARTESIAN_POINT('',(178.8,14.,-5.));
#4005 = VECTOR('',#4006,1.);
#4006 = DIRECTION('',(0.,0.,1.));
#4007 = ORIENTED_EDGE('',*,*,#4008,.F.);
#4008 = EDGE_CURVE('',#4009,#4001,#4011,.T.);
#4009 = VERTEX_POINT('',#4010);
#4010 = CARTESIAN_POINT('',(178.8,29.,-1.5));
#4011 = LINE('',#4012,#4013);
#4012 = CARTESIAN_POINT('',(178.8,6.6,-1.5));
#4013 = VECTOR('',#4014,1.);
#4014 = DIRECTION('',(0.,-1.,0.));
#4015 = ORIENTED_EDGE('',*,*,#4016,.F.);
#4016 = EDGE_CURVE('',#3991,#4009,#4017,.T.);
#4017 = LINE('',#4018,#4019);
#4018 = CARTESIAN_POINT('',(178.8,29.,-5.));
#4019 = VECTOR('',#4020,1.);
#4020 = DIRECTION('',(0.,0.,1.));
#4021 = FACE_BOUND('',#4022,.F.);
#4022 = EDGE_LOOP('',(#4023,#4033,#4041,#4049));
#4023 = ORIENTED_EDGE('',*,*,#4024,.T.);
#4024 = EDGE_CURVE('',#4025,#4027,#4029,.T.);
#4025 = VERTEX_POINT('',#4026);
#4026 = CARTESIAN_POINT('',(178.8,29.,4.));
#4027 = VERTEX_POINT('',#4028);
#4028 = CARTESIAN_POINT('',(178.8,14.,4.));
#4029 = LINE('',#4030,#4031);
#4030 = CARTESIAN_POINT('',(178.8,6.6,4.));
#4031 = VECTOR('',#4032,1.);
#4032 = DIRECTION('',(0.,-1.,0.));
#4033 = ORIENTED_EDGE('',*,*,#4034,.T.);
#4034 = EDGE_CURVE('',#4027,#4035,#4037,.T.);
#4035 = VERTEX_POINT('',#4036);
#4036 = CARTESIAN_POINT('',(178.8,14.,6.5));
#4037 = LINE('',#4038,#4039);
#4038 = CARTESIAN_POINT('',(178.8,14.,-1.));
#4039 = VECTOR('',#4040,1.);
#4040 = DIRECTION('',(0.,0.,1.));
#4041 = ORIENTED_EDGE('',*,*,#4042,.F.);
#4042 = EDGE_CURVE('',#4043,#4035,#4045,.T.);
#4043 = VERTEX_POINT('',#4044);
#4044 = CARTESIAN_POINT('',(178.8,29.,6.5));
#4045 = LINE('',#4046,#4047);
#4046 = CARTESIAN_POINT('',(178.8,6.6,6.5));
#4047 = VECTOR('',#4048,1.);
#4048 = DIRECTION('',(0.,-1.,0.));
#4049 = ORIENTED_EDGE('',*,*,#4050,.F.);
#4050 = EDGE_CURVE('',#4025,#4043,#4051,.T.);
#4051 = LINE('',#4052,#4053);
#4052 = CARTESIAN_POINT('',(178.8,29.,-1.));
#4053 = VECTOR('',#4054,1.);
#4054 = DIRECTION('',(0.,0.,1.));
#4055 = FACE_BOUND('',#4056,.F.);
#4056 = EDGE_LOOP('',(#4057,#4067,#4075,#4083));
#4057 = ORIENTED_EDGE('',*,*,#4058,.T.);
#4058 = EDGE_CURVE('',#4059,#4061,#4063,.T.);
#4059 = VERTEX_POINT('',#4060);
#4060 = CARTESIAN_POINT('',(178.8,54.33,-0.4));
#4061 = VERTEX_POINT('',#4062);
#4062 = CARTESIAN_POINT('',(178.8,31.19,-0.4));
#4063 = LINE('',#4064,#4065);
#4064 = CARTESIAN_POINT('',(178.8,15.195,-0.4));
#4065 = VECTOR('',#4066,1.);
#4066 = DIRECTION('',(0.,-1.,0.));
#4067 = ORIENTED_EDGE('',*,*,#4068,.T.);
#4068 = EDGE_CURVE('',#4061,#4069,#4071,.T.);
#4069 = VERTEX_POINT('',#4070);
#4070 = CARTESIAN_POINT('',(178.8,31.19,19.6));
#4071 = LINE('',#4072,#4073);
#4072 = CARTESIAN_POINT('',(178.8,31.19,-3.2));
#4073 = VECTOR('',#4074,1.);
#4074 = DIRECTION('',(0.,0.,1.));
#4075 = ORIENTED_EDGE('',*,*,#4076,.F.);
#4076 = EDGE_CURVE('',#4077,#4069,#4079,.T.);
#4077 = VERTEX_POINT('',#4078);
#4078 = CARTESIAN_POINT('',(178.8,54.33,19.6));
#4079 = LINE('',#4080,#4081);
#4080 = CARTESIAN_POINT('',(178.8,15.195,19.6));
#4081 = VECTOR('',#4082,1.);
#4082 = DIRECTION('',(0.,-1.,0.));
#4083 = ORIENTED_EDGE('',*,*,#4084,.F.);
#4084 = EDGE_CURVE('',#4059,#4077,#4085,.T.);
#4085 = LINE('',#4086,#4087);
#4086 = CARTESIAN_POINT('',(178.8,54.33,-3.2));
#4087 = VECTOR('',#4088,1.);
#4088 = DIRECTION('',(0.,0.,1.));
#4089 = FACE_BOUND('',#4090,.F.);
#4090 = EDGE_LOOP('',(#4091,#4101,#4109,#4117));
#4091 = ORIENTED_EDGE('',*,*,#4092,.T.);
#4092 = EDGE_CURVE('',#4093,#4095,#4097,.T.);
#4093 = VERTEX_POINT('',#4094);
#4094 = CARTESIAN_POINT('',(178.8,29.,12.));
#4095 = VERTEX_POINT('',#4096);
#4096 = CARTESIAN_POINT('',(178.8,14.,12.));
#4097 = LINE('',#4098,#4099);
#4098 = CARTESIAN_POINT('',(178.8,6.6,12.));
#4099 = VECTOR('',#4100,1.);
#4100 = DIRECTION('',(0.,-1.,0.));
#4101 = ORIENTED_EDGE('',*,*,#4102,.T.);
#4102 = EDGE_CURVE('',#4095,#4103,#4105,.T.);
#4103 = VERTEX_POINT('',#4104);
#4104 = CARTESIAN_POINT('',(178.8,14.,14.5));
#4105 = LINE('',#4106,#4107);
#4106 = CARTESIAN_POINT('',(178.8,14.,3.));
#4107 = VECTOR('',#4108,1.);
#4108 = DIRECTION('',(0.,0.,1.));
#4109 = ORIENTED_EDGE('',*,*,#4110,.F.);
#4110 = EDGE_CURVE('',#4111,#4103,#4113,.T.);
#4111 = VERTEX_POINT('',#4112);
#4112 = CARTESIAN_POINT('',(178.8,29.,14.5));
#4113 = LINE('',#4114,#4115);
#4114 = CARTESIAN_POINT('',(178.8,6.6,14.5));
#4115 = VECTOR('',#4116,1.);
#4116 = DIRECTION('',(0.,-1.,0.));
#4117 = ORIENTED_EDGE('',*,*,#4118,.F.);
#4118 = EDGE_CURVE('',#4093,#4111,#4119,.T.);
#4119 = LINE('',#4120,#4121);
#4120 = CARTESIAN_POINT('',(178.8,29.,3.));
#4121 = VECTOR('',#4122,1.);
#4122 = DIRECTION('',(0.,0.,1.));
#4123 = PLANE('',#4124);
#4124 = AXIS2_PLACEMENT_3D('',#4125,#4126,#4127);
#4125 = CARTESIAN_POINT('',(178.8,-0.8,-6.));
#4126 = DIRECTION('',(1.,0.,-0.));
#4127 = DIRECTION('',(0.,0.,1.));
#4128 = ADVANCED_FACE('',(#4129),#4148,.F.);
#4129 = FACE_BOUND('',#4130,.F.);
#4130 = EDGE_LOOP('',(#4131,#4132,#4133,#4141));
#4131 = ORIENTED_EDGE('',*,*,#3889,.F.);
#4132 = ORIENTED_EDGE('',*,*,#2710,.T.);
#4133 = ORIENTED_EDGE('',*,*,#4134,.T.);
#4134 = EDGE_CURVE('',#2711,#4135,#4137,.T.);
#4135 = VERTEX_POINT('',#4136);
#4136 = CARTESIAN_POINT('',(177.3,94.8,26.5));
#4137 = LINE('',#4138,#4139);
#4138 = CARTESIAN_POINT('',(177.3,94.8,-6.));
#4139 = VECTOR('',#4140,1.);
#4140 = DIRECTION('',(0.,0.,1.));
#4141 = ORIENTED_EDGE('',*,*,#4142,.F.);
#4142 = EDGE_CURVE('',#3880,#4135,#4143,.T.);
#4143 = CIRCLE('',#4144,1.5);
#4144 = AXIS2_PLACEMENT_3D('',#4145,#4146,#4147);
#4145 = CARTESIAN_POINT('',(177.3,93.3,26.5));
#4146 = DIRECTION('',(0.,0.,1.));
#4147 = DIRECTION('',(1.,0.,-0.));
#4148 = CYLINDRICAL_SURFACE('',#4149,1.5);
#4149 = AXIS2_PLACEMENT_3D('',#4150,#4151,#4152);
#4150 = CARTESIAN_POINT('',(177.3,93.3,-6.));
#4151 = DIRECTION('',(0.,0.,1.));
#4152 = DIRECTION('',(1.,0.,-0.));
#4153 = ADVANCED_FACE('',(#4154),#4165,.F.);
#4154 = FACE_BOUND('',#4155,.F.);
#4155 = EDGE_LOOP('',(#4156,#4157,#4158,#4164));
#4156 = ORIENTED_EDGE('',*,*,#3816,.F.);
#4157 = ORIENTED_EDGE('',*,*,#3914,.T.);
#4158 = ORIENTED_EDGE('',*,*,#4159,.T.);
#4159 = EDGE_CURVE('',#3907,#3043,#4160,.T.);
#4160 = LINE('',#4161,#4162);
#4161 = CARTESIAN_POINT('',(178.2,80.,-1.5));
#4162 = VECTOR('',#4163,1.);
#4163 = DIRECTION('',(1.,0.,-0.));
#4164 = ORIENTED_EDGE('',*,*,#3050,.F.);
#4165 = PLANE('',#4166);
#4166 = AXIS2_PLACEMENT_3D('',#4167,#4168,#4169);
#4167 = CARTESIAN_POINT('',(178.2,80.,-4.));
#4168 = DIRECTION('',(-0.,1.,0.));
#4169 = DIRECTION('',(0.,0.,1.));
#4170 = ADVANCED_FACE('',(#4171),#4182,.T.);
#4171 = FACE_BOUND('',#4172,.T.);
#4172 = EDGE_LOOP('',(#4173,#4174,#4175,#4181));
#4173 = ORIENTED_EDGE('',*,*,#3832,.F.);
#4174 = ORIENTED_EDGE('',*,*,#3898,.T.);
#4175 = ORIENTED_EDGE('',*,*,#4176,.T.);
#4176 = EDGE_CURVE('',#3899,#3035,#4177,.T.);
#4177 = LINE('',#4178,#4179);
#4178 = CARTESIAN_POINT('',(178.2,57.,-1.5));
#4179 = VECTOR('',#4180,1.);
#4180 = DIRECTION('',(1.,0.,-0.));
#4181 = ORIENTED_EDGE('',*,*,#3034,.F.);
#4182 = PLANE('',#4183);
#4183 = AXIS2_PLACEMENT_3D('',#4184,#4185,#4186);
#4184 = CARTESIAN_POINT('',(178.2,57.,-4.));
#4185 = DIRECTION('',(-0.,1.,0.));
#4186 = DIRECTION('',(0.,0.,1.));
#4187 = ADVANCED_FACE('',(#4188),#4194,.F.);
#4188 = FACE_BOUND('',#4189,.F.);
#4189 = EDGE_LOOP('',(#4190,#4191,#4192,#4193));
#4190 = ORIENTED_EDGE('',*,*,#4159,.F.);
#4191 = ORIENTED_EDGE('',*,*,#3906,.T.);
#4192 = ORIENTED_EDGE('',*,*,#4176,.T.);
#4193 = ORIENTED_EDGE('',*,*,#3042,.F.);
#4194 = PLANE('',#4195);
#4195 = AXIS2_PLACEMENT_3D('',#4196,#4197,#4198);
#4196 = CARTESIAN_POINT('',(178.2,57.,-1.5));
#4197 = DIRECTION('',(0.,0.,1.));
#4198 = DIRECTION('',(1.,0.,-0.));
#4199 = ADVANCED_FACE('',(#4200),#4225,.T.);
#4200 = FACE_BOUND('',#4201,.T.);
#4201 = EDGE_LOOP('',(#4202,#4210,#4211,#4219));
#4202 = ORIENTED_EDGE('',*,*,#4203,.F.);
#4203 = EDGE_CURVE('',#3059,#4204,#4206,.T.);
#4204 = VERTEX_POINT('',#4205);
#4205 = CARTESIAN_POINT('',(183.8,56.,1.));
#4206 = LINE('',#4207,#4208);
#4207 = CARTESIAN_POINT('',(181.29,56.,-1.5));
#4208 = VECTOR('',#4209,1.);
#4209 = DIRECTION('',(0.708516760586,0.,0.705693984648));
#4210 = ORIENTED_EDGE('',*,*,#3058,.T.);
#4211 = ORIENTED_EDGE('',*,*,#4212,.T.);
#4212 = EDGE_CURVE('',#3061,#4213,#4215,.T.);
#4213 = VERTEX_POINT('',#4214);
#4214 = CARTESIAN_POINT('',(183.8,81.,1.));
#4215 = LINE('',#4216,#4217);
#4216 = CARTESIAN_POINT('',(181.29,81.,-1.5));
#4217 = VECTOR('',#4218,1.);
#4218 = DIRECTION('',(0.708516760586,0.,0.705693984648));
#4219 = ORIENTED_EDGE('',*,*,#4220,.F.);
#4220 = EDGE_CURVE('',#4204,#4213,#4221,.T.);
#4221 = LINE('',#4222,#4223);
#4222 = CARTESIAN_POINT('',(183.8,56.,1.));
#4223 = VECTOR('',#4224,1.);
#4224 = DIRECTION('',(0.,1.,0.));
#4225 = PLANE('',#4226);
#4226 = AXIS2_PLACEMENT_3D('',#4227,#4228,#4229);
#4227 = CARTESIAN_POINT('',(181.29,56.,-1.5));
#4228 = DIRECTION('',(0.705693984648,0.,-0.708516760586));
#4229 = DIRECTION('',(0.708516760586,0.,0.705693984648));
#4230 = ADVANCED_FACE('',(#4231),#4241,.T.);
#4231 = FACE_BOUND('',#4232,.T.);
#4232 = EDGE_LOOP('',(#4233,#4234,#4235));
#4233 = ORIENTED_EDGE('',*,*,#3068,.T.);
#4234 = ORIENTED_EDGE('',*,*,#4203,.T.);
#4235 = ORIENTED_EDGE('',*,*,#4236,.T.);
#4236 = EDGE_CURVE('',#4204,#3069,#4237,.T.);
#4237 = LINE('',#4238,#4239);
#4238 = CARTESIAN_POINT('',(183.8,56.,1.));
#4239 = VECTOR('',#4240,1.);
#4240 = DIRECTION('',(-0.708516760586,0.,0.705693984648));
#4241 = PLANE('',#4242);
#4242 = AXIS2_PLACEMENT_3D('',#4243,#4244,#4245);
#4243 = CARTESIAN_POINT('',(182.02577090105,56.,1.));
#4244 = DIRECTION('',(-0.,-1.,-0.));
#4245 = DIRECTION('',(0.,0.,-1.));
#4246 = ADVANCED_FACE('',(#4247),#4257,.F.);
#4247 = FACE_BOUND('',#4248,.F.);
#4248 = EDGE_LOOP('',(#4249,#4250,#4251));
#4249 = ORIENTED_EDGE('',*,*,#3084,.T.);
#4250 = ORIENTED_EDGE('',*,*,#4212,.T.);
#4251 = ORIENTED_EDGE('',*,*,#4252,.T.);
#4252 = EDGE_CURVE('',#4213,#3077,#4253,.T.);
#4253 = LINE('',#4254,#4255);
#4254 = CARTESIAN_POINT('',(183.8,81.,1.));
#4255 = VECTOR('',#4256,1.);
#4256 = DIRECTION('',(-0.708516760586,0.,0.705693984648));
#4257 = PLANE('',#4258);
#4258 = AXIS2_PLACEMENT_3D('',#4259,#4260,#4261);
#4259 = CARTESIAN_POINT('',(182.02577090105,81.,1.));
#4260 = DIRECTION('',(-0.,-1.,-0.));
#4261 = DIRECTION('',(0.,0.,-1.));
#4262 = ADVANCED_FACE('',(#4263),#4269,.T.);
#4263 = FACE_BOUND('',#4264,.T.);
#4264 = EDGE_LOOP('',(#4265,#4266,#4267,#4268));
#4265 = ORIENTED_EDGE('',*,*,#4236,.F.);
#4266 = ORIENTED_EDGE('',*,*,#4220,.T.);
#4267 = ORIENTED_EDGE('',*,*,#4252,.T.);
#4268 = ORIENTED_EDGE('',*,*,#3076,.T.);
#4269 = PLANE('',#4270);
#4270 = AXIS2_PLACEMENT_3D('',#4271,#4272,#4273);
#4271 = CARTESIAN_POINT('',(183.8,56.,1.));
#4272 = DIRECTION('',(0.705693984648,-0.,0.708516760586));
#4273 = DIRECTION('',(-0.708516760586,0.,0.705693984648));
#4274 = ADVANCED_FACE('',(#4275),#4291,.T.);
#4275 = FACE_BOUND('',#4276,.T.);
#4276 = EDGE_LOOP('',(#4277,#4283,#4284,#4290));
#4277 = ORIENTED_EDGE('',*,*,#4278,.F.);
#4278 = EDGE_CURVE('',#3923,#3093,#4279,.T.);
#4279 = LINE('',#4280,#4281);
#4280 = CARTESIAN_POINT('',(178.2,80.,4.));
#4281 = VECTOR('',#4282,1.);
#4282 = DIRECTION('',(1.,0.,-0.));
#4283 = ORIENTED_EDGE('',*,*,#3922,.T.);
#4284 = ORIENTED_EDGE('',*,*,#4285,.T.);
#4285 = EDGE_CURVE('',#3925,#3095,#4286,.T.);
#4286 = LINE('',#4287,#4288);
#4287 = CARTESIAN_POINT('',(178.2,57.,4.));
#4288 = VECTOR('',#4289,1.);
#4289 = DIRECTION('',(1.,0.,-0.));
#4290 = ORIENTED_EDGE('',*,*,#3092,.F.);
#4291 = PLANE('',#4292);
#4292 = AXIS2_PLACEMENT_3D('',#4293,#4294,#4295);
#4293 = CARTESIAN_POINT('',(178.2,57.,4.));
#4294 = DIRECTION('',(0.,0.,1.));
#4295 = DIRECTION('',(1.,0.,-0.));
#4296 = ADVANCED_FACE('',(#4297),#4308,.F.);
#4297 = FACE_BOUND('',#4298,.F.);
#4298 = EDGE_LOOP('',(#4299,#4300,#4301,#4307));
#4299 = ORIENTED_EDGE('',*,*,#4278,.F.);
#4300 = ORIENTED_EDGE('',*,*,#3948,.T.);
#4301 = ORIENTED_EDGE('',*,*,#4302,.T.);
#4302 = EDGE_CURVE('',#3941,#3111,#4303,.T.);
#4303 = LINE('',#4304,#4305);
#4304 = CARTESIAN_POINT('',(178.2,80.,6.5));
#4305 = VECTOR('',#4306,1.);
#4306 = DIRECTION('',(1.,0.,-0.));
#4307 = ORIENTED_EDGE('',*,*,#3118,.F.);
#4308 = PLANE('',#4309);
#4309 = AXIS2_PLACEMENT_3D('',#4310,#4311,#4312);
#4310 = CARTESIAN_POINT('',(178.2,80.,4.));
#4311 = DIRECTION('',(-0.,1.,0.));
#4312 = DIRECTION('',(0.,0.,1.));
#4313 = ADVANCED_FACE('',(#4314),#4325,.T.);
#4314 = FACE_BOUND('',#4315,.T.);
#4315 = EDGE_LOOP('',(#4316,#4317,#4318,#4324));
#4316 = ORIENTED_EDGE('',*,*,#4285,.F.);
#4317 = ORIENTED_EDGE('',*,*,#3932,.T.);
#4318 = ORIENTED_EDGE('',*,*,#4319,.T.);
#4319 = EDGE_CURVE('',#3933,#3103,#4320,.T.);
#4320 = LINE('',#4321,#4322);
#4321 = CARTESIAN_POINT('',(178.2,57.,6.5));
#4322 = VECTOR('',#4323,1.);
#4323 = DIRECTION('',(1.,0.,-0.));
#4324 = ORIENTED_EDGE('',*,*,#3102,.F.);
#4325 = PLANE('',#4326);
#4326 = AXIS2_PLACEMENT_3D('',#4327,#4328,#4329);
#4327 = CARTESIAN_POINT('',(178.2,57.,4.));
#4328 = DIRECTION('',(-0.,1.,0.));
#4329 = DIRECTION('',(0.,0.,1.));
#4330 = ADVANCED_FACE('',(#4331),#4337,.F.);
#4331 = FACE_BOUND('',#4332,.F.);
#4332 = EDGE_LOOP('',(#4333,#4334,#4335,#4336));
#4333 = ORIENTED_EDGE('',*,*,#4302,.F.);
#4334 = ORIENTED_EDGE('',*,*,#3940,.T.);
#4335 = ORIENTED_EDGE('',*,*,#4319,.T.);
#4336 = ORIENTED_EDGE('',*,*,#3110,.F.);
#4337 = PLANE('',#4338);
#4338 = AXIS2_PLACEMENT_3D('',#4339,#4340,#4341);
#4339 = CARTESIAN_POINT('',(178.2,57.,6.5));
#4340 = DIRECTION('',(0.,0.,1.));
#4341 = DIRECTION('',(1.,0.,-0.));
#4342 = ADVANCED_FACE('',(#4343),#4368,.T.);
#4343 = FACE_BOUND('',#4344,.T.);
#4344 = EDGE_LOOP('',(#4345,#4353,#4354,#4362));
#4345 = ORIENTED_EDGE('',*,*,#4346,.F.);
#4346 = EDGE_CURVE('',#3127,#4347,#4349,.T.);
#4347 = VERTEX_POINT('',#4348);
#4348 = CARTESIAN_POINT('',(183.8,56.,9.));
#4349 = LINE('',#4350,#4351);
#4350 = CARTESIAN_POINT('',(181.29,56.,6.5));
#4351 = VECTOR('',#4352,1.);
#4352 = DIRECTION('',(0.708516760586,0.,0.705693984648));
#4353 = ORIENTED_EDGE('',*,*,#3126,.T.);
#4354 = ORIENTED_EDGE('',*,*,#4355,.T.);
#4355 = EDGE_CURVE('',#3129,#4356,#4358,.T.);
#4356 = VERTEX_POINT('',#4357);
#4357 = CARTESIAN_POINT('',(183.8,81.,9.));
#4358 = LINE('',#4359,#4360);
#4359 = CARTESIAN_POINT('',(181.29,81.,6.5));
#4360 = VECTOR('',#4361,1.);
#4361 = DIRECTION('',(0.708516760586,0.,0.705693984648));
#4362 = ORIENTED_EDGE('',*,*,#4363,.F.);
#4363 = EDGE_CURVE('',#4347,#4356,#4364,.T.);
#4364 = LINE('',#4365,#4366);
#4365 = CARTESIAN_POINT('',(183.8,56.,9.));
#4366 = VECTOR('',#4367,1.);
#4367 = DIRECTION('',(0.,1.,0.));
#4368 = PLANE('',#4369);
#4369 = AXIS2_PLACEMENT_3D('',#4370,#4371,#4372);
#4370 = CARTESIAN_POINT('',(181.29,56.,6.5));
#4371 = DIRECTION('',(0.705693984648,0.,-0.708516760586));
#4372 = DIRECTION('',(0.708516760586,0.,0.705693984648));
#4373 = ADVANCED_FACE('',(#4374),#4384,.T.);
#4374 = FACE_BOUND('',#4375,.T.);
#4375 = EDGE_LOOP('',(#4376,#4377,#4378));
#4376 = ORIENTED_EDGE('',*,*,#3136,.T.);
#4377 = ORIENTED_EDGE('',*,*,#4346,.T.);
#4378 = ORIENTED_EDGE('',*,*,#4379,.T.);
#4379 = EDGE_CURVE('',#4347,#3137,#4380,.T.);
#4380 = LINE('',#4381,#4382);
#4381 = CARTESIAN_POINT('',(183.8,56.,9.));
#4382 = VECTOR('',#4383,1.);
#4383 = DIRECTION('',(-0.708516760586,0.,0.705693984648));
#4384 = PLANE('',#4385);
#4385 = AXIS2_PLACEMENT_3D('',#4386,#4387,#4388);
#4386 = CARTESIAN_POINT('',(182.02577090105,56.,9.));
#4387 = DIRECTION('',(-0.,-1.,-0.));
#4388 = DIRECTION('',(0.,0.,-1.));
#4389 = ADVANCED_FACE('',(#4390),#4400,.F.);
#4390 = FACE_BOUND('',#4391,.F.);
#4391 = EDGE_LOOP('',(#4392,#4393,#4394));
#4392 = ORIENTED_EDGE('',*,*,#3152,.T.);
#4393 = ORIENTED_EDGE('',*,*,#4355,.T.);
#4394 = ORIENTED_EDGE('',*,*,#4395,.T.);
#4395 = EDGE_CURVE('',#4356,#3145,#4396,.T.);
#4396 = LINE('',#4397,#4398);
#4397 = CARTESIAN_POINT('',(183.8,81.,9.));
#4398 = VECTOR('',#4399,1.);
#4399 = DIRECTION('',(-0.708516760586,0.,0.705693984648));
#4400 = PLANE('',#4401);
#4401 = AXIS2_PLACEMENT_3D('',#4402,#4403,#4404);
#4402 = CARTESIAN_POINT('',(182.02577090105,81.,9.));
#4403 = DIRECTION('',(-0.,-1.,-0.));
#4404 = DIRECTION('',(0.,0.,-1.));
#4405 = ADVANCED_FACE('',(#4406),#4412,.T.);
#4406 = FACE_BOUND('',#4407,.T.);
#4407 = EDGE_LOOP('',(#4408,#4409,#4410,#4411));
#4408 = ORIENTED_EDGE('',*,*,#4379,.F.);
#4409 = ORIENTED_EDGE('',*,*,#4363,.T.);
#4410 = ORIENTED_EDGE('',*,*,#4395,.T.);
#4411 = ORIENTED_EDGE('',*,*,#3144,.T.);
#4412 = PLANE('',#4413);
#4413 = AXIS2_PLACEMENT_3D('',#4414,#4415,#4416);
#4414 = CARTESIAN_POINT('',(183.8,56.,9.));
#4415 = DIRECTION('',(0.705693984648,-0.,0.708516760586));
#4416 = DIRECTION('',(-0.708516760586,0.,0.705693984648));
#4417 = ADVANCED_FACE('',(#4418),#4434,.T.);
#4418 = FACE_BOUND('',#4419,.T.);
#4419 = EDGE_LOOP('',(#4420,#4426,#4427,#4433));
#4420 = ORIENTED_EDGE('',*,*,#4421,.F.);
#4421 = EDGE_CURVE('',#3957,#3161,#4422,.T.);
#4422 = LINE('',#4423,#4424);
#4423 = CARTESIAN_POINT('',(178.2,80.,12.));
#4424 = VECTOR('',#4425,1.);
#4425 = DIRECTION('',(1.,0.,-0.));
#4426 = ORIENTED_EDGE('',*,*,#3956,.T.);
#4427 = ORIENTED_EDGE('',*,*,#4428,.T.);
#4428 = EDGE_CURVE('',#3959,#3163,#4429,.T.);
#4429 = LINE('',#4430,#4431);
#4430 = CARTESIAN_POINT('',(178.2,57.,12.));
#4431 = VECTOR('',#4432,1.);
#4432 = DIRECTION('',(1.,0.,-0.));
#4433 = ORIENTED_EDGE('',*,*,#3160,.F.);
#4434 = PLANE('',#4435);
#4435 = AXIS2_PLACEMENT_3D('',#4436,#4437,#4438);
#4436 = CARTESIAN_POINT('',(178.2,57.,12.));
#4437 = DIRECTION('',(0.,0.,1.));
#4438 = DIRECTION('',(1.,0.,-0.));
#4439 = ADVANCED_FACE('',(#4440),#4451,.F.);
#4440 = FACE_BOUND('',#4441,.F.);
#4441 = EDGE_LOOP('',(#4442,#4443,#4444,#4450));
#4442 = ORIENTED_EDGE('',*,*,#4421,.F.);
#4443 = ORIENTED_EDGE('',*,*,#3982,.T.);
#4444 = ORIENTED_EDGE('',*,*,#4445,.T.);
#4445 = EDGE_CURVE('',#3975,#3179,#4446,.T.);
#4446 = LINE('',#4447,#4448);
#4447 = CARTESIAN_POINT('',(178.2,80.,14.5));
#4448 = VECTOR('',#4449,1.);
#4449 = DIRECTION('',(1.,0.,-0.));
#4450 = ORIENTED_EDGE('',*,*,#3186,.F.);
#4451 = PLANE('',#4452);
#4452 = AXIS2_PLACEMENT_3D('',#4453,#4454,#4455);
#4453 = CARTESIAN_POINT('',(178.2,80.,12.));
#4454 = DIRECTION('',(-0.,1.,0.));
#4455 = DIRECTION('',(0.,0.,1.));
#4456 = ADVANCED_FACE('',(#4457),#4468,.F.);
#4457 = FACE_BOUND('',#4458,.F.);
#4458 = EDGE_LOOP('',(#4459,#4460,#4461,#4467));
#4459 = ORIENTED_EDGE('',*,*,#4445,.F.);
#4460 = ORIENTED_EDGE('',*,*,#3974,.T.);
#4461 = ORIENTED_EDGE('',*,*,#4462,.T.);
#4462 = EDGE_CURVE('',#3967,#3171,#4463,.T.);
#4463 = LINE('',#4464,#4465);
#4464 = CARTESIAN_POINT('',(178.2,57.,14.5));
#4465 = VECTOR('',#4466,1.);
#4466 = DIRECTION('',(1.,0.,-0.));
#4467 = ORIENTED_EDGE('',*,*,#3178,.F.);
#4468 = PLANE('',#4469);
#4469 = AXIS2_PLACEMENT_3D('',#4470,#4471,#4472);
#4470 = CARTESIAN_POINT('',(178.2,57.,14.5));
#4471 = DIRECTION('',(0.,0.,1.));
#4472 = DIRECTION('',(1.,0.,-0.));
#4473 = ADVANCED_FACE('',(#4474),#4480,.T.);
#4474 = FACE_BOUND('',#4475,.T.);
#4475 = EDGE_LOOP('',(#4476,#4477,#4478,#4479));
#4476 = ORIENTED_EDGE('',*,*,#4428,.F.);
#4477 = ORIENTED_EDGE('',*,*,#3966,.T.);
#4478 = ORIENTED_EDGE('',*,*,#4462,.T.);
#4479 = ORIENTED_EDGE('',*,*,#3170,.F.);
#4480 = PLANE('',#4481);
#4481 = AXIS2_PLACEMENT_3D('',#4482,#4483,#4484);
#4482 = CARTESIAN_POINT('',(178.2,57.,12.));
#4483 = DIRECTION('',(-0.,1.,0.));
#4484 = DIRECTION('',(0.,0.,1.));
#4485 = ADVANCED_FACE('',(#4486),#4511,.T.);
#4486 = FACE_BOUND('',#4487,.T.);
#4487 = EDGE_LOOP('',(#4488,#4496,#4497,#4505));
#4488 = ORIENTED_EDGE('',*,*,#4489,.F.);
#4489 = EDGE_CURVE('',#3195,#4490,#4492,.T.);
#4490 = VERTEX_POINT('',#4491);
#4491 = CARTESIAN_POINT('',(183.8,56.,17.));
#4492 = LINE('',#4493,#4494);
#4493 = CARTESIAN_POINT('',(181.29,56.,14.5));
#4494 = VECTOR('',#4495,1.);
#4495 = DIRECTION('',(0.708516760586,0.,0.705693984648));
#4496 = ORIENTED_EDGE('',*,*,#3194,.T.);
#4497 = ORIENTED_EDGE('',*,*,#4498,.T.);
#4498 = EDGE_CURVE('',#3197,#4499,#4501,.T.);
#4499 = VERTEX_POINT('',#4500);
#4500 = CARTESIAN_POINT('',(183.8,81.,17.));
#4501 = LINE('',#4502,#4503);
#4502 = CARTESIAN_POINT('',(181.29,81.,14.5));
#4503 = VECTOR('',#4504,1.);
#4504 = DIRECTION('',(0.708516760586,0.,0.705693984648));
#4505 = ORIENTED_EDGE('',*,*,#4506,.F.);
#4506 = EDGE_CURVE('',#4490,#4499,#4507,.T.);
#4507 = LINE('',#4508,#4509);
#4508 = CARTESIAN_POINT('',(183.8,56.,17.));
#4509 = VECTOR('',#4510,1.);
#4510 = DIRECTION('',(0.,1.,0.));
#4511 = PLANE('',#4512);
#4512 = AXIS2_PLACEMENT_3D('',#4513,#4514,#4515);
#4513 = CARTESIAN_POINT('',(181.29,56.,14.5));
#4514 = DIRECTION('',(0.705693984648,0.,-0.708516760586));
#4515 = DIRECTION('',(0.708516760586,0.,0.705693984648));
#4516 = ADVANCED_FACE('',(#4517),#4527,.T.);
#4517 = FACE_BOUND('',#4518,.T.);
#4518 = EDGE_LOOP('',(#4519,#4520,#4521));
#4519 = ORIENTED_EDGE('',*,*,#3204,.T.);
#4520 = ORIENTED_EDGE('',*,*,#4489,.T.);
#4521 = ORIENTED_EDGE('',*,*,#4522,.T.);
#4522 = EDGE_CURVE('',#4490,#3205,#4523,.T.);
#4523 = LINE('',#4524,#4525);
#4524 = CARTESIAN_POINT('',(183.8,56.,17.));
#4525 = VECTOR('',#4526,1.);
#4526 = DIRECTION('',(-0.708516760586,0.,0.705693984648));
#4527 = PLANE('',#4528);
#4528 = AXIS2_PLACEMENT_3D('',#4529,#4530,#4531);
#4529 = CARTESIAN_POINT('',(182.02577090105,56.,17.));
#4530 = DIRECTION('',(-0.,-1.,-0.));
#4531 = DIRECTION('',(0.,0.,-1.));
#4532 = ADVANCED_FACE('',(#4533),#4543,.F.);
#4533 = FACE_BOUND('',#4534,.F.);
#4534 = EDGE_LOOP('',(#4535,#4536,#4537));
#4535 = ORIENTED_EDGE('',*,*,#3220,.T.);
#4536 = ORIENTED_EDGE('',*,*,#4498,.T.);
#4537 = ORIENTED_EDGE('',*,*,#4538,.T.);
#4538 = EDGE_CURVE('',#4499,#3213,#4539,.T.);
#4539 = LINE('',#4540,#4541);
#4540 = CARTESIAN_POINT('',(183.8,81.,17.));
#4541 = VECTOR('',#4542,1.);
#4542 = DIRECTION('',(-0.708516760586,0.,0.705693984648));
#4543 = PLANE('',#4544);
#4544 = AXIS2_PLACEMENT_3D('',#4545,#4546,#4547);
#4545 = CARTESIAN_POINT('',(182.02577090105,81.,17.));
#4546 = DIRECTION('',(-0.,-1.,-0.));
#4547 = DIRECTION('',(0.,0.,-1.));
#4548 = ADVANCED_FACE('',(#4549),#4555,.T.);
#4549 = FACE_BOUND('',#4550,.T.);
#4550 = EDGE_LOOP('',(#4551,#4552,#4553,#4554));
#4551 = ORIENTED_EDGE('',*,*,#4522,.F.);
#4552 = ORIENTED_EDGE('',*,*,#4506,.T.);
#4553 = ORIENTED_EDGE('',*,*,#4538,.T.);
#4554 = ORIENTED_EDGE('',*,*,#3212,.T.);
#4555 = PLANE('',#4556);
#4556 = AXIS2_PLACEMENT_3D('',#4557,#4558,#4559);
#4557 = CARTESIAN_POINT('',(183.8,56.,17.));
#4558 = DIRECTION('',(0.705693984648,-0.,0.708516760586));
#4559 = DIRECTION('',(-0.708516760586,0.,0.705693984648));
#4560 = ADVANCED_FACE('',(#4561),#4577,.T.);
#4561 = FACE_BOUND('',#4562,.T.);
#4562 = EDGE_LOOP('',(#4563,#4569,#4570,#4576));
#4563 = ORIENTED_EDGE('',*,*,#4564,.F.);
#4564 = EDGE_CURVE('',#4059,#3229,#4565,.T.);
#4565 = LINE('',#4566,#4567);
#4566 = CARTESIAN_POINT('',(178.2,54.33,-0.4));
#4567 = VECTOR('',#4568,1.);
#4568 = DIRECTION('',(1.,0.,-0.));
#4569 = ORIENTED_EDGE('',*,*,#4058,.T.);
#4570 = ORIENTED_EDGE('',*,*,#4571,.T.);
#4571 = EDGE_CURVE('',#4061,#3231,#4572,.T.);
#4572 = LINE('',#4573,#4574);
#4573 = CARTESIAN_POINT('',(178.2,31.19,-0.4));
#4574 = VECTOR('',#4575,1.);
#4575 = DIRECTION('',(1.,0.,-0.));
#4576 = ORIENTED_EDGE('',*,*,#3228,.F.);
#4577 = PLANE('',#4578);
#4578 = AXIS2_PLACEMENT_3D('',#4579,#4580,#4581);
#4579 = CARTESIAN_POINT('',(178.2,31.19,-0.4));
#4580 = DIRECTION('',(0.,0.,1.));
#4581 = DIRECTION('',(1.,0.,-0.));
#4582 = ADVANCED_FACE('',(#4583),#4594,.F.);
#4583 = FACE_BOUND('',#4584,.F.);
#4584 = EDGE_LOOP('',(#4585,#4586,#4587,#4593));
#4585 = ORIENTED_EDGE('',*,*,#4564,.F.);
#4586 = ORIENTED_EDGE('',*,*,#4084,.T.);
#4587 = ORIENTED_EDGE('',*,*,#4588,.T.);
#4588 = EDGE_CURVE('',#4077,#3247,#4589,.T.);
#4589 = LINE('',#4590,#4591);
#4590 = CARTESIAN_POINT('',(178.2,54.33,19.6));
#4591 = VECTOR('',#4592,1.);
#4592 = DIRECTION('',(1.,0.,-0.));
#4593 = ORIENTED_EDGE('',*,*,#3254,.F.);
#4594 = PLANE('',#4595);
#4595 = AXIS2_PLACEMENT_3D('',#4596,#4597,#4598);
#4596 = CARTESIAN_POINT('',(178.2,54.33,-0.4));
#4597 = DIRECTION('',(-0.,1.,0.));
#4598 = DIRECTION('',(0.,0.,1.));
#4599 = ADVANCED_FACE('',(#4600),#4611,.T.);
#4600 = FACE_BOUND('',#4601,.T.);
#4601 = EDGE_LOOP('',(#4602,#4603,#4604,#4610));
#4602 = ORIENTED_EDGE('',*,*,#4571,.F.);
#4603 = ORIENTED_EDGE('',*,*,#4068,.T.);
#4604 = ORIENTED_EDGE('',*,*,#4605,.T.);
#4605 = EDGE_CURVE('',#4069,#3239,#4606,.T.);
#4606 = LINE('',#4607,#4608);
#4607 = CARTESIAN_POINT('',(178.2,31.19,19.6));
#4608 = VECTOR('',#4609,1.);
#4609 = DIRECTION('',(1.,0.,-0.));
#4610 = ORIENTED_EDGE('',*,*,#3238,.F.);
#4611 = PLANE('',#4612);
#4612 = AXIS2_PLACEMENT_3D('',#4613,#4614,#4615);
#4613 = CARTESIAN_POINT('',(178.2,31.19,-0.4));
#4614 = DIRECTION('',(-0.,1.,0.));
#4615 = DIRECTION('',(0.,0.,1.));
#4616 = ADVANCED_FACE('',(#4617),#4623,.F.);
#4617 = FACE_BOUND('',#4618,.F.);
#4618 = EDGE_LOOP('',(#4619,#4620,#4621,#4622));
#4619 = ORIENTED_EDGE('',*,*,#4588,.F.);
#4620 = ORIENTED_EDGE('',*,*,#4076,.T.);
#4621 = ORIENTED_EDGE('',*,*,#4605,.T.);
#4622 = ORIENTED_EDGE('',*,*,#3246,.F.);
#4623 = PLANE('',#4624);
#4624 = AXIS2_PLACEMENT_3D('',#4625,#4626,#4627);
#4625 = CARTESIAN_POINT('',(178.2,31.19,19.6));
#4626 = DIRECTION('',(0.,0.,1.));
#4627 = DIRECTION('',(1.,0.,-0.));
#4628 = ADVANCED_FACE('',(#4629),#4645,.T.);
#4629 = FACE_BOUND('',#4630,.T.);
#4630 = EDGE_LOOP('',(#4631,#4637,#4638,#4644));
#4631 = ORIENTED_EDGE('',*,*,#4632,.F.);
#4632 = EDGE_CURVE('',#3991,#3263,#4633,.T.);
#4633 = LINE('',#4634,#4635);
#4634 = CARTESIAN_POINT('',(178.2,29.,-4.));
#4635 = VECTOR('',#4636,1.);
#4636 = DIRECTION('',(1.,0.,-0.));
#4637 = ORIENTED_EDGE('',*,*,#3990,.T.);
#4638 = ORIENTED_EDGE('',*,*,#4639,.T.);
#4639 = EDGE_CURVE('',#3993,#3265,#4640,.T.);
#4640 = LINE('',#4641,#4642);
#4641 = CARTESIAN_POINT('',(178.2,14.,-4.));
#4642 = VECTOR('',#4643,1.);
#4643 = DIRECTION('',(1.,0.,-0.));
#4644 = ORIENTED_EDGE('',*,*,#3262,.F.);
#4645 = PLANE('',#4646);
#4646 = AXIS2_PLACEMENT_3D('',#4647,#4648,#4649);
#4647 = CARTESIAN_POINT('',(178.2,14.,-4.));
#4648 = DIRECTION('',(0.,0.,1.));
#4649 = DIRECTION('',(1.,0.,-0.));
#4650 = ADVANCED_FACE('',(#4651),#4662,.F.);
#4651 = FACE_BOUND('',#4652,.F.);
#4652 = EDGE_LOOP('',(#4653,#4654,#4655,#4661));
#4653 = ORIENTED_EDGE('',*,*,#4632,.F.);
#4654 = ORIENTED_EDGE('',*,*,#4016,.T.);
#4655 = ORIENTED_EDGE('',*,*,#4656,.T.);
#4656 = EDGE_CURVE('',#4009,#3281,#4657,.T.);
#4657 = LINE('',#4658,#4659);
#4658 = CARTESIAN_POINT('',(178.2,29.,-1.5));
#4659 = VECTOR('',#4660,1.);
#4660 = DIRECTION('',(1.,0.,-0.));
#4661 = ORIENTED_EDGE('',*,*,#3288,.F.);
#4662 = PLANE('',#4663);
#4663 = AXIS2_PLACEMENT_3D('',#4664,#4665,#4666);
#4664 = CARTESIAN_POINT('',(178.2,29.,-4.));
#4665 = DIRECTION('',(-0.,1.,0.));
#4666 = DIRECTION('',(0.,0.,1.));
#4667 = ADVANCED_FACE('',(#4668),#4679,.T.);
#4668 = FACE_BOUND('',#4669,.T.);
#4669 = EDGE_LOOP('',(#4670,#4671,#4672,#4678));
#4670 = ORIENTED_EDGE('',*,*,#4639,.F.);
#4671 = ORIENTED_EDGE('',*,*,#4000,.T.);
#4672 = ORIENTED_EDGE('',*,*,#4673,.T.);
#4673 = EDGE_CURVE('',#4001,#3273,#4674,.T.);
#4674 = LINE('',#4675,#4676);
#4675 = CARTESIAN_POINT('',(178.2,14.,-1.5));
#4676 = VECTOR('',#4677,1.);
#4677 = DIRECTION('',(1.,0.,-0.));
#4678 = ORIENTED_EDGE('',*,*,#3272,.F.);
#4679 = PLANE('',#4680);
#4680 = AXIS2_PLACEMENT_3D('',#4681,#4682,#4683);
#4681 = CARTESIAN_POINT('',(178.2,14.,-4.));
#4682 = DIRECTION('',(-0.,1.,0.));
#4683 = DIRECTION('',(0.,0.,1.));
#4684 = ADVANCED_FACE('',(#4685),#4691,.F.);
#4685 = FACE_BOUND('',#4686,.F.);
#4686 = EDGE_LOOP('',(#4687,#4688,#4689,#4690));
#4687 = ORIENTED_EDGE('',*,*,#4656,.F.);
#4688 = ORIENTED_EDGE('',*,*,#4008,.T.);
#4689 = ORIENTED_EDGE('',*,*,#4673,.T.);
#4690 = ORIENTED_EDGE('',*,*,#3280,.F.);
#4691 = PLANE('',#4692);
#4692 = AXIS2_PLACEMENT_3D('',#4693,#4694,#4695);
#4693 = CARTESIAN_POINT('',(178.2,14.,-1.5));
#4694 = DIRECTION('',(0.,0.,1.));
#4695 = DIRECTION('',(1.,0.,-0.));
#4696 = ADVANCED_FACE('',(#4697),#4722,.T.);
#4697 = FACE_BOUND('',#4698,.T.);
#4698 = EDGE_LOOP('',(#4699,#4707,#4708,#4716));
#4699 = ORIENTED_EDGE('',*,*,#4700,.F.);
#4700 = EDGE_CURVE('',#3297,#4701,#4703,.T.);
#4701 = VERTEX_POINT('',#4702);
#4702 = CARTESIAN_POINT('',(183.8,13.,1.));
#4703 = LINE('',#4704,#4705);
#4704 = CARTESIAN_POINT('',(181.29,13.,-1.5));
#4705 = VECTOR('',#4706,1.);
#4706 = DIRECTION('',(0.708516760586,0.,0.705693984648));
#4707 = ORIENTED_EDGE('',*,*,#3296,.T.);
#4708 = ORIENTED_EDGE('',*,*,#4709,.T.);
#4709 = EDGE_CURVE('',#3299,#4710,#4712,.T.);
#4710 = VERTEX_POINT('',#4711);
#4711 = CARTESIAN_POINT('',(183.8,30.,1.));
#4712 = LINE('',#4713,#4714);
#4713 = CARTESIAN_POINT('',(181.29,30.,-1.5));
#4714 = VECTOR('',#4715,1.);
#4715 = DIRECTION('',(0.708516760586,0.,0.705693984648));
#4716 = ORIENTED_EDGE('',*,*,#4717,.F.);
#4717 = EDGE_CURVE('',#4701,#4710,#4718,.T.);
#4718 = LINE('',#4719,#4720);
#4719 = CARTESIAN_POINT('',(183.8,13.,1.));
#4720 = VECTOR('',#4721,1.);
#4721 = DIRECTION('',(0.,1.,0.));
#4722 = PLANE('',#4723);
#4723 = AXIS2_PLACEMENT_3D('',#4724,#4725,#4726);
#4724 = CARTESIAN_POINT('',(181.29,13.,-1.5));
#4725 = DIRECTION('',(0.705693984648,0.,-0.708516760586));
#4726 = DIRECTION('',(0.708516760586,0.,0.705693984648));
#4727 = ADVANCED_FACE('',(#4728),#4738,.T.);
#4728 = FACE_BOUND('',#4729,.T.);
#4729 = EDGE_LOOP('',(#4730,#4731,#4732));
#4730 = ORIENTED_EDGE('',*,*,#3306,.T.);
#4731 = ORIENTED_EDGE('',*,*,#4700,.T.);
#4732 = ORIENTED_EDGE('',*,*,#4733,.T.);
#4733 = EDGE_CURVE('',#4701,#3307,#4734,.T.);
#4734 = LINE('',#4735,#4736);
#4735 = CARTESIAN_POINT('',(183.8,13.,1.));
#4736 = VECTOR('',#4737,1.);
#4737 = DIRECTION('',(-0.708516760586,0.,0.705693984648));
#4738 = PLANE('',#4739);
#4739 = AXIS2_PLACEMENT_3D('',#4740,#4741,#4742);
#4740 = CARTESIAN_POINT('',(182.02577090105,13.,1.));
#4741 = DIRECTION('',(-0.,-1.,-0.));
#4742 = DIRECTION('',(0.,0.,-1.));
#4743 = ADVANCED_FACE('',(#4744),#4754,.F.);
#4744 = FACE_BOUND('',#4745,.F.);
#4745 = EDGE_LOOP('',(#4746,#4747,#4748));
#4746 = ORIENTED_EDGE('',*,*,#3322,.T.);
#4747 = ORIENTED_EDGE('',*,*,#4709,.T.);
#4748 = ORIENTED_EDGE('',*,*,#4749,.T.);
#4749 = EDGE_CURVE('',#4710,#3315,#4750,.T.);
#4750 = LINE('',#4751,#4752);
#4751 = CARTESIAN_POINT('',(183.8,30.,1.));
#4752 = VECTOR('',#4753,1.);
#4753 = DIRECTION('',(-0.708516760586,0.,0.705693984648));
#4754 = PLANE('',#4755);
#4755 = AXIS2_PLACEMENT_3D('',#4756,#4757,#4758);
#4756 = CARTESIAN_POINT('',(182.02577090105,30.,1.));
#4757 = DIRECTION('',(-0.,-1.,-0.));
#4758 = DIRECTION('',(0.,0.,-1.));
#4759 = ADVANCED_FACE('',(#4760),#4766,.T.);
#4760 = FACE_BOUND('',#4761,.T.);
#4761 = EDGE_LOOP('',(#4762,#4763,#4764,#4765));
#4762 = ORIENTED_EDGE('',*,*,#4733,.F.);
#4763 = ORIENTED_EDGE('',*,*,#4717,.T.);
#4764 = ORIENTED_EDGE('',*,*,#4749,.T.);
#4765 = ORIENTED_EDGE('',*,*,#3314,.T.);
#4766 = PLANE('',#4767);
#4767 = AXIS2_PLACEMENT_3D('',#4768,#4769,#4770);
#4768 = CARTESIAN_POINT('',(183.8,13.,1.));
#4769 = DIRECTION('',(0.705693984648,-0.,0.708516760586));
#4770 = DIRECTION('',(-0.708516760586,0.,0.705693984648));
#4771 = ADVANCED_FACE('',(#4772),#4788,.T.);
#4772 = FACE_BOUND('',#4773,.T.);
#4773 = EDGE_LOOP('',(#4774,#4780,#4781,#4787));
#4774 = ORIENTED_EDGE('',*,*,#4775,.F.);
#4775 = EDGE_CURVE('',#4025,#3331,#4776,.T.);
#4776 = LINE('',#4777,#4778);
#4777 = CARTESIAN_POINT('',(178.2,29.,4.));
#4778 = VECTOR('',#4779,1.);
#4779 = DIRECTION('',(1.,0.,-0.));
#4780 = ORIENTED_EDGE('',*,*,#4024,.T.);
#4781 = ORIENTED_EDGE('',*,*,#4782,.T.);
#4782 = EDGE_CURVE('',#4027,#3333,#4783,.T.);
#4783 = LINE('',#4784,#4785);
#4784 = CARTESIAN_POINT('',(178.2,14.,4.));
#4785 = VECTOR('',#4786,1.);
#4786 = DIRECTION('',(1.,0.,-0.));
#4787 = ORIENTED_EDGE('',*,*,#3330,.F.);
#4788 = PLANE('',#4789);
#4789 = AXIS2_PLACEMENT_3D('',#4790,#4791,#4792);
#4790 = CARTESIAN_POINT('',(178.2,14.,4.));
#4791 = DIRECTION('',(0.,0.,1.));
#4792 = DIRECTION('',(1.,0.,-0.));
#4793 = ADVANCED_FACE('',(#4794),#4805,.F.);
#4794 = FACE_BOUND('',#4795,.F.);
#4795 = EDGE_LOOP('',(#4796,#4797,#4798,#4804));
#4796 = ORIENTED_EDGE('',*,*,#4775,.F.);
#4797 = ORIENTED_EDGE('',*,*,#4050,.T.);
#4798 = ORIENTED_EDGE('',*,*,#4799,.T.);
#4799 = EDGE_CURVE('',#4043,#3349,#4800,.T.);
#4800 = LINE('',#4801,#4802);
#4801 = CARTESIAN_POINT('',(178.2,29.,6.5));
#4802 = VECTOR('',#4803,1.);
#4803 = DIRECTION('',(1.,0.,-0.));
#4804 = ORIENTED_EDGE('',*,*,#3356,.F.);
#4805 = PLANE('',#4806);
#4806 = AXIS2_PLACEMENT_3D('',#4807,#4808,#4809);
#4807 = CARTESIAN_POINT('',(178.2,29.,4.));
#4808 = DIRECTION('',(-0.,1.,0.));
#4809 = DIRECTION('',(0.,0.,1.));
#4810 = ADVANCED_FACE('',(#4811),#4822,.T.);
#4811 = FACE_BOUND('',#4812,.T.);
#4812 = EDGE_LOOP('',(#4813,#4814,#4815,#4821));
#4813 = ORIENTED_EDGE('',*,*,#4782,.F.);
#4814 = ORIENTED_EDGE('',*,*,#4034,.T.);
#4815 = ORIENTED_EDGE('',*,*,#4816,.T.);
#4816 = EDGE_CURVE('',#4035,#3341,#4817,.T.);
#4817 = LINE('',#4818,#4819);
#4818 = CARTESIAN_POINT('',(178.2,14.,6.5));
#4819 = VECTOR('',#4820,1.);
#4820 = DIRECTION('',(1.,0.,-0.));
#4821 = ORIENTED_EDGE('',*,*,#3340,.F.);
#4822 = PLANE('',#4823);
#4823 = AXIS2_PLACEMENT_3D('',#4824,#4825,#4826);
#4824 = CARTESIAN_POINT('',(178.2,14.,4.));
#4825 = DIRECTION('',(-0.,1.,0.));
#4826 = DIRECTION('',(0.,0.,1.));
#4827 = ADVANCED_FACE('',(#4828),#4834,.F.);
#4828 = FACE_BOUND('',#4829,.F.);
#4829 = EDGE_LOOP('',(#4830,#4831,#4832,#4833));
#4830 = ORIENTED_EDGE('',*,*,#4799,.F.);
#4831 = ORIENTED_EDGE('',*,*,#4042,.T.);
#4832 = ORIENTED_EDGE('',*,*,#4816,.T.);
#4833 = ORIENTED_EDGE('',*,*,#3348,.F.);
#4834 = PLANE('',#4835);
#4835 = AXIS2_PLACEMENT_3D('',#4836,#4837,#4838);
#4836 = CARTESIAN_POINT('',(178.2,14.,6.5));
#4837 = DIRECTION('',(0.,0.,1.));
#4838 = DIRECTION('',(1.,0.,-0.));
#4839 = ADVANCED_FACE('',(#4840),#4865,.T.);
#4840 = FACE_BOUND('',#4841,.T.);
#4841 = EDGE_LOOP('',(#4842,#4850,#4851,#4859));
#4842 = ORIENTED_EDGE('',*,*,#4843,.F.);
#4843 = EDGE_CURVE('',#3365,#4844,#4846,.T.);
#4844 = VERTEX_POINT('',#4845);
#4845 = CARTESIAN_POINT('',(183.8,13.,9.));
#4846 = LINE('',#4847,#4848);
#4847 = CARTESIAN_POINT('',(181.29,13.,6.5));
#4848 = VECTOR('',#4849,1.);
#4849 = DIRECTION('',(0.708516760586,0.,0.705693984648));
#4850 = ORIENTED_EDGE('',*,*,#3364,.T.);
#4851 = ORIENTED_EDGE('',*,*,#4852,.T.);
#4852 = EDGE_CURVE('',#3367,#4853,#4855,.T.);
#4853 = VERTEX_POINT('',#4854);
#4854 = CARTESIAN_POINT('',(183.8,30.,9.));
#4855 = LINE('',#4856,#4857);
#4856 = CARTESIAN_POINT('',(181.29,30.,6.5));
#4857 = VECTOR('',#4858,1.);
#4858 = DIRECTION('',(0.708516760586,0.,0.705693984648));
#4859 = ORIENTED_EDGE('',*,*,#4860,.F.);
#4860 = EDGE_CURVE('',#4844,#4853,#4861,.T.);
#4861 = LINE('',#4862,#4863);
#4862 = CARTESIAN_POINT('',(183.8,13.,9.));
#4863 = VECTOR('',#4864,1.);
#4864 = DIRECTION('',(0.,1.,0.));
#4865 = PLANE('',#4866);
#4866 = AXIS2_PLACEMENT_3D('',#4867,#4868,#4869);
#4867 = CARTESIAN_POINT('',(181.29,13.,6.5));
#4868 = DIRECTION('',(0.705693984648,0.,-0.708516760586));
#4869 = DIRECTION('',(0.708516760586,0.,0.705693984648));
#4870 = ADVANCED_FACE('',(#4871),#4881,.T.);
#4871 = FACE_BOUND('',#4872,.T.);
#4872 = EDGE_LOOP('',(#4873,#4874,#4875));
#4873 = ORIENTED_EDGE('',*,*,#3374,.T.);
#4874 = ORIENTED_EDGE('',*,*,#4843,.T.);
#4875 = ORIENTED_EDGE('',*,*,#4876,.T.);
#4876 = EDGE_CURVE('',#4844,#3375,#4877,.T.);
#4877 = LINE('',#4878,#4879);
#4878 = CARTESIAN_POINT('',(183.8,13.,9.));
#4879 = VECTOR('',#4880,1.);
#4880 = DIRECTION('',(-0.708516760586,0.,0.705693984648));
#4881 = PLANE('',#4882);
#4882 = AXIS2_PLACEMENT_3D('',#4883,#4884,#4885);
#4883 = CARTESIAN_POINT('',(182.02577090105,13.,9.));
#4884 = DIRECTION('',(-0.,-1.,-0.));
#4885 = DIRECTION('',(0.,0.,-1.));
#4886 = ADVANCED_FACE('',(#4887),#4897,.F.);
#4887 = FACE_BOUND('',#4888,.F.);
#4888 = EDGE_LOOP('',(#4889,#4890,#4891));
#4889 = ORIENTED_EDGE('',*,*,#3390,.T.);
#4890 = ORIENTED_EDGE('',*,*,#4852,.T.);
#4891 = ORIENTED_EDGE('',*,*,#4892,.T.);
#4892 = EDGE_CURVE('',#4853,#3383,#4893,.T.);
#4893 = LINE('',#4894,#4895);
#4894 = CARTESIAN_POINT('',(183.8,30.,9.));
#4895 = VECTOR('',#4896,1.);
#4896 = DIRECTION('',(-0.708516760586,0.,0.705693984648));
#4897 = PLANE('',#4898);
#4898 = AXIS2_PLACEMENT_3D('',#4899,#4900,#4901);
#4899 = CARTESIAN_POINT('',(182.02577090105,30.,9.));
#4900 = DIRECTION('',(-0.,-1.,-0.));
#4901 = DIRECTION('',(0.,0.,-1.));
#4902 = ADVANCED_FACE('',(#4903),#4909,.T.);
#4903 = FACE_BOUND('',#4904,.T.);
#4904 = EDGE_LOOP('',(#4905,#4906,#4907,#4908));
#4905 = ORIENTED_EDGE('',*,*,#4876,.F.);
#4906 = ORIENTED_EDGE('',*,*,#4860,.T.);
#4907 = ORIENTED_EDGE('',*,*,#4892,.T.);
#4908 = ORIENTED_EDGE('',*,*,#3382,.T.);
#4909 = PLANE('',#4910);
#4910 = AXIS2_PLACEMENT_3D('',#4911,#4912,#4913);
#4911 = CARTESIAN_POINT('',(183.8,13.,9.));
#4912 = DIRECTION('',(0.705693984648,-0.,0.708516760586));
#4913 = DIRECTION('',(-0.708516760586,0.,0.705693984648));
#4914 = ADVANCED_FACE('',(#4915),#4940,.T.);
#4915 = FACE_BOUND('',#4916,.T.);
#4916 = EDGE_LOOP('',(#4917,#4925,#4926,#4934));
#4917 = ORIENTED_EDGE('',*,*,#4918,.F.);
#4918 = EDGE_CURVE('',#3399,#4919,#4921,.T.);
#4919 = VERTEX_POINT('',#4920);
#4920 = CARTESIAN_POINT('',(183.8,30.19,22.1));
#4921 = LINE('',#4922,#4923);
#4922 = CARTESIAN_POINT('',(181.29,30.19,19.6));
#4923 = VECTOR('',#4924,1.);
#4924 = DIRECTION('',(0.708516760586,0.,0.705693984648));
#4925 = ORIENTED_EDGE('',*,*,#3398,.T.);
#4926 = ORIENTED_EDGE('',*,*,#4927,.T.);
#4927 = EDGE_CURVE('',#3401,#4928,#4930,.T.);
#4928 = VERTEX_POINT('',#4929);
#4929 = CARTESIAN_POINT('',(183.8,55.33,22.1));
#4930 = LINE('',#4931,#4932);
#4931 = CARTESIAN_POINT('',(181.29,55.33,19.6));
#4932 = VECTOR('',#4933,1.);
#4933 = DIRECTION('',(0.708516760586,0.,0.705693984648));
#4934 = ORIENTED_EDGE('',*,*,#4935,.F.);
#4935 = EDGE_CURVE('',#4919,#4928,#4936,.T.);
#4936 = LINE('',#4937,#4938);
#4937 = CARTESIAN_POINT('',(183.8,30.19,22.1));
#4938 = VECTOR('',#4939,1.);
#4939 = DIRECTION('',(0.,1.,0.));
#4940 = PLANE('',#4941);
#4941 = AXIS2_PLACEMENT_3D('',#4942,#4943,#4944);
#4942 = CARTESIAN_POINT('',(181.29,30.19,19.6));
#4943 = DIRECTION('',(0.705693984648,0.,-0.708516760586));
#4944 = DIRECTION('',(0.708516760586,0.,0.705693984648));
#4945 = ADVANCED_FACE('',(#4946),#4956,.T.);
#4946 = FACE_BOUND('',#4947,.T.);
#4947 = EDGE_LOOP('',(#4948,#4949,#4950));
#4948 = ORIENTED_EDGE('',*,*,#3408,.T.);
#4949 = ORIENTED_EDGE('',*,*,#4918,.T.);
#4950 = ORIENTED_EDGE('',*,*,#4951,.T.);
#4951 = EDGE_CURVE('',#4919,#3409,#4952,.T.);
#4952 = LINE('',#4953,#4954);
#4953 = CARTESIAN_POINT('',(183.8,30.19,22.1));
#4954 = VECTOR('',#4955,1.);
#4955 = DIRECTION('',(-0.708516760586,0.,0.705693984648));
#4956 = PLANE('',#4957);
#4957 = AXIS2_PLACEMENT_3D('',#4958,#4959,#4960);
#4958 = CARTESIAN_POINT('',(182.02577090105,30.19,22.1));
#4959 = DIRECTION('',(-0.,-1.,-0.));
#4960 = DIRECTION('',(0.,0.,-1.));
#4961 = ADVANCED_FACE('',(#4962),#4972,.F.);
#4962 = FACE_BOUND('',#4963,.F.);
#4963 = EDGE_LOOP('',(#4964,#4965,#4966));
#4964 = ORIENTED_EDGE('',*,*,#3424,.T.);
#4965 = ORIENTED_EDGE('',*,*,#4927,.T.);
#4966 = ORIENTED_EDGE('',*,*,#4967,.T.);
#4967 = EDGE_CURVE('',#4928,#3417,#4968,.T.);
#4968 = LINE('',#4969,#4970);
#4969 = CARTESIAN_POINT('',(183.8,55.33,22.1));
#4970 = VECTOR('',#4971,1.);
#4971 = DIRECTION('',(-0.708516760586,0.,0.705693984648));
#4972 = PLANE('',#4973);
#4973 = AXIS2_PLACEMENT_3D('',#4974,#4975,#4976);
#4974 = CARTESIAN_POINT('',(182.02577090105,55.33,22.1));
#4975 = DIRECTION('',(-0.,-1.,-0.));
#4976 = DIRECTION('',(0.,0.,-1.));
#4977 = ADVANCED_FACE('',(#4978),#4984,.T.);
#4978 = FACE_BOUND('',#4979,.T.);
#4979 = EDGE_LOOP('',(#4980,#4981,#4982,#4983));
#4980 = ORIENTED_EDGE('',*,*,#4951,.F.);
#4981 = ORIENTED_EDGE('',*,*,#4935,.T.);
#4982 = ORIENTED_EDGE('',*,*,#4967,.T.);
#4983 = ORIENTED_EDGE('',*,*,#3416,.T.);
#4984 = PLANE('',#4985);
#4985 = AXIS2_PLACEMENT_3D('',#4986,#4987,#4988);
#4986 = CARTESIAN_POINT('',(183.8,30.19,22.1));
#4987 = DIRECTION('',(0.705693984648,-0.,0.708516760586));
#4988 = DIRECTION('',(-0.708516760586,0.,0.705693984648));
#4989 = ADVANCED_FACE('',(#4990),#5006,.T.);
#4990 = FACE_BOUND('',#4991,.T.);
#4991 = EDGE_LOOP('',(#4992,#4998,#4999,#5005));
#4992 = ORIENTED_EDGE('',*,*,#4993,.F.);
#4993 = EDGE_CURVE('',#4093,#3433,#4994,.T.);
#4994 = LINE('',#4995,#4996);
#4995 = CARTESIAN_POINT('',(178.2,29.,12.));
#4996 = VECTOR('',#4997,1.);
#4997 = DIRECTION('',(1.,0.,-0.));
#4998 = ORIENTED_EDGE('',*,*,#4092,.T.);
#4999 = ORIENTED_EDGE('',*,*,#5000,.T.);
#5000 = EDGE_CURVE('',#4095,#3435,#5001,.T.);
#5001 = LINE('',#5002,#5003);
#5002 = CARTESIAN_POINT('',(178.2,14.,12.));
#5003 = VECTOR('',#5004,1.);
#5004 = DIRECTION('',(1.,0.,-0.));
#5005 = ORIENTED_EDGE('',*,*,#3432,.F.);
#5006 = PLANE('',#5007);
#5007 = AXIS2_PLACEMENT_3D('',#5008,#5009,#5010);
#5008 = CARTESIAN_POINT('',(178.2,14.,12.));
#5009 = DIRECTION('',(0.,0.,1.));
#5010 = DIRECTION('',(1.,0.,-0.));
#5011 = ADVANCED_FACE('',(#5012),#5023,.F.);
#5012 = FACE_BOUND('',#5013,.F.);
#5013 = EDGE_LOOP('',(#5014,#5015,#5016,#5022));
#5014 = ORIENTED_EDGE('',*,*,#4993,.F.);
#5015 = ORIENTED_EDGE('',*,*,#4118,.T.);
#5016 = ORIENTED_EDGE('',*,*,#5017,.T.);
#5017 = EDGE_CURVE('',#4111,#3451,#5018,.T.);
#5018 = LINE('',#5019,#5020);
#5019 = CARTESIAN_POINT('',(178.2,29.,14.5));
#5020 = VECTOR('',#5021,1.);
#5021 = DIRECTION('',(1.,0.,-0.));
#5022 = ORIENTED_EDGE('',*,*,#3458,.F.);
#5023 = PLANE('',#5024);
#5024 = AXIS2_PLACEMENT_3D('',#5025,#5026,#5027);
#5025 = CARTESIAN_POINT('',(178.2,29.,12.));
#5026 = DIRECTION('',(-0.,1.,0.));
#5027 = DIRECTION('',(0.,0.,1.));
#5028 = ADVANCED_FACE('',(#5029),#5040,.T.);
#5029 = FACE_BOUND('',#5030,.T.);
#5030 = EDGE_LOOP('',(#5031,#5032,#5033,#5039));
#5031 = ORIENTED_EDGE('',*,*,#5000,.F.);
#5032 = ORIENTED_EDGE('',*,*,#4102,.T.);
#5033 = ORIENTED_EDGE('',*,*,#5034,.T.);
#5034 = EDGE_CURVE('',#4103,#3443,#5035,.T.);
#5035 = LINE('',#5036,#5037);
#5036 = CARTESIAN_POINT('',(178.2,14.,14.5));
#5037 = VECTOR('',#5038,1.);
#5038 = DIRECTION('',(1.,0.,-0.));
#5039 = ORIENTED_EDGE('',*,*,#3442,.F.);
#5040 = PLANE('',#5041);
#5041 = AXIS2_PLACEMENT_3D('',#5042,#5043,#5044);
#5042 = CARTESIAN_POINT('',(178.2,14.,12.));
#5043 = DIRECTION('',(-0.,1.,0.));
#5044 = DIRECTION('',(0.,0.,1.));
#5045 = ADVANCED_FACE('',(#5046),#5052,.F.);
#5046 = FACE_BOUND('',#5047,.F.);
#5047 = EDGE_LOOP('',(#5048,#5049,#5050,#5051));
#5048 = ORIENTED_EDGE('',*,*,#5017,.F.);
#5049 = ORIENTED_EDGE('',*,*,#4110,.T.);
#5050 = ORIENTED_EDGE('',*,*,#5034,.T.);
#5051 = ORIENTED_EDGE('',*,*,#3450,.F.);
#5052 = PLANE('',#5053);
#5053 = AXIS2_PLACEMENT_3D('',#5054,#5055,#5056);
#5054 = CARTESIAN_POINT('',(178.2,14.,14.5));
#5055 = DIRECTION('',(0.,0.,1.));
#5056 = DIRECTION('',(1.,0.,-0.));
#5057 = ADVANCED_FACE('',(#5058),#5083,.T.);
#5058 = FACE_BOUND('',#5059,.T.);
#5059 = EDGE_LOOP('',(#5060,#5068,#5069,#5077));
#5060 = ORIENTED_EDGE('',*,*,#5061,.F.);
#5061 = EDGE_CURVE('',#3467,#5062,#5064,.T.);
#5062 = VERTEX_POINT('',#5063);
#5063 = CARTESIAN_POINT('',(183.8,13.,17.));
#5064 = LINE('',#5065,#5066);
#5065 = CARTESIAN_POINT('',(181.29,13.,14.5));
#5066 = VECTOR('',#5067,1.);
#5067 = DIRECTION('',(0.708516760586,0.,0.705693984648));
#5068 = ORIENTED_EDGE('',*,*,#3466,.T.);
#5069 = ORIENTED_EDGE('',*,*,#5070,.T.);
#5070 = EDGE_CURVE('',#3469,#5071,#5073,.T.);
#5071 = VERTEX_POINT('',#5072);
#5072 = CARTESIAN_POINT('',(183.8,30.,17.));
#5073 = LINE('',#5074,#5075);
#5074 = CARTESIAN_POINT('',(181.29,30.,14.5));
#5075 = VECTOR('',#5076,1.);
#5076 = DIRECTION('',(0.708516760586,0.,0.705693984648));
#5077 = ORIENTED_EDGE('',*,*,#5078,.F.);
#5078 = EDGE_CURVE('',#5062,#5071,#5079,.T.);
#5079 = LINE('',#5080,#5081);
#5080 = CARTESIAN_POINT('',(183.8,13.,17.));
#5081 = VECTOR('',#5082,1.);
#5082 = DIRECTION('',(0.,1.,0.));
#5083 = PLANE('',#5084);
#5084 = AXIS2_PLACEMENT_3D('',#5085,#5086,#5087);
#5085 = CARTESIAN_POINT('',(181.29,13.,14.5));
#5086 = DIRECTION('',(0.705693984648,0.,-0.708516760586));
#5087 = DIRECTION('',(0.708516760586,0.,0.705693984648));
#5088 = ADVANCED_FACE('',(#5089),#5099,.T.);
#5089 = FACE_BOUND('',#5090,.T.);
#5090 = EDGE_LOOP('',(#5091,#5092,#5093));
#5091 = ORIENTED_EDGE('',*,*,#3476,.T.);
#5092 = ORIENTED_EDGE('',*,*,#5061,.T.);
#5093 = ORIENTED_EDGE('',*,*,#5094,.T.);
#5094 = EDGE_CURVE('',#5062,#3477,#5095,.T.);
#5095 = LINE('',#5096,#5097);
#5096 = CARTESIAN_POINT('',(183.8,13.,17.));
#5097 = VECTOR('',#5098,1.);
#5098 = DIRECTION('',(-0.708516760586,0.,0.705693984648));
#5099 = PLANE('',#5100);
#5100 = AXIS2_PLACEMENT_3D('',#5101,#5102,#5103);
#5101 = CARTESIAN_POINT('',(182.02577090105,13.,17.));
#5102 = DIRECTION('',(-0.,-1.,-0.));
#5103 = DIRECTION('',(0.,0.,-1.));
#5104 = ADVANCED_FACE('',(#5105),#5115,.F.);
#5105 = FACE_BOUND('',#5106,.F.);
#5106 = EDGE_LOOP('',(#5107,#5108,#5109));
#5107 = ORIENTED_EDGE('',*,*,#3492,.T.);
#5108 = ORIENTED_EDGE('',*,*,#5070,.T.);
#5109 = ORIENTED_EDGE('',*,*,#5110,.T.);
#5110 = EDGE_CURVE('',#5071,#3485,#5111,.T.);
#5111 = LINE('',#5112,#5113);
#5112 = CARTESIAN_POINT('',(183.8,30.,17.));
#5113 = VECTOR('',#5114,1.);
#5114 = DIRECTION('',(-0.708516760586,0.,0.705693984648));
#5115 = PLANE('',#5116);
#5116 = AXIS2_PLACEMENT_3D('',#5117,#5118,#5119);
#5117 = CARTESIAN_POINT('',(182.02577090105,30.,17.));
#5118 = DIRECTION('',(-0.,-1.,-0.));
#5119 = DIRECTION('',(0.,0.,-1.));
#5120 = ADVANCED_FACE('',(#5121),#5127,.T.);
#5121 = FACE_BOUND('',#5122,.T.);
#5122 = EDGE_LOOP('',(#5123,#5124,#5125,#5126));
#5123 = ORIENTED_EDGE('',*,*,#5094,.F.);
#5124 = ORIENTED_EDGE('',*,*,#5078,.T.);
#5125 = ORIENTED_EDGE('',*,*,#5110,.T.);
#5126 = ORIENTED_EDGE('',*,*,#3484,.T.);
#5127 = PLANE('',#5128);
#5128 = AXIS2_PLACEMENT_3D('',#5129,#5130,#5131);
#5129 = CARTESIAN_POINT('',(183.8,13.,17.));
#5130 = DIRECTION('',(0.705693984648,-0.,0.708516760586));
#5131 = DIRECTION('',(-0.708516760586,0.,0.705693984648));
#5132 = ADVANCED_FACE('',(#5133),#5158,.F.);
#5133 = FACE_BOUND('',#5134,.F.);
#5134 = EDGE_LOOP('',(#5135,#5143,#5144,#5152));
#5135 = ORIENTED_EDGE('',*,*,#5136,.F.);
#5136 = EDGE_CURVE('',#1267,#5137,#5139,.T.);
#5137 = VERTEX_POINT('',#5138);
#5138 = CARTESIAN_POINT('',(-12.3,83.8,26.5));
#5139 = LINE('',#5140,#5141);
#5140 = CARTESIAN_POINT('',(-12.3,83.8,18.5));
#5141 = VECTOR('',#5142,1.);
#5142 = DIRECTION('',(0.,0.,1.));
#5143 = ORIENTED_EDGE('',*,*,#1274,.T.);
#5144 = ORIENTED_EDGE('',*,*,#5145,.T.);
#5145 = EDGE_CURVE('',#1275,#5146,#5148,.T.);
#5146 = VERTEX_POINT('',#5147);
#5147 = CARTESIAN_POINT('',(-12.3,93.8,26.5));
#5148 = LINE('',#5149,#5150);
#5149 = CARTESIAN_POINT('',(-12.3,93.8,18.5));
#5150 = VECTOR('',#5151,1.);
#5151 = DIRECTION('',(0.,0.,1.));
#5152 = ORIENTED_EDGE('',*,*,#5153,.F.);
#5153 = EDGE_CURVE('',#5137,#5146,#5154,.T.);
#5154 = LINE('',#5155,#5156);
#5155 = CARTESIAN_POINT('',(-12.3,83.8,26.5));
#5156 = VECTOR('',#5157,1.);
#5157 = DIRECTION('',(-0.,1.,0.));
#5158 = PLANE('',#5159);
#5159 = AXIS2_PLACEMENT_3D('',#5160,#5161,#5162);
#5160 = CARTESIAN_POINT('',(-12.3,83.8,18.5));
#5161 = DIRECTION('',(1.,0.,-0.));
#5162 = DIRECTION('',(0.,0.,1.));
#5163 = ADVANCED_FACE('',(#5164),#5183,.F.);
#5164 = FACE_BOUND('',#5165,.F.);
#5165 = EDGE_LOOP('',(#5166,#5167,#5175,#5182));
#5166 = ORIENTED_EDGE('',*,*,#2739,.F.);
#5167 = ORIENTED_EDGE('',*,*,#5168,.F.);
#5168 = EDGE_CURVE('',#5169,#2740,#5171,.T.);
#5169 = VERTEX_POINT('',#5170);
#5170 = CARTESIAN_POINT('',(3.2,8.2,-8.5));
#5171 = LINE('',#5172,#5173);
#5172 = CARTESIAN_POINT('',(3.2,8.2,-9.5));
#5173 = VECTOR('',#5174,1.);
#5174 = DIRECTION('',(0.,0.,1.));
#5175 = ORIENTED_EDGE('',*,*,#5176,.T.);
#5176 = EDGE_CURVE('',#5169,#5169,#5177,.T.);
#5177 = CIRCLE('',#5178,1.5);
#5178 = AXIS2_PLACEMENT_3D('',#5179,#5180,#5181);
#5179 = CARTESIAN_POINT('',(1.7,8.2,-8.5));
#5180 = DIRECTION('',(0.,0.,1.));
#5181 = DIRECTION('',(1.,0.,-0.));
#5182 = ORIENTED_EDGE('',*,*,#5168,.T.);
#5183 = CYLINDRICAL_SURFACE('',#5184,1.5);
#5184 = AXIS2_PLACEMENT_3D('',#5185,#5186,#5187);
#5185 = CARTESIAN_POINT('',(1.7,8.2,-9.5));
#5186 = DIRECTION('',(0.,0.,1.));
#5187 = DIRECTION('',(1.,0.,-0.));
#5188 = ADVANCED_FACE('',(#5189),#5208,.F.);
#5189 = FACE_BOUND('',#5190,.F.);
#5190 = EDGE_LOOP('',(#5191,#5192,#5200,#5207));
#5191 = ORIENTED_EDGE('',*,*,#2772,.F.);
#5192 = ORIENTED_EDGE('',*,*,#5193,.F.);
#5193 = EDGE_CURVE('',#5194,#2773,#5196,.T.);
#5194 = VERTEX_POINT('',#5195);
#5195 = CARTESIAN_POINT('',(177.8,8.2,-8.5));
#5196 = LINE('',#5197,#5198);
#5197 = CARTESIAN_POINT('',(177.8,8.2,-9.5));
#5198 = VECTOR('',#5199,1.);
#5199 = DIRECTION('',(0.,0.,1.));
#5200 = ORIENTED_EDGE('',*,*,#5201,.T.);
#5201 = EDGE_CURVE('',#5194,#5194,#5202,.T.);
#5202 = CIRCLE('',#5203,1.5);
#5203 = AXIS2_PLACEMENT_3D('',#5204,#5205,#5206);
#5204 = CARTESIAN_POINT('',(176.3,8.2,-8.5));
#5205 = DIRECTION('',(0.,0.,1.));
#5206 = DIRECTION('',(1.,0.,-0.));
#5207 = ORIENTED_EDGE('',*,*,#5193,.T.);
#5208 = CYLINDRICAL_SURFACE('',#5209,1.5);
#5209 = AXIS2_PLACEMENT_3D('',#5210,#5211,#5212);
#5210 = CARTESIAN_POINT('',(176.3,8.2,-9.5));
#5211 = DIRECTION('',(0.,0.,1.));
#5212 = DIRECTION('',(1.,0.,-0.));
#5213 = ADVANCED_FACE('',(#5214),#5233,.F.);
#5214 = FACE_BOUND('',#5215,.F.);
#5215 = EDGE_LOOP('',(#5216,#5217,#5225,#5232));
#5216 = ORIENTED_EDGE('',*,*,#2794,.F.);
#5217 = ORIENTED_EDGE('',*,*,#5218,.F.);
#5218 = EDGE_CURVE('',#5219,#2795,#5221,.T.);
#5219 = VERTEX_POINT('',#5220);
#5220 = CARTESIAN_POINT('',(3.2,85.8,-8.5));
#5221 = LINE('',#5222,#5223);
#5222 = CARTESIAN_POINT('',(3.2,85.8,-9.5));
#5223 = VECTOR('',#5224,1.);
#5224 = DIRECTION('',(0.,0.,1.));
#5225 = ORIENTED_EDGE('',*,*,#5226,.T.);
#5226 = EDGE_CURVE('',#5219,#5219,#5227,.T.);
#5227 = CIRCLE('',#5228,1.5);
#5228 = AXIS2_PLACEMENT_3D('',#5229,#5230,#5231);
#5229 = CARTESIAN_POINT('',(1.7,85.8,-8.5));
#5230 = DIRECTION('',(0.,0.,1.));
#5231 = DIRECTION('',(1.,0.,-0.));
#5232 = ORIENTED_EDGE('',*,*,#5218,.T.);
#5233 = CYLINDRICAL_SURFACE('',#5234,1.5);
#5234 = AXIS2_PLACEMENT_3D('',#5235,#5236,#5237);
#5235 = CARTESIAN_POINT('',(1.7,85.8,-9.5));
#5236 = DIRECTION('',(0.,0.,1.));
#5237 = DIRECTION('',(1.,0.,-0.));
#5238 = ADVANCED_FACE('',(#5239),#5258,.F.);
#5239 = FACE_BOUND('',#5240,.F.);
#5240 = EDGE_LOOP('',(#5241,#5242,#5250,#5257));
#5241 = ORIENTED_EDGE('',*,*,#2816,.F.);
#5242 = ORIENTED_EDGE('',*,*,#5243,.F.);
#5243 = EDGE_CURVE('',#5244,#2817,#5246,.T.);
#5244 = VERTEX_POINT('',#5245);
#5245 = CARTESIAN_POINT('',(177.8,85.8,-8.5));
#5246 = LINE('',#5247,#5248);
#5247 = CARTESIAN_POINT('',(177.8,85.8,-9.5));
#5248 = VECTOR('',#5249,1.);
#5249 = DIRECTION('',(0.,0.,1.));
#5250 = ORIENTED_EDGE('',*,*,#5251,.T.);
#5251 = EDGE_CURVE('',#5244,#5244,#5252,.T.);
#5252 = CIRCLE('',#5253,1.5);
#5253 = AXIS2_PLACEMENT_3D('',#5254,#5255,#5256);
#5254 = CARTESIAN_POINT('',(176.3,85.8,-8.5));
#5255 = DIRECTION('',(0.,0.,1.));
#5256 = DIRECTION('',(1.,0.,-0.));
#5257 = ORIENTED_EDGE('',*,*,#5243,.T.);
#5258 = CYLINDRICAL_SURFACE('',#5259,1.5);
#5259 = AXIS2_PLACEMENT_3D('',#5260,#5261,#5262);
#5260 = CARTESIAN_POINT('',(176.3,85.8,-9.5));
#5261 = DIRECTION('',(0.,0.,1.));
#5262 = DIRECTION('',(1.,0.,-0.));
#5263 = ADVANCED_FACE('',(#5264),#5275,.F.);
#5264 = FACE_BOUND('',#5265,.F.);
#5265 = EDGE_LOOP('',(#5266,#5267,#5273,#5274));
#5266 = ORIENTED_EDGE('',*,*,#1314,.F.);
#5267 = ORIENTED_EDGE('',*,*,#5268,.T.);
#5268 = EDGE_CURVE('',#1307,#1439,#5269,.T.);
#5269 = LINE('',#5270,#5271);
#5270 = CARTESIAN_POINT('',(-17.3,10.,-8.5));
#5271 = VECTOR('',#5272,1.);
#5272 = DIRECTION('',(-0.,1.,0.));
#5273 = ORIENTED_EDGE('',*,*,#1446,.T.);
#5274 = ORIENTED_EDGE('',*,*,#1376,.F.);
#5275 = PLANE('',#5276);
#5276 = AXIS2_PLACEMENT_3D('',#5277,#5278,#5279);
#5277 = CARTESIAN_POINT('',(-17.3,10.,-8.5));
#5278 = DIRECTION('',(1.,0.,-0.));
#5279 = DIRECTION('',(0.,0.,1.));
#5280 = ADVANCED_FACE('',(#5281),#5292,.F.);
#5281 = FACE_BOUND('',#5282,.F.);
#5282 = EDGE_LOOP('',(#5283,#5284,#5290,#5291));
#5283 = ORIENTED_EDGE('',*,*,#1470,.F.);
#5284 = ORIENTED_EDGE('',*,*,#5285,.T.);
#5285 = EDGE_CURVE('',#1463,#1338,#5286,.T.);
#5286 = LINE('',#5287,#5288);
#5287 = CARTESIAN_POINT('',(-17.3,68.,-8.5));
#5288 = VECTOR('',#5289,1.);
#5289 = DIRECTION('',(-0.,1.,0.));
#5290 = ORIENTED_EDGE('',*,*,#1345,.T.);
#5291 = ORIENTED_EDGE('',*,*,#1404,.F.);
#5292 = PLANE('',#5293);
#5293 = AXIS2_PLACEMENT_3D('',#5294,#5295,#5296);
#5294 = CARTESIAN_POINT('',(-17.3,68.,-8.5));
#5295 = DIRECTION('',(1.,0.,-0.));
#5296 = DIRECTION('',(0.,0.,1.));
#5297 = ADVANCED_FACE('',(#5298),#5317,.F.);
#5298 = FACE_BOUND('',#5299,.F.);
#5299 = EDGE_LOOP('',(#5300,#5301,#5309,#5316));
#5300 = ORIENTED_EDGE('',*,*,#1386,.F.);
#5301 = ORIENTED_EDGE('',*,*,#5302,.F.);
#5302 = EDGE_CURVE('',#5303,#1387,#5305,.T.);
#5303 = VERTEX_POINT('',#5304);
#5304 = CARTESIAN_POINT('',(-8.55,18.,-8.5));
#5305 = LINE('',#5306,#5307);
#5306 = CARTESIAN_POINT('',(-8.55,18.,-9.5));
#5307 = VECTOR('',#5308,1.);
#5308 = DIRECTION('',(0.,0.,1.));
#5309 = ORIENTED_EDGE('',*,*,#5310,.T.);
#5310 = EDGE_CURVE('',#5303,#5303,#5311,.T.);
#5311 = CIRCLE('',#5312,2.25);
#5312 = AXIS2_PLACEMENT_3D('',#5313,#5314,#5315);
#5313 = CARTESIAN_POINT('',(-10.8,18.,-8.5));
#5314 = DIRECTION('',(0.,0.,1.));
#5315 = DIRECTION('',(1.,0.,-0.));
#5316 = ORIENTED_EDGE('',*,*,#5302,.T.);
#5317 = CYLINDRICAL_SURFACE('',#5318,2.25);
#5318 = AXIS2_PLACEMENT_3D('',#5319,#5320,#5321);
#5319 = CARTESIAN_POINT('',(-10.8,18.,-9.5));
#5320 = DIRECTION('',(0.,0.,1.));
#5321 = DIRECTION('',(1.,0.,-0.));
#5322 = ADVANCED_FACE('',(#5323),#5342,.F.);
#5323 = FACE_BOUND('',#5324,.F.);
#5324 = EDGE_LOOP('',(#5325,#5326,#5334,#5341));
#5325 = ORIENTED_EDGE('',*,*,#1421,.F.);
#5326 = ORIENTED_EDGE('',*,*,#5327,.F.);
#5327 = EDGE_CURVE('',#5328,#1422,#5330,.T.);
#5328 = VERTEX_POINT('',#5329);
#5329 = CARTESIAN_POINT('',(-8.55,76.,-8.5));
#5330 = LINE('',#5331,#5332);
#5331 = CARTESIAN_POINT('',(-8.55,76.,-9.5));
#5332 = VECTOR('',#5333,1.);
#5333 = DIRECTION('',(0.,0.,1.));
#5334 = ORIENTED_EDGE('',*,*,#5335,.T.);
#5335 = EDGE_CURVE('',#5328,#5328,#5336,.T.);
#5336 = CIRCLE('',#5337,2.25);
#5337 = AXIS2_PLACEMENT_3D('',#5338,#5339,#5340);
#5338 = CARTESIAN_POINT('',(-10.8,76.,-8.5));
#5339 = DIRECTION('',(0.,0.,1.));
#5340 = DIRECTION('',(1.,0.,-0.));
#5341 = ORIENTED_EDGE('',*,*,#5327,.T.);
#5342 = CYLINDRICAL_SURFACE('',#5343,2.25);
#5343 = AXIS2_PLACEMENT_3D('',#5344,#5345,#5346);
#5344 = CARTESIAN_POINT('',(-10.8,76.,-9.5));
#5345 = DIRECTION('',(0.,0.,1.));
#5346 = DIRECTION('',(1.,0.,-0.));
#5347 = ADVANCED_FACE('',(#5348),#5373,.T.);
#5348 = FACE_BOUND('',#5349,.T.);
#5349 = EDGE_LOOP('',(#5350,#5358,#5359,#5367));
#5350 = ORIENTED_EDGE('',*,*,#5351,.F.);
#5351 = EDGE_CURVE('',#3557,#5352,#5354,.T.);
#5352 = VERTEX_POINT('',#5353);
#5353 = CARTESIAN_POINT('',(190.3,83.8,26.5));
#5354 = LINE('',#5355,#5356);
#5355 = CARTESIAN_POINT('',(190.3,83.8,18.5));
#5356 = VECTOR('',#5357,1.);
#5357 = DIRECTION('',(0.,0.,1.));
#5358 = ORIENTED_EDGE('',*,*,#3564,.T.);
#5359 = ORIENTED_EDGE('',*,*,#5360,.T.);
#5360 = EDGE_CURVE('',#3565,#5361,#5363,.T.);
#5361 = VERTEX_POINT('',#5362);
#5362 = CARTESIAN_POINT('',(190.3,93.8,26.5));
#5363 = LINE('',#5364,#5365);
#5364 = CARTESIAN_POINT('',(190.3,93.8,18.5));
#5365 = VECTOR('',#5366,1.);
#5366 = DIRECTION('',(0.,0.,1.));
#5367 = ORIENTED_EDGE('',*,*,#5368,.F.);
#5368 = EDGE_CURVE('',#5352,#5361,#5369,.T.);
#5369 = LINE('',#5370,#5371);
#5370 = CARTESIAN_POINT('',(190.3,83.8,26.5));
#5371 = VECTOR('',#5372,1.);
#5372 = DIRECTION('',(-0.,1.,0.));
#5373 = PLANE('',#5374);
#5374 = AXIS2_PLACEMENT_3D('',#5375,#5376,#5377);
#5375 = CARTESIAN_POINT('',(190.3,83.8,18.5));
#5376 = DIRECTION('',(1.,0.,-0.));
#5377 = DIRECTION('',(0.,0.,1.));
#5378 = ADVANCED_FACE('',(#5379),#5404,.T.);
#5379 = FACE_BOUND('',#5380,.T.);
#5380 = EDGE_LOOP('',(#5381,#5389,#5390,#5398));
#5381 = ORIENTED_EDGE('',*,*,#5382,.F.);
#5382 = EDGE_CURVE('',#3597,#5383,#5385,.T.);
#5383 = VERTEX_POINT('',#5384);
#5384 = CARTESIAN_POINT('',(190.3,0.2,26.5));
#5385 = LINE('',#5386,#5387);
#5386 = CARTESIAN_POINT('',(190.3,0.2,18.5));
#5387 = VECTOR('',#5388,1.);
#5388 = DIRECTION('',(0.,0.,1.));
#5389 = ORIENTED_EDGE('',*,*,#3606,.T.);
#5390 = ORIENTED_EDGE('',*,*,#5391,.T.);
#5391 = EDGE_CURVE('',#3607,#5392,#5394,.T.);
#5392 = VERTEX_POINT('',#5393);
#5393 = CARTESIAN_POINT('',(190.3,10.2,26.5));
#5394 = LINE('',#5395,#5396);
#5395 = CARTESIAN_POINT('',(190.3,10.2,18.5));
#5396 = VECTOR('',#5397,1.);
#5397 = DIRECTION('',(0.,0.,1.));
#5398 = ORIENTED_EDGE('',*,*,#5399,.F.);
#5399 = EDGE_CURVE('',#5383,#5392,#5400,.T.);
#5400 = LINE('',#5401,#5402);
#5401 = CARTESIAN_POINT('',(190.3,0.2,26.5));
#5402 = VECTOR('',#5403,1.);
#5403 = DIRECTION('',(-0.,1.,0.));
#5404 = PLANE('',#5405);
#5405 = AXIS2_PLACEMENT_3D('',#5406,#5407,#5408);
#5406 = CARTESIAN_POINT('',(190.3,0.2,18.5));
#5407 = DIRECTION('',(1.,0.,-0.));
#5408 = DIRECTION('',(0.,0.,1.));
#5409 = ADVANCED_FACE('',(#5410),#5421,.T.);
#5410 = FACE_BOUND('',#5411,.T.);
#5411 = EDGE_LOOP('',(#5412,#5413,#5419,#5420));
#5412 = ORIENTED_EDGE('',*,*,#3653,.F.);
#5413 = ORIENTED_EDGE('',*,*,#5414,.T.);
#5414 = EDGE_CURVE('',#3637,#3769,#5415,.T.);
#5415 = LINE('',#5416,#5417);
#5416 = CARTESIAN_POINT('',(195.3,10.,-8.5));
#5417 = VECTOR('',#5418,1.);
#5418 = DIRECTION('',(-0.,1.,0.));
#5419 = ORIENTED_EDGE('',*,*,#3778,.T.);
#5420 = ORIENTED_EDGE('',*,*,#3708,.F.);
#5421 = PLANE('',#5422);
#5422 = AXIS2_PLACEMENT_3D('',#5423,#5424,#5425);
#5423 = CARTESIAN_POINT('',(195.3,10.,-8.5));
#5424 = DIRECTION('',(1.,0.,-0.));
#5425 = DIRECTION('',(0.,0.,1.));
#5426 = ADVANCED_FACE('',(#5427),#5438,.T.);
#5427 = FACE_BOUND('',#5428,.T.);
#5428 = EDGE_LOOP('',(#5429,#5430,#5436,#5437));
#5429 = ORIENTED_EDGE('',*,*,#3802,.F.);
#5430 = ORIENTED_EDGE('',*,*,#5431,.T.);
#5431 = EDGE_CURVE('',#3793,#3668,#5432,.T.);
#5432 = LINE('',#5433,#5434);
#5433 = CARTESIAN_POINT('',(195.3,68.,-8.5));
#5434 = VECTOR('',#5435,1.);
#5435 = DIRECTION('',(-0.,1.,0.));
#5436 = ORIENTED_EDGE('',*,*,#3684,.T.);
#5437 = ORIENTED_EDGE('',*,*,#3743,.F.);
#5438 = PLANE('',#5439);
#5439 = AXIS2_PLACEMENT_3D('',#5440,#5441,#5442);
#5440 = CARTESIAN_POINT('',(195.3,68.,-8.5));
#5441 = DIRECTION('',(1.,0.,-0.));
#5442 = DIRECTION('',(0.,0.,1.));
#5443 = ADVANCED_FACE('',(#5444),#5463,.F.);
#5444 = FACE_BOUND('',#5445,.F.);
#5445 = EDGE_LOOP('',(#5446,#5447,#5455,#5462));
#5446 = ORIENTED_EDGE('',*,*,#3716,.F.);
#5447 = ORIENTED_EDGE('',*,*,#5448,.F.);
#5448 = EDGE_CURVE('',#5449,#3717,#5451,.T.);
#5449 = VERTEX_POINT('',#5450);
#5450 = CARTESIAN_POINT('',(191.05,18.,-8.5));
#5451 = LINE('',#5452,#5453);
#5452 = CARTESIAN_POINT('',(191.05,18.,-9.5));
#5453 = VECTOR('',#5454,1.);
#5454 = DIRECTION('',(0.,0.,1.));
#5455 = ORIENTED_EDGE('',*,*,#5456,.T.);
#5456 = EDGE_CURVE('',#5449,#5449,#5457,.T.);
#5457 = CIRCLE('',#5458,2.25);
#5458 = AXIS2_PLACEMENT_3D('',#5459,#5460,#5461);
#5459 = CARTESIAN_POINT('',(188.8,18.,-8.5));
#5460 = DIRECTION('',(0.,0.,1.));
#5461 = DIRECTION('',(1.,0.,-0.));
#5462 = ORIENTED_EDGE('',*,*,#5448,.T.);
#5463 = CYLINDRICAL_SURFACE('',#5464,2.25);
#5464 = AXIS2_PLACEMENT_3D('',#5465,#5466,#5467);
#5465 = CARTESIAN_POINT('',(188.8,18.,-9.5));
#5466 = DIRECTION('',(0.,0.,1.));
#5467 = DIRECTION('',(1.,0.,-0.));
#5468 = ADVANCED_FACE('',(#5469),#5488,.F.);
#5469 = FACE_BOUND('',#5470,.F.);
#5470 = EDGE_LOOP('',(#5471,#5472,#5480,#5487));
#5471 = ORIENTED_EDGE('',*,*,#3751,.F.);
#5472 = ORIENTED_EDGE('',*,*,#5473,.F.);
#5473 = EDGE_CURVE('',#5474,#3752,#5476,.T.);
#5474 = VERTEX_POINT('',#5475);
#5475 = CARTESIAN_POINT('',(191.05,76.,-8.5));
#5476 = LINE('',#5477,#5478);
#5477 = CARTESIAN_POINT('',(191.05,76.,-9.5));
#5478 = VECTOR('',#5479,1.);
#5479 = DIRECTION('',(0.,0.,1.));
#5480 = ORIENTED_EDGE('',*,*,#5481,.T.);
#5481 = EDGE_CURVE('',#5474,#5474,#5482,.T.);
#5482 = CIRCLE('',#5483,2.25);
#5483 = AXIS2_PLACEMENT_3D('',#5484,#5485,#5486);
#5484 = CARTESIAN_POINT('',(188.8,76.,-8.5));
#5485 = DIRECTION('',(0.,0.,1.));
#5486 = DIRECTION('',(1.,0.,-0.));
#5487 = ORIENTED_EDGE('',*,*,#5473,.T.);
#5488 = CYLINDRICAL_SURFACE('',#5489,2.25);
#5489 = AXIS2_PLACEMENT_3D('',#5490,#5491,#5492);
#5490 = CARTESIAN_POINT('',(188.8,76.,-9.5));
#5491 = DIRECTION('',(0.,0.,1.));
#5492 = DIRECTION('',(1.,0.,-0.));
#5493 = ADVANCED_FACE('',(#5494),#5513,.T.);
#5494 = FACE_BOUND('',#5495,.T.);
#5495 = EDGE_LOOP('',(#5496,#5504,#5511,#5512));
#5496 = ORIENTED_EDGE('',*,*,#5497,.T.);
#5497 = EDGE_CURVE('',#2729,#5498,#5500,.T.);
#5498 = VERTEX_POINT('',#5499);
#5499 = CARTESIAN_POINT('',(7.,3.5,0.));
#5500 = LINE('',#5501,#5502);
#5501 = CARTESIAN_POINT('',(7.,3.5,-6.01));
#5502 = VECTOR('',#5503,1.);
#5503 = DIRECTION('',(0.,0.,1.));
#5504 = ORIENTED_EDGE('',*,*,#5505,.F.);
#5505 = EDGE_CURVE('',#5498,#5498,#5506,.T.);
#5506 = CIRCLE('',#5507,3.5);
#5507 = AXIS2_PLACEMENT_3D('',#5508,#5509,#5510);
#5508 = CARTESIAN_POINT('',(3.5,3.5,0.));
#5509 = DIRECTION('',(0.,0.,1.));
#5510 = DIRECTION('',(1.,0.,-0.));
#5511 = ORIENTED_EDGE('',*,*,#5497,.F.);
#5512 = ORIENTED_EDGE('',*,*,#2728,.T.);
#5513 = CYLINDRICAL_SURFACE('',#5514,3.5);
#5514 = AXIS2_PLACEMENT_3D('',#5515,#5516,#5517);
#5515 = CARTESIAN_POINT('',(3.5,3.5,-6.01));
#5516 = DIRECTION('',(0.,0.,1.));
#5517 = DIRECTION('',(1.,0.,-0.));
#5518 = ADVANCED_FACE('',(#5519),#5538,.T.);
#5519 = FACE_BOUND('',#5520,.T.);
#5520 = EDGE_LOOP('',(#5521,#5529,#5536,#5537));
#5521 = ORIENTED_EDGE('',*,*,#5522,.T.);
#5522 = EDGE_CURVE('',#2751,#5523,#5525,.T.);
#5523 = VERTEX_POINT('',#5524);
#5524 = CARTESIAN_POINT('',(55.3,42.8,0.));
#5525 = LINE('',#5526,#5527);
#5526 = CARTESIAN_POINT('',(55.3,42.8,-6.01));
#5527 = VECTOR('',#5528,1.);
#5528 = DIRECTION('',(0.,0.,1.));
#5529 = ORIENTED_EDGE('',*,*,#5530,.F.);
#5530 = EDGE_CURVE('',#5523,#5523,#5531,.T.);
#5531 = CIRCLE('',#5532,3.5);
#5532 = AXIS2_PLACEMENT_3D('',#5533,#5534,#5535);
#5533 = CARTESIAN_POINT('',(51.8,42.8,0.));
#5534 = DIRECTION('',(0.,0.,1.));
#5535 = DIRECTION('',(1.,0.,-0.));
#5536 = ORIENTED_EDGE('',*,*,#5522,.F.);
#5537 = ORIENTED_EDGE('',*,*,#2750,.T.);
#5538 = CYLINDRICAL_SURFACE('',#5539,3.5);
#5539 = AXIS2_PLACEMENT_3D('',#5540,#5541,#5542);
#5540 = CARTESIAN_POINT('',(51.8,42.8,-6.01));
#5541 = DIRECTION('',(0.,0.,1.));
#5542 = DIRECTION('',(1.,0.,-0.));
#5543 = ADVANCED_FACE('',(#5544),#5563,.T.);
#5544 = FACE_BOUND('',#5545,.T.);
#5545 = EDGE_LOOP('',(#5546,#5554,#5561,#5562));
#5546 = ORIENTED_EDGE('',*,*,#5547,.T.);
#5547 = EDGE_CURVE('',#2762,#5548,#5550,.T.);
#5548 = VERTEX_POINT('',#5549);
#5549 = CARTESIAN_POINT('',(178.,3.5,0.));
#5550 = LINE('',#5551,#5552);
#5551 = CARTESIAN_POINT('',(178.,3.5,-6.01));
#5552 = VECTOR('',#5553,1.);
#5553 = DIRECTION('',(0.,0.,1.));
#5554 = ORIENTED_EDGE('',*,*,#5555,.F.);
#5555 = EDGE_CURVE('',#5548,#5548,#5556,.T.);
#5556 = CIRCLE('',#5557,3.5);
#5557 = AXIS2_PLACEMENT_3D('',#5558,#5559,#5560);
#5558 = CARTESIAN_POINT('',(174.5,3.5,0.));
#5559 = DIRECTION('',(0.,0.,1.));
#5560 = DIRECTION('',(1.,0.,-0.));
#5561 = ORIENTED_EDGE('',*,*,#5547,.F.);
#5562 = ORIENTED_EDGE('',*,*,#2761,.T.);
#5563 = CYLINDRICAL_SURFACE('',#5564,3.5);
#5564 = AXIS2_PLACEMENT_3D('',#5565,#5566,#5567);
#5565 = CARTESIAN_POINT('',(174.5,3.5,-6.01));
#5566 = DIRECTION('',(0.,0.,1.));
#5567 = DIRECTION('',(1.,0.,-0.));
#5568 = ADVANCED_FACE('',(#5569),#5588,.T.);
#5569 = FACE_BOUND('',#5570,.T.);
#5570 = EDGE_LOOP('',(#5571,#5579,#5586,#5587));
#5571 = ORIENTED_EDGE('',*,*,#5572,.T.);
#5572 = EDGE_CURVE('',#2784,#5573,#5575,.T.);
#5573 = VERTEX_POINT('',#5574);
#5574 = CARTESIAN_POINT('',(123.5,42.8,0.));
#5575 = LINE('',#5576,#5577);
#5576 = CARTESIAN_POINT('',(123.5,42.8,-6.01));
#5577 = VECTOR('',#5578,1.);
#5578 = DIRECTION('',(0.,0.,1.));
#5579 = ORIENTED_EDGE('',*,*,#5580,.F.);
#5580 = EDGE_CURVE('',#5573,#5573,#5581,.T.);
#5581 = CIRCLE('',#5582,3.5);
#5582 = AXIS2_PLACEMENT_3D('',#5583,#5584,#5585);
#5583 = CARTESIAN_POINT('',(120.,42.8,0.));
#5584 = DIRECTION('',(0.,0.,1.));
#5585 = DIRECTION('',(1.,0.,-0.));
#5586 = ORIENTED_EDGE('',*,*,#5572,.F.);
#5587 = ORIENTED_EDGE('',*,*,#2783,.T.);
#5588 = CYLINDRICAL_SURFACE('',#5589,3.5);
#5589 = AXIS2_PLACEMENT_3D('',#5590,#5591,#5592);
#5590 = CARTESIAN_POINT('',(120.,42.8,-6.01));
#5591 = DIRECTION('',(0.,0.,1.));
#5592 = DIRECTION('',(1.,0.,-0.));
#5593 = ADVANCED_FACE('',(#5594),#5613,.T.);
#5594 = FACE_BOUND('',#5595,.T.);
#5595 = EDGE_LOOP('',(#5596,#5604,#5611,#5612));
#5596 = ORIENTED_EDGE('',*,*,#5597,.T.);
#5597 = EDGE_CURVE('',#2806,#5598,#5600,.T.);
#5598 = VERTEX_POINT('',#5599);
#5599 = CARTESIAN_POINT('',(7.,90.5,0.));
#5600 = LINE('',#5601,#5602);
#5601 = CARTESIAN_POINT('',(7.,90.5,-6.01));
#5602 = VECTOR('',#5603,1.);
#5603 = DIRECTION('',(0.,0.,1.));
#5604 = ORIENTED_EDGE('',*,*,#5605,.F.);
#5605 = EDGE_CURVE('',#5598,#5598,#5606,.T.);
#5606 = CIRCLE('',#5607,3.5);
#5607 = AXIS2_PLACEMENT_3D('',#5608,#5609,#5610);
#5608 = CARTESIAN_POINT('',(3.5,90.5,0.));
#5609 = DIRECTION('',(0.,0.,1.));
#5610 = DIRECTION('',(1.,0.,-0.));
#5611 = ORIENTED_EDGE('',*,*,#5597,.F.);
#5612 = ORIENTED_EDGE('',*,*,#2805,.T.);
#5613 = CYLINDRICAL_SURFACE('',#5614,3.5);
#5614 = AXIS2_PLACEMENT_3D('',#5615,#5616,#5617);
#5615 = CARTESIAN_POINT('',(3.5,90.5,-6.01));
#5616 = DIRECTION('',(0.,0.,1.));
#5617 = DIRECTION('',(1.,0.,-0.));
#5618 = ADVANCED_FACE('',(#5619),#5638,.T.);
#5619 = FACE_BOUND('',#5620,.T.);
#5620 = EDGE_LOOP('',(#5621,#5629,#5636,#5637));
#5621 = ORIENTED_EDGE('',*,*,#5622,.T.);
#5622 = EDGE_CURVE('',#2828,#5623,#5625,.T.);
#5623 = VERTEX_POINT('',#5624);
#5624 = CARTESIAN_POINT('',(178.,90.5,0.));
#5625 = LINE('',#5626,#5627);
#5626 = CARTESIAN_POINT('',(178.,90.5,-6.01));
#5627 = VECTOR('',#5628,1.);
#5628 = DIRECTION('',(0.,0.,1.));
#5629 = ORIENTED_EDGE('',*,*,#5630,.F.);
#5630 = EDGE_CURVE('',#5623,#5623,#5631,.T.);
#5631 = CIRCLE('',#5632,3.5);
#5632 = AXIS2_PLACEMENT_3D('',#5633,#5634,#5635);
#5633 = CARTESIAN_POINT('',(174.5,90.5,0.));
#5634 = DIRECTION('',(0.,0.,1.));
#5635 = DIRECTION('',(1.,0.,-0.));
#5636 = ORIENTED_EDGE('',*,*,#5622,.F.);
#5637 = ORIENTED_EDGE('',*,*,#2827,.T.);
#5638 = CYLINDRICAL_SURFACE('',#5639,3.5);
#5639 = AXIS2_PLACEMENT_3D('',#5640,#5641,#5642);
#5640 = CARTESIAN_POINT('',(174.5,90.5,-6.01));
#5641 = DIRECTION('',(0.,0.,1.));
#5642 = DIRECTION('',(1.,0.,-0.));
#5643 = ADVANCED_FACE('',(#5644,#5647),#5658,.T.);
#5644 = FACE_BOUND('',#5645,.T.);
#5645 = EDGE_LOOP('',(#5646));
#5646 = ORIENTED_EDGE('',*,*,#5505,.T.);
#5647 = FACE_BOUND('',#5648,.T.);
#5648 = EDGE_LOOP('',(#5649));
#5649 = ORIENTED_EDGE('',*,*,#5650,.F.);
#5650 = EDGE_CURVE('',#5651,#5651,#5653,.T.);
#5651 = VERTEX_POINT('',#5652);
#5652 = CARTESIAN_POINT('',(4.85,3.5,0.));
#5653 = CIRCLE('',#5654,1.35);
#5654 = AXIS2_PLACEMENT_3D('',#5655,#5656,#5657);
#5655 = CARTESIAN_POINT('',(3.5,3.5,0.));
#5656 = DIRECTION('',(0.,0.,1.));
#5657 = DIRECTION('',(1.,0.,-0.));
#5658 = PLANE('',#5659);
#5659 = AXIS2_PLACEMENT_3D('',#5660,#5661,#5662);
#5660 = CARTESIAN_POINT('',(3.5,3.5,0.));
#5661 = DIRECTION('',(0.,0.,1.));
#5662 = DIRECTION('',(1.,0.,-0.));
#5663 = ADVANCED_FACE('',(#5664,#5667),#5678,.T.);
#5664 = FACE_BOUND('',#5665,.T.);
#5665 = EDGE_LOOP('',(#5666));
#5666 = ORIENTED_EDGE('',*,*,#5530,.T.);
#5667 = FACE_BOUND('',#5668,.T.);
#5668 = EDGE_LOOP('',(#5669));
#5669 = ORIENTED_EDGE('',*,*,#5670,.F.);
#5670 = EDGE_CURVE('',#5671,#5671,#5673,.T.);
#5671 = VERTEX_POINT('',#5672);
#5672 = CARTESIAN_POINT('',(53.15,42.8,0.));
#5673 = CIRCLE('',#5674,1.35);
#5674 = AXIS2_PLACEMENT_3D('',#5675,#5676,#5677);
#5675 = CARTESIAN_POINT('',(51.8,42.8,0.));
#5676 = DIRECTION('',(0.,0.,1.));
#5677 = DIRECTION('',(1.,0.,-0.));
#5678 = PLANE('',#5679);
#5679 = AXIS2_PLACEMENT_3D('',#5680,#5681,#5682);
#5680 = CARTESIAN_POINT('',(51.8,42.8,0.));
#5681 = DIRECTION('',(0.,0.,1.));
#5682 = DIRECTION('',(1.,0.,-0.));
#5683 = ADVANCED_FACE('',(#5684,#5687),#5698,.T.);
#5684 = FACE_BOUND('',#5685,.T.);
#5685 = EDGE_LOOP('',(#5686));
#5686 = ORIENTED_EDGE('',*,*,#5555,.T.);
#5687 = FACE_BOUND('',#5688,.T.);
#5688 = EDGE_LOOP('',(#5689));
#5689 = ORIENTED_EDGE('',*,*,#5690,.F.);
#5690 = EDGE_CURVE('',#5691,#5691,#5693,.T.);
#5691 = VERTEX_POINT('',#5692);
#5692 = CARTESIAN_POINT('',(175.85,3.5,0.));
#5693 = CIRCLE('',#5694,1.35);
#5694 = AXIS2_PLACEMENT_3D('',#5695,#5696,#5697);
#5695 = CARTESIAN_POINT('',(174.5,3.5,0.));
#5696 = DIRECTION('',(0.,0.,1.));
#5697 = DIRECTION('',(1.,0.,-0.));
#5698 = PLANE('',#5699);
#5699 = AXIS2_PLACEMENT_3D('',#5700,#5701,#5702);
#5700 = CARTESIAN_POINT('',(174.5,3.5,0.));
#5701 = DIRECTION('',(0.,0.,1.));
#5702 = DIRECTION('',(1.,0.,-0.));
#5703 = ADVANCED_FACE('',(#5704,#5707),#5718,.T.);
#5704 = FACE_BOUND('',#5705,.T.);
#5705 = EDGE_LOOP('',(#5706));
#5706 = ORIENTED_EDGE('',*,*,#5580,.T.);
#5707 = FACE_BOUND('',#5708,.T.);
#5708 = EDGE_LOOP('',(#5709));
#5709 = ORIENTED_EDGE('',*,*,#5710,.F.);
#5710 = EDGE_CURVE('',#5711,#5711,#5713,.T.);
#5711 = VERTEX_POINT('',#5712);
#5712 = CARTESIAN_POINT('',(121.35,42.8,0.));
#5713 = CIRCLE('',#5714,1.35);
#5714 = AXIS2_PLACEMENT_3D('',#5715,#5716,#5717);
#5715 = CARTESIAN_POINT('',(120.,42.8,0.));
#5716 = DIRECTION('',(0.,0.,1.));
#5717 = DIRECTION('',(1.,0.,-0.));
#5718 = PLANE('',#5719);
#5719 = AXIS2_PLACEMENT_3D('',#5720,#5721,#5722);
#5720 = CARTESIAN_POINT('',(120.,42.8,0.));
#5721 = DIRECTION('',(0.,0.,1.));
#5722 = DIRECTION('',(1.,0.,-0.));
#5723 = ADVANCED_FACE('',(#5724,#5727),#5738,.T.);
#5724 = FACE_BOUND('',#5725,.T.);
#5725 = EDGE_LOOP('',(#5726));
#5726 = ORIENTED_EDGE('',*,*,#5605,.T.);
#5727 = FACE_BOUND('',#5728,.T.);
#5728 = EDGE_LOOP('',(#5729));
#5729 = ORIENTED_EDGE('',*,*,#5730,.F.);
#5730 = EDGE_CURVE('',#5731,#5731,#5733,.T.);
#5731 = VERTEX_POINT('',#5732);
#5732 = CARTESIAN_POINT('',(4.85,90.5,0.));
#5733 = CIRCLE('',#5734,1.35);
#5734 = AXIS2_PLACEMENT_3D('',#5735,#5736,#5737);
#5735 = CARTESIAN_POINT('',(3.5,90.5,0.));
#5736 = DIRECTION('',(0.,0.,1.));
#5737 = DIRECTION('',(1.,0.,-0.));
#5738 = PLANE('',#5739);
#5739 = AXIS2_PLACEMENT_3D('',#5740,#5741,#5742);
#5740 = CARTESIAN_POINT('',(3.5,90.5,0.));
#5741 = DIRECTION('',(0.,0.,1.));
#5742 = DIRECTION('',(1.,0.,-0.));
#5743 = ADVANCED_FACE('',(#5744,#5747),#5758,.T.);
#5744 = FACE_BOUND('',#5745,.T.);
#5745 = EDGE_LOOP('',(#5746));
#5746 = ORIENTED_EDGE('',*,*,#5630,.T.);
#5747 = FACE_BOUND('',#5748,.T.);
#5748 = EDGE_LOOP('',(#5749));
#5749 = ORIENTED_EDGE('',*,*,#5750,.F.);
#5750 = EDGE_CURVE('',#5751,#5751,#5753,.T.);
#5751 = VERTEX_POINT('',#5752);
#5752 = CARTESIAN_POINT('',(175.85,90.5,0.));
#5753 = CIRCLE('',#5754,1.35);
#5754 = AXIS2_PLACEMENT_3D('',#5755,#5756,#5757);
#5755 = CARTESIAN_POINT('',(174.5,90.5,0.));
#5756 = DIRECTION('',(0.,0.,1.));
#5757 = DIRECTION('',(1.,0.,-0.));
#5758 = PLANE('',#5759);
#5759 = AXIS2_PLACEMENT_3D('',#5760,#5761,#5762);
#5760 = CARTESIAN_POINT('',(174.5,90.5,0.));
#5761 = DIRECTION('',(0.,0.,1.));
#5762 = DIRECTION('',(1.,0.,-0.));
#5763 = ADVANCED_FACE('',(#5764),#5783,.F.);
#5764 = FACE_BOUND('',#5765,.F.);
#5765 = EDGE_LOOP('',(#5766,#5767,#5775,#5782));
#5766 = ORIENTED_EDGE('',*,*,#5650,.F.);
#5767 = ORIENTED_EDGE('',*,*,#5768,.F.);
#5768 = EDGE_CURVE('',#5769,#5651,#5771,.T.);
#5769 = VERTEX_POINT('',#5770);
#5770 = CARTESIAN_POINT('',(4.85,3.5,-7.5));
#5771 = LINE('',#5772,#5773);
#5772 = CARTESIAN_POINT('',(4.85,3.5,-7.5));
#5773 = VECTOR('',#5774,1.);
#5774 = DIRECTION('',(0.,0.,1.));
#5775 = ORIENTED_EDGE('',*,*,#5776,.T.);
#5776 = EDGE_CURVE('',#5769,#5769,#5777,.T.);
#5777 = CIRCLE('',#5778,1.35);
#5778 = AXIS2_PLACEMENT_3D('',#5779,#5780,#5781);
#5779 = CARTESIAN_POINT('',(3.5,3.5,-7.5));
#5780 = DIRECTION('',(0.,0.,1.));
#5781 = DIRECTION('',(1.,0.,-0.));
#5782 = ORIENTED_EDGE('',*,*,#5768,.T.);
#5783 = CYLINDRICAL_SURFACE('',#5784,1.35);
#5784 = AXIS2_PLACEMENT_3D('',#5785,#5786,#5787);
#5785 = CARTESIAN_POINT('',(3.5,3.5,-7.5));
#5786 = DIRECTION('',(0.,0.,1.));
#5787 = DIRECTION('',(1.,0.,-0.));
#5788 = ADVANCED_FACE('',(#5789),#5808,.F.);
#5789 = FACE_BOUND('',#5790,.F.);
#5790 = EDGE_LOOP('',(#5791,#5792,#5800,#5807));
#5791 = ORIENTED_EDGE('',*,*,#5670,.F.);
#5792 = ORIENTED_EDGE('',*,*,#5793,.F.);
#5793 = EDGE_CURVE('',#5794,#5671,#5796,.T.);
#5794 = VERTEX_POINT('',#5795);
#5795 = CARTESIAN_POINT('',(53.15,42.8,-7.5));
#5796 = LINE('',#5797,#5798);
#5797 = CARTESIAN_POINT('',(53.15,42.8,-7.5));
#5798 = VECTOR('',#5799,1.);
#5799 = DIRECTION('',(0.,0.,1.));
#5800 = ORIENTED_EDGE('',*,*,#5801,.T.);
#5801 = EDGE_CURVE('',#5794,#5794,#5802,.T.);
#5802 = CIRCLE('',#5803,1.35);
#5803 = AXIS2_PLACEMENT_3D('',#5804,#5805,#5806);
#5804 = CARTESIAN_POINT('',(51.8,42.8,-7.5));
#5805 = DIRECTION('',(0.,0.,1.));
#5806 = DIRECTION('',(1.,0.,-0.));
#5807 = ORIENTED_EDGE('',*,*,#5793,.T.);
#5808 = CYLINDRICAL_SURFACE('',#5809,1.35);
#5809 = AXIS2_PLACEMENT_3D('',#5810,#5811,#5812);
#5810 = CARTESIAN_POINT('',(51.8,42.8,-7.5));
#5811 = DIRECTION('',(0.,0.,1.));
#5812 = DIRECTION('',(1.,0.,-0.));
#5813 = ADVANCED_FACE('',(#5814),#5833,.F.);
#5814 = FACE_BOUND('',#5815,.F.);
#5815 = EDGE_LOOP('',(#5816,#5817,#5825,#5832));
#5816 = ORIENTED_EDGE('',*,*,#5690,.F.);
#5817 = ORIENTED_EDGE('',*,*,#5818,.F.);
#5818 = EDGE_CURVE('',#5819,#5691,#5821,.T.);
#5819 = VERTEX_POINT('',#5820);
#5820 = CARTESIAN_POINT('',(175.85,3.5,-7.5));
#5821 = LINE('',#5822,#5823);
#5822 = CARTESIAN_POINT('',(175.85,3.5,-7.5));
#5823 = VECTOR('',#5824,1.);
#5824 = DIRECTION('',(0.,0.,1.));
#5825 = ORIENTED_EDGE('',*,*,#5826,.T.);
#5826 = EDGE_CURVE('',#5819,#5819,#5827,.T.);
#5827 = CIRCLE('',#5828,1.35);
#5828 = AXIS2_PLACEMENT_3D('',#5829,#5830,#5831);
#5829 = CARTESIAN_POINT('',(174.5,3.5,-7.5));
#5830 = DIRECTION('',(0.,0.,1.));
#5831 = DIRECTION('',(1.,0.,-0.));
#5832 = ORIENTED_EDGE('',*,*,#5818,.T.);
#5833 = CYLINDRICAL_SURFACE('',#5834,1.35);
#5834 = AXIS2_PLACEMENT_3D('',#5835,#5836,#5837);
#5835 = CARTESIAN_POINT('',(174.5,3.5,-7.5));
#5836 = DIRECTION('',(0.,0.,1.));
#5837 = DIRECTION('',(1.,0.,-0.));
#5838 = ADVANCED_FACE('',(#5839),#5858,.F.);
#5839 = FACE_BOUND('',#5840,.F.);
#5840 = EDGE_LOOP('',(#5841,#5842,#5850,#5857));
#5841 = ORIENTED_EDGE('',*,*,#5710,.F.);
#5842 = ORIENTED_EDGE('',*,*,#5843,.F.);
#5843 = EDGE_CURVE('',#5844,#5711,#5846,.T.);
#5844 = VERTEX_POINT('',#5845);
#5845 = CARTESIAN_POINT('',(121.35,42.8,-7.5));
#5846 = LINE('',#5847,#5848);
#5847 = CARTESIAN_POINT('',(121.35,42.8,-7.5));
#5848 = VECTOR('',#5849,1.);
#5849 = DIRECTION('',(0.,0.,1.));
#5850 = ORIENTED_EDGE('',*,*,#5851,.T.);
#5851 = EDGE_CURVE('',#5844,#5844,#5852,.T.);
#5852 = CIRCLE('',#5853,1.35);
#5853 = AXIS2_PLACEMENT_3D('',#5854,#5855,#5856);
#5854 = CARTESIAN_POINT('',(120.,42.8,-7.5));
#5855 = DIRECTION('',(0.,0.,1.));
#5856 = DIRECTION('',(1.,0.,-0.));
#5857 = ORIENTED_EDGE('',*,*,#5843,.T.);
#5858 = CYLINDRICAL_SURFACE('',#5859,1.35);
#5859 = AXIS2_PLACEMENT_3D('',#5860,#5861,#5862);
#5860 = CARTESIAN_POINT('',(120.,42.8,-7.5));
#5861 = DIRECTION('',(0.,0.,1.));
#5862 = DIRECTION('',(1.,0.,-0.));
#5863 = ADVANCED_FACE('',(#5864),#5883,.F.);
#5864 = FACE_BOUND('',#5865,.F.);
#5865 = EDGE_LOOP('',(#5866,#5867,#5875,#5882));
#5866 = ORIENTED_EDGE('',*,*,#5730,.F.);
#5867 = ORIENTED_EDGE('',*,*,#5868,.F.);
#5868 = EDGE_CURVE('',#5869,#5731,#5871,.T.);
#5869 = VERTEX_POINT('',#5870);
#5870 = CARTESIAN_POINT('',(4.85,90.5,-7.5));
#5871 = LINE('',#5872,#5873);
#5872 = CARTESIAN_POINT('',(4.85,90.5,-7.5));
#5873 = VECTOR('',#5874,1.);
#5874 = DIRECTION('',(0.,0.,1.));
#5875 = ORIENTED_EDGE('',*,*,#5876,.T.);
#5876 = EDGE_CURVE('',#5869,#5869,#5877,.T.);
#5877 = CIRCLE('',#5878,1.35);
#5878 = AXIS2_PLACEMENT_3D('',#5879,#5880,#5881);
#5879 = CARTESIAN_POINT('',(3.5,90.5,-7.5));
#5880 = DIRECTION('',(0.,0.,1.));
#5881 = DIRECTION('',(1.,0.,-0.));
#5882 = ORIENTED_EDGE('',*,*,#5868,.T.);
#5883 = CYLINDRICAL_SURFACE('',#5884,1.35);
#5884 = AXIS2_PLACEMENT_3D('',#5885,#5886,#5887);
#5885 = CARTESIAN_POINT('',(3.5,90.5,-7.5));
#5886 = DIRECTION('',(0.,0.,1.));
#5887 = DIRECTION('',(1.,0.,-0.));
#5888 = ADVANCED_FACE('',(#5889),#5908,.F.);
#5889 = FACE_BOUND('',#5890,.F.);
#5890 = EDGE_LOOP('',(#5891,#5892,#5900,#5907));
#5891 = ORIENTED_EDGE('',*,*,#5750,.F.);
#5892 = ORIENTED_EDGE('',*,*,#5893,.F.);
#5893 = EDGE_CURVE('',#5894,#5751,#5896,.T.);
#5894 = VERTEX_POINT('',#5895);
#5895 = CARTESIAN_POINT('',(175.85,90.5,-7.5));
#5896 = LINE('',#5897,#5898);
#5897 = CARTESIAN_POINT('',(175.85,90.5,-7.5));
#5898 = VECTOR('',#5899,1.);
#5899 = DIRECTION('',(0.,0.,1.));
#5900 = ORIENTED_EDGE('',*,*,#5901,.T.);
#5901 = EDGE_CURVE('',#5894,#5894,#5902,.T.);
#5902 = CIRCLE('',#5903,1.35);
#5903 = AXIS2_PLACEMENT_3D('',#5904,#5905,#5906);
#5904 = CARTESIAN_POINT('',(174.5,90.5,-7.5));
#5905 = DIRECTION('',(0.,0.,1.));
#5906 = DIRECTION('',(1.,0.,-0.));
#5907 = ORIENTED_EDGE('',*,*,#5893,.T.);
#5908 = CYLINDRICAL_SURFACE('',#5909,1.35);
#5909 = AXIS2_PLACEMENT_3D('',#5910,#5911,#5912);
#5910 = CARTESIAN_POINT('',(174.5,90.5,-7.5));
#5911 = DIRECTION('',(0.,0.,1.));
#5912 = DIRECTION('',(1.,0.,-0.));
#5913 = ADVANCED_FACE('',(#5914),#5917,.T.);
#5914 = FACE_BOUND('',#5915,.F.);
#5915 = EDGE_LOOP('',(#5916));
#5916 = ORIENTED_EDGE('',*,*,#5776,.F.);
#5917 = PLANE('',#5918);
#5918 = AXIS2_PLACEMENT_3D('',#5919,#5920,#5921);
#5919 = CARTESIAN_POINT('',(3.5,3.5,-7.5));
#5920 = DIRECTION('',(0.,0.,1.));
#5921 = DIRECTION('',(1.,0.,-0.));
#5922 = ADVANCED_FACE('',(#5923),#5926,.T.);
#5923 = FACE_BOUND('',#5924,.F.);
#5924 = EDGE_LOOP('',(#5925));
#5925 = ORIENTED_EDGE('',*,*,#5801,.F.);
#5926 = PLANE('',#5927);
#5927 = AXIS2_PLACEMENT_3D('',#5928,#5929,#5930);
#5928 = CARTESIAN_POINT('',(51.8,42.8,-7.5));
#5929 = DIRECTION('',(0.,0.,1.));
#5930 = DIRECTION('',(1.,0.,-0.));
#5931 = ADVANCED_FACE('',(#5932),#5935,.T.);
#5932 = FACE_BOUND('',#5933,.F.);
#5933 = EDGE_LOOP('',(#5934));
#5934 = ORIENTED_EDGE('',*,*,#5826,.F.);
#5935 = PLANE('',#5936);
#5936 = AXIS2_PLACEMENT_3D('',#5937,#5938,#5939);
#5937 = CARTESIAN_POINT('',(174.5,3.5,-7.5));
#5938 = DIRECTION('',(0.,0.,1.));
#5939 = DIRECTION('',(1.,0.,-0.));
#5940 = ADVANCED_FACE('',(#5941),#5944,.T.);
#5941 = FACE_BOUND('',#5942,.F.);
#5942 = EDGE_LOOP('',(#5943));
#5943 = ORIENTED_EDGE('',*,*,#5851,.F.);
#5944 = PLANE('',#5945);
#5945 = AXIS2_PLACEMENT_3D('',#5946,#5947,#5948);
#5946 = CARTESIAN_POINT('',(120.,42.8,-7.5));
#5947 = DIRECTION('',(0.,0.,1.));
#5948 = DIRECTION('',(1.,0.,-0.));
#5949 = ADVANCED_FACE('',(#5950),#5953,.T.);
#5950 = FACE_BOUND('',#5951,.F.);
#5951 = EDGE_LOOP('',(#5952));
#5952 = ORIENTED_EDGE('',*,*,#5876,.F.);
#5953 = PLANE('',#5954);
#5954 = AXIS2_PLACEMENT_3D('',#5955,#5956,#5957);
#5955 = CARTESIAN_POINT('',(3.5,90.5,-7.5));
#5956 = DIRECTION('',(0.,0.,1.));
#5957 = DIRECTION('',(1.,0.,-0.));
#5958 = ADVANCED_FACE('',(#5959),#5962,.T.);
#5959 = FACE_BOUND('',#5960,.F.);
#5960 = EDGE_LOOP('',(#5961));
#5961 = ORIENTED_EDGE('',*,*,#5901,.F.);
#5962 = PLANE('',#5963);
#5963 = AXIS2_PLACEMENT_3D('',#5964,#5965,#5966);
#5964 = CARTESIAN_POINT('',(174.5,90.5,-7.5));
#5965 = DIRECTION('',(0.,0.,1.));
#5966 = DIRECTION('',(1.,0.,-0.));
#5967 = ADVANCED_FACE('',(#5968,#6136,#6156,#6167,#6178,#6189,#6200,
    #6211),#6222,.T.);
#5968 = FACE_BOUND('',#5969,.T.);
#5969 = EDGE_LOOP('',(#5970,#5976,#5977,#5985,#5991,#5992,#6000,#6008,
    #6016,#6024,#6032,#6040,#6048,#6056,#6062,#6063,#6071,#6077,#6078,
    #6084,#6085,#6091,#6092,#6100,#6106,#6107,#6113,#6114,#6122,#6128,
    #6129,#6135));
#5970 = ORIENTED_EDGE('',*,*,#5971,.F.);
#5971 = EDGE_CURVE('',#1245,#431,#5972,.T.);
#5972 = LINE('',#5973,#5974);
#5973 = CARTESIAN_POINT('',(-12.3,10.2,26.5));
#5974 = VECTOR('',#5975,1.);
#5975 = DIRECTION('',(1.,0.,-0.));
#5976 = ORIENTED_EDGE('',*,*,#1252,.F.);
#5977 = ORIENTED_EDGE('',*,*,#5978,.T.);
#5978 = EDGE_CURVE('',#1236,#5979,#5981,.T.);
#5979 = VERTEX_POINT('',#5980);
#5980 = CARTESIAN_POINT('',(-3.29,0.2,26.5));
#5981 = LINE('',#5982,#5983);
#5982 = CARTESIAN_POINT('',(-12.3,0.2,26.5));
#5983 = VECTOR('',#5984,1.);
#5984 = DIRECTION('',(1.,0.,-0.));
#5985 = ORIENTED_EDGE('',*,*,#5986,.T.);
#5986 = EDGE_CURVE('',#5979,#1164,#5987,.T.);
#5987 = LINE('',#5988,#5989);
#5988 = CARTESIAN_POINT('',(-3.29,0.2,26.5));
#5989 = VECTOR('',#5990,1.);
#5990 = DIRECTION('',(-0.,1.,0.));
#5991 = ORIENTED_EDGE('',*,*,#1163,.T.);
#5992 = ORIENTED_EDGE('',*,*,#5993,.T.);
#5993 = EDGE_CURVE('',#1156,#5994,#5996,.T.);
#5994 = VERTEX_POINT('',#5995);
#5995 = CARTESIAN_POINT('',(7.,-3.3,26.5));
#5996 = LINE('',#5997,#5998);
#5997 = CARTESIAN_POINT('',(-3.3,-3.3,26.5));
#5998 = VECTOR('',#5999,1.);
#5999 = DIRECTION('',(1.,0.,-0.));
#6000 = ORIENTED_EDGE('',*,*,#6001,.F.);
#6001 = EDGE_CURVE('',#6002,#5994,#6004,.T.);
#6002 = VERTEX_POINT('',#6003);
#6003 = CARTESIAN_POINT('',(7.,-12.3,26.5));
#6004 = LINE('',#6005,#6006);
#6005 = CARTESIAN_POINT('',(7.,-12.3,26.5));
#6006 = VECTOR('',#6007,1.);
#6007 = DIRECTION('',(-0.,1.,0.));
#6008 = ORIENTED_EDGE('',*,*,#6009,.T.);
#6009 = EDGE_CURVE('',#6002,#6010,#6012,.T.);
#6010 = VERTEX_POINT('',#6011);
#6011 = CARTESIAN_POINT('',(17.,-12.3,26.5));
#6012 = LINE('',#6013,#6014);
#6013 = CARTESIAN_POINT('',(7.,-12.3,26.5));
#6014 = VECTOR('',#6015,1.);
#6015 = DIRECTION('',(1.,0.,-0.));
#6016 = ORIENTED_EDGE('',*,*,#6017,.T.);
#6017 = EDGE_CURVE('',#6010,#6018,#6020,.T.);
#6018 = VERTEX_POINT('',#6019);
#6019 = CARTESIAN_POINT('',(17.,-3.3,26.5));
#6020 = LINE('',#6021,#6022);
#6021 = CARTESIAN_POINT('',(17.,-12.3,26.5));
#6022 = VECTOR('',#6023,1.);
#6023 = DIRECTION('',(-0.,1.,0.));
#6024 = ORIENTED_EDGE('',*,*,#6025,.T.);
#6025 = EDGE_CURVE('',#6018,#6026,#6028,.T.);
#6026 = VERTEX_POINT('',#6027);
#6027 = CARTESIAN_POINT('',(162.,-3.3,26.5));
#6028 = LINE('',#6029,#6030);
#6029 = CARTESIAN_POINT('',(-3.3,-3.3,26.5));
#6030 = VECTOR('',#6031,1.);
#6031 = DIRECTION('',(1.,0.,-0.));
#6032 = ORIENTED_EDGE('',*,*,#6033,.F.);
#6033 = EDGE_CURVE('',#6034,#6026,#6036,.T.);
#6034 = VERTEX_POINT('',#6035);
#6035 = CARTESIAN_POINT('',(162.,-12.3,26.5));
#6036 = LINE('',#6037,#6038);
#6037 = CARTESIAN_POINT('',(162.,-12.3,26.5));
#6038 = VECTOR('',#6039,1.);
#6039 = DIRECTION('',(-0.,1.,0.));
#6040 = ORIENTED_EDGE('',*,*,#6041,.T.);
#6041 = EDGE_CURVE('',#6034,#6042,#6044,.T.);
#6042 = VERTEX_POINT('',#6043);
#6043 = CARTESIAN_POINT('',(172.,-12.3,26.5));
#6044 = LINE('',#6045,#6046);
#6045 = CARTESIAN_POINT('',(162.,-12.3,26.5));
#6046 = VECTOR('',#6047,1.);
#6047 = DIRECTION('',(1.,0.,-0.));
#6048 = ORIENTED_EDGE('',*,*,#6049,.T.);
#6049 = EDGE_CURVE('',#6042,#6050,#6052,.T.);
#6050 = VERTEX_POINT('',#6051);
#6051 = CARTESIAN_POINT('',(172.,-3.3,26.5));
#6052 = LINE('',#6053,#6054);
#6053 = CARTESIAN_POINT('',(172.,-12.3,26.5));
#6054 = VECTOR('',#6055,1.);
#6055 = DIRECTION('',(-0.,1.,0.));
#6056 = ORIENTED_EDGE('',*,*,#6057,.T.);
#6057 = EDGE_CURVE('',#6050,#3517,#6058,.T.);
#6058 = LINE('',#6059,#6060);
#6059 = CARTESIAN_POINT('',(-3.3,-3.3,26.5));
#6060 = VECTOR('',#6061,1.);
#6061 = DIRECTION('',(1.,0.,-0.));
#6062 = ORIENTED_EDGE('',*,*,#3524,.F.);
#6063 = ORIENTED_EDGE('',*,*,#6064,.F.);
#6064 = EDGE_CURVE('',#6065,#3525,#6067,.T.);
#6065 = VERTEX_POINT('',#6066);
#6066 = CARTESIAN_POINT('',(181.29,0.2,26.5));
#6067 = LINE('',#6068,#6069);
#6068 = CARTESIAN_POINT('',(181.29,0.2,26.5));
#6069 = VECTOR('',#6070,1.);
#6070 = DIRECTION('',(-0.,1.,0.));
#6071 = ORIENTED_EDGE('',*,*,#6072,.T.);
#6072 = EDGE_CURVE('',#6065,#5383,#6073,.T.);
#6073 = LINE('',#6074,#6075);
#6074 = CARTESIAN_POINT('',(181.29,0.2,26.5));
#6075 = VECTOR('',#6076,1.);
#6076 = DIRECTION('',(1.,0.,-0.));
#6077 = ORIENTED_EDGE('',*,*,#5399,.T.);
#6078 = ORIENTED_EDGE('',*,*,#6079,.F.);
#6079 = EDGE_CURVE('',#2904,#5392,#6080,.T.);
#6080 = LINE('',#6081,#6082);
#6081 = CARTESIAN_POINT('',(181.29,10.2,26.5));
#6082 = VECTOR('',#6083,1.);
#6083 = DIRECTION('',(1.,0.,-0.));
#6084 = ORIENTED_EDGE('',*,*,#2903,.T.);
#6085 = ORIENTED_EDGE('',*,*,#6086,.T.);
#6086 = EDGE_CURVE('',#2906,#5352,#6087,.T.);
#6087 = LINE('',#6088,#6089);
#6088 = CARTESIAN_POINT('',(181.29,83.8,26.5));
#6089 = VECTOR('',#6090,1.);
#6090 = DIRECTION('',(1.,0.,-0.));
#6091 = ORIENTED_EDGE('',*,*,#5368,.T.);
#6092 = ORIENTED_EDGE('',*,*,#6093,.F.);
#6093 = EDGE_CURVE('',#6094,#5361,#6096,.T.);
#6094 = VERTEX_POINT('',#6095);
#6095 = CARTESIAN_POINT('',(181.29,93.8,26.5));
#6096 = LINE('',#6097,#6098);
#6097 = CARTESIAN_POINT('',(181.29,93.8,26.5));
#6098 = VECTOR('',#6099,1.);
#6099 = DIRECTION('',(1.,0.,-0.));
#6100 = ORIENTED_EDGE('',*,*,#6101,.F.);
#6101 = EDGE_CURVE('',#2872,#6094,#6102,.T.);
#6102 = LINE('',#6103,#6104);
#6103 = CARTESIAN_POINT('',(181.29,83.8,26.5));
#6104 = VECTOR('',#6105,1.);
#6105 = DIRECTION('',(-0.,1.,0.));
#6106 = ORIENTED_EDGE('',*,*,#2871,.T.);
#6107 = ORIENTED_EDGE('',*,*,#6108,.F.);
#6108 = EDGE_CURVE('',#1106,#2864,#6109,.T.);
#6109 = LINE('',#6110,#6111);
#6110 = CARTESIAN_POINT('',(-3.3,97.3,26.5));
#6111 = VECTOR('',#6112,1.);
#6112 = DIRECTION('',(1.,0.,-0.));
#6113 = ORIENTED_EDGE('',*,*,#1113,.F.);
#6114 = ORIENTED_EDGE('',*,*,#6115,.T.);
#6115 = EDGE_CURVE('',#1114,#6116,#6118,.T.);
#6116 = VERTEX_POINT('',#6117);
#6117 = CARTESIAN_POINT('',(-3.29,93.8,26.5));
#6118 = LINE('',#6119,#6120);
#6119 = CARTESIAN_POINT('',(-3.29,83.8,26.5));
#6120 = VECTOR('',#6121,1.);
#6121 = DIRECTION('',(-0.,1.,0.));
#6122 = ORIENTED_EDGE('',*,*,#6123,.F.);
#6123 = EDGE_CURVE('',#5146,#6116,#6124,.T.);
#6124 = LINE('',#6125,#6126);
#6125 = CARTESIAN_POINT('',(-12.3,93.8,26.5));
#6126 = VECTOR('',#6127,1.);
#6127 = DIRECTION('',(1.,0.,-0.));
#6128 = ORIENTED_EDGE('',*,*,#5153,.F.);
#6129 = ORIENTED_EDGE('',*,*,#6130,.T.);
#6130 = EDGE_CURVE('',#5137,#433,#6131,.T.);
#6131 = LINE('',#6132,#6133);
#6132 = CARTESIAN_POINT('',(-12.3,83.8,26.5));
#6133 = VECTOR('',#6134,1.);
#6134 = DIRECTION('',(1.,0.,-0.));
#6135 = ORIENTED_EDGE('',*,*,#430,.F.);
#6136 = FACE_BOUND('',#6137,.T.);
#6137 = EDGE_LOOP('',(#6138,#6139,#6140,#6141,#6147,#6148,#6149,#6150));
#6138 = ORIENTED_EDGE('',*,*,#48,.F.);
#6139 = ORIENTED_EDGE('',*,*,#63,.T.);
#6140 = ORIENTED_EDGE('',*,*,#384,.F.);
#6141 = ORIENTED_EDGE('',*,*,#6142,.F.);
#6142 = EDGE_CURVE('',#4135,#377,#6143,.T.);
#6143 = LINE('',#6144,#6145);
#6144 = CARTESIAN_POINT('',(-2.05,94.8,26.5));
#6145 = VECTOR('',#6146,1.);
#6146 = DIRECTION('',(-1.,-0.,0.));
#6147 = ORIENTED_EDGE('',*,*,#4142,.F.);
#6148 = ORIENTED_EDGE('',*,*,#3879,.F.);
#6149 = ORIENTED_EDGE('',*,*,#3864,.F.);
#6150 = ORIENTED_EDGE('',*,*,#6151,.T.);
#6151 = EDGE_CURVE('',#3857,#41,#6152,.T.);
#6152 = LINE('',#6153,#6154);
#6153 = CARTESIAN_POINT('',(-2.05,-0.8,26.5));
#6154 = VECTOR('',#6155,1.);
#6155 = DIRECTION('',(-1.,-0.,0.));
#6156 = FACE_BOUND('',#6157,.T.);
#6157 = EDGE_LOOP('',(#6158));
#6158 = ORIENTED_EDGE('',*,*,#6159,.F.);
#6159 = EDGE_CURVE('',#6160,#6160,#6162,.T.);
#6160 = VERTEX_POINT('',#6161);
#6161 = CARTESIAN_POINT('',(-6.95,5.2,26.5));
#6162 = CIRCLE('',#6163,1.35);
#6163 = AXIS2_PLACEMENT_3D('',#6164,#6165,#6166);
#6164 = CARTESIAN_POINT('',(-8.3,5.2,26.5));
#6165 = DIRECTION('',(0.,0.,1.));
#6166 = DIRECTION('',(1.,0.,-0.));
#6167 = FACE_BOUND('',#6168,.T.);
#6168 = EDGE_LOOP('',(#6169));
#6169 = ORIENTED_EDGE('',*,*,#6170,.F.);
#6170 = EDGE_CURVE('',#6171,#6171,#6173,.T.);
#6171 = VERTEX_POINT('',#6172);
#6172 = CARTESIAN_POINT('',(13.35,-8.3,26.5));
#6173 = CIRCLE('',#6174,1.35);
#6174 = AXIS2_PLACEMENT_3D('',#6175,#6176,#6177);
#6175 = CARTESIAN_POINT('',(12.,-8.3,26.5));
#6176 = DIRECTION('',(0.,0.,1.));
#6177 = DIRECTION('',(1.,0.,-0.));
#6178 = FACE_BOUND('',#6179,.T.);
#6179 = EDGE_LOOP('',(#6180));
#6180 = ORIENTED_EDGE('',*,*,#6181,.F.);
#6181 = EDGE_CURVE('',#6182,#6182,#6184,.T.);
#6182 = VERTEX_POINT('',#6183);
#6183 = CARTESIAN_POINT('',(187.65,5.2,26.5));
#6184 = CIRCLE('',#6185,1.35);
#6185 = AXIS2_PLACEMENT_3D('',#6186,#6187,#6188);
#6186 = CARTESIAN_POINT('',(186.3,5.2,26.5));
#6187 = DIRECTION('',(0.,0.,1.));
#6188 = DIRECTION('',(1.,0.,-0.));
#6189 = FACE_BOUND('',#6190,.T.);
#6190 = EDGE_LOOP('',(#6191));
#6191 = ORIENTED_EDGE('',*,*,#6192,.F.);
#6192 = EDGE_CURVE('',#6193,#6193,#6195,.T.);
#6193 = VERTEX_POINT('',#6194);
#6194 = CARTESIAN_POINT('',(-6.95,88.8,26.5));
#6195 = CIRCLE('',#6196,1.35);
#6196 = AXIS2_PLACEMENT_3D('',#6197,#6198,#6199);
#6197 = CARTESIAN_POINT('',(-8.3,88.8,26.5));
#6198 = DIRECTION('',(0.,0.,1.));
#6199 = DIRECTION('',(1.,0.,-0.));
#6200 = FACE_BOUND('',#6201,.T.);
#6201 = EDGE_LOOP('',(#6202));
#6202 = ORIENTED_EDGE('',*,*,#6203,.F.);
#6203 = EDGE_CURVE('',#6204,#6204,#6206,.T.);
#6204 = VERTEX_POINT('',#6205);
#6205 = CARTESIAN_POINT('',(168.35,-8.3,26.5));
#6206 = CIRCLE('',#6207,1.35);
#6207 = AXIS2_PLACEMENT_3D('',#6208,#6209,#6210);
#6208 = CARTESIAN_POINT('',(167.,-8.3,26.5));
#6209 = DIRECTION('',(0.,0.,1.));
#6210 = DIRECTION('',(1.,0.,-0.));
#6211 = FACE_BOUND('',#6212,.T.);
#6212 = EDGE_LOOP('',(#6213));
#6213 = ORIENTED_EDGE('',*,*,#6214,.F.);
#6214 = EDGE_CURVE('',#6215,#6215,#6217,.T.);
#6215 = VERTEX_POINT('',#6216);
#6216 = CARTESIAN_POINT('',(187.65,88.8,26.5));
#6217 = CIRCLE('',#6218,1.35);
#6218 = AXIS2_PLACEMENT_3D('',#6219,#6220,#6221);
#6219 = CARTESIAN_POINT('',(186.3,88.8,26.5));
#6220 = DIRECTION('',(0.,0.,1.));
#6221 = DIRECTION('',(1.,0.,-0.));
#6222 = PLANE('',#6223);
#6223 = AXIS2_PLACEMENT_3D('',#6224,#6225,#6226);
#6224 = CARTESIAN_POINT('',(89.026743481241,43.801479643544,26.5));
#6225 = DIRECTION('',(0.,0.,1.));
#6226 = DIRECTION('',(1.,0.,-0.));
#6227 = ADVANCED_FACE('',(#6228),#6262,.F.);
#6228 = FACE_BOUND('',#6229,.F.);
#6229 = EDGE_LOOP('',(#6230,#6240,#6248,#6256));
#6230 = ORIENTED_EDGE('',*,*,#6231,.F.);
#6231 = EDGE_CURVE('',#6232,#6234,#6236,.T.);
#6232 = VERTEX_POINT('',#6233);
#6233 = CARTESIAN_POINT('',(7.,-12.3,18.5));
#6234 = VERTEX_POINT('',#6235);
#6235 = CARTESIAN_POINT('',(7.,-3.3,9.509988901221));
#6236 = LINE('',#6237,#6238);
#6237 = CARTESIAN_POINT('',(7.,-12.3,18.5));
#6238 = VECTOR('',#6239,1.);
#6239 = DIRECTION('',(0.,0.707499291105,-0.706714053268));
#6240 = ORIENTED_EDGE('',*,*,#6241,.T.);
#6241 = EDGE_CURVE('',#6232,#6242,#6244,.T.);
#6242 = VERTEX_POINT('',#6243);
#6243 = CARTESIAN_POINT('',(17.,-12.3,18.5));
#6244 = LINE('',#6245,#6246);
#6245 = CARTESIAN_POINT('',(7.,-12.3,18.5));
#6246 = VECTOR('',#6247,1.);
#6247 = DIRECTION('',(1.,0.,-0.));
#6248 = ORIENTED_EDGE('',*,*,#6249,.T.);
#6249 = EDGE_CURVE('',#6242,#6250,#6252,.T.);
#6250 = VERTEX_POINT('',#6251);
#6251 = CARTESIAN_POINT('',(17.,-3.3,9.509988901221));
#6252 = LINE('',#6253,#6254);
#6253 = CARTESIAN_POINT('',(17.,-12.3,18.5));
#6254 = VECTOR('',#6255,1.);
#6255 = DIRECTION('',(0.,0.707499291105,-0.706714053268));
#6256 = ORIENTED_EDGE('',*,*,#6257,.F.);
#6257 = EDGE_CURVE('',#6234,#6250,#6258,.T.);
#6258 = LINE('',#6259,#6260);
#6259 = CARTESIAN_POINT('',(1.85,-3.3,9.509988901221));
#6260 = VECTOR('',#6261,1.);
#6261 = DIRECTION('',(1.,0.,0.));
#6262 = PLANE('',#6263);
#6263 = AXIS2_PLACEMENT_3D('',#6264,#6265,#6266);
#6264 = CARTESIAN_POINT('',(7.,-12.3,18.5));
#6265 = DIRECTION('',(-0.,0.706714053268,0.707499291105));
#6266 = DIRECTION('',(0.,0.707499291105,-0.706714053268));
#6267 = ADVANCED_FACE('',(#6268),#6284,.F.);
#6268 = FACE_BOUND('',#6269,.F.);
#6269 = EDGE_LOOP('',(#6270,#6271,#6277,#6278));
#6270 = ORIENTED_EDGE('',*,*,#6241,.F.);
#6271 = ORIENTED_EDGE('',*,*,#6272,.T.);
#6272 = EDGE_CURVE('',#6232,#6002,#6273,.T.);
#6273 = LINE('',#6274,#6275);
#6274 = CARTESIAN_POINT('',(7.,-12.3,18.5));
#6275 = VECTOR('',#6276,1.);
#6276 = DIRECTION('',(0.,0.,1.));
#6277 = ORIENTED_EDGE('',*,*,#6009,.T.);
#6278 = ORIENTED_EDGE('',*,*,#6279,.F.);
#6279 = EDGE_CURVE('',#6242,#6010,#6280,.T.);
#6280 = LINE('',#6281,#6282);
#6281 = CARTESIAN_POINT('',(17.,-12.3,18.5));
#6282 = VECTOR('',#6283,1.);
#6283 = DIRECTION('',(0.,0.,1.));
#6284 = PLANE('',#6285);
#6285 = AXIS2_PLACEMENT_3D('',#6286,#6287,#6288);
#6286 = CARTESIAN_POINT('',(7.,-12.3,18.5));
#6287 = DIRECTION('',(-0.,1.,0.));
#6288 = DIRECTION('',(0.,0.,1.));
#6289 = ADVANCED_FACE('',(#6290),#6324,.F.);
#6290 = FACE_BOUND('',#6291,.F.);
#6291 = EDGE_LOOP('',(#6292,#6302,#6310,#6318));
#6292 = ORIENTED_EDGE('',*,*,#6293,.F.);
#6293 = EDGE_CURVE('',#6294,#6296,#6298,.T.);
#6294 = VERTEX_POINT('',#6295);
#6295 = CARTESIAN_POINT('',(162.,-12.3,18.5));
#6296 = VERTEX_POINT('',#6297);
#6297 = CARTESIAN_POINT('',(162.,-3.3,9.509988901221));
#6298 = LINE('',#6299,#6300);
#6299 = CARTESIAN_POINT('',(162.,-12.3,18.5));
#6300 = VECTOR('',#6301,1.);
#6301 = DIRECTION('',(0.,0.707499291105,-0.706714053268));
#6302 = ORIENTED_EDGE('',*,*,#6303,.T.);
#6303 = EDGE_CURVE('',#6294,#6304,#6306,.T.);
#6304 = VERTEX_POINT('',#6305);
#6305 = CARTESIAN_POINT('',(172.,-12.3,18.5));
#6306 = LINE('',#6307,#6308);
#6307 = CARTESIAN_POINT('',(162.,-12.3,18.5));
#6308 = VECTOR('',#6309,1.);
#6309 = DIRECTION('',(1.,0.,-0.));
#6310 = ORIENTED_EDGE('',*,*,#6311,.T.);
#6311 = EDGE_CURVE('',#6304,#6312,#6314,.T.);
#6312 = VERTEX_POINT('',#6313);
#6313 = CARTESIAN_POINT('',(172.,-3.3,9.509988901221));
#6314 = LINE('',#6315,#6316);
#6315 = CARTESIAN_POINT('',(172.,-12.3,18.5));
#6316 = VECTOR('',#6317,1.);
#6317 = DIRECTION('',(0.,0.707499291105,-0.706714053268));
#6318 = ORIENTED_EDGE('',*,*,#6319,.F.);
#6319 = EDGE_CURVE('',#6296,#6312,#6320,.T.);
#6320 = LINE('',#6321,#6322);
#6321 = CARTESIAN_POINT('',(79.35,-3.3,9.509988901221));
#6322 = VECTOR('',#6323,1.);
#6323 = DIRECTION('',(1.,0.,0.));
#6324 = PLANE('',#6325);
#6325 = AXIS2_PLACEMENT_3D('',#6326,#6327,#6328);
#6326 = CARTESIAN_POINT('',(162.,-12.3,18.5));
#6327 = DIRECTION('',(-0.,0.706714053268,0.707499291105));
#6328 = DIRECTION('',(0.,0.707499291105,-0.706714053268));
#6329 = ADVANCED_FACE('',(#6330),#6346,.F.);
#6330 = FACE_BOUND('',#6331,.F.);
#6331 = EDGE_LOOP('',(#6332,#6333,#6339,#6340));
#6332 = ORIENTED_EDGE('',*,*,#6303,.F.);
#6333 = ORIENTED_EDGE('',*,*,#6334,.T.);
#6334 = EDGE_CURVE('',#6294,#6034,#6335,.T.);
#6335 = LINE('',#6336,#6337);
#6336 = CARTESIAN_POINT('',(162.,-12.3,18.5));
#6337 = VECTOR('',#6338,1.);
#6338 = DIRECTION('',(0.,0.,1.));
#6339 = ORIENTED_EDGE('',*,*,#6041,.T.);
#6340 = ORIENTED_EDGE('',*,*,#6341,.F.);
#6341 = EDGE_CURVE('',#6304,#6042,#6342,.T.);
#6342 = LINE('',#6343,#6344);
#6343 = CARTESIAN_POINT('',(172.,-12.3,18.5));
#6344 = VECTOR('',#6345,1.);
#6345 = DIRECTION('',(0.,0.,1.));
#6346 = PLANE('',#6347);
#6347 = AXIS2_PLACEMENT_3D('',#6348,#6349,#6350);
#6348 = CARTESIAN_POINT('',(162.,-12.3,18.5));
#6349 = DIRECTION('',(-0.,1.,0.));
#6350 = DIRECTION('',(0.,0.,1.));
#6351 = ADVANCED_FACE('',(#6352),#6371,.F.);
#6352 = FACE_BOUND('',#6353,.F.);
#6353 = EDGE_LOOP('',(#6354,#6355,#6363,#6370));
#6354 = ORIENTED_EDGE('',*,*,#6159,.F.);
#6355 = ORIENTED_EDGE('',*,*,#6356,.F.);
#6356 = EDGE_CURVE('',#6357,#6160,#6359,.T.);
#6357 = VERTEX_POINT('',#6358);
#6358 = CARTESIAN_POINT('',(-6.95,5.2,16.5));
#6359 = LINE('',#6360,#6361);
#6360 = CARTESIAN_POINT('',(-6.95,5.2,16.5));
#6361 = VECTOR('',#6362,1.);
#6362 = DIRECTION('',(0.,0.,1.));
#6363 = ORIENTED_EDGE('',*,*,#6364,.T.);
#6364 = EDGE_CURVE('',#6357,#6357,#6365,.T.);
#6365 = CIRCLE('',#6366,1.35);
#6366 = AXIS2_PLACEMENT_3D('',#6367,#6368,#6369);
#6367 = CARTESIAN_POINT('',(-8.3,5.2,16.5));
#6368 = DIRECTION('',(0.,0.,1.));
#6369 = DIRECTION('',(1.,0.,-0.));
#6370 = ORIENTED_EDGE('',*,*,#6356,.T.);
#6371 = CYLINDRICAL_SURFACE('',#6372,1.35);
#6372 = AXIS2_PLACEMENT_3D('',#6373,#6374,#6375);
#6373 = CARTESIAN_POINT('',(-8.3,5.2,16.5));
#6374 = DIRECTION('',(0.,0.,1.));
#6375 = DIRECTION('',(1.,0.,-0.));
#6376 = ADVANCED_FACE('',(#6377),#6380,.T.);
#6377 = FACE_BOUND('',#6378,.F.);
#6378 = EDGE_LOOP('',(#6379));
#6379 = ORIENTED_EDGE('',*,*,#6364,.F.);
#6380 = PLANE('',#6381);
#6381 = AXIS2_PLACEMENT_3D('',#6382,#6383,#6384);
#6382 = CARTESIAN_POINT('',(-8.3,5.2,16.5));
#6383 = DIRECTION('',(0.,0.,1.));
#6384 = DIRECTION('',(1.,0.,-0.));
#6385 = ADVANCED_FACE('',(#6386),#6405,.F.);
#6386 = FACE_BOUND('',#6387,.F.);
#6387 = EDGE_LOOP('',(#6388,#6389,#6397,#6404));
#6388 = ORIENTED_EDGE('',*,*,#6170,.F.);
#6389 = ORIENTED_EDGE('',*,*,#6390,.F.);
#6390 = EDGE_CURVE('',#6391,#6171,#6393,.T.);
#6391 = VERTEX_POINT('',#6392);
#6392 = CARTESIAN_POINT('',(13.35,-8.3,16.5));
#6393 = LINE('',#6394,#6395);
#6394 = CARTESIAN_POINT('',(13.35,-8.3,16.5));
#6395 = VECTOR('',#6396,1.);
#6396 = DIRECTION('',(0.,0.,1.));
#6397 = ORIENTED_EDGE('',*,*,#6398,.T.);
#6398 = EDGE_CURVE('',#6391,#6391,#6399,.T.);
#6399 = CIRCLE('',#6400,1.35);
#6400 = AXIS2_PLACEMENT_3D('',#6401,#6402,#6403);
#6401 = CARTESIAN_POINT('',(12.,-8.3,16.5));
#6402 = DIRECTION('',(0.,0.,1.));
#6403 = DIRECTION('',(1.,0.,-0.));
#6404 = ORIENTED_EDGE('',*,*,#6390,.T.);
#6405 = CYLINDRICAL_SURFACE('',#6406,1.35);
#6406 = AXIS2_PLACEMENT_3D('',#6407,#6408,#6409);
#6407 = CARTESIAN_POINT('',(12.,-8.3,16.5));
#6408 = DIRECTION('',(0.,0.,1.));
#6409 = DIRECTION('',(1.,0.,-0.));
#6410 = ADVANCED_FACE('',(#6411),#6414,.T.);
#6411 = FACE_BOUND('',#6412,.F.);
#6412 = EDGE_LOOP('',(#6413));
#6413 = ORIENTED_EDGE('',*,*,#6398,.F.);
#6414 = PLANE('',#6415);
#6415 = AXIS2_PLACEMENT_3D('',#6416,#6417,#6418);
#6416 = CARTESIAN_POINT('',(12.,-8.3,16.5));
#6417 = DIRECTION('',(0.,0.,1.));
#6418 = DIRECTION('',(1.,0.,-0.));
#6419 = ADVANCED_FACE('',(#6420),#6439,.F.);
#6420 = FACE_BOUND('',#6421,.F.);
#6421 = EDGE_LOOP('',(#6422,#6423,#6431,#6438));
#6422 = ORIENTED_EDGE('',*,*,#6181,.F.);
#6423 = ORIENTED_EDGE('',*,*,#6424,.F.);
#6424 = EDGE_CURVE('',#6425,#6182,#6427,.T.);
#6425 = VERTEX_POINT('',#6426);
#6426 = CARTESIAN_POINT('',(187.65,5.2,16.5));
#6427 = LINE('',#6428,#6429);
#6428 = CARTESIAN_POINT('',(187.65,5.2,16.5));
#6429 = VECTOR('',#6430,1.);
#6430 = DIRECTION('',(0.,0.,1.));
#6431 = ORIENTED_EDGE('',*,*,#6432,.T.);
#6432 = EDGE_CURVE('',#6425,#6425,#6433,.T.);
#6433 = CIRCLE('',#6434,1.35);
#6434 = AXIS2_PLACEMENT_3D('',#6435,#6436,#6437);
#6435 = CARTESIAN_POINT('',(186.3,5.2,16.5));
#6436 = DIRECTION('',(0.,0.,1.));
#6437 = DIRECTION('',(1.,0.,-0.));
#6438 = ORIENTED_EDGE('',*,*,#6424,.T.);
#6439 = CYLINDRICAL_SURFACE('',#6440,1.35);
#6440 = AXIS2_PLACEMENT_3D('',#6441,#6442,#6443);
#6441 = CARTESIAN_POINT('',(186.3,5.2,16.5));
#6442 = DIRECTION('',(0.,0.,1.));
#6443 = DIRECTION('',(1.,0.,-0.));
#6444 = ADVANCED_FACE('',(#6445),#6448,.T.);
#6445 = FACE_BOUND('',#6446,.F.);
#6446 = EDGE_LOOP('',(#6447));
#6447 = ORIENTED_EDGE('',*,*,#6432,.F.);
#6448 = PLANE('',#6449);
#6449 = AXIS2_PLACEMENT_3D('',#6450,#6451,#6452);
#6450 = CARTESIAN_POINT('',(186.3,5.2,16.5));
#6451 = DIRECTION('',(0.,0.,1.));
#6452 = DIRECTION('',(1.,0.,-0.));
#6453 = ADVANCED_FACE('',(#6454),#6473,.F.);
#6454 = FACE_BOUND('',#6455,.F.);
#6455 = EDGE_LOOP('',(#6456,#6457,#6465,#6472));
#6456 = ORIENTED_EDGE('',*,*,#6192,.F.);
#6457 = ORIENTED_EDGE('',*,*,#6458,.F.);
#6458 = EDGE_CURVE('',#6459,#6193,#6461,.T.);
#6459 = VERTEX_POINT('',#6460);
#6460 = CARTESIAN_POINT('',(-6.95,88.8,16.5));
#6461 = LINE('',#6462,#6463);
#6462 = CARTESIAN_POINT('',(-6.95,88.8,16.5));
#6463 = VECTOR('',#6464,1.);
#6464 = DIRECTION('',(0.,0.,1.));
#6465 = ORIENTED_EDGE('',*,*,#6466,.T.);
#6466 = EDGE_CURVE('',#6459,#6459,#6467,.T.);
#6467 = CIRCLE('',#6468,1.35);
#6468 = AXIS2_PLACEMENT_3D('',#6469,#6470,#6471);
#6469 = CARTESIAN_POINT('',(-8.3,88.8,16.5));
#6470 = DIRECTION('',(0.,0.,1.));
#6471 = DIRECTION('',(1.,0.,-0.));
#6472 = ORIENTED_EDGE('',*,*,#6458,.T.);
#6473 = CYLINDRICAL_SURFACE('',#6474,1.35);
#6474 = AXIS2_PLACEMENT_3D('',#6475,#6476,#6477);
#6475 = CARTESIAN_POINT('',(-8.3,88.8,16.5));
#6476 = DIRECTION('',(0.,0.,1.));
#6477 = DIRECTION('',(1.,0.,-0.));
#6478 = ADVANCED_FACE('',(#6479),#6482,.T.);
#6479 = FACE_BOUND('',#6480,.F.);
#6480 = EDGE_LOOP('',(#6481));
#6481 = ORIENTED_EDGE('',*,*,#6466,.F.);
#6482 = PLANE('',#6483);
#6483 = AXIS2_PLACEMENT_3D('',#6484,#6485,#6486);
#6484 = CARTESIAN_POINT('',(-8.3,88.8,16.5));
#6485 = DIRECTION('',(0.,0.,1.));
#6486 = DIRECTION('',(1.,0.,-0.));
#6487 = ADVANCED_FACE('',(#6488),#6507,.F.);
#6488 = FACE_BOUND('',#6489,.F.);
#6489 = EDGE_LOOP('',(#6490,#6491,#6499,#6506));
#6490 = ORIENTED_EDGE('',*,*,#6203,.F.);
#6491 = ORIENTED_EDGE('',*,*,#6492,.F.);
#6492 = EDGE_CURVE('',#6493,#6204,#6495,.T.);
#6493 = VERTEX_POINT('',#6494);
#6494 = CARTESIAN_POINT('',(168.35,-8.3,16.5));
#6495 = LINE('',#6496,#6497);
#6496 = CARTESIAN_POINT('',(168.35,-8.3,16.5));
#6497 = VECTOR('',#6498,1.);
#6498 = DIRECTION('',(0.,0.,1.));
#6499 = ORIENTED_EDGE('',*,*,#6500,.T.);
#6500 = EDGE_CURVE('',#6493,#6493,#6501,.T.);
#6501 = CIRCLE('',#6502,1.35);
#6502 = AXIS2_PLACEMENT_3D('',#6503,#6504,#6505);
#6503 = CARTESIAN_POINT('',(167.,-8.3,16.5));
#6504 = DIRECTION('',(0.,0.,1.));
#6505 = DIRECTION('',(1.,0.,-0.));
#6506 = ORIENTED_EDGE('',*,*,#6492,.T.);
#6507 = CYLINDRICAL_SURFACE('',#6508,1.35);
#6508 = AXIS2_PLACEMENT_3D('',#6509,#6510,#6511);
#6509 = CARTESIAN_POINT('',(167.,-8.3,16.5));
#6510 = DIRECTION('',(0.,0.,1.));
#6511 = DIRECTION('',(1.,0.,-0.));
#6512 = ADVANCED_FACE('',(#6513),#6516,.T.);
#6513 = FACE_BOUND('',#6514,.F.);
#6514 = EDGE_LOOP('',(#6515));
#6515 = ORIENTED_EDGE('',*,*,#6500,.F.);
#6516 = PLANE('',#6517);
#6517 = AXIS2_PLACEMENT_3D('',#6518,#6519,#6520);
#6518 = CARTESIAN_POINT('',(167.,-8.3,16.5));
#6519 = DIRECTION('',(0.,0.,1.));
#6520 = DIRECTION('',(1.,0.,-0.));
#6521 = ADVANCED_FACE('',(#6522),#6541,.F.);
#6522 = FACE_BOUND('',#6523,.F.);
#6523 = EDGE_LOOP('',(#6524,#6525,#6533,#6540));
#6524 = ORIENTED_EDGE('',*,*,#6214,.F.);
#6525 = ORIENTED_EDGE('',*,*,#6526,.F.);
#6526 = EDGE_CURVE('',#6527,#6215,#6529,.T.);
#6527 = VERTEX_POINT('',#6528);
#6528 = CARTESIAN_POINT('',(187.65,88.8,16.5));
#6529 = LINE('',#6530,#6531);
#6530 = CARTESIAN_POINT('',(187.65,88.8,16.5));
#6531 = VECTOR('',#6532,1.);
#6532 = DIRECTION('',(0.,0.,1.));
#6533 = ORIENTED_EDGE('',*,*,#6534,.T.);
#6534 = EDGE_CURVE('',#6527,#6527,#6535,.T.);
#6535 = CIRCLE('',#6536,1.35);
#6536 = AXIS2_PLACEMENT_3D('',#6537,#6538,#6539);
#6537 = CARTESIAN_POINT('',(186.3,88.8,16.5));
#6538 = DIRECTION('',(0.,0.,1.));
#6539 = DIRECTION('',(1.,0.,-0.));
#6540 = ORIENTED_EDGE('',*,*,#6526,.T.);
#6541 = CYLINDRICAL_SURFACE('',#6542,1.35);
#6542 = AXIS2_PLACEMENT_3D('',#6543,#6544,#6545);
#6543 = CARTESIAN_POINT('',(186.3,88.8,16.5));
#6544 = DIRECTION('',(0.,0.,1.));
#6545 = DIRECTION('',(1.,0.,-0.));
#6546 = ADVANCED_FACE('',(#6547),#6550,.T.);
#6547 = FACE_BOUND('',#6548,.F.);
#6548 = EDGE_LOOP('',(#6549));
#6549 = ORIENTED_EDGE('',*,*,#6534,.F.);
#6550 = PLANE('',#6551);
#6551 = AXIS2_PLACEMENT_3D('',#6552,#6553,#6554);
#6552 = CARTESIAN_POINT('',(186.3,88.8,16.5));
#6553 = DIRECTION('',(0.,0.,1.));
#6554 = DIRECTION('',(1.,0.,-0.));
#6555 = ADVANCED_FACE('',(#6556),#6562,.T.);
#6556 = FACE_BOUND('',#6557,.T.);
#6557 = EDGE_LOOP('',(#6558,#6559,#6560,#6561));
#6558 = ORIENTED_EDGE('',*,*,#440,.T.);
#6559 = ORIENTED_EDGE('',*,*,#1213,.F.);
#6560 = ORIENTED_EDGE('',*,*,#1244,.T.);
#6561 = ORIENTED_EDGE('',*,*,#5971,.T.);
#6562 = PLANE('',#6563);
#6563 = AXIS2_PLACEMENT_3D('',#6564,#6565,#6566);
#6564 = CARTESIAN_POINT('',(-6.933926465127,10.2,19.322282024684));
#6565 = DIRECTION('',(0.,1.,0.));
#6566 = DIRECTION('',(0.,-0.,1.));
#6567 = ADVANCED_FACE('',(#6568),#6574,.T.);
#6568 = FACE_BOUND('',#6569,.T.);
#6569 = EDGE_LOOP('',(#6570,#6571,#6572,#6573));
#6570 = ORIENTED_EDGE('',*,*,#5391,.F.);
#6571 = ORIENTED_EDGE('',*,*,#3614,.T.);
#6572 = ORIENTED_EDGE('',*,*,#2913,.T.);
#6573 = ORIENTED_EDGE('',*,*,#6079,.T.);
#6574 = PLANE('',#6575);
#6575 = AXIS2_PLACEMENT_3D('',#6576,#6577,#6578);
#6576 = CARTESIAN_POINT('',(184.93392646512,10.2,19.322282024684));
#6577 = DIRECTION('',(0.,1.,0.));
#6578 = DIRECTION('',(0.,-0.,1.));
#6579 = ADVANCED_FACE('',(#6580),#6591,.T.);
#6580 = FACE_BOUND('',#6581,.T.);
#6581 = EDGE_LOOP('',(#6582,#6583,#6584,#6585));
#6582 = ORIENTED_EDGE('',*,*,#5978,.F.);
#6583 = ORIENTED_EDGE('',*,*,#1235,.F.);
#6584 = ORIENTED_EDGE('',*,*,#1195,.T.);
#6585 = ORIENTED_EDGE('',*,*,#6586,.T.);
#6586 = EDGE_CURVE('',#1198,#5979,#6587,.T.);
#6587 = LINE('',#6588,#6589);
#6588 = CARTESIAN_POINT('',(-3.29,0.2,9.5));
#6589 = VECTOR('',#6590,1.);
#6590 = DIRECTION('',(0.,0.,1.));
#6591 = PLANE('',#6592);
#6592 = AXIS2_PLACEMENT_3D('',#6593,#6594,#6595);
#6593 = CARTESIAN_POINT('',(-6.9276344153,0.2,19.318751226934));
#6594 = DIRECTION('',(-0.,-1.,-0.));
#6595 = DIRECTION('',(0.,0.,-1.));
#6596 = ADVANCED_FACE('',(#6597),#6608,.T.);
#6597 = FACE_BOUND('',#6598,.T.);
#6598 = EDGE_LOOP('',(#6599,#6600,#6601,#6602));
#6599 = ORIENTED_EDGE('',*,*,#3596,.F.);
#6600 = ORIENTED_EDGE('',*,*,#5382,.T.);
#6601 = ORIENTED_EDGE('',*,*,#6072,.F.);
#6602 = ORIENTED_EDGE('',*,*,#6603,.F.);
#6603 = EDGE_CURVE('',#3599,#6065,#6604,.T.);
#6604 = LINE('',#6605,#6606);
#6605 = CARTESIAN_POINT('',(181.29,0.2,18.5));
#6606 = VECTOR('',#6607,1.);
#6607 = DIRECTION('',(0.,0.,1.));
#6608 = PLANE('',#6609);
#6609 = AXIS2_PLACEMENT_3D('',#6610,#6611,#6612);
#6610 = CARTESIAN_POINT('',(184.9276344153,0.2,19.318751226934));
#6611 = DIRECTION('',(-0.,-1.,-0.));
#6612 = DIRECTION('',(0.,0.,-1.));
#6613 = ADVANCED_FACE('',(#6614),#6620,.T.);
#6614 = FACE_BOUND('',#6615,.T.);
#6615 = EDGE_LOOP('',(#6616,#6617,#6618,#6619));
#6616 = ORIENTED_EDGE('',*,*,#5986,.F.);
#6617 = ORIENTED_EDGE('',*,*,#6586,.F.);
#6618 = ORIENTED_EDGE('',*,*,#1221,.T.);
#6619 = ORIENTED_EDGE('',*,*,#1172,.T.);
#6620 = PLANE('',#6621);
#6621 = AXIS2_PLACEMENT_3D('',#6622,#6623,#6624);
#6622 = CARTESIAN_POINT('',(-3.29,0.308667059749,18.));
#6623 = DIRECTION('',(1.,0.,0.));
#6624 = DIRECTION('',(-0.,0.,1.));
#6625 = ADVANCED_FACE('',(#6626),#6637,.T.);
#6626 = FACE_BOUND('',#6627,.T.);
#6627 = EDGE_LOOP('',(#6628,#6629,#6630,#6636));
#6628 = ORIENTED_EDGE('',*,*,#1122,.F.);
#6629 = ORIENTED_EDGE('',*,*,#1290,.T.);
#6630 = ORIENTED_EDGE('',*,*,#6631,.T.);
#6631 = EDGE_CURVE('',#1283,#6116,#6632,.T.);
#6632 = LINE('',#6633,#6634);
#6633 = CARTESIAN_POINT('',(-3.29,93.8,9.5));
#6634 = VECTOR('',#6635,1.);
#6635 = DIRECTION('',(0.,0.,1.));
#6636 = ORIENTED_EDGE('',*,*,#6115,.F.);
#6637 = PLANE('',#6638);
#6638 = AXIS2_PLACEMENT_3D('',#6639,#6640,#6641);
#6639 = CARTESIAN_POINT('',(-3.29,93.691332940251,18.));
#6640 = DIRECTION('',(1.,0.,0.));
#6641 = DIRECTION('',(-0.,0.,1.));
#6642 = ADVANCED_FACE('',(#6643,#6654,#6688,#6722,#6756),#6790,.T.);
#6643 = FACE_BOUND('',#6644,.T.);
#6644 = EDGE_LOOP('',(#6645,#6651,#6652,#6653));
#6645 = ORIENTED_EDGE('',*,*,#6646,.F.);
#6646 = EDGE_CURVE('',#1097,#2855,#6647,.T.);
#6647 = LINE('',#6648,#6649);
#6648 = CARTESIAN_POINT('',(-3.3,97.3,-8.5));
#6649 = VECTOR('',#6650,1.);
#6650 = DIRECTION('',(1.,0.,-0.));
#6651 = ORIENTED_EDGE('',*,*,#1105,.T.);
#6652 = ORIENTED_EDGE('',*,*,#6108,.T.);
#6653 = ORIENTED_EDGE('',*,*,#2863,.F.);
#6654 = FACE_BOUND('',#6655,.T.);
#6655 = EDGE_LOOP('',(#6656,#6666,#6674,#6682));
#6656 = ORIENTED_EDGE('',*,*,#6657,.T.);
#6657 = EDGE_CURVE('',#6658,#6660,#6662,.T.);
#6658 = VERTEX_POINT('',#6659);
#6659 = CARTESIAN_POINT('',(4.52,97.3,15.209960159363));
#6660 = VERTEX_POINT('',#6661);
#6661 = CARTESIAN_POINT('',(155.97,97.3,15.209960159363));
#6662 = LINE('',#6663,#6664);
#6663 = CARTESIAN_POINT('',(0.61,97.3,15.209960159363));
#6664 = VECTOR('',#6665,1.);
#6665 = DIRECTION('',(1.,0.,0.));
#6666 = ORIENTED_EDGE('',*,*,#6667,.F.);
#6667 = EDGE_CURVE('',#6668,#6660,#6670,.T.);
#6668 = VERTEX_POINT('',#6669);
#6669 = CARTESIAN_POINT('',(155.97,97.3,20.190039840637));
#6670 = LINE('',#6671,#6672);
#6671 = CARTESIAN_POINT('',(155.97,97.3,4.6));
#6672 = VECTOR('',#6673,1.);
#6673 = DIRECTION('',(0.,0.,-1.));
#6674 = ORIENTED_EDGE('',*,*,#6675,.T.);
#6675 = EDGE_CURVE('',#6668,#6676,#6678,.T.);
#6676 = VERTEX_POINT('',#6677);
#6677 = CARTESIAN_POINT('',(4.52,97.3,20.190039840637));
#6678 = LINE('',#6679,#6680);
#6679 = CARTESIAN_POINT('',(0.61,97.3,20.190039840637));
#6680 = VECTOR('',#6681,1.);
#6681 = DIRECTION('',(-1.,0.,0.));
#6682 = ORIENTED_EDGE('',*,*,#6683,.T.);
#6683 = EDGE_CURVE('',#6676,#6658,#6684,.T.);
#6684 = LINE('',#6685,#6686);
#6685 = CARTESIAN_POINT('',(4.52,97.3,4.6));
#6686 = VECTOR('',#6687,1.);
#6687 = DIRECTION('',(0.,0.,-1.));
#6688 = FACE_BOUND('',#6689,.T.);
#6689 = EDGE_LOOP('',(#6690,#6700,#6708,#6716));
#6690 = ORIENTED_EDGE('',*,*,#6691,.F.);
#6691 = EDGE_CURVE('',#6692,#6694,#6696,.T.);
#6692 = VERTEX_POINT('',#6693);
#6693 = CARTESIAN_POINT('',(105.75333333333,97.3,15.2));
#6694 = VERTEX_POINT('',#6695);
#6695 = CARTESIAN_POINT('',(154.97,97.3,15.2));
#6696 = LINE('',#6697,#6698);
#6697 = CARTESIAN_POINT('',(1.11,97.3,15.2));
#6698 = VECTOR('',#6699,1.);
#6699 = DIRECTION('',(1.,0.,-0.));
#6700 = ORIENTED_EDGE('',*,*,#6701,.F.);
#6701 = EDGE_CURVE('',#6702,#6692,#6704,.T.);
#6702 = VERTEX_POINT('',#6703);
#6703 = CARTESIAN_POINT('',(105.75333333333,97.3,-0.4));
#6704 = LINE('',#6705,#6706);
#6705 = CARTESIAN_POINT('',(105.75333333333,97.3,-0.41));
#6706 = VECTOR('',#6707,1.);
#6707 = DIRECTION('',(0.,0.,1.));
#6708 = ORIENTED_EDGE('',*,*,#6709,.T.);
#6709 = EDGE_CURVE('',#6702,#6710,#6712,.T.);
#6710 = VERTEX_POINT('',#6711);
#6711 = CARTESIAN_POINT('',(154.97,97.3,-0.4));
#6712 = LINE('',#6713,#6714);
#6713 = CARTESIAN_POINT('',(1.11,97.3,-0.4));
#6714 = VECTOR('',#6715,1.);
#6715 = DIRECTION('',(1.,0.,-0.));
#6716 = ORIENTED_EDGE('',*,*,#6717,.F.);
#6717 = EDGE_CURVE('',#6694,#6710,#6718,.T.);
#6718 = LINE('',#6719,#6720);
#6719 = CARTESIAN_POINT('',(154.97,97.3,-4.45));
#6720 = VECTOR('',#6721,1.);
#6721 = DIRECTION('',(-0.,0.,-1.));
#6722 = FACE_BOUND('',#6723,.T.);
#6723 = EDGE_LOOP('',(#6724,#6734,#6742,#6750));
#6724 = ORIENTED_EDGE('',*,*,#6725,.F.);
#6725 = EDGE_CURVE('',#6726,#6728,#6730,.T.);
#6726 = VERTEX_POINT('',#6727);
#6727 = CARTESIAN_POINT('',(5.52,97.3,15.2));
#6728 = VERTEX_POINT('',#6729);
#6729 = CARTESIAN_POINT('',(54.736666666667,97.3,15.2));
#6730 = LINE('',#6731,#6732);
#6731 = CARTESIAN_POINT('',(1.11,97.3,15.2));
#6732 = VECTOR('',#6733,1.);
#6733 = DIRECTION('',(1.,0.,-0.));
#6734 = ORIENTED_EDGE('',*,*,#6735,.T.);
#6735 = EDGE_CURVE('',#6726,#6736,#6738,.T.);
#6736 = VERTEX_POINT('',#6737);
#6737 = CARTESIAN_POINT('',(5.52,97.3,-0.4));
#6738 = LINE('',#6739,#6740);
#6739 = CARTESIAN_POINT('',(5.52,97.3,-4.45));
#6740 = VECTOR('',#6741,1.);
#6741 = DIRECTION('',(-0.,0.,-1.));
#6742 = ORIENTED_EDGE('',*,*,#6743,.T.);
#6743 = EDGE_CURVE('',#6736,#6744,#6746,.T.);
#6744 = VERTEX_POINT('',#6745);
#6745 = CARTESIAN_POINT('',(54.736666666667,97.3,-0.4));
#6746 = LINE('',#6747,#6748);
#6747 = CARTESIAN_POINT('',(1.11,97.3,-0.4));
#6748 = VECTOR('',#6749,1.);
#6749 = DIRECTION('',(1.,0.,-0.));
#6750 = ORIENTED_EDGE('',*,*,#6751,.T.);
#6751 = EDGE_CURVE('',#6744,#6728,#6752,.T.);
#6752 = LINE('',#6753,#6754);
#6753 = CARTESIAN_POINT('',(54.736666666667,97.3,-0.41));
#6754 = VECTOR('',#6755,1.);
#6755 = DIRECTION('',(0.,0.,1.));
#6756 = FACE_BOUND('',#6757,.T.);
#6757 = EDGE_LOOP('',(#6758,#6768,#6776,#6784));
#6758 = ORIENTED_EDGE('',*,*,#6759,.T.);
#6759 = EDGE_CURVE('',#6760,#6762,#6764,.T.);
#6760 = VERTEX_POINT('',#6761);
#6761 = CARTESIAN_POINT('',(55.936666666667,97.3,-0.4));
#6762 = VERTEX_POINT('',#6763);
#6763 = CARTESIAN_POINT('',(104.55333333333,97.3,-0.4));
#6764 = LINE('',#6765,#6766);
#6765 = CARTESIAN_POINT('',(1.11,97.3,-0.4));
#6766 = VECTOR('',#6767,1.);
#6767 = DIRECTION('',(1.,0.,-0.));
#6768 = ORIENTED_EDGE('',*,*,#6769,.T.);
#6769 = EDGE_CURVE('',#6762,#6770,#6772,.T.);
#6770 = VERTEX_POINT('',#6771);
#6771 = CARTESIAN_POINT('',(104.55333333333,97.3,15.2));
#6772 = LINE('',#6773,#6774);
#6773 = CARTESIAN_POINT('',(104.55333333333,97.3,-0.41));
#6774 = VECTOR('',#6775,1.);
#6775 = DIRECTION('',(0.,0.,1.));
#6776 = ORIENTED_EDGE('',*,*,#6777,.F.);
#6777 = EDGE_CURVE('',#6778,#6770,#6780,.T.);
#6778 = VERTEX_POINT('',#6779);
#6779 = CARTESIAN_POINT('',(55.936666666667,97.3,15.2));
#6780 = LINE('',#6781,#6782);
#6781 = CARTESIAN_POINT('',(1.11,97.3,15.2));
#6782 = VECTOR('',#6783,1.);
#6783 = DIRECTION('',(1.,0.,-0.));
#6784 = ORIENTED_EDGE('',*,*,#6785,.F.);
#6785 = EDGE_CURVE('',#6760,#6778,#6786,.T.);
#6786 = LINE('',#6787,#6788);
#6787 = CARTESIAN_POINT('',(55.936666666667,97.3,-0.41));
#6788 = VECTOR('',#6789,1.);
#6789 = DIRECTION('',(0.,0.,1.));
#6790 = PLANE('',#6791);
#6791 = AXIS2_PLACEMENT_3D('',#6792,#6793,#6794);
#6792 = CARTESIAN_POINT('',(-3.3,97.3,-8.5));
#6793 = DIRECTION('',(-0.,1.,0.));
#6794 = DIRECTION('',(0.,0.,1.));
#6795 = ADVANCED_FACE('',(#6796),#6821,.F.);
#6796 = FACE_BOUND('',#6797,.F.);
#6797 = EDGE_LOOP('',(#6798,#6806,#6807,#6815));
#6798 = ORIENTED_EDGE('',*,*,#6799,.F.);
#6799 = EDGE_CURVE('',#6658,#6800,#6802,.T.);
#6800 = VERTEX_POINT('',#6801);
#6801 = CARTESIAN_POINT('',(4.52,99.8,17.7));
#6802 = LINE('',#6803,#6804);
#6803 = CARTESIAN_POINT('',(4.52,97.29,15.2));
#6804 = VECTOR('',#6805,1.);
#6805 = DIRECTION('',(0.,0.708516760586,0.705693984648));
#6806 = ORIENTED_EDGE('',*,*,#6657,.T.);
#6807 = ORIENTED_EDGE('',*,*,#6808,.T.);
#6808 = EDGE_CURVE('',#6660,#6809,#6811,.T.);
#6809 = VERTEX_POINT('',#6810);
#6810 = CARTESIAN_POINT('',(155.97,99.8,17.7));
#6811 = LINE('',#6812,#6813);
#6812 = CARTESIAN_POINT('',(155.97,97.29,15.2));
#6813 = VECTOR('',#6814,1.);
#6814 = DIRECTION('',(0.,0.708516760586,0.705693984648));
#6815 = ORIENTED_EDGE('',*,*,#6816,.F.);
#6816 = EDGE_CURVE('',#6800,#6809,#6817,.T.);
#6817 = LINE('',#6818,#6819);
#6818 = CARTESIAN_POINT('',(4.52,99.8,17.7));
#6819 = VECTOR('',#6820,1.);
#6820 = DIRECTION('',(1.,0.,0.));
#6821 = PLANE('',#6822);
#6822 = AXIS2_PLACEMENT_3D('',#6823,#6824,#6825);
#6823 = CARTESIAN_POINT('',(4.52,97.29,15.2));
#6824 = DIRECTION('',(0.,-0.705693984648,0.708516760586));
#6825 = DIRECTION('',(0.,0.708516760586,0.705693984648));
#6826 = ADVANCED_FACE('',(#6827),#6837,.F.);
#6827 = FACE_BOUND('',#6828,.F.);
#6828 = EDGE_LOOP('',(#6829,#6830,#6831));
#6829 = ORIENTED_EDGE('',*,*,#6683,.T.);
#6830 = ORIENTED_EDGE('',*,*,#6799,.T.);
#6831 = ORIENTED_EDGE('',*,*,#6832,.T.);
#6832 = EDGE_CURVE('',#6800,#6676,#6833,.T.);
#6833 = LINE('',#6834,#6835);
#6834 = CARTESIAN_POINT('',(4.52,99.8,17.7));
#6835 = VECTOR('',#6836,1.);
#6836 = DIRECTION('',(0.,-0.708516760586,0.705693984648));
#6837 = PLANE('',#6838);
#6838 = AXIS2_PLACEMENT_3D('',#6839,#6840,#6841);
#6839 = CARTESIAN_POINT('',(4.52,98.02577090105,17.7));
#6840 = DIRECTION('',(1.,0.,0.));
#6841 = DIRECTION('',(-0.,0.,1.));
#6842 = ADVANCED_FACE('',(#6843),#6854,.F.);
#6843 = FACE_BOUND('',#6844,.F.);
#6844 = EDGE_LOOP('',(#6845,#6846,#6847,#6853));
#6845 = ORIENTED_EDGE('',*,*,#6832,.F.);
#6846 = ORIENTED_EDGE('',*,*,#6816,.T.);
#6847 = ORIENTED_EDGE('',*,*,#6848,.T.);
#6848 = EDGE_CURVE('',#6809,#6668,#6849,.T.);
#6849 = LINE('',#6850,#6851);
#6850 = CARTESIAN_POINT('',(155.97,99.8,17.7));
#6851 = VECTOR('',#6852,1.);
#6852 = DIRECTION('',(0.,-0.708516760586,0.705693984648));
#6853 = ORIENTED_EDGE('',*,*,#6675,.T.);
#6854 = PLANE('',#6855);
#6855 = AXIS2_PLACEMENT_3D('',#6856,#6857,#6858);
#6856 = CARTESIAN_POINT('',(4.52,99.8,17.7));
#6857 = DIRECTION('',(0.,-0.705693984648,-0.708516760586));
#6858 = DIRECTION('',(0.,-0.708516760586,0.705693984648));
#6859 = ADVANCED_FACE('',(#6860),#6865,.T.);
#6860 = FACE_BOUND('',#6861,.T.);
#6861 = EDGE_LOOP('',(#6862,#6863,#6864));
#6862 = ORIENTED_EDGE('',*,*,#6667,.T.);
#6863 = ORIENTED_EDGE('',*,*,#6808,.T.);
#6864 = ORIENTED_EDGE('',*,*,#6848,.T.);
#6865 = PLANE('',#6866);
#6866 = AXIS2_PLACEMENT_3D('',#6867,#6868,#6869);
#6867 = CARTESIAN_POINT('',(155.97,98.02577090105,17.7));
#6868 = DIRECTION('',(1.,0.,0.));
#6869 = DIRECTION('',(-0.,0.,1.));
#6870 = ADVANCED_FACE('',(#6871),#6896,.F.);
#6871 = FACE_BOUND('',#6872,.F.);
#6872 = EDGE_LOOP('',(#6873,#6881,#6889,#6895));
#6873 = ORIENTED_EDGE('',*,*,#6874,.F.);
#6874 = EDGE_CURVE('',#6875,#6692,#6877,.T.);
#6875 = VERTEX_POINT('',#6876);
#6876 = CARTESIAN_POINT('',(105.75333333333,94.8,15.2));
#6877 = LINE('',#6878,#6879);
#6878 = CARTESIAN_POINT('',(105.75333333333,94.5,15.2));
#6879 = VECTOR('',#6880,1.);
#6880 = DIRECTION('',(-0.,1.,0.));
#6881 = ORIENTED_EDGE('',*,*,#6882,.T.);
#6882 = EDGE_CURVE('',#6875,#6883,#6885,.T.);
#6883 = VERTEX_POINT('',#6884);
#6884 = CARTESIAN_POINT('',(154.97,94.8,15.2));
#6885 = LINE('',#6886,#6887);
#6886 = CARTESIAN_POINT('',(2.36,94.8,15.2));
#6887 = VECTOR('',#6888,1.);
#6888 = DIRECTION('',(1.,0.,-0.));
#6889 = ORIENTED_EDGE('',*,*,#6890,.T.);
#6890 = EDGE_CURVE('',#6883,#6694,#6891,.T.);
#6891 = LINE('',#6892,#6893);
#6892 = CARTESIAN_POINT('',(154.97,94.2,15.2));
#6893 = VECTOR('',#6894,1.);
#6894 = DIRECTION('',(-0.,1.,0.));
#6895 = ORIENTED_EDGE('',*,*,#6691,.F.);
#6896 = PLANE('',#6897);
#6897 = AXIS2_PLACEMENT_3D('',#6898,#6899,#6900);
#6898 = CARTESIAN_POINT('',(5.52,94.2,15.2));
#6899 = DIRECTION('',(0.,0.,1.));
#6900 = DIRECTION('',(1.,0.,-0.));
#6901 = ADVANCED_FACE('',(#6902),#6920,.F.);
#6902 = FACE_BOUND('',#6903,.F.);
#6903 = EDGE_LOOP('',(#6904,#6905,#6913,#6919));
#6904 = ORIENTED_EDGE('',*,*,#6890,.F.);
#6905 = ORIENTED_EDGE('',*,*,#6906,.T.);
#6906 = EDGE_CURVE('',#6883,#6907,#6909,.T.);
#6907 = VERTEX_POINT('',#6908);
#6908 = CARTESIAN_POINT('',(154.97,94.8,-0.4));
#6909 = LINE('',#6910,#6911);
#6910 = CARTESIAN_POINT('',(154.97,94.8,-3.2));
#6911 = VECTOR('',#6912,1.);
#6912 = DIRECTION('',(-0.,0.,-1.));
#6913 = ORIENTED_EDGE('',*,*,#6914,.T.);
#6914 = EDGE_CURVE('',#6907,#6710,#6915,.T.);
#6915 = LINE('',#6916,#6917);
#6916 = CARTESIAN_POINT('',(154.97,94.2,-0.4));
#6917 = VECTOR('',#6918,1.);
#6918 = DIRECTION('',(-0.,1.,0.));
#6919 = ORIENTED_EDGE('',*,*,#6717,.F.);
#6920 = PLANE('',#6921);
#6921 = AXIS2_PLACEMENT_3D('',#6922,#6923,#6924);
#6922 = CARTESIAN_POINT('',(154.97,94.2,-0.4));
#6923 = DIRECTION('',(1.,0.,-0.));
#6924 = DIRECTION('',(0.,0.,1.));
#6925 = ADVANCED_FACE('',(#6926),#6944,.T.);
#6926 = FACE_BOUND('',#6927,.T.);
#6927 = EDGE_LOOP('',(#6928,#6936,#6942,#6943));
#6928 = ORIENTED_EDGE('',*,*,#6929,.F.);
#6929 = EDGE_CURVE('',#6930,#6702,#6932,.T.);
#6930 = VERTEX_POINT('',#6931);
#6931 = CARTESIAN_POINT('',(105.75333333333,94.8,-0.4));
#6932 = LINE('',#6933,#6934);
#6933 = CARTESIAN_POINT('',(105.75333333333,94.5,-0.4));
#6934 = VECTOR('',#6935,1.);
#6935 = DIRECTION('',(-0.,1.,0.));
#6936 = ORIENTED_EDGE('',*,*,#6937,.T.);
#6937 = EDGE_CURVE('',#6930,#6907,#6938,.T.);
#6938 = LINE('',#6939,#6940);
#6939 = CARTESIAN_POINT('',(2.36,94.8,-0.4));
#6940 = VECTOR('',#6941,1.);
#6941 = DIRECTION('',(1.,0.,-0.));
#6942 = ORIENTED_EDGE('',*,*,#6914,.T.);
#6943 = ORIENTED_EDGE('',*,*,#6709,.F.);
#6944 = PLANE('',#6945);
#6945 = AXIS2_PLACEMENT_3D('',#6946,#6947,#6948);
#6946 = CARTESIAN_POINT('',(5.52,94.2,-0.4));
#6947 = DIRECTION('',(0.,0.,1.));
#6948 = DIRECTION('',(1.,0.,-0.));
#6949 = ADVANCED_FACE('',(#6950),#6961,.T.);
#6950 = FACE_BOUND('',#6951,.T.);
#6951 = EDGE_LOOP('',(#6952,#6958,#6959,#6960));
#6952 = ORIENTED_EDGE('',*,*,#6953,.F.);
#6953 = EDGE_CURVE('',#6930,#6875,#6954,.T.);
#6954 = LINE('',#6955,#6956);
#6955 = CARTESIAN_POINT('',(105.75333333333,94.8,-0.41));
#6956 = VECTOR('',#6957,1.);
#6957 = DIRECTION('',(0.,0.,1.));
#6958 = ORIENTED_EDGE('',*,*,#6929,.T.);
#6959 = ORIENTED_EDGE('',*,*,#6701,.T.);
#6960 = ORIENTED_EDGE('',*,*,#6874,.F.);
#6961 = PLANE('',#6962);
#6962 = AXIS2_PLACEMENT_3D('',#6963,#6964,#6965);
#6963 = CARTESIAN_POINT('',(105.75333333333,94.8,-0.41));
#6964 = DIRECTION('',(1.,0.,-0.));
#6965 = DIRECTION('',(0.,0.,1.));
#6966 = ADVANCED_FACE('',(#6967),#6992,.F.);
#6967 = FACE_BOUND('',#6968,.F.);
#6968 = EDGE_LOOP('',(#6969,#6977,#6985,#6991));
#6969 = ORIENTED_EDGE('',*,*,#6970,.F.);
#6970 = EDGE_CURVE('',#6971,#6726,#6973,.T.);
#6971 = VERTEX_POINT('',#6972);
#6972 = CARTESIAN_POINT('',(5.52,94.8,15.2));
#6973 = LINE('',#6974,#6975);
#6974 = CARTESIAN_POINT('',(5.52,94.2,15.2));
#6975 = VECTOR('',#6976,1.);
#6976 = DIRECTION('',(-0.,1.,0.));
#6977 = ORIENTED_EDGE('',*,*,#6978,.T.);
#6978 = EDGE_CURVE('',#6971,#6979,#6981,.T.);
#6979 = VERTEX_POINT('',#6980);
#6980 = CARTESIAN_POINT('',(54.736666666667,94.8,15.2));
#6981 = LINE('',#6982,#6983);
#6982 = CARTESIAN_POINT('',(2.36,94.8,15.2));
#6983 = VECTOR('',#6984,1.);
#6984 = DIRECTION('',(1.,0.,-0.));
#6985 = ORIENTED_EDGE('',*,*,#6986,.T.);
#6986 = EDGE_CURVE('',#6979,#6728,#6987,.T.);
#6987 = LINE('',#6988,#6989);
#6988 = CARTESIAN_POINT('',(54.736666666667,94.5,15.2));
#6989 = VECTOR('',#6990,1.);
#6990 = DIRECTION('',(-0.,1.,0.));
#6991 = ORIENTED_EDGE('',*,*,#6725,.F.);
#6992 = PLANE('',#6993);
#6993 = AXIS2_PLACEMENT_3D('',#6994,#6995,#6996);
#6994 = CARTESIAN_POINT('',(5.52,94.2,15.2));
#6995 = DIRECTION('',(0.,0.,1.));
#6996 = DIRECTION('',(1.,0.,-0.));
#6997 = ADVANCED_FACE('',(#6998),#7016,.T.);
#6998 = FACE_BOUND('',#6999,.T.);
#6999 = EDGE_LOOP('',(#7000,#7001,#7009,#7015));
#7000 = ORIENTED_EDGE('',*,*,#6970,.F.);
#7001 = ORIENTED_EDGE('',*,*,#7002,.T.);
#7002 = EDGE_CURVE('',#6971,#7003,#7005,.T.);
#7003 = VERTEX_POINT('',#7004);
#7004 = CARTESIAN_POINT('',(5.52,94.8,-0.4));
#7005 = LINE('',#7006,#7007);
#7006 = CARTESIAN_POINT('',(5.52,94.8,-3.2));
#7007 = VECTOR('',#7008,1.);
#7008 = DIRECTION('',(-0.,0.,-1.));
#7009 = ORIENTED_EDGE('',*,*,#7010,.T.);
#7010 = EDGE_CURVE('',#7003,#6736,#7011,.T.);
#7011 = LINE('',#7012,#7013);
#7012 = CARTESIAN_POINT('',(5.52,94.2,-0.4));
#7013 = VECTOR('',#7014,1.);
#7014 = DIRECTION('',(-0.,1.,0.));
#7015 = ORIENTED_EDGE('',*,*,#6735,.F.);
#7016 = PLANE('',#7017);
#7017 = AXIS2_PLACEMENT_3D('',#7018,#7019,#7020);
#7018 = CARTESIAN_POINT('',(5.52,94.2,-0.4));
#7019 = DIRECTION('',(1.,0.,-0.));
#7020 = DIRECTION('',(0.,0.,1.));
#7021 = ADVANCED_FACE('',(#7022),#7040,.T.);
#7022 = FACE_BOUND('',#7023,.T.);
#7023 = EDGE_LOOP('',(#7024,#7025,#7033,#7039));
#7024 = ORIENTED_EDGE('',*,*,#7010,.F.);
#7025 = ORIENTED_EDGE('',*,*,#7026,.T.);
#7026 = EDGE_CURVE('',#7003,#7027,#7029,.T.);
#7027 = VERTEX_POINT('',#7028);
#7028 = CARTESIAN_POINT('',(54.736666666667,94.8,-0.4));
#7029 = LINE('',#7030,#7031);
#7030 = CARTESIAN_POINT('',(2.36,94.8,-0.4));
#7031 = VECTOR('',#7032,1.);
#7032 = DIRECTION('',(1.,0.,-0.));
#7033 = ORIENTED_EDGE('',*,*,#7034,.T.);
#7034 = EDGE_CURVE('',#7027,#6744,#7035,.T.);
#7035 = LINE('',#7036,#7037);
#7036 = CARTESIAN_POINT('',(54.736666666667,94.5,-0.4));
#7037 = VECTOR('',#7038,1.);
#7038 = DIRECTION('',(-0.,1.,0.));
#7039 = ORIENTED_EDGE('',*,*,#6743,.F.);
#7040 = PLANE('',#7041);
#7041 = AXIS2_PLACEMENT_3D('',#7042,#7043,#7044);
#7042 = CARTESIAN_POINT('',(5.52,94.2,-0.4));
#7043 = DIRECTION('',(0.,0.,1.));
#7044 = DIRECTION('',(1.,0.,-0.));
#7045 = ADVANCED_FACE('',(#7046),#7057,.F.);
#7046 = FACE_BOUND('',#7047,.F.);
#7047 = EDGE_LOOP('',(#7048,#7054,#7055,#7056));
#7048 = ORIENTED_EDGE('',*,*,#7049,.F.);
#7049 = EDGE_CURVE('',#7027,#6979,#7050,.T.);
#7050 = LINE('',#7051,#7052);
#7051 = CARTESIAN_POINT('',(54.736666666667,94.8,-0.41));
#7052 = VECTOR('',#7053,1.);
#7053 = DIRECTION('',(0.,0.,1.));
#7054 = ORIENTED_EDGE('',*,*,#7034,.T.);
#7055 = ORIENTED_EDGE('',*,*,#6751,.T.);
#7056 = ORIENTED_EDGE('',*,*,#6986,.F.);
#7057 = PLANE('',#7058);
#7058 = AXIS2_PLACEMENT_3D('',#7059,#7060,#7061);
#7059 = CARTESIAN_POINT('',(54.736666666667,94.8,-0.41));
#7060 = DIRECTION('',(1.,0.,-0.));
#7061 = DIRECTION('',(0.,0.,1.));
#7062 = ADVANCED_FACE('',(#7063),#7088,.F.);
#7063 = FACE_BOUND('',#7064,.F.);
#7064 = EDGE_LOOP('',(#7065,#7073,#7081,#7087));
#7065 = ORIENTED_EDGE('',*,*,#7066,.F.);
#7066 = EDGE_CURVE('',#7067,#6778,#7069,.T.);
#7067 = VERTEX_POINT('',#7068);
#7068 = CARTESIAN_POINT('',(55.936666666667,94.8,15.2));
#7069 = LINE('',#7070,#7071);
#7070 = CARTESIAN_POINT('',(55.936666666667,94.5,15.2));
#7071 = VECTOR('',#7072,1.);
#7072 = DIRECTION('',(-0.,1.,0.));
#7073 = ORIENTED_EDGE('',*,*,#7074,.T.);
#7074 = EDGE_CURVE('',#7067,#7075,#7077,.T.);
#7075 = VERTEX_POINT('',#7076);
#7076 = CARTESIAN_POINT('',(104.55333333333,94.8,15.2));
#7077 = LINE('',#7078,#7079);
#7078 = CARTESIAN_POINT('',(2.36,94.8,15.2));
#7079 = VECTOR('',#7080,1.);
#7080 = DIRECTION('',(1.,0.,-0.));
#7081 = ORIENTED_EDGE('',*,*,#7082,.T.);
#7082 = EDGE_CURVE('',#7075,#6770,#7083,.T.);
#7083 = LINE('',#7084,#7085);
#7084 = CARTESIAN_POINT('',(104.55333333333,94.5,15.2));
#7085 = VECTOR('',#7086,1.);
#7086 = DIRECTION('',(-0.,1.,0.));
#7087 = ORIENTED_EDGE('',*,*,#6777,.F.);
#7088 = PLANE('',#7089);
#7089 = AXIS2_PLACEMENT_3D('',#7090,#7091,#7092);
#7090 = CARTESIAN_POINT('',(5.52,94.2,15.2));
#7091 = DIRECTION('',(0.,0.,1.));
#7092 = DIRECTION('',(1.,0.,-0.));
#7093 = ADVANCED_FACE('',(#7094),#7112,.T.);
#7094 = FACE_BOUND('',#7095,.T.);
#7095 = EDGE_LOOP('',(#7096,#7104,#7110,#7111));
#7096 = ORIENTED_EDGE('',*,*,#7097,.F.);
#7097 = EDGE_CURVE('',#7098,#7067,#7100,.T.);
#7098 = VERTEX_POINT('',#7099);
#7099 = CARTESIAN_POINT('',(55.936666666667,94.8,-0.4));
#7100 = LINE('',#7101,#7102);
#7101 = CARTESIAN_POINT('',(55.936666666667,94.8,-0.41));
#7102 = VECTOR('',#7103,1.);
#7103 = DIRECTION('',(0.,0.,1.));
#7104 = ORIENTED_EDGE('',*,*,#7105,.T.);
#7105 = EDGE_CURVE('',#7098,#6760,#7106,.T.);
#7106 = LINE('',#7107,#7108);
#7107 = CARTESIAN_POINT('',(55.936666666667,94.5,-0.4));
#7108 = VECTOR('',#7109,1.);
#7109 = DIRECTION('',(-0.,1.,0.));
#7110 = ORIENTED_EDGE('',*,*,#6785,.T.);
#7111 = ORIENTED_EDGE('',*,*,#7066,.F.);
#7112 = PLANE('',#7113);
#7113 = AXIS2_PLACEMENT_3D('',#7114,#7115,#7116);
#7114 = CARTESIAN_POINT('',(55.936666666667,94.8,-0.41));
#7115 = DIRECTION('',(1.,0.,-0.));
#7116 = DIRECTION('',(0.,0.,1.));
#7117 = ADVANCED_FACE('',(#7118),#7136,.T.);
#7118 = FACE_BOUND('',#7119,.T.);
#7119 = EDGE_LOOP('',(#7120,#7121,#7129,#7135));
#7120 = ORIENTED_EDGE('',*,*,#7105,.F.);
#7121 = ORIENTED_EDGE('',*,*,#7122,.T.);
#7122 = EDGE_CURVE('',#7098,#7123,#7125,.T.);
#7123 = VERTEX_POINT('',#7124);
#7124 = CARTESIAN_POINT('',(104.55333333333,94.8,-0.4));
#7125 = LINE('',#7126,#7127);
#7126 = CARTESIAN_POINT('',(2.36,94.8,-0.4));
#7127 = VECTOR('',#7128,1.);
#7128 = DIRECTION('',(1.,0.,-0.));
#7129 = ORIENTED_EDGE('',*,*,#7130,.T.);
#7130 = EDGE_CURVE('',#7123,#6762,#7131,.T.);
#7131 = LINE('',#7132,#7133);
#7132 = CARTESIAN_POINT('',(104.55333333333,94.5,-0.4));
#7133 = VECTOR('',#7134,1.);
#7134 = DIRECTION('',(-0.,1.,0.));
#7135 = ORIENTED_EDGE('',*,*,#6759,.F.);
#7136 = PLANE('',#7137);
#7137 = AXIS2_PLACEMENT_3D('',#7138,#7139,#7140);
#7138 = CARTESIAN_POINT('',(5.52,94.2,-0.4));
#7139 = DIRECTION('',(0.,0.,1.));
#7140 = DIRECTION('',(1.,0.,-0.));
#7141 = ADVANCED_FACE('',(#7142),#7153,.F.);
#7142 = FACE_BOUND('',#7143,.F.);
#7143 = EDGE_LOOP('',(#7144,#7150,#7151,#7152));
#7144 = ORIENTED_EDGE('',*,*,#7145,.F.);
#7145 = EDGE_CURVE('',#7123,#7075,#7146,.T.);
#7146 = LINE('',#7147,#7148);
#7147 = CARTESIAN_POINT('',(104.55333333333,94.8,-0.41));
#7148 = VECTOR('',#7149,1.);
#7149 = DIRECTION('',(0.,0.,1.));
#7150 = ORIENTED_EDGE('',*,*,#7130,.T.);
#7151 = ORIENTED_EDGE('',*,*,#6769,.T.);
#7152 = ORIENTED_EDGE('',*,*,#7082,.F.);
#7153 = PLANE('',#7154);
#7154 = AXIS2_PLACEMENT_3D('',#7155,#7156,#7157);
#7155 = CARTESIAN_POINT('',(104.55333333333,94.8,-0.41));
#7156 = DIRECTION('',(1.,0.,-0.));
#7157 = DIRECTION('',(0.,0.,1.));
#7158 = ADVANCED_FACE('',(#7159,#7198,#7232,#7266,#7300),#7334,.F.);
#7159 = FACE_BOUND('',#7160,.T.);
#7160 = EDGE_LOOP('',(#7161,#7167,#7168,#7169,#7175,#7176,#7182,#7183,
    #7189,#7190,#7196,#7197));
#7161 = ORIENTED_EDGE('',*,*,#7162,.T.);
#7162 = EDGE_CURVE('',#1147,#3508,#7163,.T.);
#7163 = LINE('',#7164,#7165);
#7164 = CARTESIAN_POINT('',(-3.3,-3.3,-8.5));
#7165 = VECTOR('',#7166,1.);
#7166 = DIRECTION('',(1.,0.,-0.));
#7167 = ORIENTED_EDGE('',*,*,#3516,.T.);
#7168 = ORIENTED_EDGE('',*,*,#6057,.F.);
#7169 = ORIENTED_EDGE('',*,*,#7170,.T.);
#7170 = EDGE_CURVE('',#6050,#6312,#7171,.T.);
#7171 = LINE('',#7172,#7173);
#7172 = CARTESIAN_POINT('',(172.,-3.3,5.));
#7173 = VECTOR('',#7174,1.);
#7174 = DIRECTION('',(-0.,0.,-1.));
#7175 = ORIENTED_EDGE('',*,*,#6319,.F.);
#7176 = ORIENTED_EDGE('',*,*,#7177,.F.);
#7177 = EDGE_CURVE('',#6026,#6296,#7178,.T.);
#7178 = LINE('',#7179,#7180);
#7179 = CARTESIAN_POINT('',(162.,-3.3,3.409375613467));
#7180 = VECTOR('',#7181,1.);
#7181 = DIRECTION('',(0.,0.,-1.));
#7182 = ORIENTED_EDGE('',*,*,#6025,.F.);
#7183 = ORIENTED_EDGE('',*,*,#7184,.T.);
#7184 = EDGE_CURVE('',#6018,#6250,#7185,.T.);
#7185 = LINE('',#7186,#7187);
#7186 = CARTESIAN_POINT('',(17.,-3.3,5.));
#7187 = VECTOR('',#7188,1.);
#7188 = DIRECTION('',(-0.,0.,-1.));
#7189 = ORIENTED_EDGE('',*,*,#6257,.F.);
#7190 = ORIENTED_EDGE('',*,*,#7191,.F.);
#7191 = EDGE_CURVE('',#5994,#6234,#7192,.T.);
#7192 = LINE('',#7193,#7194);
#7193 = CARTESIAN_POINT('',(7.,-3.3,3.409375613467));
#7194 = VECTOR('',#7195,1.);
#7195 = DIRECTION('',(0.,0.,-1.));
#7196 = ORIENTED_EDGE('',*,*,#5993,.F.);
#7197 = ORIENTED_EDGE('',*,*,#1155,.F.);
#7198 = FACE_BOUND('',#7199,.F.);
#7199 = EDGE_LOOP('',(#7200,#7210,#7218,#7226));
#7200 = ORIENTED_EDGE('',*,*,#7201,.F.);
#7201 = EDGE_CURVE('',#7202,#7204,#7206,.T.);
#7202 = VERTEX_POINT('',#7203);
#7203 = CARTESIAN_POINT('',(157.1,-3.3,15.209960159363));
#7204 = VERTEX_POINT('',#7205);
#7205 = CARTESIAN_POINT('',(26.03,-3.3,15.209960159363));
#7206 = LINE('',#7207,#7208);
#7207 = CARTESIAN_POINT('',(11.365,-3.3,15.209960159363));
#7208 = VECTOR('',#7209,1.);
#7209 = DIRECTION('',(-1.,0.,0.));
#7210 = ORIENTED_EDGE('',*,*,#7211,.T.);
#7211 = EDGE_CURVE('',#7202,#7212,#7214,.T.);
#7212 = VERTEX_POINT('',#7213);
#7213 = CARTESIAN_POINT('',(157.1,-3.3,20.190039840637));
#7214 = LINE('',#7215,#7216);
#7215 = CARTESIAN_POINT('',(157.1,-3.3,4.6));
#7216 = VECTOR('',#7217,1.);
#7217 = DIRECTION('',(0.,-0.,1.));
#7218 = ORIENTED_EDGE('',*,*,#7219,.F.);
#7219 = EDGE_CURVE('',#7220,#7212,#7222,.T.);
#7220 = VERTEX_POINT('',#7221);
#7221 = CARTESIAN_POINT('',(26.03,-3.3,20.190039840637));
#7222 = LINE('',#7223,#7224);
#7223 = CARTESIAN_POINT('',(11.365,-3.3,20.190039840637));
#7224 = VECTOR('',#7225,1.);
#7225 = DIRECTION('',(1.,0.,0.));
#7226 = ORIENTED_EDGE('',*,*,#7227,.F.);
#7227 = EDGE_CURVE('',#7204,#7220,#7228,.T.);
#7228 = LINE('',#7229,#7230);
#7229 = CARTESIAN_POINT('',(26.03,-3.3,4.6));
#7230 = VECTOR('',#7231,1.);
#7231 = DIRECTION('',(0.,-0.,1.));
#7232 = FACE_BOUND('',#7233,.F.);
#7233 = EDGE_LOOP('',(#7234,#7244,#7252,#7260));
#7234 = ORIENTED_EDGE('',*,*,#7235,.T.);
#7235 = EDGE_CURVE('',#7236,#7238,#7240,.T.);
#7236 = VERTEX_POINT('',#7237);
#7237 = CARTESIAN_POINT('',(27.03,-3.3,15.2));
#7238 = VERTEX_POINT('',#7239);
#7239 = CARTESIAN_POINT('',(27.03,-3.3,-0.4));
#7240 = LINE('',#7241,#7242);
#7241 = CARTESIAN_POINT('',(27.03,-3.3,-4.45));
#7242 = VECTOR('',#7243,1.);
#7243 = DIRECTION('',(-0.,0.,-1.));
#7244 = ORIENTED_EDGE('',*,*,#7245,.T.);
#7245 = EDGE_CURVE('',#7238,#7246,#7248,.T.);
#7246 = VERTEX_POINT('',#7247);
#7247 = CARTESIAN_POINT('',(69.453333333333,-3.3,-0.4));
#7248 = LINE('',#7249,#7250);
#7249 = CARTESIAN_POINT('',(11.865,-3.3,-0.4));
#7250 = VECTOR('',#7251,1.);
#7251 = DIRECTION('',(1.,0.,-0.));
#7252 = ORIENTED_EDGE('',*,*,#7253,.T.);
#7253 = EDGE_CURVE('',#7246,#7254,#7256,.T.);
#7254 = VERTEX_POINT('',#7255);
#7255 = CARTESIAN_POINT('',(69.453333333333,-3.3,15.2));
#7256 = LINE('',#7257,#7258);
#7257 = CARTESIAN_POINT('',(69.453333333333,-3.3,-0.41));
#7258 = VECTOR('',#7259,1.);
#7259 = DIRECTION('',(0.,0.,1.));
#7260 = ORIENTED_EDGE('',*,*,#7261,.F.);
#7261 = EDGE_CURVE('',#7236,#7254,#7262,.T.);
#7262 = LINE('',#7263,#7264);
#7263 = CARTESIAN_POINT('',(11.865,-3.3,15.2));
#7264 = VECTOR('',#7265,1.);
#7265 = DIRECTION('',(1.,0.,-0.));
#7266 = FACE_BOUND('',#7267,.F.);
#7267 = EDGE_LOOP('',(#7268,#7278,#7286,#7294));
#7268 = ORIENTED_EDGE('',*,*,#7269,.F.);
#7269 = EDGE_CURVE('',#7270,#7272,#7274,.T.);
#7270 = VERTEX_POINT('',#7271);
#7271 = CARTESIAN_POINT('',(113.67666666666,-3.3,-0.4));
#7272 = VERTEX_POINT('',#7273);
#7273 = CARTESIAN_POINT('',(113.67666666666,-3.3,15.2));
#7274 = LINE('',#7275,#7276);
#7275 = CARTESIAN_POINT('',(113.67666666666,-3.3,-0.41));
#7276 = VECTOR('',#7277,1.);
#7277 = DIRECTION('',(0.,0.,1.));
#7278 = ORIENTED_EDGE('',*,*,#7279,.T.);
#7279 = EDGE_CURVE('',#7270,#7280,#7282,.T.);
#7280 = VERTEX_POINT('',#7281);
#7281 = CARTESIAN_POINT('',(156.1,-3.3,-0.4));
#7282 = LINE('',#7283,#7284);
#7283 = CARTESIAN_POINT('',(11.865,-3.3,-0.4));
#7284 = VECTOR('',#7285,1.);
#7285 = DIRECTION('',(1.,0.,-0.));
#7286 = ORIENTED_EDGE('',*,*,#7287,.F.);
#7287 = EDGE_CURVE('',#7288,#7280,#7290,.T.);
#7288 = VERTEX_POINT('',#7289);
#7289 = CARTESIAN_POINT('',(156.1,-3.3,15.2));
#7290 = LINE('',#7291,#7292);
#7291 = CARTESIAN_POINT('',(156.1,-3.3,-4.45));
#7292 = VECTOR('',#7293,1.);
#7293 = DIRECTION('',(-0.,0.,-1.));
#7294 = ORIENTED_EDGE('',*,*,#7295,.F.);
#7295 = EDGE_CURVE('',#7272,#7288,#7296,.T.);
#7296 = LINE('',#7297,#7298);
#7297 = CARTESIAN_POINT('',(11.865,-3.3,15.2));
#7298 = VECTOR('',#7299,1.);
#7299 = DIRECTION('',(1.,0.,-0.));
#7300 = FACE_BOUND('',#7301,.F.);
#7301 = EDGE_LOOP('',(#7302,#7312,#7320,#7328));
#7302 = ORIENTED_EDGE('',*,*,#7303,.T.);
#7303 = EDGE_CURVE('',#7304,#7306,#7308,.T.);
#7304 = VERTEX_POINT('',#7305);
#7305 = CARTESIAN_POINT('',(112.47666666666,-3.3,-0.4));
#7306 = VERTEX_POINT('',#7307);
#7307 = CARTESIAN_POINT('',(112.47666666666,-3.3,15.2));
#7308 = LINE('',#7309,#7310);
#7309 = CARTESIAN_POINT('',(112.47666666666,-3.3,-0.41));
#7310 = VECTOR('',#7311,1.);
#7311 = DIRECTION('',(0.,0.,1.));
#7312 = ORIENTED_EDGE('',*,*,#7313,.F.);
#7313 = EDGE_CURVE('',#7314,#7306,#7316,.T.);
#7314 = VERTEX_POINT('',#7315);
#7315 = CARTESIAN_POINT('',(70.653333333333,-3.3,15.2));
#7316 = LINE('',#7317,#7318);
#7317 = CARTESIAN_POINT('',(11.865,-3.3,15.2));
#7318 = VECTOR('',#7319,1.);
#7319 = DIRECTION('',(1.,0.,-0.));
#7320 = ORIENTED_EDGE('',*,*,#7321,.F.);
#7321 = EDGE_CURVE('',#7322,#7314,#7324,.T.);
#7322 = VERTEX_POINT('',#7323);
#7323 = CARTESIAN_POINT('',(70.653333333333,-3.3,-0.4));
#7324 = LINE('',#7325,#7326);
#7325 = CARTESIAN_POINT('',(70.653333333333,-3.3,-0.41));
#7326 = VECTOR('',#7327,1.);
#7327 = DIRECTION('',(0.,0.,1.));
#7328 = ORIENTED_EDGE('',*,*,#7329,.T.);
#7329 = EDGE_CURVE('',#7322,#7304,#7330,.T.);
#7330 = LINE('',#7331,#7332);
#7331 = CARTESIAN_POINT('',(11.865,-3.3,-0.4));
#7332 = VECTOR('',#7333,1.);
#7333 = DIRECTION('',(1.,0.,-0.));
#7334 = PLANE('',#7335);
#7335 = AXIS2_PLACEMENT_3D('',#7336,#7337,#7338);
#7336 = CARTESIAN_POINT('',(-3.3,-3.3,-8.5));
#7337 = DIRECTION('',(-0.,1.,0.));
#7338 = DIRECTION('',(0.,0.,1.));
#7339 = ADVANCED_FACE('',(#7340),#7365,.T.);
#7340 = FACE_BOUND('',#7341,.T.);
#7341 = EDGE_LOOP('',(#7342,#7350,#7351,#7359));
#7342 = ORIENTED_EDGE('',*,*,#7343,.F.);
#7343 = EDGE_CURVE('',#7204,#7344,#7346,.T.);
#7344 = VERTEX_POINT('',#7345);
#7345 = CARTESIAN_POINT('',(26.03,-5.8,17.7));
#7346 = LINE('',#7347,#7348);
#7347 = CARTESIAN_POINT('',(26.03,-3.29,15.2));
#7348 = VECTOR('',#7349,1.);
#7349 = DIRECTION('',(0.,-0.708516760586,0.705693984648));
#7350 = ORIENTED_EDGE('',*,*,#7201,.F.);
#7351 = ORIENTED_EDGE('',*,*,#7352,.T.);
#7352 = EDGE_CURVE('',#7202,#7353,#7355,.T.);
#7353 = VERTEX_POINT('',#7354);
#7354 = CARTESIAN_POINT('',(157.1,-5.8,17.7));
#7355 = LINE('',#7356,#7357);
#7356 = CARTESIAN_POINT('',(157.1,-3.29,15.2));
#7357 = VECTOR('',#7358,1.);
#7358 = DIRECTION('',(0.,-0.708516760586,0.705693984648));
#7359 = ORIENTED_EDGE('',*,*,#7360,.F.);
#7360 = EDGE_CURVE('',#7344,#7353,#7361,.T.);
#7361 = LINE('',#7362,#7363);
#7362 = CARTESIAN_POINT('',(26.03,-5.8,17.7));
#7363 = VECTOR('',#7364,1.);
#7364 = DIRECTION('',(1.,0.,0.));
#7365 = PLANE('',#7366);
#7366 = AXIS2_PLACEMENT_3D('',#7367,#7368,#7369);
#7367 = CARTESIAN_POINT('',(26.03,-3.29,15.2));
#7368 = DIRECTION('',(0.,-0.705693984648,-0.708516760586));
#7369 = DIRECTION('',(0.,-0.708516760586,0.705693984648));
#7370 = ADVANCED_FACE('',(#7371),#7381,.T.);
#7371 = FACE_BOUND('',#7372,.T.);
#7372 = EDGE_LOOP('',(#7373,#7374,#7375));
#7373 = ORIENTED_EDGE('',*,*,#7227,.F.);
#7374 = ORIENTED_EDGE('',*,*,#7343,.T.);
#7375 = ORIENTED_EDGE('',*,*,#7376,.T.);
#7376 = EDGE_CURVE('',#7344,#7220,#7377,.T.);
#7377 = LINE('',#7378,#7379);
#7378 = CARTESIAN_POINT('',(26.03,-5.8,17.7));
#7379 = VECTOR('',#7380,1.);
#7380 = DIRECTION('',(0.,0.708516760586,0.705693984648));
#7381 = PLANE('',#7382);
#7382 = AXIS2_PLACEMENT_3D('',#7383,#7384,#7385);
#7383 = CARTESIAN_POINT('',(26.03,-4.02577090105,17.7));
#7384 = DIRECTION('',(-1.,-0.,-0.));
#7385 = DIRECTION('',(0.,0.,-1.));
#7386 = ADVANCED_FACE('',(#7387),#7398,.T.);
#7387 = FACE_BOUND('',#7388,.T.);
#7388 = EDGE_LOOP('',(#7389,#7390,#7391,#7397));
#7389 = ORIENTED_EDGE('',*,*,#7376,.F.);
#7390 = ORIENTED_EDGE('',*,*,#7360,.T.);
#7391 = ORIENTED_EDGE('',*,*,#7392,.T.);
#7392 = EDGE_CURVE('',#7353,#7212,#7393,.T.);
#7393 = LINE('',#7394,#7395);
#7394 = CARTESIAN_POINT('',(157.1,-5.8,17.7));
#7395 = VECTOR('',#7396,1.);
#7396 = DIRECTION('',(0.,0.708516760586,0.705693984648));
#7397 = ORIENTED_EDGE('',*,*,#7219,.F.);
#7398 = PLANE('',#7399);
#7399 = AXIS2_PLACEMENT_3D('',#7400,#7401,#7402);
#7400 = CARTESIAN_POINT('',(26.03,-5.8,17.7));
#7401 = DIRECTION('',(0.,-0.705693984648,0.708516760586));
#7402 = DIRECTION('',(0.,0.708516760586,0.705693984648));
#7403 = ADVANCED_FACE('',(#7404),#7409,.F.);
#7404 = FACE_BOUND('',#7405,.F.);
#7405 = EDGE_LOOP('',(#7406,#7407,#7408));
#7406 = ORIENTED_EDGE('',*,*,#7211,.F.);
#7407 = ORIENTED_EDGE('',*,*,#7352,.T.);
#7408 = ORIENTED_EDGE('',*,*,#7392,.T.);
#7409 = PLANE('',#7410);
#7410 = AXIS2_PLACEMENT_3D('',#7411,#7412,#7413);
#7411 = CARTESIAN_POINT('',(157.1,-4.02577090105,17.7));
#7412 = DIRECTION('',(-1.,-0.,-0.));
#7413 = DIRECTION('',(0.,0.,-1.));
#7414 = ADVANCED_FACE('',(#7415),#7440,.F.);
#7415 = FACE_BOUND('',#7416,.F.);
#7416 = EDGE_LOOP('',(#7417,#7425,#7426,#7434));
#7417 = ORIENTED_EDGE('',*,*,#7418,.F.);
#7418 = EDGE_CURVE('',#7236,#7419,#7421,.T.);
#7419 = VERTEX_POINT('',#7420);
#7420 = CARTESIAN_POINT('',(27.03,-0.8,15.2));
#7421 = LINE('',#7422,#7423);
#7422 = CARTESIAN_POINT('',(27.03,-3.9,15.2));
#7423 = VECTOR('',#7424,1.);
#7424 = DIRECTION('',(-0.,1.,0.));
#7425 = ORIENTED_EDGE('',*,*,#7261,.T.);
#7426 = ORIENTED_EDGE('',*,*,#7427,.T.);
#7427 = EDGE_CURVE('',#7254,#7428,#7430,.T.);
#7428 = VERTEX_POINT('',#7429);
#7429 = CARTESIAN_POINT('',(69.453333333333,-0.8,15.2));
#7430 = LINE('',#7431,#7432);
#7431 = CARTESIAN_POINT('',(69.453333333333,-3.6,15.2));
#7432 = VECTOR('',#7433,1.);
#7433 = DIRECTION('',(-0.,1.,0.));
#7434 = ORIENTED_EDGE('',*,*,#7435,.F.);
#7435 = EDGE_CURVE('',#7419,#7428,#7436,.T.);
#7436 = LINE('',#7437,#7438);
#7437 = CARTESIAN_POINT('',(13.115,-0.8,15.2));
#7438 = VECTOR('',#7439,1.);
#7439 = DIRECTION('',(1.,0.,-0.));
#7440 = PLANE('',#7441);
#7441 = AXIS2_PLACEMENT_3D('',#7442,#7443,#7444);
#7442 = CARTESIAN_POINT('',(27.03,-3.9,15.2));
#7443 = DIRECTION('',(0.,0.,1.));
#7444 = DIRECTION('',(1.,0.,-0.));
#7445 = ADVANCED_FACE('',(#7446),#7464,.T.);
#7446 = FACE_BOUND('',#7447,.T.);
#7447 = EDGE_LOOP('',(#7448,#7449,#7450,#7458));
#7448 = ORIENTED_EDGE('',*,*,#7418,.F.);
#7449 = ORIENTED_EDGE('',*,*,#7235,.T.);
#7450 = ORIENTED_EDGE('',*,*,#7451,.T.);
#7451 = EDGE_CURVE('',#7238,#7452,#7454,.T.);
#7452 = VERTEX_POINT('',#7453);
#7453 = CARTESIAN_POINT('',(27.03,-0.8,-0.4));
#7454 = LINE('',#7455,#7456);
#7455 = CARTESIAN_POINT('',(27.03,-3.9,-0.4));
#7456 = VECTOR('',#7457,1.);
#7457 = DIRECTION('',(-0.,1.,0.));
#7458 = ORIENTED_EDGE('',*,*,#7459,.F.);
#7459 = EDGE_CURVE('',#7419,#7452,#7460,.T.);
#7460 = LINE('',#7461,#7462);
#7461 = CARTESIAN_POINT('',(27.03,-0.8,-3.2));
#7462 = VECTOR('',#7463,1.);
#7463 = DIRECTION('',(-0.,0.,-1.));
#7464 = PLANE('',#7465);
#7465 = AXIS2_PLACEMENT_3D('',#7466,#7467,#7468);
#7466 = CARTESIAN_POINT('',(27.03,-3.9,-0.4));
#7467 = DIRECTION('',(1.,0.,-0.));
#7468 = DIRECTION('',(0.,0.,1.));
#7469 = ADVANCED_FACE('',(#7470),#7488,.T.);
#7470 = FACE_BOUND('',#7471,.T.);
#7471 = EDGE_LOOP('',(#7472,#7473,#7474,#7482));
#7472 = ORIENTED_EDGE('',*,*,#7451,.F.);
#7473 = ORIENTED_EDGE('',*,*,#7245,.T.);
#7474 = ORIENTED_EDGE('',*,*,#7475,.T.);
#7475 = EDGE_CURVE('',#7246,#7476,#7478,.T.);
#7476 = VERTEX_POINT('',#7477);
#7477 = CARTESIAN_POINT('',(69.453333333333,-0.8,-0.4));
#7478 = LINE('',#7479,#7480);
#7479 = CARTESIAN_POINT('',(69.453333333333,-3.6,-0.4));
#7480 = VECTOR('',#7481,1.);
#7481 = DIRECTION('',(-0.,1.,0.));
#7482 = ORIENTED_EDGE('',*,*,#7483,.F.);
#7483 = EDGE_CURVE('',#7452,#7476,#7484,.T.);
#7484 = LINE('',#7485,#7486);
#7485 = CARTESIAN_POINT('',(13.115,-0.8,-0.4));
#7486 = VECTOR('',#7487,1.);
#7487 = DIRECTION('',(1.,0.,-0.));
#7488 = PLANE('',#7489);
#7489 = AXIS2_PLACEMENT_3D('',#7490,#7491,#7492);
#7490 = CARTESIAN_POINT('',(27.03,-3.9,-0.4));
#7491 = DIRECTION('',(0.,0.,1.));
#7492 = DIRECTION('',(1.,0.,-0.));
#7493 = ADVANCED_FACE('',(#7494),#7505,.F.);
#7494 = FACE_BOUND('',#7495,.F.);
#7495 = EDGE_LOOP('',(#7496,#7497,#7498,#7504));
#7496 = ORIENTED_EDGE('',*,*,#7253,.F.);
#7497 = ORIENTED_EDGE('',*,*,#7475,.T.);
#7498 = ORIENTED_EDGE('',*,*,#7499,.T.);
#7499 = EDGE_CURVE('',#7476,#7428,#7500,.T.);
#7500 = LINE('',#7501,#7502);
#7501 = CARTESIAN_POINT('',(69.453333333333,-0.8,-0.41));
#7502 = VECTOR('',#7503,1.);
#7503 = DIRECTION('',(0.,0.,1.));
#7504 = ORIENTED_EDGE('',*,*,#7427,.F.);
#7505 = PLANE('',#7506);
#7506 = AXIS2_PLACEMENT_3D('',#7507,#7508,#7509);
#7507 = CARTESIAN_POINT('',(69.453333333333,-3.3,-0.41));
#7508 = DIRECTION('',(1.,0.,-0.));
#7509 = DIRECTION('',(0.,0.,1.));
#7510 = ADVANCED_FACE('',(#7511),#7536,.F.);
#7511 = FACE_BOUND('',#7512,.F.);
#7512 = EDGE_LOOP('',(#7513,#7521,#7522,#7530));
#7513 = ORIENTED_EDGE('',*,*,#7514,.F.);
#7514 = EDGE_CURVE('',#7272,#7515,#7517,.T.);
#7515 = VERTEX_POINT('',#7516);
#7516 = CARTESIAN_POINT('',(113.67666666666,-0.8,15.2));
#7517 = LINE('',#7518,#7519);
#7518 = CARTESIAN_POINT('',(113.67666666666,-3.6,15.2));
#7519 = VECTOR('',#7520,1.);
#7520 = DIRECTION('',(-0.,1.,0.));
#7521 = ORIENTED_EDGE('',*,*,#7295,.T.);
#7522 = ORIENTED_EDGE('',*,*,#7523,.T.);
#7523 = EDGE_CURVE('',#7288,#7524,#7526,.T.);
#7524 = VERTEX_POINT('',#7525);
#7525 = CARTESIAN_POINT('',(156.1,-0.8,15.2));
#7526 = LINE('',#7527,#7528);
#7527 = CARTESIAN_POINT('',(156.1,-3.9,15.2));
#7528 = VECTOR('',#7529,1.);
#7529 = DIRECTION('',(-0.,1.,0.));
#7530 = ORIENTED_EDGE('',*,*,#7531,.F.);
#7531 = EDGE_CURVE('',#7515,#7524,#7532,.T.);
#7532 = LINE('',#7533,#7534);
#7533 = CARTESIAN_POINT('',(13.115,-0.8,15.2));
#7534 = VECTOR('',#7535,1.);
#7535 = DIRECTION('',(1.,0.,-0.));
#7536 = PLANE('',#7537);
#7537 = AXIS2_PLACEMENT_3D('',#7538,#7539,#7540);
#7538 = CARTESIAN_POINT('',(27.03,-3.9,15.2));
#7539 = DIRECTION('',(0.,0.,1.));
#7540 = DIRECTION('',(1.,0.,-0.));
#7541 = ADVANCED_FACE('',(#7542),#7560,.F.);
#7542 = FACE_BOUND('',#7543,.F.);
#7543 = EDGE_LOOP('',(#7544,#7545,#7546,#7554));
#7544 = ORIENTED_EDGE('',*,*,#7523,.F.);
#7545 = ORIENTED_EDGE('',*,*,#7287,.T.);
#7546 = ORIENTED_EDGE('',*,*,#7547,.T.);
#7547 = EDGE_CURVE('',#7280,#7548,#7550,.T.);
#7548 = VERTEX_POINT('',#7549);
#7549 = CARTESIAN_POINT('',(156.1,-0.8,-0.4));
#7550 = LINE('',#7551,#7552);
#7551 = CARTESIAN_POINT('',(156.1,-3.9,-0.4));
#7552 = VECTOR('',#7553,1.);
#7553 = DIRECTION('',(-0.,1.,0.));
#7554 = ORIENTED_EDGE('',*,*,#7555,.F.);
#7555 = EDGE_CURVE('',#7524,#7548,#7556,.T.);
#7556 = LINE('',#7557,#7558);
#7557 = CARTESIAN_POINT('',(156.1,-0.8,-3.2));
#7558 = VECTOR('',#7559,1.);
#7559 = DIRECTION('',(-0.,0.,-1.));
#7560 = PLANE('',#7561);
#7561 = AXIS2_PLACEMENT_3D('',#7562,#7563,#7564);
#7562 = CARTESIAN_POINT('',(156.1,-3.9,-0.4));
#7563 = DIRECTION('',(1.,0.,-0.));
#7564 = DIRECTION('',(0.,0.,1.));
#7565 = ADVANCED_FACE('',(#7566),#7584,.T.);
#7566 = FACE_BOUND('',#7567,.T.);
#7567 = EDGE_LOOP('',(#7568,#7576,#7577,#7578));
#7568 = ORIENTED_EDGE('',*,*,#7569,.F.);
#7569 = EDGE_CURVE('',#7270,#7570,#7572,.T.);
#7570 = VERTEX_POINT('',#7571);
#7571 = CARTESIAN_POINT('',(113.67666666666,-0.8,-0.4));
#7572 = LINE('',#7573,#7574);
#7573 = CARTESIAN_POINT('',(113.67666666666,-3.6,-0.4));
#7574 = VECTOR('',#7575,1.);
#7575 = DIRECTION('',(-0.,1.,0.));
#7576 = ORIENTED_EDGE('',*,*,#7279,.T.);
#7577 = ORIENTED_EDGE('',*,*,#7547,.T.);
#7578 = ORIENTED_EDGE('',*,*,#7579,.F.);
#7579 = EDGE_CURVE('',#7570,#7548,#7580,.T.);
#7580 = LINE('',#7581,#7582);
#7581 = CARTESIAN_POINT('',(13.115,-0.8,-0.4));
#7582 = VECTOR('',#7583,1.);
#7583 = DIRECTION('',(1.,0.,-0.));
#7584 = PLANE('',#7585);
#7585 = AXIS2_PLACEMENT_3D('',#7586,#7587,#7588);
#7586 = CARTESIAN_POINT('',(27.03,-3.9,-0.4));
#7587 = DIRECTION('',(0.,0.,1.));
#7588 = DIRECTION('',(1.,0.,-0.));
#7589 = ADVANCED_FACE('',(#7590),#7601,.T.);
#7590 = FACE_BOUND('',#7591,.T.);
#7591 = EDGE_LOOP('',(#7592,#7593,#7594,#7600));
#7592 = ORIENTED_EDGE('',*,*,#7269,.F.);
#7593 = ORIENTED_EDGE('',*,*,#7569,.T.);
#7594 = ORIENTED_EDGE('',*,*,#7595,.T.);
#7595 = EDGE_CURVE('',#7570,#7515,#7596,.T.);
#7596 = LINE('',#7597,#7598);
#7597 = CARTESIAN_POINT('',(113.67666666666,-0.8,-0.41));
#7598 = VECTOR('',#7599,1.);
#7599 = DIRECTION('',(0.,0.,1.));
#7600 = ORIENTED_EDGE('',*,*,#7514,.F.);
#7601 = PLANE('',#7602);
#7602 = AXIS2_PLACEMENT_3D('',#7603,#7604,#7605);
#7603 = CARTESIAN_POINT('',(113.67666666666,-3.3,-0.41));
#7604 = DIRECTION('',(1.,0.,-0.));
#7605 = DIRECTION('',(0.,0.,1.));
#7606 = ADVANCED_FACE('',(#7607),#7632,.F.);
#7607 = FACE_BOUND('',#7608,.F.);
#7608 = EDGE_LOOP('',(#7609,#7617,#7618,#7626));
#7609 = ORIENTED_EDGE('',*,*,#7610,.F.);
#7610 = EDGE_CURVE('',#7314,#7611,#7613,.T.);
#7611 = VERTEX_POINT('',#7612);
#7612 = CARTESIAN_POINT('',(70.653333333333,-0.8,15.2));
#7613 = LINE('',#7614,#7615);
#7614 = CARTESIAN_POINT('',(70.653333333333,-3.6,15.2));
#7615 = VECTOR('',#7616,1.);
#7616 = DIRECTION('',(-0.,1.,0.));
#7617 = ORIENTED_EDGE('',*,*,#7313,.T.);
#7618 = ORIENTED_EDGE('',*,*,#7619,.T.);
#7619 = EDGE_CURVE('',#7306,#7620,#7622,.T.);
#7620 = VERTEX_POINT('',#7621);
#7621 = CARTESIAN_POINT('',(112.47666666666,-0.8,15.2));
#7622 = LINE('',#7623,#7624);
#7623 = CARTESIAN_POINT('',(112.47666666666,-3.6,15.2));
#7624 = VECTOR('',#7625,1.);
#7625 = DIRECTION('',(-0.,1.,0.));
#7626 = ORIENTED_EDGE('',*,*,#7627,.F.);
#7627 = EDGE_CURVE('',#7611,#7620,#7628,.T.);
#7628 = LINE('',#7629,#7630);
#7629 = CARTESIAN_POINT('',(13.115,-0.8,15.2));
#7630 = VECTOR('',#7631,1.);
#7631 = DIRECTION('',(1.,0.,-0.));
#7632 = PLANE('',#7633);
#7633 = AXIS2_PLACEMENT_3D('',#7634,#7635,#7636);
#7634 = CARTESIAN_POINT('',(27.03,-3.9,15.2));
#7635 = DIRECTION('',(0.,0.,1.));
#7636 = DIRECTION('',(1.,0.,-0.));
#7637 = ADVANCED_FACE('',(#7638),#7656,.T.);
#7638 = FACE_BOUND('',#7639,.T.);
#7639 = EDGE_LOOP('',(#7640,#7641,#7649,#7655));
#7640 = ORIENTED_EDGE('',*,*,#7321,.F.);
#7641 = ORIENTED_EDGE('',*,*,#7642,.T.);
#7642 = EDGE_CURVE('',#7322,#7643,#7645,.T.);
#7643 = VERTEX_POINT('',#7644);
#7644 = CARTESIAN_POINT('',(70.653333333333,-0.8,-0.4));
#7645 = LINE('',#7646,#7647);
#7646 = CARTESIAN_POINT('',(70.653333333333,-3.6,-0.4));
#7647 = VECTOR('',#7648,1.);
#7648 = DIRECTION('',(-0.,1.,0.));
#7649 = ORIENTED_EDGE('',*,*,#7650,.T.);
#7650 = EDGE_CURVE('',#7643,#7611,#7651,.T.);
#7651 = LINE('',#7652,#7653);
#7652 = CARTESIAN_POINT('',(70.653333333333,-0.8,-0.41));
#7653 = VECTOR('',#7654,1.);
#7654 = DIRECTION('',(0.,0.,1.));
#7655 = ORIENTED_EDGE('',*,*,#7610,.F.);
#7656 = PLANE('',#7657);
#7657 = AXIS2_PLACEMENT_3D('',#7658,#7659,#7660);
#7658 = CARTESIAN_POINT('',(70.653333333333,-3.3,-0.41));
#7659 = DIRECTION('',(1.,0.,-0.));
#7660 = DIRECTION('',(0.,0.,1.));
#7661 = ADVANCED_FACE('',(#7662),#7680,.T.);
#7662 = FACE_BOUND('',#7663,.T.);
#7663 = EDGE_LOOP('',(#7664,#7665,#7666,#7674));
#7664 = ORIENTED_EDGE('',*,*,#7642,.F.);
#7665 = ORIENTED_EDGE('',*,*,#7329,.T.);
#7666 = ORIENTED_EDGE('',*,*,#7667,.T.);
#7667 = EDGE_CURVE('',#7304,#7668,#7670,.T.);
#7668 = VERTEX_POINT('',#7669);
#7669 = CARTESIAN_POINT('',(112.47666666666,-0.8,-0.4));
#7670 = LINE('',#7671,#7672);
#7671 = CARTESIAN_POINT('',(112.47666666666,-3.6,-0.4));
#7672 = VECTOR('',#7673,1.);
#7673 = DIRECTION('',(-0.,1.,0.));
#7674 = ORIENTED_EDGE('',*,*,#7675,.F.);
#7675 = EDGE_CURVE('',#7643,#7668,#7676,.T.);
#7676 = LINE('',#7677,#7678);
#7677 = CARTESIAN_POINT('',(13.115,-0.8,-0.4));
#7678 = VECTOR('',#7679,1.);
#7679 = DIRECTION('',(1.,0.,-0.));
#7680 = PLANE('',#7681);
#7681 = AXIS2_PLACEMENT_3D('',#7682,#7683,#7684);
#7682 = CARTESIAN_POINT('',(27.03,-3.9,-0.4));
#7683 = DIRECTION('',(0.,0.,1.));
#7684 = DIRECTION('',(1.,0.,-0.));
#7685 = ADVANCED_FACE('',(#7686),#7697,.F.);
#7686 = FACE_BOUND('',#7687,.F.);
#7687 = EDGE_LOOP('',(#7688,#7689,#7690,#7696));
#7688 = ORIENTED_EDGE('',*,*,#7303,.F.);
#7689 = ORIENTED_EDGE('',*,*,#7667,.T.);
#7690 = ORIENTED_EDGE('',*,*,#7691,.T.);
#7691 = EDGE_CURVE('',#7668,#7620,#7692,.T.);
#7692 = LINE('',#7693,#7694);
#7693 = CARTESIAN_POINT('',(112.47666666666,-0.8,-0.41));
#7694 = VECTOR('',#7695,1.);
#7695 = DIRECTION('',(0.,0.,1.));
#7696 = ORIENTED_EDGE('',*,*,#7619,.F.);
#7697 = PLANE('',#7698);
#7698 = AXIS2_PLACEMENT_3D('',#7699,#7700,#7701);
#7699 = CARTESIAN_POINT('',(112.47666666666,-3.3,-0.41));
#7700 = DIRECTION('',(1.,0.,-0.));
#7701 = DIRECTION('',(0.,0.,1.));
#7702 = ADVANCED_FACE('',(#7703,#7709,#7715,#7721),#7727,.T.);
#7703 = FACE_BOUND('',#7704,.T.);
#7704 = EDGE_LOOP('',(#7705,#7706,#7707,#7708));
#7705 = ORIENTED_EDGE('',*,*,#2685,.F.);
#7706 = ORIENTED_EDGE('',*,*,#40,.T.);
#7707 = ORIENTED_EDGE('',*,*,#6151,.F.);
#7708 = ORIENTED_EDGE('',*,*,#3856,.F.);
#7709 = FACE_BOUND('',#7710,.T.);
#7710 = EDGE_LOOP('',(#7711,#7712,#7713,#7714));
#7711 = ORIENTED_EDGE('',*,*,#7435,.F.);
#7712 = ORIENTED_EDGE('',*,*,#7459,.T.);
#7713 = ORIENTED_EDGE('',*,*,#7483,.T.);
#7714 = ORIENTED_EDGE('',*,*,#7499,.T.);
#7715 = FACE_BOUND('',#7716,.T.);
#7716 = EDGE_LOOP('',(#7717,#7718,#7719,#7720));
#7717 = ORIENTED_EDGE('',*,*,#7531,.F.);
#7718 = ORIENTED_EDGE('',*,*,#7595,.F.);
#7719 = ORIENTED_EDGE('',*,*,#7579,.T.);
#7720 = ORIENTED_EDGE('',*,*,#7555,.F.);
#7721 = FACE_BOUND('',#7722,.T.);
#7722 = EDGE_LOOP('',(#7723,#7724,#7725,#7726));
#7723 = ORIENTED_EDGE('',*,*,#7627,.F.);
#7724 = ORIENTED_EDGE('',*,*,#7650,.F.);
#7725 = ORIENTED_EDGE('',*,*,#7675,.T.);
#7726 = ORIENTED_EDGE('',*,*,#7691,.T.);
#7727 = PLANE('',#7728);
#7728 = AXIS2_PLACEMENT_3D('',#7729,#7730,#7731);
#7729 = CARTESIAN_POINT('',(-0.8,-0.8,-6.));
#7730 = DIRECTION('',(-0.,1.,0.));
#7731 = DIRECTION('',(0.,0.,1.));
#7732 = ADVANCED_FACE('',(#7733,#7739,#7745,#7751),#7757,.F.);
#7733 = FACE_BOUND('',#7734,.T.);
#7734 = EDGE_LOOP('',(#7735,#7736,#7737,#7738));
#7735 = ORIENTED_EDGE('',*,*,#2719,.T.);
#7736 = ORIENTED_EDGE('',*,*,#4134,.T.);
#7737 = ORIENTED_EDGE('',*,*,#6142,.T.);
#7738 = ORIENTED_EDGE('',*,*,#376,.F.);
#7739 = FACE_BOUND('',#7740,.F.);
#7740 = EDGE_LOOP('',(#7741,#7742,#7743,#7744));
#7741 = ORIENTED_EDGE('',*,*,#6953,.F.);
#7742 = ORIENTED_EDGE('',*,*,#6937,.T.);
#7743 = ORIENTED_EDGE('',*,*,#6906,.F.);
#7744 = ORIENTED_EDGE('',*,*,#6882,.F.);
#7745 = FACE_BOUND('',#7746,.F.);
#7746 = EDGE_LOOP('',(#7747,#7748,#7749,#7750));
#7747 = ORIENTED_EDGE('',*,*,#7002,.T.);
#7748 = ORIENTED_EDGE('',*,*,#7026,.T.);
#7749 = ORIENTED_EDGE('',*,*,#7049,.T.);
#7750 = ORIENTED_EDGE('',*,*,#6978,.F.);
#7751 = FACE_BOUND('',#7752,.F.);
#7752 = EDGE_LOOP('',(#7753,#7754,#7755,#7756));
#7753 = ORIENTED_EDGE('',*,*,#7097,.F.);
#7754 = ORIENTED_EDGE('',*,*,#7122,.T.);
#7755 = ORIENTED_EDGE('',*,*,#7145,.T.);
#7756 = ORIENTED_EDGE('',*,*,#7074,.F.);
#7757 = PLANE('',#7758);
#7758 = AXIS2_PLACEMENT_3D('',#7759,#7760,#7761);
#7759 = CARTESIAN_POINT('',(-0.8,94.8,-6.));
#7760 = DIRECTION('',(-0.,1.,0.));
#7761 = DIRECTION('',(0.,0.,1.));
#7762 = ADVANCED_FACE('',(#7763),#7769,.T.);
#7763 = FACE_BOUND('',#7764,.T.);
#7764 = EDGE_LOOP('',(#7765,#7766,#7767,#7768));
#7765 = ORIENTED_EDGE('',*,*,#552,.T.);
#7766 = ORIENTED_EDGE('',*,*,#6130,.F.);
#7767 = ORIENTED_EDGE('',*,*,#5136,.F.);
#7768 = ORIENTED_EDGE('',*,*,#1266,.T.);
#7769 = PLANE('',#7770);
#7770 = AXIS2_PLACEMENT_3D('',#7771,#7772,#7773);
#7771 = CARTESIAN_POINT('',(-6.933926465127,83.8,19.322282024684));
#7772 = DIRECTION('',(-0.,-1.,-0.));
#7773 = DIRECTION('',(0.,0.,-1.));
#7774 = ADVANCED_FACE('',(#7775),#7781,.T.);
#7775 = FACE_BOUND('',#7776,.T.);
#7776 = EDGE_LOOP('',(#7777,#7778,#7779,#7780));
#7777 = ORIENTED_EDGE('',*,*,#5351,.T.);
#7778 = ORIENTED_EDGE('',*,*,#6086,.F.);
#7779 = ORIENTED_EDGE('',*,*,#3016,.F.);
#7780 = ORIENTED_EDGE('',*,*,#3556,.F.);
#7781 = PLANE('',#7782);
#7782 = AXIS2_PLACEMENT_3D('',#7783,#7784,#7785);
#7783 = CARTESIAN_POINT('',(184.93392646512,83.8,19.322282024684));
#7784 = DIRECTION('',(-0.,-1.,-0.));
#7785 = DIRECTION('',(0.,0.,-1.));
#7786 = ADVANCED_FACE('',(#7787,#7813,#7816,#7819,#7822,#7825,#7828,
    #7831,#7834),#7837,.T.);
#7787 = FACE_BOUND('',#7788,.T.);
#7788 = EDGE_LOOP('',(#7789,#7790,#7791,#7792,#7793,#7794,#7795,#7796,
    #7797,#7798,#7799,#7800,#7801,#7802,#7803,#7804,#7805,#7806,#7807,
    #7808,#7809,#7810,#7811,#7812));
#7789 = ORIENTED_EDGE('',*,*,#464,.T.);
#7790 = ORIENTED_EDGE('',*,*,#1306,.F.);
#7791 = ORIENTED_EDGE('',*,*,#5268,.T.);
#7792 = ORIENTED_EDGE('',*,*,#1438,.T.);
#7793 = ORIENTED_EDGE('',*,*,#496,.T.);
#7794 = ORIENTED_EDGE('',*,*,#1462,.F.);
#7795 = ORIENTED_EDGE('',*,*,#5285,.T.);
#7796 = ORIENTED_EDGE('',*,*,#1337,.T.);
#7797 = ORIENTED_EDGE('',*,*,#528,.T.);
#7798 = ORIENTED_EDGE('',*,*,#1096,.T.);
#7799 = ORIENTED_EDGE('',*,*,#6646,.T.);
#7800 = ORIENTED_EDGE('',*,*,#2854,.F.);
#7801 = ORIENTED_EDGE('',*,*,#3001,.F.);
#7802 = ORIENTED_EDGE('',*,*,#3667,.T.);
#7803 = ORIENTED_EDGE('',*,*,#5431,.F.);
#7804 = ORIENTED_EDGE('',*,*,#3792,.F.);
#7805 = ORIENTED_EDGE('',*,*,#2969,.F.);
#7806 = ORIENTED_EDGE('',*,*,#3768,.T.);
#7807 = ORIENTED_EDGE('',*,*,#5414,.F.);
#7808 = ORIENTED_EDGE('',*,*,#3636,.F.);
#7809 = ORIENTED_EDGE('',*,*,#2937,.F.);
#7810 = ORIENTED_EDGE('',*,*,#3507,.T.);
#7811 = ORIENTED_EDGE('',*,*,#7162,.F.);
#7812 = ORIENTED_EDGE('',*,*,#1146,.F.);
#7813 = FACE_BOUND('',#7814,.T.);
#7814 = EDGE_LOOP('',(#7815));
#7815 = ORIENTED_EDGE('',*,*,#5310,.T.);
#7816 = FACE_BOUND('',#7817,.T.);
#7817 = EDGE_LOOP('',(#7818));
#7818 = ORIENTED_EDGE('',*,*,#5456,.T.);
#7819 = FACE_BOUND('',#7820,.T.);
#7820 = EDGE_LOOP('',(#7821));
#7821 = ORIENTED_EDGE('',*,*,#5335,.T.);
#7822 = FACE_BOUND('',#7823,.T.);
#7823 = EDGE_LOOP('',(#7824));
#7824 = ORIENTED_EDGE('',*,*,#5481,.T.);
#7825 = FACE_BOUND('',#7826,.T.);
#7826 = EDGE_LOOP('',(#7827));
#7827 = ORIENTED_EDGE('',*,*,#5176,.T.);
#7828 = FACE_BOUND('',#7829,.T.);
#7829 = EDGE_LOOP('',(#7830));
#7830 = ORIENTED_EDGE('',*,*,#5201,.T.);
#7831 = FACE_BOUND('',#7832,.T.);
#7832 = EDGE_LOOP('',(#7833));
#7833 = ORIENTED_EDGE('',*,*,#5226,.T.);
#7834 = FACE_BOUND('',#7835,.T.);
#7835 = EDGE_LOOP('',(#7836));
#7836 = ORIENTED_EDGE('',*,*,#5251,.T.);
#7837 = PLANE('',#7838);
#7838 = AXIS2_PLACEMENT_3D('',#7839,#7840,#7841);
#7839 = CARTESIAN_POINT('',(89.,47.,-8.5));
#7840 = DIRECTION('',(-0.,-0.,-1.));
#7841 = DIRECTION('',(-1.,0.,0.));
#7842 = ADVANCED_FACE('',(#7843),#7854,.T.);
#7843 = FACE_BOUND('',#7844,.T.);
#7844 = EDGE_LOOP('',(#7845,#7846,#7847,#7853));
#7845 = ORIENTED_EDGE('',*,*,#2880,.T.);
#7846 = ORIENTED_EDGE('',*,*,#6101,.T.);
#7847 = ORIENTED_EDGE('',*,*,#7848,.F.);
#7848 = EDGE_CURVE('',#3573,#6094,#7849,.T.);
#7849 = LINE('',#7850,#7851);
#7850 = CARTESIAN_POINT('',(181.29,93.8,18.5));
#7851 = VECTOR('',#7852,1.);
#7852 = DIRECTION('',(0.,0.,1.));
#7853 = ORIENTED_EDGE('',*,*,#3580,.F.);
#7854 = PLANE('',#7855);
#7855 = AXIS2_PLACEMENT_3D('',#7856,#7857,#7858);
#7856 = CARTESIAN_POINT('',(181.29,93.691332940251,17.999999999999));
#7857 = DIRECTION('',(-1.,-0.,-0.));
#7858 = DIRECTION('',(0.,0.,-1.));
#7859 = ADVANCED_FACE('',(#7860),#7866,.T.);
#7860 = FACE_BOUND('',#7861,.T.);
#7861 = EDGE_LOOP('',(#7862,#7863,#7864,#7865));
#7862 = ORIENTED_EDGE('',*,*,#6603,.T.);
#7863 = ORIENTED_EDGE('',*,*,#6064,.T.);
#7864 = ORIENTED_EDGE('',*,*,#3533,.F.);
#7865 = ORIENTED_EDGE('',*,*,#3622,.F.);
#7866 = PLANE('',#7867);
#7867 = AXIS2_PLACEMENT_3D('',#7868,#7869,#7870);
#7868 = CARTESIAN_POINT('',(181.29,0.308667059749,17.999999999996));
#7869 = DIRECTION('',(-1.,-0.,-0.));
#7870 = DIRECTION('',(0.,0.,-1.));
#7871 = ADVANCED_FACE('',(#7872),#7878,.T.);
#7872 = FACE_BOUND('',#7873,.T.);
#7873 = EDGE_LOOP('',(#7874,#7875,#7876,#7877));
#7874 = ORIENTED_EDGE('',*,*,#6001,.T.);
#7875 = ORIENTED_EDGE('',*,*,#7191,.T.);
#7876 = ORIENTED_EDGE('',*,*,#6231,.F.);
#7877 = ORIENTED_EDGE('',*,*,#6272,.T.);
#7878 = PLANE('',#7879);
#7879 = AXIS2_PLACEMENT_3D('',#7880,#7881,#7882);
#7880 = CARTESIAN_POINT('',(7.,-6.933926465127,19.322282024684));
#7881 = DIRECTION('',(-1.,-0.,-0.));
#7882 = DIRECTION('',(0.,0.,-1.));
#7883 = ADVANCED_FACE('',(#7884),#7890,.T.);
#7884 = FACE_BOUND('',#7885,.T.);
#7885 = EDGE_LOOP('',(#7886,#7887,#7888,#7889));
#7886 = ORIENTED_EDGE('',*,*,#6049,.F.);
#7887 = ORIENTED_EDGE('',*,*,#6341,.F.);
#7888 = ORIENTED_EDGE('',*,*,#6311,.T.);
#7889 = ORIENTED_EDGE('',*,*,#7170,.F.);
#7890 = PLANE('',#7891);
#7891 = AXIS2_PLACEMENT_3D('',#7892,#7893,#7894);
#7892 = CARTESIAN_POINT('',(172.,-6.933926465127,19.322282024684));
#7893 = DIRECTION('',(1.,-7.500126179568E-16,5.193545646388E-16));
#7894 = DIRECTION('',(7.500126179568E-16,1.,0.));
#7895 = ADVANCED_FACE('',(#7896),#7902,.T.);
#7896 = FACE_BOUND('',#7897,.T.);
#7897 = EDGE_LOOP('',(#7898,#7899,#7900,#7901));
#7898 = ORIENTED_EDGE('',*,*,#7184,.F.);
#7899 = ORIENTED_EDGE('',*,*,#6017,.F.);
#7900 = ORIENTED_EDGE('',*,*,#6279,.F.);
#7901 = ORIENTED_EDGE('',*,*,#6249,.T.);
#7902 = PLANE('',#7903);
#7903 = AXIS2_PLACEMENT_3D('',#7904,#7905,#7906);
#7904 = CARTESIAN_POINT('',(17.,-6.933926465127,19.322282024684));
#7905 = DIRECTION('',(1.,0.,0.));
#7906 = DIRECTION('',(-0.,0.,1.));
#7907 = ADVANCED_FACE('',(#7908),#7914,.T.);
#7908 = FACE_BOUND('',#7909,.T.);
#7909 = EDGE_LOOP('',(#7910,#7911,#7912,#7913));
#7910 = ORIENTED_EDGE('',*,*,#7177,.T.);
#7911 = ORIENTED_EDGE('',*,*,#6293,.F.);
#7912 = ORIENTED_EDGE('',*,*,#6334,.T.);
#7913 = ORIENTED_EDGE('',*,*,#6033,.T.);
#7914 = PLANE('',#7915);
#7915 = AXIS2_PLACEMENT_3D('',#7916,#7917,#7918);
#7916 = CARTESIAN_POINT('',(162.,-6.933926465127,19.322282024684));
#7917 = DIRECTION('',(-1.,7.500126179568E-16,-5.193545646388E-16));
#7918 = DIRECTION('',(-7.500126179568E-16,-1.,0.));
#7919 = ADVANCED_FACE('',(#7920),#7926,.T.);
#7920 = FACE_BOUND('',#7921,.T.);
#7921 = EDGE_LOOP('',(#7922,#7923,#7924,#7925));
#7922 = ORIENTED_EDGE('',*,*,#1282,.F.);
#7923 = ORIENTED_EDGE('',*,*,#5145,.T.);
#7924 = ORIENTED_EDGE('',*,*,#6123,.T.);
#7925 = ORIENTED_EDGE('',*,*,#6631,.F.);
#7926 = PLANE('',#7927);
#7927 = AXIS2_PLACEMENT_3D('',#7928,#7929,#7930);
#7928 = CARTESIAN_POINT('',(-6.9276344153,93.8,19.318751226934));
#7929 = DIRECTION('',(0.,1.,0.));
#7930 = DIRECTION('',(0.,-0.,1.));
#7931 = ADVANCED_FACE('',(#7932),#7938,.T.);
#7932 = FACE_BOUND('',#7933,.T.);
#7933 = EDGE_LOOP('',(#7934,#7935,#7936,#7937));
#7934 = ORIENTED_EDGE('',*,*,#3572,.T.);
#7935 = ORIENTED_EDGE('',*,*,#7848,.T.);
#7936 = ORIENTED_EDGE('',*,*,#6093,.T.);
#7937 = ORIENTED_EDGE('',*,*,#5360,.F.);
#7938 = PLANE('',#7939);
#7939 = AXIS2_PLACEMENT_3D('',#7940,#7941,#7942);
#7940 = CARTESIAN_POINT('',(184.9276344153,93.8,19.318751226934));
#7941 = DIRECTION('',(0.,1.,0.));
#7942 = DIRECTION('',(0.,-0.,1.));
#7943 = ( GEOMETRIC_REPRESENTATION_CONTEXT(3) 
GLOBAL_UNCERTAINTY_ASSIGNED_CONTEXT((#7947)) 
GLOBAL_UNIT_ASSIGNED_CONTEXT((#7944,#7945,#7946)) REPRESENTATION_CONTEXT
('Context #1','3D Context with UNIT and UNCERTAINTY') );
#7944 = ( LENGTH_UNIT() NAMED_UNIT(*) SI_UNIT(.MILLI.,.METRE.) );
#7945 = ( NAMED_UNIT(*) PLANE_ANGLE_UNIT() SI_UNIT($,.RADIAN.) );
#7946 = ( NAMED_UNIT(*) SI_UNIT($,.STERADIAN.) SOLID_ANGLE_UNIT() );
#7947 = UNCERTAINTY_MEASURE_WITH_UNIT(LENGTH_MEASURE(1.E-07),#7944,
  'distance_accuracy_value','confusion accuracy');
#7948 = PRODUCT_RELATED_PRODUCT_CATEGORY('part',$,(#7));
ENDSEC;
END-ISO-10303-21;
