ISO-10303-21;
HEADER;
FILE_DESCRIPTION(('FreeCAD Model'),'2;1');
FILE_NAME('Open CASCADE Shape Model','2026-09-25T12:47:09',('FreeCAD'),(
    'FreeCAD'),'Open CASCADE STEP processor 7.8','FreeCAD','Unknown');
FILE_SCHEMA(('AUTOMOTIVE_DESIGN { 1 0 10303 214 1 1 1 1 }'));
ENDSEC;
DATA;
#1 = APPLICATION_PROTOCOL_DEFINITION('international standard',
  'automotive_design',2000,#2);
#2 = APPLICATION_CONTEXT(
  'core data for automotive mechanical design processes');
#3 = SHAPE_DEFINITION_REPRESENTATION(#4,#10);
#4 = PRODUCT_DEFINITION_SHAPE('','',#5);
#5 = PRODUCT_DEFINITION('design','',#6,#9);
#6 = PRODUCT_DEFINITION_FORMATION('','',#7);
#7 = PRODUCT('Open CASCADE STEP translator 7.8 1',
  'Open CASCADE STEP translator 7.8 1','',(#8));
#8 = PRODUCT_CONTEXT('',#2,'mechanical');
#9 = PRODUCT_DEFINITION_CONTEXT('part definition',#2,'design');
#10 = ADVANCED_BREP_SHAPE_REPRESENTATION('',(#11,#15),#7034);
#11 = AXIS2_PLACEMENT_3D('',#12,#13,#14);
#12 = CARTESIAN_POINT('',(0.,0.,0.));
#13 = DIRECTION('',(0.,0.,1.));
#14 = DIRECTION('',(1.,0.,-0.));
#15 = MANIFOLD_SOLID_BREP('',#16);
#16 = CLOSED_SHELL('',(#17,#59,#226,#632,#665,#696,#727,#762,#786,#817,
    #852,#876,#907,#940,#962,#979,#996,#1008,#1031,#1055,#1072,#1083,
    #1105,#1122,#1139,#1151,#1174,#1198,#1215,#1226,#1248,#1265,#1282,
    #1294,#1317,#1341,#1358,#1369,#1391,#1408,#1425,#1437,#2046,#2079,
    #2440,#2473,#2631,#2730,#2763,#2796,#3133,#3266,#3290,#3321,#3338,
    #3363,#3380,#3411,#3436,#3458,#3475,#3492,#3504,#3527,#3551,#3568,
    #3579,#3601,#3618,#3635,#3647,#3670,#3694,#3711,#3722,#3744,#3761,
    #3778,#3790,#3813,#3837,#3854,#3865,#3887,#3904,#3921,#3933,#3956,
    #3980,#3997,#4008,#4030,#4047,#4064,#4076,#4099,#4123,#4140,#4151,
    #4173,#4190,#4207,#4219,#4242,#4266,#4283,#4294,#4316,#4333,#4350,
    #4362,#4384,#4401,#4418,#4430,#4453,#4477,#4494,#4505,#4527,#4544,
    #4561,#4573,#4596,#4620,#4637,#4648,#4679,#4710,#4745,#4769,#4800,
    #4835,#4859,#4890,#4912,#4929,#4946,#4958,#4989,#5005,#5021,#5056,
    #5087,#5118,#5130,#5161,#5177,#5193,#5205,#5227,#5244,#5261,#5273,
    #5304,#5320,#5336,#5348,#5370,#5387,#5404,#5416,#5447,#5463,#5479,
    #5491,#5513,#5530,#5547,#5559,#5590,#5606,#5622,#5634,#5760,#5785,
    #5810,#5835,#5860,#5877,#5908,#5925,#5950,#5967,#5998,#6023,#6035,
    #6060,#6085,#6110,#6135,#6160,#6185,#6194,#6214,#6247,#6267,#6284,
    #6304,#6324,#6357,#6377,#6394,#6414,#6447,#6467,#6484,#6504,#6537,
    #6557,#6574,#6599,#6608,#6734,#6759,#6768,#6793,#6802,#6827,#6836,
    #6861,#6870,#6882,#6894,#6962,#6974,#6986,#6998,#7010,#7022));
#17 = ADVANCED_FACE('',(#18),#54,.F.);
#18 = FACE_BOUND('',#19,.F.);
#19 = EDGE_LOOP('',(#20,#30,#39,#47));
#20 = ORIENTED_EDGE('',*,*,#21,.F.);
#21 = EDGE_CURVE('',#22,#24,#26,.T.);
#22 = VERTEX_POINT('',#23);
#23 = CARTESIAN_POINT('',(-6.,-19.1,-5.));
#24 = VERTEX_POINT('',#25);
#25 = CARTESIAN_POINT('',(-6.,-19.1,44.8));
#26 = LINE('',#27,#28);
#27 = CARTESIAN_POINT('',(-6.,-19.1,-5.));
#28 = VECTOR('',#29,1.);
#29 = DIRECTION('',(0.,0.,1.));
#30 = ORIENTED_EDGE('',*,*,#31,.T.);
#31 = EDGE_CURVE('',#22,#32,#34,.T.);
#32 = VERTEX_POINT('',#33);
#33 = CARTESIAN_POINT('',(-4.5,-20.6,-5.));
#34 = CIRCLE('',#35,1.5);
#35 = AXIS2_PLACEMENT_3D('',#36,#37,#38);
#36 = CARTESIAN_POINT('',(-4.5,-19.1,-5.));
#37 = DIRECTION('',(0.,0.,1.));
#38 = DIRECTION('',(0.,-1.,0.));
#39 = ORIENTED_EDGE('',*,*,#40,.T.);
#40 = EDGE_CURVE('',#32,#41,#43,.T.);
#41 = VERTEX_POINT('',#42);
#42 = CARTESIAN_POINT('',(-4.5,-20.6,44.8));
#43 = LINE('',#44,#45);
#44 = CARTESIAN_POINT('',(-4.5,-20.6,-5.));
#45 = VECTOR('',#46,1.);
#46 = DIRECTION('',(0.,0.,1.));
#47 = ORIENTED_EDGE('',*,*,#48,.F.);
#48 = EDGE_CURVE('',#24,#41,#49,.T.);
#49 = CIRCLE('',#50,1.5);
#50 = AXIS2_PLACEMENT_3D('',#51,#52,#53);
#51 = CARTESIAN_POINT('',(-4.5,-19.1,44.8));
#52 = DIRECTION('',(0.,0.,1.));
#53 = DIRECTION('',(-1.,-0.,0.));
#54 = CYLINDRICAL_SURFACE('',#55,1.5);
#55 = AXIS2_PLACEMENT_3D('',#56,#57,#58);
#56 = CARTESIAN_POINT('',(-4.5,-19.1,-5.));
#57 = DIRECTION('',(0.,0.,1.));
#58 = DIRECTION('',(-1.,-0.,0.));
#59 = ADVANCED_FACE('',(#60,#85,#119,#153,#187),#221,.T.);
#60 = FACE_BOUND('',#61,.T.);
#61 = EDGE_LOOP('',(#62,#70,#71,#79));
#62 = ORIENTED_EDGE('',*,*,#63,.F.);
#63 = EDGE_CURVE('',#24,#64,#66,.T.);
#64 = VERTEX_POINT('',#65);
#65 = CARTESIAN_POINT('',(-6.,72.7,44.8));
#66 = LINE('',#67,#68);
#67 = CARTESIAN_POINT('',(-6.,-21.85,44.8));
#68 = VECTOR('',#69,1.);
#69 = DIRECTION('',(-0.,1.,0.));
#70 = ORIENTED_EDGE('',*,*,#21,.F.);
#71 = ORIENTED_EDGE('',*,*,#72,.T.);
#72 = EDGE_CURVE('',#22,#73,#75,.T.);
#73 = VERTEX_POINT('',#74);
#74 = CARTESIAN_POINT('',(-6.,72.7,-5.));
#75 = LINE('',#76,#77);
#76 = CARTESIAN_POINT('',(-6.,-20.6,-5.));
#77 = VECTOR('',#78,1.);
#78 = DIRECTION('',(-0.,1.,0.));
#79 = ORIENTED_EDGE('',*,*,#80,.T.);
#80 = EDGE_CURVE('',#73,#64,#81,.T.);
#81 = LINE('',#82,#83);
#82 = CARTESIAN_POINT('',(-6.,72.7,-5.));
#83 = VECTOR('',#84,1.);
#84 = DIRECTION('',(0.,0.,1.));
#85 = FACE_BOUND('',#86,.T.);
#86 = EDGE_LOOP('',(#87,#97,#105,#113));
#87 = ORIENTED_EDGE('',*,*,#88,.T.);
#88 = EDGE_CURVE('',#89,#91,#93,.T.);
#89 = VERTEX_POINT('',#90);
#90 = CARTESIAN_POINT('',(-6.,47.,-2.5));
#91 = VERTEX_POINT('',#92);
#92 = CARTESIAN_POINT('',(-6.,8.,-2.5));
#93 = LINE('',#94,#95);
#94 = CARTESIAN_POINT('',(-6.,-6.3,-2.5));
#95 = VECTOR('',#96,1.);
#96 = DIRECTION('',(0.,-1.,0.));
#97 = ORIENTED_EDGE('',*,*,#98,.T.);
#98 = EDGE_CURVE('',#91,#99,#101,.T.);
#99 = VERTEX_POINT('',#100);
#100 = CARTESIAN_POINT('',(-6.,8.,0.));
#101 = LINE('',#102,#103);
#102 = CARTESIAN_POINT('',(-6.,8.,-3.75));
#103 = VECTOR('',#104,1.);
#104 = DIRECTION('',(0.,0.,1.));
#105 = ORIENTED_EDGE('',*,*,#106,.F.);
#106 = EDGE_CURVE('',#107,#99,#109,.T.);
#107 = VERTEX_POINT('',#108);
#108 = CARTESIAN_POINT('',(-6.,47.,0.));
#109 = LINE('',#110,#111);
#110 = CARTESIAN_POINT('',(-6.,-6.3,0.));
#111 = VECTOR('',#112,1.);
#112 = DIRECTION('',(0.,-1.,0.));
#113 = ORIENTED_EDGE('',*,*,#114,.F.);
#114 = EDGE_CURVE('',#89,#107,#115,.T.);
#115 = LINE('',#116,#117);
#116 = CARTESIAN_POINT('',(-6.,47.,-3.75));
#117 = VECTOR('',#118,1.);
#118 = DIRECTION('',(0.,0.,1.));
#119 = FACE_BOUND('',#120,.T.);
#120 = EDGE_LOOP('',(#121,#131,#139,#147));
#121 = ORIENTED_EDGE('',*,*,#122,.T.);
#122 = EDGE_CURVE('',#123,#125,#127,.T.);
#123 = VERTEX_POINT('',#124);
#124 = CARTESIAN_POINT('',(-6.,47.,5.5));
#125 = VERTEX_POINT('',#126);
#126 = CARTESIAN_POINT('',(-6.,8.,5.5));
#127 = LINE('',#128,#129);
#128 = CARTESIAN_POINT('',(-6.,-6.3,5.5));
#129 = VECTOR('',#130,1.);
#130 = DIRECTION('',(0.,-1.,0.));
#131 = ORIENTED_EDGE('',*,*,#132,.T.);
#132 = EDGE_CURVE('',#125,#133,#135,.T.);
#133 = VERTEX_POINT('',#134);
#134 = CARTESIAN_POINT('',(-6.,8.,8.));
#135 = LINE('',#136,#137);
#136 = CARTESIAN_POINT('',(-6.,8.,0.25));
#137 = VECTOR('',#138,1.);
#138 = DIRECTION('',(0.,0.,1.));
#139 = ORIENTED_EDGE('',*,*,#140,.F.);
#140 = EDGE_CURVE('',#141,#133,#143,.T.);
#141 = VERTEX_POINT('',#142);
#142 = CARTESIAN_POINT('',(-6.,47.,8.));
#143 = LINE('',#144,#145);
#144 = CARTESIAN_POINT('',(-6.,-6.3,8.));
#145 = VECTOR('',#146,1.);
#146 = DIRECTION('',(0.,-1.,0.));
#147 = ORIENTED_EDGE('',*,*,#148,.F.);
#148 = EDGE_CURVE('',#123,#141,#149,.T.);
#149 = LINE('',#150,#151);
#150 = CARTESIAN_POINT('',(-6.,47.,0.25));
#151 = VECTOR('',#152,1.);
#152 = DIRECTION('',(0.,0.,1.));
#153 = FACE_BOUND('',#154,.T.);
#154 = EDGE_LOOP('',(#155,#165,#173,#181));
#155 = ORIENTED_EDGE('',*,*,#156,.T.);
#156 = EDGE_CURVE('',#157,#159,#161,.T.);
#157 = VERTEX_POINT('',#158);
#158 = CARTESIAN_POINT('',(-6.,47.,13.5));
#159 = VERTEX_POINT('',#160);
#160 = CARTESIAN_POINT('',(-6.,8.,13.5));
#161 = LINE('',#162,#163);
#162 = CARTESIAN_POINT('',(-6.,-6.3,13.5));
#163 = VECTOR('',#164,1.);
#164 = DIRECTION('',(0.,-1.,0.));
#165 = ORIENTED_EDGE('',*,*,#166,.T.);
#166 = EDGE_CURVE('',#159,#167,#169,.T.);
#167 = VERTEX_POINT('',#168);
#168 = CARTESIAN_POINT('',(-6.,8.,16.));
#169 = LINE('',#170,#171);
#170 = CARTESIAN_POINT('',(-6.,8.,4.25));
#171 = VECTOR('',#172,1.);
#172 = DIRECTION('',(0.,0.,1.));
#173 = ORIENTED_EDGE('',*,*,#174,.F.);
#174 = EDGE_CURVE('',#175,#167,#177,.T.);
#175 = VERTEX_POINT('',#176);
#176 = CARTESIAN_POINT('',(-6.,47.,16.));
#177 = LINE('',#178,#179);
#178 = CARTESIAN_POINT('',(-6.,-6.3,16.));
#179 = VECTOR('',#180,1.);
#180 = DIRECTION('',(0.,-1.,0.));
#181 = ORIENTED_EDGE('',*,*,#182,.F.);
#182 = EDGE_CURVE('',#157,#175,#183,.T.);
#183 = LINE('',#184,#185);
#184 = CARTESIAN_POINT('',(-6.,47.,4.25));
#185 = VECTOR('',#186,1.);
#186 = DIRECTION('',(0.,0.,1.));
#187 = FACE_BOUND('',#188,.T.);
#188 = EDGE_LOOP('',(#189,#199,#207,#215));
#189 = ORIENTED_EDGE('',*,*,#190,.T.);
#190 = EDGE_CURVE('',#191,#193,#195,.T.);
#191 = VERTEX_POINT('',#192);
#192 = CARTESIAN_POINT('',(-6.,52.09,24.6));
#193 = VERTEX_POINT('',#194);
#194 = CARTESIAN_POINT('',(-6.,4.01,24.6));
#195 = LINE('',#196,#197);
#196 = CARTESIAN_POINT('',(-6.,-8.295,24.6));
#197 = VECTOR('',#198,1.);
#198 = DIRECTION('',(0.,-1.,0.));
#199 = ORIENTED_EDGE('',*,*,#200,.T.);
#200 = EDGE_CURVE('',#193,#201,#203,.T.);
#201 = VERTEX_POINT('',#202);
#202 = CARTESIAN_POINT('',(-6.,4.01,40.15));
#203 = LINE('',#204,#205);
#204 = CARTESIAN_POINT('',(-6.,4.01,9.8));
#205 = VECTOR('',#206,1.);
#206 = DIRECTION('',(0.,0.,1.));
#207 = ORIENTED_EDGE('',*,*,#208,.F.);
#208 = EDGE_CURVE('',#209,#201,#211,.T.);
#209 = VERTEX_POINT('',#210);
#210 = CARTESIAN_POINT('',(-6.,52.09,40.15));
#211 = LINE('',#212,#213);
#212 = CARTESIAN_POINT('',(-6.,-8.295,40.15));
#213 = VECTOR('',#214,1.);
#214 = DIRECTION('',(0.,-1.,0.));
#215 = ORIENTED_EDGE('',*,*,#216,.F.);
#216 = EDGE_CURVE('',#191,#209,#217,.T.);
#217 = LINE('',#218,#219);
#218 = CARTESIAN_POINT('',(-6.,52.09,9.8));
#219 = VECTOR('',#220,1.);
#220 = DIRECTION('',(0.,0.,1.));
#221 = PLANE('',#222);
#222 = AXIS2_PLACEMENT_3D('',#223,#224,#225);
#223 = CARTESIAN_POINT('',(-6.,-20.6,-5.));
#224 = DIRECTION('',(1.,0.,-0.));
#225 = DIRECTION('',(0.,0.,1.));
#226 = ADVANCED_FACE('',(#227,#389,#423,#457,#491,#525,#559,#593),#627,
  .F.);
#227 = FACE_BOUND('',#228,.F.);
#228 = EDGE_LOOP('',(#229,#239,#247,#255,#263,#271,#279,#287,#295,#303,
    #311,#319,#327,#335,#343,#351,#359,#367,#375,#383));
#229 = ORIENTED_EDGE('',*,*,#230,.F.);
#230 = EDGE_CURVE('',#231,#233,#235,.T.);
#231 = VERTEX_POINT('',#232);
#232 = CARTESIAN_POINT('',(-8.5,-19.1,44.8));
#233 = VERTEX_POINT('',#234);
#234 = CARTESIAN_POINT('',(-8.5,-17.6,44.8));
#235 = LINE('',#236,#237);
#236 = CARTESIAN_POINT('',(-8.5,-23.1,44.8));
#237 = VECTOR('',#238,1.);
#238 = DIRECTION('',(-0.,1.,0.));
#239 = ORIENTED_EDGE('',*,*,#240,.F.);
#240 = EDGE_CURVE('',#241,#231,#243,.T.);
#241 = VERTEX_POINT('',#242);
#242 = CARTESIAN_POINT('',(-8.5,-19.1,-7.5));
#243 = LINE('',#244,#245);
#244 = CARTESIAN_POINT('',(-8.5,-19.1,-7.5));
#245 = VECTOR('',#246,1.);
#246 = DIRECTION('',(0.,0.,1.));
#247 = ORIENTED_EDGE('',*,*,#248,.T.);
#248 = EDGE_CURVE('',#241,#249,#251,.T.);
#249 = VERTEX_POINT('',#250);
#250 = CARTESIAN_POINT('',(-8.5,4.,-7.5));
#251 = LINE('',#252,#253);
#252 = CARTESIAN_POINT('',(-8.5,-23.1,-7.5));
#253 = VECTOR('',#254,1.);
#254 = DIRECTION('',(-0.,1.,0.));
#255 = ORIENTED_EDGE('',*,*,#256,.T.);
#256 = EDGE_CURVE('',#249,#257,#259,.T.);
#257 = VERTEX_POINT('',#258);
#258 = CARTESIAN_POINT('',(-8.5,4.,-3.5));
#259 = LINE('',#260,#261);
#260 = CARTESIAN_POINT('',(-8.5,4.,-7.5));
#261 = VECTOR('',#262,1.);
#262 = DIRECTION('',(0.,0.,1.));
#263 = ORIENTED_EDGE('',*,*,#264,.F.);
#264 = EDGE_CURVE('',#265,#257,#267,.T.);
#265 = VERTEX_POINT('',#266);
#266 = CARTESIAN_POINT('',(-8.5,20.,-3.5));
#267 = LINE('',#268,#269);
#268 = CARTESIAN_POINT('',(-8.5,-9.55,-3.5));
#269 = VECTOR('',#270,1.);
#270 = DIRECTION('',(0.,-1.,0.));
#271 = ORIENTED_EDGE('',*,*,#272,.F.);
#272 = EDGE_CURVE('',#273,#265,#275,.T.);
#273 = VERTEX_POINT('',#274);
#274 = CARTESIAN_POINT('',(-8.5,20.,-7.5));
#275 = LINE('',#276,#277);
#276 = CARTESIAN_POINT('',(-8.5,20.,-7.5));
#277 = VECTOR('',#278,1.);
#278 = DIRECTION('',(0.,0.,1.));
#279 = ORIENTED_EDGE('',*,*,#280,.T.);
#280 = EDGE_CURVE('',#273,#281,#283,.T.);
#281 = VERTEX_POINT('',#282);
#282 = CARTESIAN_POINT('',(-8.5,34.,-7.5));
#283 = LINE('',#284,#285);
#284 = CARTESIAN_POINT('',(-8.5,-23.1,-7.5));
#285 = VECTOR('',#286,1.);
#286 = DIRECTION('',(-0.,1.,0.));
#287 = ORIENTED_EDGE('',*,*,#288,.T.);
#288 = EDGE_CURVE('',#281,#289,#291,.T.);
#289 = VERTEX_POINT('',#290);
#290 = CARTESIAN_POINT('',(-8.5,34.,-3.5));
#291 = LINE('',#292,#293);
#292 = CARTESIAN_POINT('',(-8.5,34.,-7.5));
#293 = VECTOR('',#294,1.);
#294 = DIRECTION('',(0.,0.,1.));
#295 = ORIENTED_EDGE('',*,*,#296,.F.);
#296 = EDGE_CURVE('',#297,#289,#299,.T.);
#297 = VERTEX_POINT('',#298);
#298 = CARTESIAN_POINT('',(-8.5,50.,-3.5));
#299 = LINE('',#300,#301);
#300 = CARTESIAN_POINT('',(-8.5,5.45,-3.5));
#301 = VECTOR('',#302,1.);
#302 = DIRECTION('',(0.,-1.,0.));
#303 = ORIENTED_EDGE('',*,*,#304,.F.);
#304 = EDGE_CURVE('',#305,#297,#307,.T.);
#305 = VERTEX_POINT('',#306);
#306 = CARTESIAN_POINT('',(-8.5,50.,-7.5));
#307 = LINE('',#308,#309);
#308 = CARTESIAN_POINT('',(-8.5,50.,-7.5));
#309 = VECTOR('',#310,1.);
#310 = DIRECTION('',(0.,0.,1.));
#311 = ORIENTED_EDGE('',*,*,#312,.T.);
#312 = EDGE_CURVE('',#305,#313,#315,.T.);
#313 = VERTEX_POINT('',#314);
#314 = CARTESIAN_POINT('',(-8.5,72.7,-7.5));
#315 = LINE('',#316,#317);
#316 = CARTESIAN_POINT('',(-8.5,-23.1,-7.5));
#317 = VECTOR('',#318,1.);
#318 = DIRECTION('',(-0.,1.,0.));
#319 = ORIENTED_EDGE('',*,*,#320,.T.);
#320 = EDGE_CURVE('',#313,#321,#323,.T.);
#321 = VERTEX_POINT('',#322);
#322 = CARTESIAN_POINT('',(-8.5,72.7,44.8));
#323 = LINE('',#324,#325);
#324 = CARTESIAN_POINT('',(-8.5,72.7,-7.5));
#325 = VECTOR('',#326,1.);
#326 = DIRECTION('',(0.,0.,1.));
#327 = ORIENTED_EDGE('',*,*,#328,.F.);
#328 = EDGE_CURVE('',#329,#321,#331,.T.);
#329 = VERTEX_POINT('',#330);
#330 = CARTESIAN_POINT('',(-8.5,71.2,44.8));
#331 = LINE('',#332,#333);
#332 = CARTESIAN_POINT('',(-8.5,-23.1,44.8));
#333 = VECTOR('',#334,1.);
#334 = DIRECTION('',(-0.,1.,0.));
#335 = ORIENTED_EDGE('',*,*,#336,.T.);
#336 = EDGE_CURVE('',#329,#337,#339,.T.);
#337 = VERTEX_POINT('',#338);
#338 = CARTESIAN_POINT('',(-8.5,71.2,27.809988901221));
#339 = LINE('',#340,#341);
#340 = CARTESIAN_POINT('',(-8.5,71.2,13.059375613467));
#341 = VECTOR('',#342,1.);
#342 = DIRECTION('',(-0.,0.,-1.));
#343 = ORIENTED_EDGE('',*,*,#344,.F.);
#344 = EDGE_CURVE('',#345,#337,#347,.T.);
#345 = VERTEX_POINT('',#346);
#346 = CARTESIAN_POINT('',(-8.5,61.2,27.809988901221));
#347 = LINE('',#348,#349);
#348 = CARTESIAN_POINT('',(-8.5,19.05,27.809988901221));
#349 = VECTOR('',#350,1.);
#350 = DIRECTION('',(0.,1.,0.));
#351 = ORIENTED_EDGE('',*,*,#352,.T.);
#352 = EDGE_CURVE('',#345,#353,#355,.T.);
#353 = VERTEX_POINT('',#354);
#354 = CARTESIAN_POINT('',(-8.5,61.2,44.8));
#355 = LINE('',#356,#357);
#356 = CARTESIAN_POINT('',(-8.5,61.2,14.65));
#357 = VECTOR('',#358,1.);
#358 = DIRECTION('',(0.,0.,1.));
#359 = ORIENTED_EDGE('',*,*,#360,.F.);
#360 = EDGE_CURVE('',#361,#353,#363,.T.);
#361 = VERTEX_POINT('',#362);
#362 = CARTESIAN_POINT('',(-8.5,-7.6,44.8));
#363 = LINE('',#364,#365);
#364 = CARTESIAN_POINT('',(-8.5,-23.1,44.8));
#365 = VECTOR('',#366,1.);
#366 = DIRECTION('',(-0.,1.,0.));
#367 = ORIENTED_EDGE('',*,*,#368,.T.);
#368 = EDGE_CURVE('',#361,#369,#371,.T.);
#369 = VERTEX_POINT('',#370);
#370 = CARTESIAN_POINT('',(-8.5,-7.6,27.809988901221));
#371 = LINE('',#372,#373);
#372 = CARTESIAN_POINT('',(-8.5,-7.6,13.059375613467));
#373 = VECTOR('',#374,1.);
#374 = DIRECTION('',(-0.,0.,-1.));
#375 = ORIENTED_EDGE('',*,*,#376,.F.);
#376 = EDGE_CURVE('',#377,#369,#379,.T.);
#377 = VERTEX_POINT('',#378);
#378 = CARTESIAN_POINT('',(-8.5,-17.6,27.809988901221));
#379 = LINE('',#380,#381);
#380 = CARTESIAN_POINT('',(-8.5,-20.35,27.809988901221));
#381 = VECTOR('',#382,1.);
#382 = DIRECTION('',(0.,1.,0.));
#383 = ORIENTED_EDGE('',*,*,#384,.T.);
#384 = EDGE_CURVE('',#377,#233,#385,.T.);
#385 = LINE('',#386,#387);
#386 = CARTESIAN_POINT('',(-8.5,-17.6,14.65));
#387 = VECTOR('',#388,1.);
#388 = DIRECTION('',(0.,0.,1.));
#389 = FACE_BOUND('',#390,.F.);
#390 = EDGE_LOOP('',(#391,#401,#409,#417));
#391 = ORIENTED_EDGE('',*,*,#392,.T.);
#392 = EDGE_CURVE('',#393,#395,#397,.T.);
#393 = VERTEX_POINT('',#394);
#394 = CARTESIAN_POINT('',(-8.5,47.,-2.5));
#395 = VERTEX_POINT('',#396);
#396 = CARTESIAN_POINT('',(-8.5,8.,-2.5));
#397 = LINE('',#398,#399);
#398 = CARTESIAN_POINT('',(-8.5,-7.55,-2.5));
#399 = VECTOR('',#400,1.);
#400 = DIRECTION('',(0.,-1.,0.));
#401 = ORIENTED_EDGE('',*,*,#402,.T.);
#402 = EDGE_CURVE('',#395,#403,#405,.T.);
#403 = VERTEX_POINT('',#404);
#404 = CARTESIAN_POINT('',(-8.5,8.,0.));
#405 = LINE('',#406,#407);
#406 = CARTESIAN_POINT('',(-8.5,8.,-5.));
#407 = VECTOR('',#408,1.);
#408 = DIRECTION('',(0.,0.,1.));
#409 = ORIENTED_EDGE('',*,*,#410,.F.);
#410 = EDGE_CURVE('',#411,#403,#413,.T.);
#411 = VERTEX_POINT('',#412);
#412 = CARTESIAN_POINT('',(-8.5,47.,0.));
#413 = LINE('',#414,#415);
#414 = CARTESIAN_POINT('',(-8.5,-7.55,0.));
#415 = VECTOR('',#416,1.);
#416 = DIRECTION('',(0.,-1.,0.));
#417 = ORIENTED_EDGE('',*,*,#418,.F.);
#418 = EDGE_CURVE('',#393,#411,#419,.T.);
#419 = LINE('',#420,#421);
#420 = CARTESIAN_POINT('',(-8.5,47.,-5.));
#421 = VECTOR('',#422,1.);
#422 = DIRECTION('',(0.,0.,1.));
#423 = FACE_BOUND('',#424,.F.);
#424 = EDGE_LOOP('',(#425,#435,#443,#451));
#425 = ORIENTED_EDGE('',*,*,#426,.F.);
#426 = EDGE_CURVE('',#427,#429,#431,.T.);
#427 = VERTEX_POINT('',#428);
#428 = CARTESIAN_POINT('',(-8.5,48.,9.96015936255E-03));
#429 = VERTEX_POINT('',#430);
#430 = CARTESIAN_POINT('',(-8.5,48.,4.990039840637));
#431 = LINE('',#432,#433);
#432 = CARTESIAN_POINT('',(-8.5,48.,-2.5));
#433 = VECTOR('',#434,1.);
#434 = DIRECTION('',(0.,-0.,1.));
#435 = ORIENTED_EDGE('',*,*,#436,.T.);
#436 = EDGE_CURVE('',#427,#437,#439,.T.);
#437 = VERTEX_POINT('',#438);
#438 = CARTESIAN_POINT('',(-8.5,7.,9.96015936255E-03));
#439 = LINE('',#440,#441);
#440 = CARTESIAN_POINT('',(-8.5,-8.05,9.96015936255E-03));
#441 = VECTOR('',#442,1.);
#442 = DIRECTION('',(0.,-1.,-0.));
#443 = ORIENTED_EDGE('',*,*,#444,.T.);
#444 = EDGE_CURVE('',#437,#445,#447,.T.);
#445 = VERTEX_POINT('',#446);
#446 = CARTESIAN_POINT('',(-8.5,7.,4.990039840637));
#447 = LINE('',#448,#449);
#448 = CARTESIAN_POINT('',(-8.5,7.,-2.5));
#449 = VECTOR('',#450,1.);
#450 = DIRECTION('',(0.,-0.,1.));
#451 = ORIENTED_EDGE('',*,*,#452,.T.);
#452 = EDGE_CURVE('',#445,#429,#453,.T.);
#453 = LINE('',#454,#455);
#454 = CARTESIAN_POINT('',(-8.5,-8.05,4.990039840637));
#455 = VECTOR('',#456,1.);
#456 = DIRECTION('',(0.,1.,0.));
#457 = FACE_BOUND('',#458,.F.);
#458 = EDGE_LOOP('',(#459,#469,#477,#485));
#459 = ORIENTED_EDGE('',*,*,#460,.T.);
#460 = EDGE_CURVE('',#461,#463,#465,.T.);
#461 = VERTEX_POINT('',#462);
#462 = CARTESIAN_POINT('',(-8.5,47.,5.5));
#463 = VERTEX_POINT('',#464);
#464 = CARTESIAN_POINT('',(-8.5,8.,5.5));
#465 = LINE('',#466,#467);
#466 = CARTESIAN_POINT('',(-8.5,-7.55,5.5));
#467 = VECTOR('',#468,1.);
#468 = DIRECTION('',(0.,-1.,0.));
#469 = ORIENTED_EDGE('',*,*,#470,.T.);
#470 = EDGE_CURVE('',#463,#471,#473,.T.);
#471 = VERTEX_POINT('',#472);
#472 = CARTESIAN_POINT('',(-8.5,8.,8.));
#473 = LINE('',#474,#475);
#474 = CARTESIAN_POINT('',(-8.5,8.,-1.));
#475 = VECTOR('',#476,1.);
#476 = DIRECTION('',(0.,0.,1.));
#477 = ORIENTED_EDGE('',*,*,#478,.F.);
#478 = EDGE_CURVE('',#479,#471,#481,.T.);
#479 = VERTEX_POINT('',#480);
#480 = CARTESIAN_POINT('',(-8.5,47.,8.));
#481 = LINE('',#482,#483);
#482 = CARTESIAN_POINT('',(-8.5,-7.55,8.));
#483 = VECTOR('',#484,1.);
#484 = DIRECTION('',(0.,-1.,0.));
#485 = ORIENTED_EDGE('',*,*,#486,.F.);
#486 = EDGE_CURVE('',#461,#479,#487,.T.);
#487 = LINE('',#488,#489);
#488 = CARTESIAN_POINT('',(-8.5,47.,-1.));
#489 = VECTOR('',#490,1.);
#490 = DIRECTION('',(0.,0.,1.));
#491 = FACE_BOUND('',#492,.F.);
#492 = EDGE_LOOP('',(#493,#503,#511,#519));
#493 = ORIENTED_EDGE('',*,*,#494,.F.);
#494 = EDGE_CURVE('',#495,#497,#499,.T.);
#495 = VERTEX_POINT('',#496);
#496 = CARTESIAN_POINT('',(-8.5,48.,8.009960159363));
#497 = VERTEX_POINT('',#498);
#498 = CARTESIAN_POINT('',(-8.5,48.,12.990039840637));
#499 = LINE('',#500,#501);
#500 = CARTESIAN_POINT('',(-8.5,48.,1.5));
#501 = VECTOR('',#502,1.);
#502 = DIRECTION('',(0.,-0.,1.));
#503 = ORIENTED_EDGE('',*,*,#504,.T.);
#504 = EDGE_CURVE('',#495,#505,#507,.T.);
#505 = VERTEX_POINT('',#506);
#506 = CARTESIAN_POINT('',(-8.5,7.,8.009960159363));
#507 = LINE('',#508,#509);
#508 = CARTESIAN_POINT('',(-8.5,-8.05,8.009960159363));
#509 = VECTOR('',#510,1.);
#510 = DIRECTION('',(0.,-1.,-0.));
#511 = ORIENTED_EDGE('',*,*,#512,.T.);
#512 = EDGE_CURVE('',#505,#513,#515,.T.);
#513 = VERTEX_POINT('',#514);
#514 = CARTESIAN_POINT('',(-8.5,7.,12.990039840637));
#515 = LINE('',#516,#517);
#516 = CARTESIAN_POINT('',(-8.5,7.,1.5));
#517 = VECTOR('',#518,1.);
#518 = DIRECTION('',(0.,-0.,1.));
#519 = ORIENTED_EDGE('',*,*,#520,.T.);
#520 = EDGE_CURVE('',#513,#497,#521,.T.);
#521 = LINE('',#522,#523);
#522 = CARTESIAN_POINT('',(-8.5,-8.05,12.990039840637));
#523 = VECTOR('',#524,1.);
#524 = DIRECTION('',(0.,1.,0.));
#525 = FACE_BOUND('',#526,.F.);
#526 = EDGE_LOOP('',(#527,#537,#545,#553));
#527 = ORIENTED_EDGE('',*,*,#528,.T.);
#528 = EDGE_CURVE('',#529,#531,#533,.T.);
#529 = VERTEX_POINT('',#530);
#530 = CARTESIAN_POINT('',(-8.5,47.,13.5));
#531 = VERTEX_POINT('',#532);
#532 = CARTESIAN_POINT('',(-8.5,8.,13.5));
#533 = LINE('',#534,#535);
#534 = CARTESIAN_POINT('',(-8.5,-7.55,13.5));
#535 = VECTOR('',#536,1.);
#536 = DIRECTION('',(0.,-1.,0.));
#537 = ORIENTED_EDGE('',*,*,#538,.T.);
#538 = EDGE_CURVE('',#531,#539,#541,.T.);
#539 = VERTEX_POINT('',#540);
#540 = CARTESIAN_POINT('',(-8.5,8.,16.));
#541 = LINE('',#542,#543);
#542 = CARTESIAN_POINT('',(-8.5,8.,3.));
#543 = VECTOR('',#544,1.);
#544 = DIRECTION('',(0.,0.,1.));
#545 = ORIENTED_EDGE('',*,*,#546,.F.);
#546 = EDGE_CURVE('',#547,#539,#549,.T.);
#547 = VERTEX_POINT('',#548);
#548 = CARTESIAN_POINT('',(-8.5,47.,16.));
#549 = LINE('',#550,#551);
#550 = CARTESIAN_POINT('',(-8.5,-7.55,16.));
#551 = VECTOR('',#552,1.);
#552 = DIRECTION('',(0.,-1.,0.));
#553 = ORIENTED_EDGE('',*,*,#554,.F.);
#554 = EDGE_CURVE('',#529,#547,#555,.T.);
#555 = LINE('',#556,#557);
#556 = CARTESIAN_POINT('',(-8.5,47.,3.));
#557 = VECTOR('',#558,1.);
#558 = DIRECTION('',(0.,0.,1.));
#559 = FACE_BOUND('',#560,.F.);
#560 = EDGE_LOOP('',(#561,#571,#579,#587));
#561 = ORIENTED_EDGE('',*,*,#562,.F.);
#562 = EDGE_CURVE('',#563,#565,#567,.T.);
#563 = VERTEX_POINT('',#564);
#564 = CARTESIAN_POINT('',(-8.5,48.,16.009960159363));
#565 = VERTEX_POINT('',#566);
#566 = CARTESIAN_POINT('',(-8.5,48.,20.990039840637));
#567 = LINE('',#568,#569);
#568 = CARTESIAN_POINT('',(-8.5,48.,5.5));
#569 = VECTOR('',#570,1.);
#570 = DIRECTION('',(0.,-0.,1.));
#571 = ORIENTED_EDGE('',*,*,#572,.T.);
#572 = EDGE_CURVE('',#563,#573,#575,.T.);
#573 = VERTEX_POINT('',#574);
#574 = CARTESIAN_POINT('',(-8.5,7.,16.009960159363));
#575 = LINE('',#576,#577);
#576 = CARTESIAN_POINT('',(-8.5,-8.05,16.009960159363));
#577 = VECTOR('',#578,1.);
#578 = DIRECTION('',(0.,-1.,-0.));
#579 = ORIENTED_EDGE('',*,*,#580,.T.);
#580 = EDGE_CURVE('',#573,#581,#583,.T.);
#581 = VERTEX_POINT('',#582);
#582 = CARTESIAN_POINT('',(-8.5,7.,20.990039840637));
#583 = LINE('',#584,#585);
#584 = CARTESIAN_POINT('',(-8.5,7.,5.5));
#585 = VECTOR('',#586,1.);
#586 = DIRECTION('',(0.,-0.,1.));
#587 = ORIENTED_EDGE('',*,*,#588,.T.);
#588 = EDGE_CURVE('',#581,#565,#589,.T.);
#589 = LINE('',#590,#591);
#590 = CARTESIAN_POINT('',(-8.5,-8.05,20.990039840637));
#591 = VECTOR('',#592,1.);
#592 = DIRECTION('',(0.,1.,0.));
#593 = FACE_BOUND('',#594,.F.);
#594 = EDGE_LOOP('',(#595,#605,#613,#621));
#595 = ORIENTED_EDGE('',*,*,#596,.T.);
#596 = EDGE_CURVE('',#597,#599,#601,.T.);
#597 = VERTEX_POINT('',#598);
#598 = CARTESIAN_POINT('',(-8.5,52.09,24.6));
#599 = VERTEX_POINT('',#600);
#600 = CARTESIAN_POINT('',(-8.5,4.01,24.6));
#601 = LINE('',#602,#603);
#602 = CARTESIAN_POINT('',(-8.5,-9.545,24.6));
#603 = VECTOR('',#604,1.);
#604 = DIRECTION('',(0.,-1.,0.));
#605 = ORIENTED_EDGE('',*,*,#606,.T.);
#606 = EDGE_CURVE('',#599,#607,#609,.T.);
#607 = VERTEX_POINT('',#608);
#608 = CARTESIAN_POINT('',(-8.5,4.01,40.15));
#609 = LINE('',#610,#611);
#610 = CARTESIAN_POINT('',(-8.5,4.01,8.55));
#611 = VECTOR('',#612,1.);
#612 = DIRECTION('',(0.,0.,1.));
#613 = ORIENTED_EDGE('',*,*,#614,.F.);
#614 = EDGE_CURVE('',#615,#607,#617,.T.);
#615 = VERTEX_POINT('',#616);
#616 = CARTESIAN_POINT('',(-8.5,52.09,40.15));
#617 = LINE('',#618,#619);
#618 = CARTESIAN_POINT('',(-8.5,-9.545,40.15));
#619 = VECTOR('',#620,1.);
#620 = DIRECTION('',(0.,-1.,0.));
#621 = ORIENTED_EDGE('',*,*,#622,.F.);
#622 = EDGE_CURVE('',#597,#615,#623,.T.);
#623 = LINE('',#624,#625);
#624 = CARTESIAN_POINT('',(-8.5,52.09,8.55));
#625 = VECTOR('',#626,1.);
#626 = DIRECTION('',(0.,0.,1.));
#627 = PLANE('',#628);
#628 = AXIS2_PLACEMENT_3D('',#629,#630,#631);
#629 = CARTESIAN_POINT('',(-8.5,-23.1,-7.5));
#630 = DIRECTION('',(1.,0.,-0.));
#631 = DIRECTION('',(0.,0.,1.));
#632 = ADVANCED_FACE('',(#633),#660,.T.);
#633 = FACE_BOUND('',#634,.T.);
#634 = EDGE_LOOP('',(#635,#644,#652,#659));
#635 = ORIENTED_EDGE('',*,*,#636,.T.);
#636 = EDGE_CURVE('',#241,#637,#639,.T.);
#637 = VERTEX_POINT('',#638);
#638 = CARTESIAN_POINT('',(-4.5,-23.1,-7.5));
#639 = CIRCLE('',#640,4.);
#640 = AXIS2_PLACEMENT_3D('',#641,#642,#643);
#641 = CARTESIAN_POINT('',(-4.5,-19.1,-7.5));
#642 = DIRECTION('',(0.,0.,1.));
#643 = DIRECTION('',(0.,-1.,0.));
#644 = ORIENTED_EDGE('',*,*,#645,.T.);
#645 = EDGE_CURVE('',#637,#646,#648,.T.);
#646 = VERTEX_POINT('',#647);
#647 = CARTESIAN_POINT('',(-4.5,-23.1,44.8));
#648 = LINE('',#649,#650);
#649 = CARTESIAN_POINT('',(-4.5,-23.1,-7.5));
#650 = VECTOR('',#651,1.);
#651 = DIRECTION('',(0.,0.,1.));
#652 = ORIENTED_EDGE('',*,*,#653,.F.);
#653 = EDGE_CURVE('',#231,#646,#654,.T.);
#654 = CIRCLE('',#655,4.);
#655 = AXIS2_PLACEMENT_3D('',#656,#657,#658);
#656 = CARTESIAN_POINT('',(-4.5,-19.1,44.8));
#657 = DIRECTION('',(0.,0.,1.));
#658 = DIRECTION('',(0.,-1.,0.));
#659 = ORIENTED_EDGE('',*,*,#240,.F.);
#660 = CYLINDRICAL_SURFACE('',#661,4.);
#661 = AXIS2_PLACEMENT_3D('',#662,#663,#664);
#662 = CARTESIAN_POINT('',(-4.5,-19.1,-7.5));
#663 = DIRECTION('',(0.,0.,1.));
#664 = DIRECTION('',(-1.,-0.,0.));
#665 = ADVANCED_FACE('',(#666),#691,.F.);
#666 = FACE_BOUND('',#667,.F.);
#667 = EDGE_LOOP('',(#668,#676,#684,#690));
#668 = ORIENTED_EDGE('',*,*,#669,.F.);
#669 = EDGE_CURVE('',#670,#249,#672,.T.);
#670 = VERTEX_POINT('',#671);
#671 = CARTESIAN_POINT('',(-22.5,4.,-7.5));
#672 = LINE('',#673,#674);
#673 = CARTESIAN_POINT('',(-22.5,4.,-7.5));
#674 = VECTOR('',#675,1.);
#675 = DIRECTION('',(1.,0.,-0.));
#676 = ORIENTED_EDGE('',*,*,#677,.T.);
#677 = EDGE_CURVE('',#670,#678,#680,.T.);
#678 = VERTEX_POINT('',#679);
#679 = CARTESIAN_POINT('',(-22.5,4.,-3.5));
#680 = LINE('',#681,#682);
#681 = CARTESIAN_POINT('',(-22.5,4.,-7.5));
#682 = VECTOR('',#683,1.);
#683 = DIRECTION('',(0.,0.,1.));
#684 = ORIENTED_EDGE('',*,*,#685,.T.);
#685 = EDGE_CURVE('',#678,#257,#686,.T.);
#686 = LINE('',#687,#688);
#687 = CARTESIAN_POINT('',(-22.5,4.,-3.5));
#688 = VECTOR('',#689,1.);
#689 = DIRECTION('',(1.,0.,-0.));
#690 = ORIENTED_EDGE('',*,*,#256,.F.);
#691 = PLANE('',#692);
#692 = AXIS2_PLACEMENT_3D('',#693,#694,#695);
#693 = CARTESIAN_POINT('',(-22.5,4.,-7.5));
#694 = DIRECTION('',(-0.,1.,0.));
#695 = DIRECTION('',(0.,0.,1.));
#696 = ADVANCED_FACE('',(#697),#722,.T.);
#697 = FACE_BOUND('',#698,.T.);
#698 = EDGE_LOOP('',(#699,#707,#715,#721));
#699 = ORIENTED_EDGE('',*,*,#700,.F.);
#700 = EDGE_CURVE('',#701,#377,#703,.T.);
#701 = VERTEX_POINT('',#702);
#702 = CARTESIAN_POINT('',(-17.5,-17.6,36.8));
#703 = LINE('',#704,#705);
#704 = CARTESIAN_POINT('',(-17.5,-17.6,36.8));
#705 = VECTOR('',#706,1.);
#706 = DIRECTION('',(0.707499291105,0.,-0.706714053268));
#707 = ORIENTED_EDGE('',*,*,#708,.T.);
#708 = EDGE_CURVE('',#701,#709,#711,.T.);
#709 = VERTEX_POINT('',#710);
#710 = CARTESIAN_POINT('',(-17.5,-7.6,36.8));
#711 = LINE('',#712,#713);
#712 = CARTESIAN_POINT('',(-17.5,-17.6,36.8));
#713 = VECTOR('',#714,1.);
#714 = DIRECTION('',(-0.,1.,0.));
#715 = ORIENTED_EDGE('',*,*,#716,.T.);
#716 = EDGE_CURVE('',#709,#369,#717,.T.);
#717 = LINE('',#718,#719);
#718 = CARTESIAN_POINT('',(-17.5,-7.6,36.8));
#719 = VECTOR('',#720,1.);
#720 = DIRECTION('',(0.707499291105,0.,-0.706714053268));
#721 = ORIENTED_EDGE('',*,*,#376,.F.);
#722 = PLANE('',#723);
#723 = AXIS2_PLACEMENT_3D('',#724,#725,#726);
#724 = CARTESIAN_POINT('',(-17.5,-17.6,36.8));
#725 = DIRECTION('',(-0.706714053268,0.,-0.707499291105));
#726 = DIRECTION('',(0.707499291105,0.,-0.706714053268));
#727 = ADVANCED_FACE('',(#728,#746),#757,.T.);
#728 = FACE_BOUND('',#729,.T.);
#729 = EDGE_LOOP('',(#730,#738,#744,#745));
#730 = ORIENTED_EDGE('',*,*,#731,.F.);
#731 = EDGE_CURVE('',#732,#265,#734,.T.);
#732 = VERTEX_POINT('',#733);
#733 = CARTESIAN_POINT('',(-22.5,20.,-3.5));
#734 = LINE('',#735,#736);
#735 = CARTESIAN_POINT('',(-22.5,20.,-3.5));
#736 = VECTOR('',#737,1.);
#737 = DIRECTION('',(1.,0.,-0.));
#738 = ORIENTED_EDGE('',*,*,#739,.F.);
#739 = EDGE_CURVE('',#678,#732,#740,.T.);
#740 = LINE('',#741,#742);
#741 = CARTESIAN_POINT('',(-22.5,4.,-3.5));
#742 = VECTOR('',#743,1.);
#743 = DIRECTION('',(-0.,1.,0.));
#744 = ORIENTED_EDGE('',*,*,#685,.T.);
#745 = ORIENTED_EDGE('',*,*,#264,.F.);
#746 = FACE_BOUND('',#747,.T.);
#747 = EDGE_LOOP('',(#748));
#748 = ORIENTED_EDGE('',*,*,#749,.F.);
#749 = EDGE_CURVE('',#750,#750,#752,.T.);
#750 = VERTEX_POINT('',#751);
#751 = CARTESIAN_POINT('',(-13.75,12.,-3.5));
#752 = CIRCLE('',#753,2.25);
#753 = AXIS2_PLACEMENT_3D('',#754,#755,#756);
#754 = CARTESIAN_POINT('',(-16.,12.,-3.5));
#755 = DIRECTION('',(0.,0.,1.));
#756 = DIRECTION('',(1.,0.,-0.));
#757 = PLANE('',#758);
#758 = AXIS2_PLACEMENT_3D('',#759,#760,#761);
#759 = CARTESIAN_POINT('',(-22.5,4.,-3.5));
#760 = DIRECTION('',(0.,0.,1.));
#761 = DIRECTION('',(1.,0.,-0.));
#762 = ADVANCED_FACE('',(#763),#781,.T.);
#763 = FACE_BOUND('',#764,.T.);
#764 = EDGE_LOOP('',(#765,#773,#779,#780));
#765 = ORIENTED_EDGE('',*,*,#766,.F.);
#766 = EDGE_CURVE('',#767,#273,#769,.T.);
#767 = VERTEX_POINT('',#768);
#768 = CARTESIAN_POINT('',(-22.5,20.,-7.5));
#769 = LINE('',#770,#771);
#770 = CARTESIAN_POINT('',(-22.5,20.,-7.5));
#771 = VECTOR('',#772,1.);
#772 = DIRECTION('',(1.,0.,-0.));
#773 = ORIENTED_EDGE('',*,*,#774,.T.);
#774 = EDGE_CURVE('',#767,#732,#775,.T.);
#775 = LINE('',#776,#777);
#776 = CARTESIAN_POINT('',(-22.5,20.,-7.5));
#777 = VECTOR('',#778,1.);
#778 = DIRECTION('',(0.,0.,1.));
#779 = ORIENTED_EDGE('',*,*,#731,.T.);
#780 = ORIENTED_EDGE('',*,*,#272,.F.);
#781 = PLANE('',#782);
#782 = AXIS2_PLACEMENT_3D('',#783,#784,#785);
#783 = CARTESIAN_POINT('',(-22.5,20.,-7.5));
#784 = DIRECTION('',(-0.,1.,0.));
#785 = DIRECTION('',(0.,0.,1.));
#786 = ADVANCED_FACE('',(#787),#812,.F.);
#787 = FACE_BOUND('',#788,.F.);
#788 = EDGE_LOOP('',(#789,#797,#805,#811));
#789 = ORIENTED_EDGE('',*,*,#790,.F.);
#790 = EDGE_CURVE('',#791,#281,#793,.T.);
#791 = VERTEX_POINT('',#792);
#792 = CARTESIAN_POINT('',(-22.5,34.,-7.5));
#793 = LINE('',#794,#795);
#794 = CARTESIAN_POINT('',(-22.5,34.,-7.5));
#795 = VECTOR('',#796,1.);
#796 = DIRECTION('',(1.,0.,-0.));
#797 = ORIENTED_EDGE('',*,*,#798,.T.);
#798 = EDGE_CURVE('',#791,#799,#801,.T.);
#799 = VERTEX_POINT('',#800);
#800 = CARTESIAN_POINT('',(-22.5,34.,-3.5));
#801 = LINE('',#802,#803);
#802 = CARTESIAN_POINT('',(-22.5,34.,-7.5));
#803 = VECTOR('',#804,1.);
#804 = DIRECTION('',(0.,0.,1.));
#805 = ORIENTED_EDGE('',*,*,#806,.T.);
#806 = EDGE_CURVE('',#799,#289,#807,.T.);
#807 = LINE('',#808,#809);
#808 = CARTESIAN_POINT('',(-22.5,34.,-3.5));
#809 = VECTOR('',#810,1.);
#810 = DIRECTION('',(1.,0.,-0.));
#811 = ORIENTED_EDGE('',*,*,#288,.F.);
#812 = PLANE('',#813);
#813 = AXIS2_PLACEMENT_3D('',#814,#815,#816);
#814 = CARTESIAN_POINT('',(-22.5,34.,-7.5));
#815 = DIRECTION('',(-0.,1.,0.));
#816 = DIRECTION('',(0.,0.,1.));
#817 = ADVANCED_FACE('',(#818,#836),#847,.T.);
#818 = FACE_BOUND('',#819,.T.);
#819 = EDGE_LOOP('',(#820,#828,#834,#835));
#820 = ORIENTED_EDGE('',*,*,#821,.F.);
#821 = EDGE_CURVE('',#822,#297,#824,.T.);
#822 = VERTEX_POINT('',#823);
#823 = CARTESIAN_POINT('',(-22.5,50.,-3.5));
#824 = LINE('',#825,#826);
#825 = CARTESIAN_POINT('',(-22.5,50.,-3.5));
#826 = VECTOR('',#827,1.);
#827 = DIRECTION('',(1.,0.,-0.));
#828 = ORIENTED_EDGE('',*,*,#829,.F.);
#829 = EDGE_CURVE('',#799,#822,#830,.T.);
#830 = LINE('',#831,#832);
#831 = CARTESIAN_POINT('',(-22.5,34.,-3.5));
#832 = VECTOR('',#833,1.);
#833 = DIRECTION('',(-0.,1.,0.));
#834 = ORIENTED_EDGE('',*,*,#806,.T.);
#835 = ORIENTED_EDGE('',*,*,#296,.F.);
#836 = FACE_BOUND('',#837,.T.);
#837 = EDGE_LOOP('',(#838));
#838 = ORIENTED_EDGE('',*,*,#839,.F.);
#839 = EDGE_CURVE('',#840,#840,#842,.T.);
#840 = VERTEX_POINT('',#841);
#841 = CARTESIAN_POINT('',(-13.75,42.,-3.5));
#842 = CIRCLE('',#843,2.25);
#843 = AXIS2_PLACEMENT_3D('',#844,#845,#846);
#844 = CARTESIAN_POINT('',(-16.,42.,-3.5));
#845 = DIRECTION('',(0.,0.,1.));
#846 = DIRECTION('',(1.,0.,-0.));
#847 = PLANE('',#848);
#848 = AXIS2_PLACEMENT_3D('',#849,#850,#851);
#849 = CARTESIAN_POINT('',(-22.5,34.,-3.5));
#850 = DIRECTION('',(0.,0.,1.));
#851 = DIRECTION('',(1.,0.,-0.));
#852 = ADVANCED_FACE('',(#853),#871,.T.);
#853 = FACE_BOUND('',#854,.T.);
#854 = EDGE_LOOP('',(#855,#863,#869,#870));
#855 = ORIENTED_EDGE('',*,*,#856,.F.);
#856 = EDGE_CURVE('',#857,#305,#859,.T.);
#857 = VERTEX_POINT('',#858);
#858 = CARTESIAN_POINT('',(-22.5,50.,-7.5));
#859 = LINE('',#860,#861);
#860 = CARTESIAN_POINT('',(-22.5,50.,-7.5));
#861 = VECTOR('',#862,1.);
#862 = DIRECTION('',(1.,0.,-0.));
#863 = ORIENTED_EDGE('',*,*,#864,.T.);
#864 = EDGE_CURVE('',#857,#822,#865,.T.);
#865 = LINE('',#866,#867);
#866 = CARTESIAN_POINT('',(-22.5,50.,-7.5));
#867 = VECTOR('',#868,1.);
#868 = DIRECTION('',(0.,0.,1.));
#869 = ORIENTED_EDGE('',*,*,#821,.T.);
#870 = ORIENTED_EDGE('',*,*,#304,.F.);
#871 = PLANE('',#872);
#872 = AXIS2_PLACEMENT_3D('',#873,#874,#875);
#873 = CARTESIAN_POINT('',(-22.5,50.,-7.5));
#874 = DIRECTION('',(-0.,1.,0.));
#875 = DIRECTION('',(0.,0.,1.));
#876 = ADVANCED_FACE('',(#877),#902,.T.);
#877 = FACE_BOUND('',#878,.T.);
#878 = EDGE_LOOP('',(#879,#887,#895,#901));
#879 = ORIENTED_EDGE('',*,*,#880,.F.);
#880 = EDGE_CURVE('',#881,#345,#883,.T.);
#881 = VERTEX_POINT('',#882);
#882 = CARTESIAN_POINT('',(-17.5,61.2,36.8));
#883 = LINE('',#884,#885);
#884 = CARTESIAN_POINT('',(-17.5,61.2,36.8));
#885 = VECTOR('',#886,1.);
#886 = DIRECTION('',(0.707499291105,0.,-0.706714053268));
#887 = ORIENTED_EDGE('',*,*,#888,.T.);
#888 = EDGE_CURVE('',#881,#889,#891,.T.);
#889 = VERTEX_POINT('',#890);
#890 = CARTESIAN_POINT('',(-17.5,71.2,36.8));
#891 = LINE('',#892,#893);
#892 = CARTESIAN_POINT('',(-17.5,61.2,36.8));
#893 = VECTOR('',#894,1.);
#894 = DIRECTION('',(-0.,1.,0.));
#895 = ORIENTED_EDGE('',*,*,#896,.T.);
#896 = EDGE_CURVE('',#889,#337,#897,.T.);
#897 = LINE('',#898,#899);
#898 = CARTESIAN_POINT('',(-17.5,71.2,36.8));
#899 = VECTOR('',#900,1.);
#900 = DIRECTION('',(0.707499291105,0.,-0.706714053268));
#901 = ORIENTED_EDGE('',*,*,#344,.F.);
#902 = PLANE('',#903);
#903 = AXIS2_PLACEMENT_3D('',#904,#905,#906);
#904 = CARTESIAN_POINT('',(-17.5,61.2,36.8));
#905 = DIRECTION('',(-0.706714053268,0.,-0.707499291105));
#906 = DIRECTION('',(0.707499291105,0.,-0.706714053268));
#907 = ADVANCED_FACE('',(#908),#935,.T.);
#908 = FACE_BOUND('',#909,.F.);
#909 = EDGE_LOOP('',(#910,#919,#927,#934));
#910 = ORIENTED_EDGE('',*,*,#911,.T.);
#911 = EDGE_CURVE('',#313,#912,#914,.T.);
#912 = VERTEX_POINT('',#913);
#913 = CARTESIAN_POINT('',(-4.5,76.7,-7.5));
#914 = CIRCLE('',#915,4.);
#915 = AXIS2_PLACEMENT_3D('',#916,#917,#918);
#916 = CARTESIAN_POINT('',(-4.5,72.7,-7.5));
#917 = DIRECTION('',(-0.,-0.,-1.));
#918 = DIRECTION('',(0.,-1.,0.));
#919 = ORIENTED_EDGE('',*,*,#920,.T.);
#920 = EDGE_CURVE('',#912,#921,#923,.T.);
#921 = VERTEX_POINT('',#922);
#922 = CARTESIAN_POINT('',(-4.5,76.7,44.8));
#923 = LINE('',#924,#925);
#924 = CARTESIAN_POINT('',(-4.5,76.7,-7.5));
#925 = VECTOR('',#926,1.);
#926 = DIRECTION('',(0.,0.,1.));
#927 = ORIENTED_EDGE('',*,*,#928,.F.);
#928 = EDGE_CURVE('',#321,#921,#929,.T.);
#929 = CIRCLE('',#930,4.);
#930 = AXIS2_PLACEMENT_3D('',#931,#932,#933);
#931 = CARTESIAN_POINT('',(-4.5,72.7,44.8));
#932 = DIRECTION('',(-0.,-0.,-1.));
#933 = DIRECTION('',(0.,-1.,0.));
#934 = ORIENTED_EDGE('',*,*,#320,.F.);
#935 = CYLINDRICAL_SURFACE('',#936,4.);
#936 = AXIS2_PLACEMENT_3D('',#937,#938,#939);
#937 = CARTESIAN_POINT('',(-4.5,72.7,-7.5));
#938 = DIRECTION('',(0.,0.,1.));
#939 = DIRECTION('',(-1.,-0.,0.));
#940 = ADVANCED_FACE('',(#941),#957,.T.);
#941 = FACE_BOUND('',#942,.T.);
#942 = EDGE_LOOP('',(#943,#949,#950,#956));
#943 = ORIENTED_EDGE('',*,*,#944,.F.);
#944 = EDGE_CURVE('',#393,#89,#945,.T.);
#945 = LINE('',#946,#947);
#946 = CARTESIAN_POINT('',(-9.1,47.,-2.5));
#947 = VECTOR('',#948,1.);
#948 = DIRECTION('',(1.,0.,-0.));
#949 = ORIENTED_EDGE('',*,*,#392,.T.);
#950 = ORIENTED_EDGE('',*,*,#951,.T.);
#951 = EDGE_CURVE('',#395,#91,#952,.T.);
#952 = LINE('',#953,#954);
#953 = CARTESIAN_POINT('',(-9.1,8.,-2.5));
#954 = VECTOR('',#955,1.);
#955 = DIRECTION('',(1.,0.,-0.));
#956 = ORIENTED_EDGE('',*,*,#88,.F.);
#957 = PLANE('',#958);
#958 = AXIS2_PLACEMENT_3D('',#959,#960,#961);
#959 = CARTESIAN_POINT('',(-9.1,8.,-2.5));
#960 = DIRECTION('',(0.,0.,1.));
#961 = DIRECTION('',(1.,0.,-0.));
#962 = ADVANCED_FACE('',(#963),#974,.F.);
#963 = FACE_BOUND('',#964,.F.);
#964 = EDGE_LOOP('',(#965,#966,#967,#973));
#965 = ORIENTED_EDGE('',*,*,#944,.F.);
#966 = ORIENTED_EDGE('',*,*,#418,.T.);
#967 = ORIENTED_EDGE('',*,*,#968,.T.);
#968 = EDGE_CURVE('',#411,#107,#969,.T.);
#969 = LINE('',#970,#971);
#970 = CARTESIAN_POINT('',(-9.1,47.,0.));
#971 = VECTOR('',#972,1.);
#972 = DIRECTION('',(1.,0.,-0.));
#973 = ORIENTED_EDGE('',*,*,#114,.F.);
#974 = PLANE('',#975);
#975 = AXIS2_PLACEMENT_3D('',#976,#977,#978);
#976 = CARTESIAN_POINT('',(-9.1,47.,-2.5));
#977 = DIRECTION('',(-0.,1.,0.));
#978 = DIRECTION('',(0.,0.,1.));
#979 = ADVANCED_FACE('',(#980),#991,.T.);
#980 = FACE_BOUND('',#981,.T.);
#981 = EDGE_LOOP('',(#982,#983,#984,#990));
#982 = ORIENTED_EDGE('',*,*,#951,.F.);
#983 = ORIENTED_EDGE('',*,*,#402,.T.);
#984 = ORIENTED_EDGE('',*,*,#985,.T.);
#985 = EDGE_CURVE('',#403,#99,#986,.T.);
#986 = LINE('',#987,#988);
#987 = CARTESIAN_POINT('',(-9.1,8.,0.));
#988 = VECTOR('',#989,1.);
#989 = DIRECTION('',(1.,0.,-0.));
#990 = ORIENTED_EDGE('',*,*,#98,.F.);
#991 = PLANE('',#992);
#992 = AXIS2_PLACEMENT_3D('',#993,#994,#995);
#993 = CARTESIAN_POINT('',(-9.1,8.,-2.5));
#994 = DIRECTION('',(-0.,1.,0.));
#995 = DIRECTION('',(0.,0.,1.));
#996 = ADVANCED_FACE('',(#997),#1003,.F.);
#997 = FACE_BOUND('',#998,.F.);
#998 = EDGE_LOOP('',(#999,#1000,#1001,#1002));
#999 = ORIENTED_EDGE('',*,*,#968,.F.);
#1000 = ORIENTED_EDGE('',*,*,#410,.T.);
#1001 = ORIENTED_EDGE('',*,*,#985,.T.);
#1002 = ORIENTED_EDGE('',*,*,#106,.F.);
#1003 = PLANE('',#1004);
#1004 = AXIS2_PLACEMENT_3D('',#1005,#1006,#1007);
#1005 = CARTESIAN_POINT('',(-9.1,8.,0.));
#1006 = DIRECTION('',(0.,0.,1.));
#1007 = DIRECTION('',(1.,0.,-0.));
#1008 = ADVANCED_FACE('',(#1009),#1026,.T.);
#1009 = FACE_BOUND('',#1010,.T.);
#1010 = EDGE_LOOP('',(#1011,#1012,#1020));
#1011 = ORIENTED_EDGE('',*,*,#426,.F.);
#1012 = ORIENTED_EDGE('',*,*,#1013,.T.);
#1013 = EDGE_CURVE('',#427,#1014,#1016,.T.);
#1014 = VERTEX_POINT('',#1015);
#1015 = CARTESIAN_POINT('',(-11.,48.,2.5));
#1016 = LINE('',#1017,#1018);
#1017 = CARTESIAN_POINT('',(-8.49,48.,0.));
#1018 = VECTOR('',#1019,1.);
#1019 = DIRECTION('',(-0.708516760586,0.,0.705693984648));
#1020 = ORIENTED_EDGE('',*,*,#1021,.T.);
#1021 = EDGE_CURVE('',#1014,#429,#1022,.T.);
#1022 = LINE('',#1023,#1024);
#1023 = CARTESIAN_POINT('',(-11.,48.,2.5));
#1024 = VECTOR('',#1025,1.);
#1025 = DIRECTION('',(0.708516760586,0.,0.705693984648));
#1026 = PLANE('',#1027);
#1027 = AXIS2_PLACEMENT_3D('',#1028,#1029,#1030);
#1028 = CARTESIAN_POINT('',(-9.22577090105,48.,2.5));
#1029 = DIRECTION('',(0.,1.,0.));
#1030 = DIRECTION('',(0.,-0.,1.));
#1031 = ADVANCED_FACE('',(#1032),#1050,.F.);
#1032 = FACE_BOUND('',#1033,.F.);
#1033 = EDGE_LOOP('',(#1034,#1042,#1043,#1044));
#1034 = ORIENTED_EDGE('',*,*,#1035,.F.);
#1035 = EDGE_CURVE('',#437,#1036,#1038,.T.);
#1036 = VERTEX_POINT('',#1037);
#1037 = CARTESIAN_POINT('',(-11.,7.,2.5));
#1038 = LINE('',#1039,#1040);
#1039 = CARTESIAN_POINT('',(-8.49,7.,0.));
#1040 = VECTOR('',#1041,1.);
#1041 = DIRECTION('',(-0.708516760586,0.,0.705693984648));
#1042 = ORIENTED_EDGE('',*,*,#436,.F.);
#1043 = ORIENTED_EDGE('',*,*,#1013,.T.);
#1044 = ORIENTED_EDGE('',*,*,#1045,.F.);
#1045 = EDGE_CURVE('',#1036,#1014,#1046,.T.);
#1046 = LINE('',#1047,#1048);
#1047 = CARTESIAN_POINT('',(-11.,7.,2.5));
#1048 = VECTOR('',#1049,1.);
#1049 = DIRECTION('',(0.,1.,0.));
#1050 = PLANE('',#1051);
#1051 = AXIS2_PLACEMENT_3D('',#1052,#1053,#1054);
#1052 = CARTESIAN_POINT('',(-8.49,7.,0.));
#1053 = DIRECTION('',(0.705693984648,-0.,0.708516760586));
#1054 = DIRECTION('',(-0.708516760586,0.,0.705693984648));
#1055 = ADVANCED_FACE('',(#1056),#1067,.F.);
#1056 = FACE_BOUND('',#1057,.F.);
#1057 = EDGE_LOOP('',(#1058,#1064,#1065,#1066));
#1058 = ORIENTED_EDGE('',*,*,#1059,.F.);
#1059 = EDGE_CURVE('',#1036,#445,#1060,.T.);
#1060 = LINE('',#1061,#1062);
#1061 = CARTESIAN_POINT('',(-11.,7.,2.5));
#1062 = VECTOR('',#1063,1.);
#1063 = DIRECTION('',(0.708516760586,0.,0.705693984648));
#1064 = ORIENTED_EDGE('',*,*,#1045,.T.);
#1065 = ORIENTED_EDGE('',*,*,#1021,.T.);
#1066 = ORIENTED_EDGE('',*,*,#452,.F.);
#1067 = PLANE('',#1068);
#1068 = AXIS2_PLACEMENT_3D('',#1069,#1070,#1071);
#1069 = CARTESIAN_POINT('',(-11.,7.,2.5));
#1070 = DIRECTION('',(0.705693984648,0.,-0.708516760586));
#1071 = DIRECTION('',(0.708516760586,0.,0.705693984648));
#1072 = ADVANCED_FACE('',(#1073),#1078,.F.);
#1073 = FACE_BOUND('',#1074,.F.);
#1074 = EDGE_LOOP('',(#1075,#1076,#1077));
#1075 = ORIENTED_EDGE('',*,*,#444,.F.);
#1076 = ORIENTED_EDGE('',*,*,#1035,.T.);
#1077 = ORIENTED_EDGE('',*,*,#1059,.T.);
#1078 = PLANE('',#1079);
#1079 = AXIS2_PLACEMENT_3D('',#1080,#1081,#1082);
#1080 = CARTESIAN_POINT('',(-9.22577090105,7.,2.5));
#1081 = DIRECTION('',(0.,1.,0.));
#1082 = DIRECTION('',(0.,-0.,1.));
#1083 = ADVANCED_FACE('',(#1084),#1100,.T.);
#1084 = FACE_BOUND('',#1085,.T.);
#1085 = EDGE_LOOP('',(#1086,#1092,#1093,#1099));
#1086 = ORIENTED_EDGE('',*,*,#1087,.F.);
#1087 = EDGE_CURVE('',#461,#123,#1088,.T.);
#1088 = LINE('',#1089,#1090);
#1089 = CARTESIAN_POINT('',(-9.1,47.,5.5));
#1090 = VECTOR('',#1091,1.);
#1091 = DIRECTION('',(1.,0.,-0.));
#1092 = ORIENTED_EDGE('',*,*,#460,.T.);
#1093 = ORIENTED_EDGE('',*,*,#1094,.T.);
#1094 = EDGE_CURVE('',#463,#125,#1095,.T.);
#1095 = LINE('',#1096,#1097);
#1096 = CARTESIAN_POINT('',(-9.1,8.,5.5));
#1097 = VECTOR('',#1098,1.);
#1098 = DIRECTION('',(1.,0.,-0.));
#1099 = ORIENTED_EDGE('',*,*,#122,.F.);
#1100 = PLANE('',#1101);
#1101 = AXIS2_PLACEMENT_3D('',#1102,#1103,#1104);
#1102 = CARTESIAN_POINT('',(-9.1,8.,5.5));
#1103 = DIRECTION('',(0.,0.,1.));
#1104 = DIRECTION('',(1.,0.,-0.));
#1105 = ADVANCED_FACE('',(#1106),#1117,.F.);
#1106 = FACE_BOUND('',#1107,.F.);
#1107 = EDGE_LOOP('',(#1108,#1109,#1110,#1116));
#1108 = ORIENTED_EDGE('',*,*,#1087,.F.);
#1109 = ORIENTED_EDGE('',*,*,#486,.T.);
#1110 = ORIENTED_EDGE('',*,*,#1111,.T.);
#1111 = EDGE_CURVE('',#479,#141,#1112,.T.);
#1112 = LINE('',#1113,#1114);
#1113 = CARTESIAN_POINT('',(-9.1,47.,8.));
#1114 = VECTOR('',#1115,1.);
#1115 = DIRECTION('',(1.,0.,-0.));
#1116 = ORIENTED_EDGE('',*,*,#148,.F.);
#1117 = PLANE('',#1118);
#1118 = AXIS2_PLACEMENT_3D('',#1119,#1120,#1121);
#1119 = CARTESIAN_POINT('',(-9.1,47.,5.5));
#1120 = DIRECTION('',(-0.,1.,0.));
#1121 = DIRECTION('',(0.,0.,1.));
#1122 = ADVANCED_FACE('',(#1123),#1134,.T.);
#1123 = FACE_BOUND('',#1124,.T.);
#1124 = EDGE_LOOP('',(#1125,#1126,#1127,#1133));
#1125 = ORIENTED_EDGE('',*,*,#1094,.F.);
#1126 = ORIENTED_EDGE('',*,*,#470,.T.);
#1127 = ORIENTED_EDGE('',*,*,#1128,.T.);
#1128 = EDGE_CURVE('',#471,#133,#1129,.T.);
#1129 = LINE('',#1130,#1131);
#1130 = CARTESIAN_POINT('',(-9.1,8.,8.));
#1131 = VECTOR('',#1132,1.);
#1132 = DIRECTION('',(1.,0.,-0.));
#1133 = ORIENTED_EDGE('',*,*,#132,.F.);
#1134 = PLANE('',#1135);
#1135 = AXIS2_PLACEMENT_3D('',#1136,#1137,#1138);
#1136 = CARTESIAN_POINT('',(-9.1,8.,5.5));
#1137 = DIRECTION('',(-0.,1.,0.));
#1138 = DIRECTION('',(0.,0.,1.));
#1139 = ADVANCED_FACE('',(#1140),#1146,.F.);
#1140 = FACE_BOUND('',#1141,.F.);
#1141 = EDGE_LOOP('',(#1142,#1143,#1144,#1145));
#1142 = ORIENTED_EDGE('',*,*,#1111,.F.);
#1143 = ORIENTED_EDGE('',*,*,#478,.T.);
#1144 = ORIENTED_EDGE('',*,*,#1128,.T.);
#1145 = ORIENTED_EDGE('',*,*,#140,.F.);
#1146 = PLANE('',#1147);
#1147 = AXIS2_PLACEMENT_3D('',#1148,#1149,#1150);
#1148 = CARTESIAN_POINT('',(-9.1,8.,8.));
#1149 = DIRECTION('',(0.,0.,1.));
#1150 = DIRECTION('',(1.,0.,-0.));
#1151 = ADVANCED_FACE('',(#1152),#1169,.T.);
#1152 = FACE_BOUND('',#1153,.T.);
#1153 = EDGE_LOOP('',(#1154,#1155,#1163));
#1154 = ORIENTED_EDGE('',*,*,#494,.F.);
#1155 = ORIENTED_EDGE('',*,*,#1156,.T.);
#1156 = EDGE_CURVE('',#495,#1157,#1159,.T.);
#1157 = VERTEX_POINT('',#1158);
#1158 = CARTESIAN_POINT('',(-11.,48.,10.5));
#1159 = LINE('',#1160,#1161);
#1160 = CARTESIAN_POINT('',(-8.49,48.,8.));
#1161 = VECTOR('',#1162,1.);
#1162 = DIRECTION('',(-0.708516760586,0.,0.705693984648));
#1163 = ORIENTED_EDGE('',*,*,#1164,.T.);
#1164 = EDGE_CURVE('',#1157,#497,#1165,.T.);
#1165 = LINE('',#1166,#1167);
#1166 = CARTESIAN_POINT('',(-11.,48.,10.5));
#1167 = VECTOR('',#1168,1.);
#1168 = DIRECTION('',(0.708516760586,0.,0.705693984648));
#1169 = PLANE('',#1170);
#1170 = AXIS2_PLACEMENT_3D('',#1171,#1172,#1173);
#1171 = CARTESIAN_POINT('',(-9.22577090105,48.,10.5));
#1172 = DIRECTION('',(0.,1.,0.));
#1173 = DIRECTION('',(0.,-0.,1.));
#1174 = ADVANCED_FACE('',(#1175),#1193,.F.);
#1175 = FACE_BOUND('',#1176,.F.);
#1176 = EDGE_LOOP('',(#1177,#1185,#1186,#1187));
#1177 = ORIENTED_EDGE('',*,*,#1178,.F.);
#1178 = EDGE_CURVE('',#505,#1179,#1181,.T.);
#1179 = VERTEX_POINT('',#1180);
#1180 = CARTESIAN_POINT('',(-11.,7.,10.5));
#1181 = LINE('',#1182,#1183);
#1182 = CARTESIAN_POINT('',(-8.49,7.,8.));
#1183 = VECTOR('',#1184,1.);
#1184 = DIRECTION('',(-0.708516760586,0.,0.705693984648));
#1185 = ORIENTED_EDGE('',*,*,#504,.F.);
#1186 = ORIENTED_EDGE('',*,*,#1156,.T.);
#1187 = ORIENTED_EDGE('',*,*,#1188,.F.);
#1188 = EDGE_CURVE('',#1179,#1157,#1189,.T.);
#1189 = LINE('',#1190,#1191);
#1190 = CARTESIAN_POINT('',(-11.,7.,10.5));
#1191 = VECTOR('',#1192,1.);
#1192 = DIRECTION('',(0.,1.,0.));
#1193 = PLANE('',#1194);
#1194 = AXIS2_PLACEMENT_3D('',#1195,#1196,#1197);
#1195 = CARTESIAN_POINT('',(-8.49,7.,8.));
#1196 = DIRECTION('',(0.705693984648,-0.,0.708516760586));
#1197 = DIRECTION('',(-0.708516760586,0.,0.705693984648));
#1198 = ADVANCED_FACE('',(#1199),#1210,.F.);
#1199 = FACE_BOUND('',#1200,.F.);
#1200 = EDGE_LOOP('',(#1201,#1207,#1208,#1209));
#1201 = ORIENTED_EDGE('',*,*,#1202,.F.);
#1202 = EDGE_CURVE('',#1179,#513,#1203,.T.);
#1203 = LINE('',#1204,#1205);
#1204 = CARTESIAN_POINT('',(-11.,7.,10.5));
#1205 = VECTOR('',#1206,1.);
#1206 = DIRECTION('',(0.708516760586,0.,0.705693984648));
#1207 = ORIENTED_EDGE('',*,*,#1188,.T.);
#1208 = ORIENTED_EDGE('',*,*,#1164,.T.);
#1209 = ORIENTED_EDGE('',*,*,#520,.F.);
#1210 = PLANE('',#1211);
#1211 = AXIS2_PLACEMENT_3D('',#1212,#1213,#1214);
#1212 = CARTESIAN_POINT('',(-11.,7.,10.5));
#1213 = DIRECTION('',(0.705693984648,0.,-0.708516760586));
#1214 = DIRECTION('',(0.708516760586,0.,0.705693984648));
#1215 = ADVANCED_FACE('',(#1216),#1221,.F.);
#1216 = FACE_BOUND('',#1217,.F.);
#1217 = EDGE_LOOP('',(#1218,#1219,#1220));
#1218 = ORIENTED_EDGE('',*,*,#512,.F.);
#1219 = ORIENTED_EDGE('',*,*,#1178,.T.);
#1220 = ORIENTED_EDGE('',*,*,#1202,.T.);
#1221 = PLANE('',#1222);
#1222 = AXIS2_PLACEMENT_3D('',#1223,#1224,#1225);
#1223 = CARTESIAN_POINT('',(-9.22577090105,7.,10.5));
#1224 = DIRECTION('',(0.,1.,0.));
#1225 = DIRECTION('',(0.,-0.,1.));
#1226 = ADVANCED_FACE('',(#1227),#1243,.T.);
#1227 = FACE_BOUND('',#1228,.T.);
#1228 = EDGE_LOOP('',(#1229,#1235,#1236,#1242));
#1229 = ORIENTED_EDGE('',*,*,#1230,.F.);
#1230 = EDGE_CURVE('',#529,#157,#1231,.T.);
#1231 = LINE('',#1232,#1233);
#1232 = CARTESIAN_POINT('',(-9.1,47.,13.5));
#1233 = VECTOR('',#1234,1.);
#1234 = DIRECTION('',(1.,0.,-0.));
#1235 = ORIENTED_EDGE('',*,*,#528,.T.);
#1236 = ORIENTED_EDGE('',*,*,#1237,.T.);
#1237 = EDGE_CURVE('',#531,#159,#1238,.T.);
#1238 = LINE('',#1239,#1240);
#1239 = CARTESIAN_POINT('',(-9.1,8.,13.5));
#1240 = VECTOR('',#1241,1.);
#1241 = DIRECTION('',(1.,0.,-0.));
#1242 = ORIENTED_EDGE('',*,*,#156,.F.);
#1243 = PLANE('',#1244);
#1244 = AXIS2_PLACEMENT_3D('',#1245,#1246,#1247);
#1245 = CARTESIAN_POINT('',(-9.1,8.,13.5));
#1246 = DIRECTION('',(0.,0.,1.));
#1247 = DIRECTION('',(1.,0.,-0.));
#1248 = ADVANCED_FACE('',(#1249),#1260,.F.);
#1249 = FACE_BOUND('',#1250,.F.);
#1250 = EDGE_LOOP('',(#1251,#1252,#1253,#1259));
#1251 = ORIENTED_EDGE('',*,*,#1230,.F.);
#1252 = ORIENTED_EDGE('',*,*,#554,.T.);
#1253 = ORIENTED_EDGE('',*,*,#1254,.T.);
#1254 = EDGE_CURVE('',#547,#175,#1255,.T.);
#1255 = LINE('',#1256,#1257);
#1256 = CARTESIAN_POINT('',(-9.1,47.,16.));
#1257 = VECTOR('',#1258,1.);
#1258 = DIRECTION('',(1.,0.,-0.));
#1259 = ORIENTED_EDGE('',*,*,#182,.F.);
#1260 = PLANE('',#1261);
#1261 = AXIS2_PLACEMENT_3D('',#1262,#1263,#1264);
#1262 = CARTESIAN_POINT('',(-9.1,47.,13.5));
#1263 = DIRECTION('',(-0.,1.,0.));
#1264 = DIRECTION('',(0.,0.,1.));
#1265 = ADVANCED_FACE('',(#1266),#1277,.F.);
#1266 = FACE_BOUND('',#1267,.F.);
#1267 = EDGE_LOOP('',(#1268,#1269,#1270,#1276));
#1268 = ORIENTED_EDGE('',*,*,#1254,.F.);
#1269 = ORIENTED_EDGE('',*,*,#546,.T.);
#1270 = ORIENTED_EDGE('',*,*,#1271,.T.);
#1271 = EDGE_CURVE('',#539,#167,#1272,.T.);
#1272 = LINE('',#1273,#1274);
#1273 = CARTESIAN_POINT('',(-9.1,8.,16.));
#1274 = VECTOR('',#1275,1.);
#1275 = DIRECTION('',(1.,0.,-0.));
#1276 = ORIENTED_EDGE('',*,*,#174,.F.);
#1277 = PLANE('',#1278);
#1278 = AXIS2_PLACEMENT_3D('',#1279,#1280,#1281);
#1279 = CARTESIAN_POINT('',(-9.1,8.,16.));
#1280 = DIRECTION('',(0.,0.,1.));
#1281 = DIRECTION('',(1.,0.,-0.));
#1282 = ADVANCED_FACE('',(#1283),#1289,.T.);
#1283 = FACE_BOUND('',#1284,.T.);
#1284 = EDGE_LOOP('',(#1285,#1286,#1287,#1288));
#1285 = ORIENTED_EDGE('',*,*,#1237,.F.);
#1286 = ORIENTED_EDGE('',*,*,#538,.T.);
#1287 = ORIENTED_EDGE('',*,*,#1271,.T.);
#1288 = ORIENTED_EDGE('',*,*,#166,.F.);
#1289 = PLANE('',#1290);
#1290 = AXIS2_PLACEMENT_3D('',#1291,#1292,#1293);
#1291 = CARTESIAN_POINT('',(-9.1,8.,13.5));
#1292 = DIRECTION('',(-0.,1.,0.));
#1293 = DIRECTION('',(0.,0.,1.));
#1294 = ADVANCED_FACE('',(#1295),#1312,.T.);
#1295 = FACE_BOUND('',#1296,.T.);
#1296 = EDGE_LOOP('',(#1297,#1298,#1306));
#1297 = ORIENTED_EDGE('',*,*,#562,.F.);
#1298 = ORIENTED_EDGE('',*,*,#1299,.T.);
#1299 = EDGE_CURVE('',#563,#1300,#1302,.T.);
#1300 = VERTEX_POINT('',#1301);
#1301 = CARTESIAN_POINT('',(-11.,48.,18.5));
#1302 = LINE('',#1303,#1304);
#1303 = CARTESIAN_POINT('',(-8.49,48.,16.));
#1304 = VECTOR('',#1305,1.);
#1305 = DIRECTION('',(-0.708516760586,0.,0.705693984648));
#1306 = ORIENTED_EDGE('',*,*,#1307,.T.);
#1307 = EDGE_CURVE('',#1300,#565,#1308,.T.);
#1308 = LINE('',#1309,#1310);
#1309 = CARTESIAN_POINT('',(-11.,48.,18.5));
#1310 = VECTOR('',#1311,1.);
#1311 = DIRECTION('',(0.708516760586,0.,0.705693984648));
#1312 = PLANE('',#1313);
#1313 = AXIS2_PLACEMENT_3D('',#1314,#1315,#1316);
#1314 = CARTESIAN_POINT('',(-9.22577090105,48.,18.5));
#1315 = DIRECTION('',(0.,1.,0.));
#1316 = DIRECTION('',(0.,-0.,1.));
#1317 = ADVANCED_FACE('',(#1318),#1336,.F.);
#1318 = FACE_BOUND('',#1319,.F.);
#1319 = EDGE_LOOP('',(#1320,#1328,#1329,#1330));
#1320 = ORIENTED_EDGE('',*,*,#1321,.F.);
#1321 = EDGE_CURVE('',#573,#1322,#1324,.T.);
#1322 = VERTEX_POINT('',#1323);
#1323 = CARTESIAN_POINT('',(-11.,7.,18.5));
#1324 = LINE('',#1325,#1326);
#1325 = CARTESIAN_POINT('',(-8.49,7.,16.));
#1326 = VECTOR('',#1327,1.);
#1327 = DIRECTION('',(-0.708516760586,0.,0.705693984648));
#1328 = ORIENTED_EDGE('',*,*,#572,.F.);
#1329 = ORIENTED_EDGE('',*,*,#1299,.T.);
#1330 = ORIENTED_EDGE('',*,*,#1331,.F.);
#1331 = EDGE_CURVE('',#1322,#1300,#1332,.T.);
#1332 = LINE('',#1333,#1334);
#1333 = CARTESIAN_POINT('',(-11.,7.,18.5));
#1334 = VECTOR('',#1335,1.);
#1335 = DIRECTION('',(0.,1.,0.));
#1336 = PLANE('',#1337);
#1337 = AXIS2_PLACEMENT_3D('',#1338,#1339,#1340);
#1338 = CARTESIAN_POINT('',(-8.49,7.,16.));
#1339 = DIRECTION('',(0.705693984648,-0.,0.708516760586));
#1340 = DIRECTION('',(-0.708516760586,0.,0.705693984648));
#1341 = ADVANCED_FACE('',(#1342),#1353,.F.);
#1342 = FACE_BOUND('',#1343,.F.);
#1343 = EDGE_LOOP('',(#1344,#1350,#1351,#1352));
#1344 = ORIENTED_EDGE('',*,*,#1345,.F.);
#1345 = EDGE_CURVE('',#1322,#581,#1346,.T.);
#1346 = LINE('',#1347,#1348);
#1347 = CARTESIAN_POINT('',(-11.,7.,18.5));
#1348 = VECTOR('',#1349,1.);
#1349 = DIRECTION('',(0.708516760586,0.,0.705693984648));
#1350 = ORIENTED_EDGE('',*,*,#1331,.T.);
#1351 = ORIENTED_EDGE('',*,*,#1307,.T.);
#1352 = ORIENTED_EDGE('',*,*,#588,.F.);
#1353 = PLANE('',#1354);
#1354 = AXIS2_PLACEMENT_3D('',#1355,#1356,#1357);
#1355 = CARTESIAN_POINT('',(-11.,7.,18.5));
#1356 = DIRECTION('',(0.705693984648,0.,-0.708516760586));
#1357 = DIRECTION('',(0.708516760586,0.,0.705693984648));
#1358 = ADVANCED_FACE('',(#1359),#1364,.F.);
#1359 = FACE_BOUND('',#1360,.F.);
#1360 = EDGE_LOOP('',(#1361,#1362,#1363));
#1361 = ORIENTED_EDGE('',*,*,#580,.F.);
#1362 = ORIENTED_EDGE('',*,*,#1321,.T.);
#1363 = ORIENTED_EDGE('',*,*,#1345,.T.);
#1364 = PLANE('',#1365);
#1365 = AXIS2_PLACEMENT_3D('',#1366,#1367,#1368);
#1366 = CARTESIAN_POINT('',(-9.22577090105,7.,18.5));
#1367 = DIRECTION('',(0.,1.,0.));
#1368 = DIRECTION('',(0.,-0.,1.));
#1369 = ADVANCED_FACE('',(#1370),#1386,.T.);
#1370 = FACE_BOUND('',#1371,.T.);
#1371 = EDGE_LOOP('',(#1372,#1378,#1379,#1385));
#1372 = ORIENTED_EDGE('',*,*,#1373,.F.);
#1373 = EDGE_CURVE('',#597,#191,#1374,.T.);
#1374 = LINE('',#1375,#1376);
#1375 = CARTESIAN_POINT('',(-9.1,52.09,24.6));
#1376 = VECTOR('',#1377,1.);
#1377 = DIRECTION('',(1.,0.,-0.));
#1378 = ORIENTED_EDGE('',*,*,#596,.T.);
#1379 = ORIENTED_EDGE('',*,*,#1380,.T.);
#1380 = EDGE_CURVE('',#599,#193,#1381,.T.);
#1381 = LINE('',#1382,#1383);
#1382 = CARTESIAN_POINT('',(-9.1,4.01,24.6));
#1383 = VECTOR('',#1384,1.);
#1384 = DIRECTION('',(1.,0.,-0.));
#1385 = ORIENTED_EDGE('',*,*,#190,.F.);
#1386 = PLANE('',#1387);
#1387 = AXIS2_PLACEMENT_3D('',#1388,#1389,#1390);
#1388 = CARTESIAN_POINT('',(-9.1,4.01,24.6));
#1389 = DIRECTION('',(0.,0.,1.));
#1390 = DIRECTION('',(1.,0.,-0.));
#1391 = ADVANCED_FACE('',(#1392),#1403,.F.);
#1392 = FACE_BOUND('',#1393,.F.);
#1393 = EDGE_LOOP('',(#1394,#1395,#1396,#1402));
#1394 = ORIENTED_EDGE('',*,*,#1373,.F.);
#1395 = ORIENTED_EDGE('',*,*,#622,.T.);
#1396 = ORIENTED_EDGE('',*,*,#1397,.T.);
#1397 = EDGE_CURVE('',#615,#209,#1398,.T.);
#1398 = LINE('',#1399,#1400);
#1399 = CARTESIAN_POINT('',(-9.1,52.09,40.15));
#1400 = VECTOR('',#1401,1.);
#1401 = DIRECTION('',(1.,0.,-0.));
#1402 = ORIENTED_EDGE('',*,*,#216,.F.);
#1403 = PLANE('',#1404);
#1404 = AXIS2_PLACEMENT_3D('',#1405,#1406,#1407);
#1405 = CARTESIAN_POINT('',(-9.1,52.09,24.6));
#1406 = DIRECTION('',(-0.,1.,0.));
#1407 = DIRECTION('',(0.,0.,1.));
#1408 = ADVANCED_FACE('',(#1409),#1420,.T.);
#1409 = FACE_BOUND('',#1410,.T.);
#1410 = EDGE_LOOP('',(#1411,#1412,#1413,#1419));
#1411 = ORIENTED_EDGE('',*,*,#1380,.F.);
#1412 = ORIENTED_EDGE('',*,*,#606,.T.);
#1413 = ORIENTED_EDGE('',*,*,#1414,.T.);
#1414 = EDGE_CURVE('',#607,#201,#1415,.T.);
#1415 = LINE('',#1416,#1417);
#1416 = CARTESIAN_POINT('',(-9.1,4.01,40.15));
#1417 = VECTOR('',#1418,1.);
#1418 = DIRECTION('',(1.,0.,-0.));
#1419 = ORIENTED_EDGE('',*,*,#200,.F.);
#1420 = PLANE('',#1421);
#1421 = AXIS2_PLACEMENT_3D('',#1422,#1423,#1424);
#1422 = CARTESIAN_POINT('',(-9.1,4.01,24.6));
#1423 = DIRECTION('',(-0.,1.,0.));
#1424 = DIRECTION('',(0.,0.,1.));
#1425 = ADVANCED_FACE('',(#1426),#1432,.F.);
#1426 = FACE_BOUND('',#1427,.F.);
#1427 = EDGE_LOOP('',(#1428,#1429,#1430,#1431));
#1428 = ORIENTED_EDGE('',*,*,#1397,.F.);
#1429 = ORIENTED_EDGE('',*,*,#614,.T.);
#1430 = ORIENTED_EDGE('',*,*,#1414,.T.);
#1431 = ORIENTED_EDGE('',*,*,#208,.F.);
#1432 = PLANE('',#1433);
#1433 = AXIS2_PLACEMENT_3D('',#1434,#1435,#1436);
#1434 = CARTESIAN_POINT('',(-9.1,4.01,40.15));
#1435 = DIRECTION('',(0.,0.,1.));
#1436 = DIRECTION('',(1.,0.,-0.));
#1437 = ADVANCED_FACE('',(#1438,#1463,#1497,#1531,#1565,#1599,#1633,
    #1667,#1701,#1735,#1769,#1803,#1837,#1871,#1905,#1939,#1973,#2007),
  #2041,.T.);
#1438 = FACE_BOUND('',#1439,.T.);
#1439 = EDGE_LOOP('',(#1440,#1448,#1449,#1457));
#1440 = ORIENTED_EDGE('',*,*,#1441,.F.);
#1441 = EDGE_CURVE('',#912,#1442,#1444,.T.);
#1442 = VERTEX_POINT('',#1443);
#1443 = CARTESIAN_POINT('',(87.1,76.7,-7.5));
#1444 = LINE('',#1445,#1446);
#1445 = CARTESIAN_POINT('',(-8.5,76.7,-7.5));
#1446 = VECTOR('',#1447,1.);
#1447 = DIRECTION('',(1.,0.,-0.));
#1448 = ORIENTED_EDGE('',*,*,#920,.T.);
#1449 = ORIENTED_EDGE('',*,*,#1450,.T.);
#1450 = EDGE_CURVE('',#921,#1451,#1453,.T.);
#1451 = VERTEX_POINT('',#1452);
#1452 = CARTESIAN_POINT('',(87.1,76.7,44.8));
#1453 = LINE('',#1454,#1455);
#1454 = CARTESIAN_POINT('',(-8.5,76.7,44.8));
#1455 = VECTOR('',#1456,1.);
#1456 = DIRECTION('',(1.,0.,-0.));
#1457 = ORIENTED_EDGE('',*,*,#1458,.F.);
#1458 = EDGE_CURVE('',#1442,#1451,#1459,.T.);
#1459 = LINE('',#1460,#1461);
#1460 = CARTESIAN_POINT('',(87.1,76.7,-7.5));
#1461 = VECTOR('',#1462,1.);
#1462 = DIRECTION('',(0.,0.,1.));
#1463 = FACE_BOUND('',#1464,.T.);
#1464 = EDGE_LOOP('',(#1465,#1475,#1483,#1491));
#1465 = ORIENTED_EDGE('',*,*,#1466,.F.);
#1466 = EDGE_CURVE('',#1467,#1469,#1471,.T.);
#1467 = VERTEX_POINT('',#1468);
#1468 = CARTESIAN_POINT('',(3.,76.7,0.));
#1469 = VERTEX_POINT('',#1470);
#1470 = CARTESIAN_POINT('',(34.,76.7,0.));
#1471 = LINE('',#1472,#1473);
#1472 = CARTESIAN_POINT('',(-2.75,76.7,0.));
#1473 = VECTOR('',#1474,1.);
#1474 = DIRECTION('',(1.,0.,-0.));
#1475 = ORIENTED_EDGE('',*,*,#1476,.T.);
#1476 = EDGE_CURVE('',#1467,#1477,#1479,.T.);
#1477 = VERTEX_POINT('',#1478);
#1478 = CARTESIAN_POINT('',(3.,76.7,-2.5));
#1479 = LINE('',#1480,#1481);
#1480 = CARTESIAN_POINT('',(3.,76.7,-5.));
#1481 = VECTOR('',#1482,1.);
#1482 = DIRECTION('',(-0.,0.,-1.));
#1483 = ORIENTED_EDGE('',*,*,#1484,.T.);
#1484 = EDGE_CURVE('',#1477,#1485,#1487,.T.);
#1485 = VERTEX_POINT('',#1486);
#1486 = CARTESIAN_POINT('',(34.,76.7,-2.5));
#1487 = LINE('',#1488,#1489);
#1488 = CARTESIAN_POINT('',(-2.75,76.7,-2.5));
#1489 = VECTOR('',#1490,1.);
#1490 = DIRECTION('',(1.,0.,-0.));
#1491 = ORIENTED_EDGE('',*,*,#1492,.F.);
#1492 = EDGE_CURVE('',#1469,#1485,#1493,.T.);
#1493 = LINE('',#1494,#1495);
#1494 = CARTESIAN_POINT('',(34.,76.7,-5.));
#1495 = VECTOR('',#1496,1.);
#1496 = DIRECTION('',(-0.,0.,-1.));
#1497 = FACE_BOUND('',#1498,.T.);
#1498 = EDGE_LOOP('',(#1499,#1509,#1517,#1525));
#1499 = ORIENTED_EDGE('',*,*,#1500,.T.);
#1500 = EDGE_CURVE('',#1501,#1503,#1505,.T.);
#1501 = VERTEX_POINT('',#1502);
#1502 = CARTESIAN_POINT('',(2.,76.7,4.990039840637));
#1503 = VERTEX_POINT('',#1504);
#1504 = CARTESIAN_POINT('',(2.,76.7,9.960159362555E-03));
#1505 = LINE('',#1506,#1507);
#1506 = CARTESIAN_POINT('',(2.,76.7,-2.5));
#1507 = VECTOR('',#1508,1.);
#1508 = DIRECTION('',(0.,0.,-1.));
#1509 = ORIENTED_EDGE('',*,*,#1510,.T.);
#1510 = EDGE_CURVE('',#1503,#1511,#1513,.T.);
#1511 = VERTEX_POINT('',#1512);
#1512 = CARTESIAN_POINT('',(35.,76.7,9.960159362555E-03));
#1513 = LINE('',#1514,#1515);
#1514 = CARTESIAN_POINT('',(-3.25,76.7,9.960159362556E-03));
#1515 = VECTOR('',#1516,1.);
#1516 = DIRECTION('',(1.,0.,0.));
#1517 = ORIENTED_EDGE('',*,*,#1518,.F.);
#1518 = EDGE_CURVE('',#1519,#1511,#1521,.T.);
#1519 = VERTEX_POINT('',#1520);
#1520 = CARTESIAN_POINT('',(35.,76.7,4.990039840637));
#1521 = LINE('',#1522,#1523);
#1522 = CARTESIAN_POINT('',(35.,76.7,-2.5));
#1523 = VECTOR('',#1524,1.);
#1524 = DIRECTION('',(0.,0.,-1.));
#1525 = ORIENTED_EDGE('',*,*,#1526,.T.);
#1526 = EDGE_CURVE('',#1519,#1501,#1527,.T.);
#1527 = LINE('',#1528,#1529);
#1528 = CARTESIAN_POINT('',(-3.25,76.7,4.990039840637));
#1529 = VECTOR('',#1530,1.);
#1530 = DIRECTION('',(-1.,0.,0.));
#1531 = FACE_BOUND('',#1532,.T.);
#1532 = EDGE_LOOP('',(#1533,#1543,#1551,#1559));
#1533 = ORIENTED_EDGE('',*,*,#1534,.F.);
#1534 = EDGE_CURVE('',#1535,#1537,#1539,.T.);
#1535 = VERTEX_POINT('',#1536);
#1536 = CARTESIAN_POINT('',(3.,76.7,8.));
#1537 = VERTEX_POINT('',#1538);
#1538 = CARTESIAN_POINT('',(34.,76.7,8.));
#1539 = LINE('',#1540,#1541);
#1540 = CARTESIAN_POINT('',(-2.75,76.7,8.));
#1541 = VECTOR('',#1542,1.);
#1542 = DIRECTION('',(1.,0.,-0.));
#1543 = ORIENTED_EDGE('',*,*,#1544,.T.);
#1544 = EDGE_CURVE('',#1535,#1545,#1547,.T.);
#1545 = VERTEX_POINT('',#1546);
#1546 = CARTESIAN_POINT('',(3.,76.7,5.5));
#1547 = LINE('',#1548,#1549);
#1548 = CARTESIAN_POINT('',(3.,76.7,-1.));
#1549 = VECTOR('',#1550,1.);
#1550 = DIRECTION('',(-0.,0.,-1.));
#1551 = ORIENTED_EDGE('',*,*,#1552,.T.);
#1552 = EDGE_CURVE('',#1545,#1553,#1555,.T.);
#1553 = VERTEX_POINT('',#1554);
#1554 = CARTESIAN_POINT('',(34.,76.7,5.5));
#1555 = LINE('',#1556,#1557);
#1556 = CARTESIAN_POINT('',(-2.75,76.7,5.5));
#1557 = VECTOR('',#1558,1.);
#1558 = DIRECTION('',(1.,0.,-0.));
#1559 = ORIENTED_EDGE('',*,*,#1560,.F.);
#1560 = EDGE_CURVE('',#1537,#1553,#1561,.T.);
#1561 = LINE('',#1562,#1563);
#1562 = CARTESIAN_POINT('',(34.,76.7,-1.));
#1563 = VECTOR('',#1564,1.);
#1564 = DIRECTION('',(-0.,0.,-1.));
#1565 = FACE_BOUND('',#1566,.T.);
#1566 = EDGE_LOOP('',(#1567,#1577,#1585,#1593));
#1567 = ORIENTED_EDGE('',*,*,#1568,.T.);
#1568 = EDGE_CURVE('',#1569,#1571,#1573,.T.);
#1569 = VERTEX_POINT('',#1570);
#1570 = CARTESIAN_POINT('',(2.,76.7,12.990039840637));
#1571 = VERTEX_POINT('',#1572);
#1572 = CARTESIAN_POINT('',(2.,76.7,8.009960159363));
#1573 = LINE('',#1574,#1575);
#1574 = CARTESIAN_POINT('',(2.,76.7,1.5));
#1575 = VECTOR('',#1576,1.);
#1576 = DIRECTION('',(0.,0.,-1.));
#1577 = ORIENTED_EDGE('',*,*,#1578,.T.);
#1578 = EDGE_CURVE('',#1571,#1579,#1581,.T.);
#1579 = VERTEX_POINT('',#1580);
#1580 = CARTESIAN_POINT('',(35.,76.7,8.009960159363));
#1581 = LINE('',#1582,#1583);
#1582 = CARTESIAN_POINT('',(-3.25,76.7,8.009960159363));
#1583 = VECTOR('',#1584,1.);
#1584 = DIRECTION('',(1.,0.,0.));
#1585 = ORIENTED_EDGE('',*,*,#1586,.F.);
#1586 = EDGE_CURVE('',#1587,#1579,#1589,.T.);
#1587 = VERTEX_POINT('',#1588);
#1588 = CARTESIAN_POINT('',(35.,76.7,12.990039840637));
#1589 = LINE('',#1590,#1591);
#1590 = CARTESIAN_POINT('',(35.,76.7,1.5));
#1591 = VECTOR('',#1592,1.);
#1592 = DIRECTION('',(0.,0.,-1.));
#1593 = ORIENTED_EDGE('',*,*,#1594,.T.);
#1594 = EDGE_CURVE('',#1587,#1569,#1595,.T.);
#1595 = LINE('',#1596,#1597);
#1596 = CARTESIAN_POINT('',(-3.25,76.7,12.990039840637));
#1597 = VECTOR('',#1598,1.);
#1598 = DIRECTION('',(-1.,0.,0.));
#1599 = FACE_BOUND('',#1600,.T.);
#1600 = EDGE_LOOP('',(#1601,#1611,#1619,#1627));
#1601 = ORIENTED_EDGE('',*,*,#1602,.F.);
#1602 = EDGE_CURVE('',#1603,#1605,#1607,.T.);
#1603 = VERTEX_POINT('',#1604);
#1604 = CARTESIAN_POINT('',(3.,76.7,16.));
#1605 = VERTEX_POINT('',#1606);
#1606 = CARTESIAN_POINT('',(34.,76.7,16.));
#1607 = LINE('',#1608,#1609);
#1608 = CARTESIAN_POINT('',(-2.75,76.7,16.));
#1609 = VECTOR('',#1610,1.);
#1610 = DIRECTION('',(1.,0.,-0.));
#1611 = ORIENTED_EDGE('',*,*,#1612,.T.);
#1612 = EDGE_CURVE('',#1603,#1613,#1615,.T.);
#1613 = VERTEX_POINT('',#1614);
#1614 = CARTESIAN_POINT('',(3.,76.7,13.5));
#1615 = LINE('',#1616,#1617);
#1616 = CARTESIAN_POINT('',(3.,76.7,3.));
#1617 = VECTOR('',#1618,1.);
#1618 = DIRECTION('',(-0.,0.,-1.));
#1619 = ORIENTED_EDGE('',*,*,#1620,.T.);
#1620 = EDGE_CURVE('',#1613,#1621,#1623,.T.);
#1621 = VERTEX_POINT('',#1622);
#1622 = CARTESIAN_POINT('',(34.,76.7,13.5));
#1623 = LINE('',#1624,#1625);
#1624 = CARTESIAN_POINT('',(-2.75,76.7,13.5));
#1625 = VECTOR('',#1626,1.);
#1626 = DIRECTION('',(1.,0.,-0.));
#1627 = ORIENTED_EDGE('',*,*,#1628,.F.);
#1628 = EDGE_CURVE('',#1605,#1621,#1629,.T.);
#1629 = LINE('',#1630,#1631);
#1630 = CARTESIAN_POINT('',(34.,76.7,3.));
#1631 = VECTOR('',#1632,1.);
#1632 = DIRECTION('',(-0.,0.,-1.));
#1633 = FACE_BOUND('',#1634,.T.);
#1634 = EDGE_LOOP('',(#1635,#1645,#1653,#1661));
#1635 = ORIENTED_EDGE('',*,*,#1636,.T.);
#1636 = EDGE_CURVE('',#1637,#1639,#1641,.T.);
#1637 = VERTEX_POINT('',#1638);
#1638 = CARTESIAN_POINT('',(2.,76.7,20.990039840637));
#1639 = VERTEX_POINT('',#1640);
#1640 = CARTESIAN_POINT('',(2.,76.7,16.009960159363));
#1641 = LINE('',#1642,#1643);
#1642 = CARTESIAN_POINT('',(2.,76.7,5.5));
#1643 = VECTOR('',#1644,1.);
#1644 = DIRECTION('',(0.,0.,-1.));
#1645 = ORIENTED_EDGE('',*,*,#1646,.T.);
#1646 = EDGE_CURVE('',#1639,#1647,#1649,.T.);
#1647 = VERTEX_POINT('',#1648);
#1648 = CARTESIAN_POINT('',(35.,76.7,16.009960159363));
#1649 = LINE('',#1650,#1651);
#1650 = CARTESIAN_POINT('',(-3.25,76.7,16.009960159363));
#1651 = VECTOR('',#1652,1.);
#1652 = DIRECTION('',(1.,0.,0.));
#1653 = ORIENTED_EDGE('',*,*,#1654,.F.);
#1654 = EDGE_CURVE('',#1655,#1647,#1657,.T.);
#1655 = VERTEX_POINT('',#1656);
#1656 = CARTESIAN_POINT('',(35.,76.7,20.990039840637));
#1657 = LINE('',#1658,#1659);
#1658 = CARTESIAN_POINT('',(35.,76.7,5.5));
#1659 = VECTOR('',#1660,1.);
#1660 = DIRECTION('',(0.,0.,-1.));
#1661 = ORIENTED_EDGE('',*,*,#1662,.T.);
#1662 = EDGE_CURVE('',#1655,#1637,#1663,.T.);
#1663 = LINE('',#1664,#1665);
#1664 = CARTESIAN_POINT('',(-3.25,76.7,20.990039840637));
#1665 = VECTOR('',#1666,1.);
#1666 = DIRECTION('',(-1.,0.,0.));
#1667 = FACE_BOUND('',#1668,.T.);
#1668 = EDGE_LOOP('',(#1669,#1679,#1687,#1695));
#1669 = ORIENTED_EDGE('',*,*,#1670,.F.);
#1670 = EDGE_CURVE('',#1671,#1673,#1675,.T.);
#1671 = VERTEX_POINT('',#1672);
#1672 = CARTESIAN_POINT('',(68.,76.7,0.));
#1673 = VERTEX_POINT('',#1674);
#1674 = CARTESIAN_POINT('',(85.,76.7,0.));
#1675 = LINE('',#1676,#1677);
#1676 = CARTESIAN_POINT('',(29.75,76.7,0.));
#1677 = VECTOR('',#1678,1.);
#1678 = DIRECTION('',(1.,0.,-0.));
#1679 = ORIENTED_EDGE('',*,*,#1680,.T.);
#1680 = EDGE_CURVE('',#1671,#1681,#1683,.T.);
#1681 = VERTEX_POINT('',#1682);
#1682 = CARTESIAN_POINT('',(68.,76.7,-2.5));
#1683 = LINE('',#1684,#1685);
#1684 = CARTESIAN_POINT('',(68.,76.7,-5.));
#1685 = VECTOR('',#1686,1.);
#1686 = DIRECTION('',(-0.,0.,-1.));
#1687 = ORIENTED_EDGE('',*,*,#1688,.T.);
#1688 = EDGE_CURVE('',#1681,#1689,#1691,.T.);
#1689 = VERTEX_POINT('',#1690);
#1690 = CARTESIAN_POINT('',(85.,76.7,-2.5));
#1691 = LINE('',#1692,#1693);
#1692 = CARTESIAN_POINT('',(29.75,76.7,-2.5));
#1693 = VECTOR('',#1694,1.);
#1694 = DIRECTION('',(1.,0.,-0.));
#1695 = ORIENTED_EDGE('',*,*,#1696,.F.);
#1696 = EDGE_CURVE('',#1673,#1689,#1697,.T.);
#1697 = LINE('',#1698,#1699);
#1698 = CARTESIAN_POINT('',(85.,76.7,-5.));
#1699 = VECTOR('',#1700,1.);
#1700 = DIRECTION('',(-0.,0.,-1.));
#1701 = FACE_BOUND('',#1702,.T.);
#1702 = EDGE_LOOP('',(#1703,#1713,#1721,#1729));
#1703 = ORIENTED_EDGE('',*,*,#1704,.T.);
#1704 = EDGE_CURVE('',#1705,#1707,#1709,.T.);
#1705 = VERTEX_POINT('',#1706);
#1706 = CARTESIAN_POINT('',(67.,76.7,4.990039840637));
#1707 = VERTEX_POINT('',#1708);
#1708 = CARTESIAN_POINT('',(67.,76.7,9.960159362555E-03));
#1709 = LINE('',#1710,#1711);
#1710 = CARTESIAN_POINT('',(67.,76.7,-2.5));
#1711 = VECTOR('',#1712,1.);
#1712 = DIRECTION('',(0.,0.,-1.));
#1713 = ORIENTED_EDGE('',*,*,#1714,.T.);
#1714 = EDGE_CURVE('',#1707,#1715,#1717,.T.);
#1715 = VERTEX_POINT('',#1716);
#1716 = CARTESIAN_POINT('',(86.,76.7,9.960159362555E-03));
#1717 = LINE('',#1718,#1719);
#1718 = CARTESIAN_POINT('',(29.25,76.7,9.960159362556E-03));
#1719 = VECTOR('',#1720,1.);
#1720 = DIRECTION('',(1.,0.,0.));
#1721 = ORIENTED_EDGE('',*,*,#1722,.F.);
#1722 = EDGE_CURVE('',#1723,#1715,#1725,.T.);
#1723 = VERTEX_POINT('',#1724);
#1724 = CARTESIAN_POINT('',(86.,76.7,4.990039840637));
#1725 = LINE('',#1726,#1727);
#1726 = CARTESIAN_POINT('',(86.,76.7,-2.5));
#1727 = VECTOR('',#1728,1.);
#1728 = DIRECTION('',(0.,0.,-1.));
#1729 = ORIENTED_EDGE('',*,*,#1730,.T.);
#1730 = EDGE_CURVE('',#1723,#1705,#1731,.T.);
#1731 = LINE('',#1732,#1733);
#1732 = CARTESIAN_POINT('',(29.25,76.7,4.990039840637));
#1733 = VECTOR('',#1734,1.);
#1734 = DIRECTION('',(-1.,0.,0.));
#1735 = FACE_BOUND('',#1736,.T.);
#1736 = EDGE_LOOP('',(#1737,#1747,#1755,#1763));
#1737 = ORIENTED_EDGE('',*,*,#1738,.F.);
#1738 = EDGE_CURVE('',#1739,#1741,#1743,.T.);
#1739 = VERTEX_POINT('',#1740);
#1740 = CARTESIAN_POINT('',(68.,76.7,8.));
#1741 = VERTEX_POINT('',#1742);
#1742 = CARTESIAN_POINT('',(85.,76.7,8.));
#1743 = LINE('',#1744,#1745);
#1744 = CARTESIAN_POINT('',(29.75,76.7,8.));
#1745 = VECTOR('',#1746,1.);
#1746 = DIRECTION('',(1.,0.,-0.));
#1747 = ORIENTED_EDGE('',*,*,#1748,.T.);
#1748 = EDGE_CURVE('',#1739,#1749,#1751,.T.);
#1749 = VERTEX_POINT('',#1750);
#1750 = CARTESIAN_POINT('',(68.,76.7,5.5));
#1751 = LINE('',#1752,#1753);
#1752 = CARTESIAN_POINT('',(68.,76.7,-1.));
#1753 = VECTOR('',#1754,1.);
#1754 = DIRECTION('',(-0.,0.,-1.));
#1755 = ORIENTED_EDGE('',*,*,#1756,.T.);
#1756 = EDGE_CURVE('',#1749,#1757,#1759,.T.);
#1757 = VERTEX_POINT('',#1758);
#1758 = CARTESIAN_POINT('',(85.,76.7,5.5));
#1759 = LINE('',#1760,#1761);
#1760 = CARTESIAN_POINT('',(29.75,76.7,5.5));
#1761 = VECTOR('',#1762,1.);
#1762 = DIRECTION('',(1.,0.,-0.));
#1763 = ORIENTED_EDGE('',*,*,#1764,.F.);
#1764 = EDGE_CURVE('',#1741,#1757,#1765,.T.);
#1765 = LINE('',#1766,#1767);
#1766 = CARTESIAN_POINT('',(85.,76.7,-1.));
#1767 = VECTOR('',#1768,1.);
#1768 = DIRECTION('',(-0.,0.,-1.));
#1769 = FACE_BOUND('',#1770,.T.);
#1770 = EDGE_LOOP('',(#1771,#1781,#1789,#1797));
#1771 = ORIENTED_EDGE('',*,*,#1772,.T.);
#1772 = EDGE_CURVE('',#1773,#1775,#1777,.T.);
#1773 = VERTEX_POINT('',#1774);
#1774 = CARTESIAN_POINT('',(67.,76.7,12.990039840637));
#1775 = VERTEX_POINT('',#1776);
#1776 = CARTESIAN_POINT('',(67.,76.7,8.009960159363));
#1777 = LINE('',#1778,#1779);
#1778 = CARTESIAN_POINT('',(67.,76.7,1.5));
#1779 = VECTOR('',#1780,1.);
#1780 = DIRECTION('',(0.,0.,-1.));
#1781 = ORIENTED_EDGE('',*,*,#1782,.T.);
#1782 = EDGE_CURVE('',#1775,#1783,#1785,.T.);
#1783 = VERTEX_POINT('',#1784);
#1784 = CARTESIAN_POINT('',(86.,76.7,8.009960159363));
#1785 = LINE('',#1786,#1787);
#1786 = CARTESIAN_POINT('',(29.25,76.7,8.009960159363));
#1787 = VECTOR('',#1788,1.);
#1788 = DIRECTION('',(1.,0.,0.));
#1789 = ORIENTED_EDGE('',*,*,#1790,.F.);
#1790 = EDGE_CURVE('',#1791,#1783,#1793,.T.);
#1791 = VERTEX_POINT('',#1792);
#1792 = CARTESIAN_POINT('',(86.,76.7,12.990039840637));
#1793 = LINE('',#1794,#1795);
#1794 = CARTESIAN_POINT('',(86.,76.7,1.5));
#1795 = VECTOR('',#1796,1.);
#1796 = DIRECTION('',(0.,0.,-1.));
#1797 = ORIENTED_EDGE('',*,*,#1798,.T.);
#1798 = EDGE_CURVE('',#1791,#1773,#1799,.T.);
#1799 = LINE('',#1800,#1801);
#1800 = CARTESIAN_POINT('',(29.25,76.7,12.990039840637));
#1801 = VECTOR('',#1802,1.);
#1802 = DIRECTION('',(-1.,0.,0.));
#1803 = FACE_BOUND('',#1804,.T.);
#1804 = EDGE_LOOP('',(#1805,#1815,#1823,#1831));
#1805 = ORIENTED_EDGE('',*,*,#1806,.F.);
#1806 = EDGE_CURVE('',#1807,#1809,#1811,.T.);
#1807 = VERTEX_POINT('',#1808);
#1808 = CARTESIAN_POINT('',(68.,76.7,16.));
#1809 = VERTEX_POINT('',#1810);
#1810 = CARTESIAN_POINT('',(85.,76.7,16.));
#1811 = LINE('',#1812,#1813);
#1812 = CARTESIAN_POINT('',(29.75,76.7,16.));
#1813 = VECTOR('',#1814,1.);
#1814 = DIRECTION('',(1.,0.,-0.));
#1815 = ORIENTED_EDGE('',*,*,#1816,.T.);
#1816 = EDGE_CURVE('',#1807,#1817,#1819,.T.);
#1817 = VERTEX_POINT('',#1818);
#1818 = CARTESIAN_POINT('',(68.,76.7,13.5));
#1819 = LINE('',#1820,#1821);
#1820 = CARTESIAN_POINT('',(68.,76.7,3.));
#1821 = VECTOR('',#1822,1.);
#1822 = DIRECTION('',(-0.,0.,-1.));
#1823 = ORIENTED_EDGE('',*,*,#1824,.T.);
#1824 = EDGE_CURVE('',#1817,#1825,#1827,.T.);
#1825 = VERTEX_POINT('',#1826);
#1826 = CARTESIAN_POINT('',(85.,76.7,13.5));
#1827 = LINE('',#1828,#1829);
#1828 = CARTESIAN_POINT('',(29.75,76.7,13.5));
#1829 = VECTOR('',#1830,1.);
#1830 = DIRECTION('',(1.,0.,-0.));
#1831 = ORIENTED_EDGE('',*,*,#1832,.F.);
#1832 = EDGE_CURVE('',#1809,#1825,#1833,.T.);
#1833 = LINE('',#1834,#1835);
#1834 = CARTESIAN_POINT('',(85.,76.7,3.));
#1835 = VECTOR('',#1836,1.);
#1836 = DIRECTION('',(-0.,0.,-1.));
#1837 = FACE_BOUND('',#1838,.T.);
#1838 = EDGE_LOOP('',(#1839,#1849,#1857,#1865));
#1839 = ORIENTED_EDGE('',*,*,#1840,.T.);
#1840 = EDGE_CURVE('',#1841,#1843,#1845,.T.);
#1841 = VERTEX_POINT('',#1842);
#1842 = CARTESIAN_POINT('',(67.,76.7,20.990039840637));
#1843 = VERTEX_POINT('',#1844);
#1844 = CARTESIAN_POINT('',(67.,76.7,16.009960159363));
#1845 = LINE('',#1846,#1847);
#1846 = CARTESIAN_POINT('',(67.,76.7,5.5));
#1847 = VECTOR('',#1848,1.);
#1848 = DIRECTION('',(0.,0.,-1.));
#1849 = ORIENTED_EDGE('',*,*,#1850,.T.);
#1850 = EDGE_CURVE('',#1843,#1851,#1853,.T.);
#1851 = VERTEX_POINT('',#1852);
#1852 = CARTESIAN_POINT('',(86.,76.7,16.009960159363));
#1853 = LINE('',#1854,#1855);
#1854 = CARTESIAN_POINT('',(29.25,76.7,16.009960159363));
#1855 = VECTOR('',#1856,1.);
#1856 = DIRECTION('',(1.,0.,0.));
#1857 = ORIENTED_EDGE('',*,*,#1858,.F.);
#1858 = EDGE_CURVE('',#1859,#1851,#1861,.T.);
#1859 = VERTEX_POINT('',#1860);
#1860 = CARTESIAN_POINT('',(86.,76.7,20.990039840637));
#1861 = LINE('',#1862,#1863);
#1862 = CARTESIAN_POINT('',(86.,76.7,5.5));
#1863 = VECTOR('',#1864,1.);
#1864 = DIRECTION('',(0.,0.,-1.));
#1865 = ORIENTED_EDGE('',*,*,#1866,.T.);
#1866 = EDGE_CURVE('',#1859,#1841,#1867,.T.);
#1867 = LINE('',#1868,#1869);
#1868 = CARTESIAN_POINT('',(29.25,76.7,20.990039840637));
#1869 = VECTOR('',#1870,1.);
#1870 = DIRECTION('',(-1.,0.,0.));
#1871 = FACE_BOUND('',#1872,.T.);
#1872 = EDGE_LOOP('',(#1873,#1883,#1891,#1899));
#1873 = ORIENTED_EDGE('',*,*,#1874,.F.);
#1874 = EDGE_CURVE('',#1875,#1877,#1879,.T.);
#1875 = VERTEX_POINT('',#1876);
#1876 = CARTESIAN_POINT('',(37.35,76.7,41.3));
#1877 = VERTEX_POINT('',#1878);
#1878 = CARTESIAN_POINT('',(55.75,76.7,41.3));
#1879 = LINE('',#1880,#1881);
#1880 = CARTESIAN_POINT('',(14.425,76.7,41.3));
#1881 = VECTOR('',#1882,1.);
#1882 = DIRECTION('',(1.,0.,-0.));
#1883 = ORIENTED_EDGE('',*,*,#1884,.T.);
#1884 = EDGE_CURVE('',#1875,#1885,#1887,.T.);
#1885 = VERTEX_POINT('',#1886);
#1886 = CARTESIAN_POINT('',(37.35,76.7,26.6));
#1887 = LINE('',#1888,#1889);
#1888 = CARTESIAN_POINT('',(37.35,76.7,9.55));
#1889 = VECTOR('',#1890,1.);
#1890 = DIRECTION('',(-0.,0.,-1.));
#1891 = ORIENTED_EDGE('',*,*,#1892,.T.);
#1892 = EDGE_CURVE('',#1885,#1893,#1895,.T.);
#1893 = VERTEX_POINT('',#1894);
#1894 = CARTESIAN_POINT('',(55.75,76.7,26.6));
#1895 = LINE('',#1896,#1897);
#1896 = CARTESIAN_POINT('',(14.425,76.7,26.6));
#1897 = VECTOR('',#1898,1.);
#1898 = DIRECTION('',(1.,0.,-0.));
#1899 = ORIENTED_EDGE('',*,*,#1900,.F.);
#1900 = EDGE_CURVE('',#1877,#1893,#1901,.T.);
#1901 = LINE('',#1902,#1903);
#1902 = CARTESIAN_POINT('',(55.75,76.7,9.55));
#1903 = VECTOR('',#1904,1.);
#1904 = DIRECTION('',(-0.,0.,-1.));
#1905 = FACE_BOUND('',#1906,.T.);
#1906 = EDGE_LOOP('',(#1907,#1917,#1925,#1933));
#1907 = ORIENTED_EDGE('',*,*,#1908,.F.);
#1908 = EDGE_CURVE('',#1909,#1911,#1913,.T.);
#1909 = VERTEX_POINT('',#1910);
#1910 = CARTESIAN_POINT('',(68.,76.7,24.));
#1911 = VERTEX_POINT('',#1912);
#1912 = CARTESIAN_POINT('',(85.,76.7,24.));
#1913 = LINE('',#1914,#1915);
#1914 = CARTESIAN_POINT('',(29.75,76.7,24.));
#1915 = VECTOR('',#1916,1.);
#1916 = DIRECTION('',(1.,0.,-0.));
#1917 = ORIENTED_EDGE('',*,*,#1918,.T.);
#1918 = EDGE_CURVE('',#1909,#1919,#1921,.T.);
#1919 = VERTEX_POINT('',#1920);
#1920 = CARTESIAN_POINT('',(68.,76.7,21.5));
#1921 = LINE('',#1922,#1923);
#1922 = CARTESIAN_POINT('',(68.,76.7,7.));
#1923 = VECTOR('',#1924,1.);
#1924 = DIRECTION('',(-0.,0.,-1.));
#1925 = ORIENTED_EDGE('',*,*,#1926,.T.);
#1926 = EDGE_CURVE('',#1919,#1927,#1929,.T.);
#1927 = VERTEX_POINT('',#1928);
#1928 = CARTESIAN_POINT('',(85.,76.7,21.5));
#1929 = LINE('',#1930,#1931);
#1930 = CARTESIAN_POINT('',(29.75,76.7,21.5));
#1931 = VECTOR('',#1932,1.);
#1932 = DIRECTION('',(1.,0.,-0.));
#1933 = ORIENTED_EDGE('',*,*,#1934,.F.);
#1934 = EDGE_CURVE('',#1911,#1927,#1935,.T.);
#1935 = LINE('',#1936,#1937);
#1936 = CARTESIAN_POINT('',(85.,76.7,7.));
#1937 = VECTOR('',#1938,1.);
#1938 = DIRECTION('',(-0.,0.,-1.));
#1939 = FACE_BOUND('',#1940,.T.);
#1940 = EDGE_LOOP('',(#1941,#1951,#1959,#1967));
#1941 = ORIENTED_EDGE('',*,*,#1942,.T.);
#1942 = EDGE_CURVE('',#1943,#1945,#1947,.T.);
#1943 = VERTEX_POINT('',#1944);
#1944 = CARTESIAN_POINT('',(67.,76.7,28.990039840637));
#1945 = VERTEX_POINT('',#1946);
#1946 = CARTESIAN_POINT('',(67.,76.7,24.009960159363));
#1947 = LINE('',#1948,#1949);
#1948 = CARTESIAN_POINT('',(67.,76.7,9.5));
#1949 = VECTOR('',#1950,1.);
#1950 = DIRECTION('',(0.,0.,-1.));
#1951 = ORIENTED_EDGE('',*,*,#1952,.T.);
#1952 = EDGE_CURVE('',#1945,#1953,#1955,.T.);
#1953 = VERTEX_POINT('',#1954);
#1954 = CARTESIAN_POINT('',(86.,76.7,24.009960159363));
#1955 = LINE('',#1956,#1957);
#1956 = CARTESIAN_POINT('',(29.25,76.7,24.009960159363));
#1957 = VECTOR('',#1958,1.);
#1958 = DIRECTION('',(1.,0.,0.));
#1959 = ORIENTED_EDGE('',*,*,#1960,.F.);
#1960 = EDGE_CURVE('',#1961,#1953,#1963,.T.);
#1961 = VERTEX_POINT('',#1962);
#1962 = CARTESIAN_POINT('',(86.,76.7,28.990039840637));
#1963 = LINE('',#1964,#1965);
#1964 = CARTESIAN_POINT('',(86.,76.7,9.5));
#1965 = VECTOR('',#1966,1.);
#1966 = DIRECTION('',(0.,0.,-1.));
#1967 = ORIENTED_EDGE('',*,*,#1968,.T.);
#1968 = EDGE_CURVE('',#1961,#1943,#1969,.T.);
#1969 = LINE('',#1970,#1971);
#1970 = CARTESIAN_POINT('',(29.25,76.7,28.990039840637));
#1971 = VECTOR('',#1972,1.);
#1972 = DIRECTION('',(-1.,0.,0.));
#1973 = FACE_BOUND('',#1974,.T.);
#1974 = EDGE_LOOP('',(#1975,#1985,#1993,#2001));
#1975 = ORIENTED_EDGE('',*,*,#1976,.F.);
#1976 = EDGE_CURVE('',#1977,#1979,#1981,.T.);
#1977 = VERTEX_POINT('',#1978);
#1978 = CARTESIAN_POINT('',(68.,76.7,32.));
#1979 = VERTEX_POINT('',#1980);
#1980 = CARTESIAN_POINT('',(85.,76.7,32.));
#1981 = LINE('',#1982,#1983);
#1982 = CARTESIAN_POINT('',(29.75,76.7,32.));
#1983 = VECTOR('',#1984,1.);
#1984 = DIRECTION('',(1.,0.,-0.));
#1985 = ORIENTED_EDGE('',*,*,#1986,.T.);
#1986 = EDGE_CURVE('',#1977,#1987,#1989,.T.);
#1987 = VERTEX_POINT('',#1988);
#1988 = CARTESIAN_POINT('',(68.,76.7,29.5));
#1989 = LINE('',#1990,#1991);
#1990 = CARTESIAN_POINT('',(68.,76.7,11.));
#1991 = VECTOR('',#1992,1.);
#1992 = DIRECTION('',(-0.,0.,-1.));
#1993 = ORIENTED_EDGE('',*,*,#1994,.T.);
#1994 = EDGE_CURVE('',#1987,#1995,#1997,.T.);
#1995 = VERTEX_POINT('',#1996);
#1996 = CARTESIAN_POINT('',(85.,76.7,29.5));
#1997 = LINE('',#1998,#1999);
#1998 = CARTESIAN_POINT('',(29.75,76.7,29.5));
#1999 = VECTOR('',#2000,1.);
#2000 = DIRECTION('',(1.,0.,-0.));
#2001 = ORIENTED_EDGE('',*,*,#2002,.F.);
#2002 = EDGE_CURVE('',#1979,#1995,#2003,.T.);
#2003 = LINE('',#2004,#2005);
#2004 = CARTESIAN_POINT('',(85.,76.7,11.));
#2005 = VECTOR('',#2006,1.);
#2006 = DIRECTION('',(-0.,0.,-1.));
#2007 = FACE_BOUND('',#2008,.T.);
#2008 = EDGE_LOOP('',(#2009,#2019,#2027,#2035));
#2009 = ORIENTED_EDGE('',*,*,#2010,.T.);
#2010 = EDGE_CURVE('',#2011,#2013,#2015,.T.);
#2011 = VERTEX_POINT('',#2012);
#2012 = CARTESIAN_POINT('',(67.,76.7,36.990039840637));
#2013 = VERTEX_POINT('',#2014);
#2014 = CARTESIAN_POINT('',(67.,76.7,32.009960159363));
#2015 = LINE('',#2016,#2017);
#2016 = CARTESIAN_POINT('',(67.,76.7,13.5));
#2017 = VECTOR('',#2018,1.);
#2018 = DIRECTION('',(0.,0.,-1.));
#2019 = ORIENTED_EDGE('',*,*,#2020,.T.);
#2020 = EDGE_CURVE('',#2013,#2021,#2023,.T.);
#2021 = VERTEX_POINT('',#2022);
#2022 = CARTESIAN_POINT('',(86.,76.7,32.009960159363));
#2023 = LINE('',#2024,#2025);
#2024 = CARTESIAN_POINT('',(29.25,76.7,32.009960159363));
#2025 = VECTOR('',#2026,1.);
#2026 = DIRECTION('',(1.,0.,0.));
#2027 = ORIENTED_EDGE('',*,*,#2028,.F.);
#2028 = EDGE_CURVE('',#2029,#2021,#2031,.T.);
#2029 = VERTEX_POINT('',#2030);
#2030 = CARTESIAN_POINT('',(86.,76.7,36.990039840637));
#2031 = LINE('',#2032,#2033);
#2032 = CARTESIAN_POINT('',(86.,76.7,13.5));
#2033 = VECTOR('',#2034,1.);
#2034 = DIRECTION('',(0.,0.,-1.));
#2035 = ORIENTED_EDGE('',*,*,#2036,.T.);
#2036 = EDGE_CURVE('',#2029,#2011,#2037,.T.);
#2037 = LINE('',#2038,#2039);
#2038 = CARTESIAN_POINT('',(29.25,76.7,36.990039840637));
#2039 = VECTOR('',#2040,1.);
#2040 = DIRECTION('',(-1.,0.,0.));
#2041 = PLANE('',#2042);
#2042 = AXIS2_PLACEMENT_3D('',#2043,#2044,#2045);
#2043 = CARTESIAN_POINT('',(-8.5,76.7,-7.5));
#2044 = DIRECTION('',(-0.,1.,0.));
#2045 = DIRECTION('',(0.,0.,1.));
#2046 = ADVANCED_FACE('',(#2047),#2074,.T.);
#2047 = FACE_BOUND('',#2048,.T.);
#2048 = EDGE_LOOP('',(#2049,#2058,#2059,#2068));
#2049 = ORIENTED_EDGE('',*,*,#2050,.T.);
#2050 = EDGE_CURVE('',#2051,#1442,#2053,.T.);
#2051 = VERTEX_POINT('',#2052);
#2052 = CARTESIAN_POINT('',(91.1,72.7,-7.5));
#2053 = CIRCLE('',#2054,4.);
#2054 = AXIS2_PLACEMENT_3D('',#2055,#2056,#2057);
#2055 = CARTESIAN_POINT('',(87.1,72.7,-7.5));
#2056 = DIRECTION('',(0.,0.,1.));
#2057 = DIRECTION('',(0.,-1.,0.));
#2058 = ORIENTED_EDGE('',*,*,#1458,.T.);
#2059 = ORIENTED_EDGE('',*,*,#2060,.F.);
#2060 = EDGE_CURVE('',#2061,#1451,#2063,.T.);
#2061 = VERTEX_POINT('',#2062);
#2062 = CARTESIAN_POINT('',(91.1,72.7,44.8));
#2063 = CIRCLE('',#2064,4.);
#2064 = AXIS2_PLACEMENT_3D('',#2065,#2066,#2067);
#2065 = CARTESIAN_POINT('',(87.1,72.7,44.8));
#2066 = DIRECTION('',(0.,0.,1.));
#2067 = DIRECTION('',(0.,-1.,0.));
#2068 = ORIENTED_EDGE('',*,*,#2069,.F.);
#2069 = EDGE_CURVE('',#2051,#2061,#2070,.T.);
#2070 = LINE('',#2071,#2072);
#2071 = CARTESIAN_POINT('',(91.1,72.7,-7.5));
#2072 = VECTOR('',#2073,1.);
#2073 = DIRECTION('',(0.,0.,1.));
#2074 = CYLINDRICAL_SURFACE('',#2075,4.);
#2075 = AXIS2_PLACEMENT_3D('',#2076,#2077,#2078);
#2076 = CARTESIAN_POINT('',(87.1,72.7,-7.5));
#2077 = DIRECTION('',(0.,0.,1.));
#2078 = DIRECTION('',(1.,0.,-0.));
#2079 = ADVANCED_FACE('',(#2080,#2233,#2267,#2333,#2367,#2401),#2435,.T.
  );
#2080 = FACE_BOUND('',#2081,.T.);
#2081 = EDGE_LOOP('',(#2082,#2092,#2100,#2108,#2116,#2124,#2132,#2140,
    #2148,#2156,#2164,#2170,#2171,#2179,#2187,#2195,#2203,#2211,#2219,
    #2227));
#2082 = ORIENTED_EDGE('',*,*,#2083,.F.);
#2083 = EDGE_CURVE('',#2084,#2086,#2088,.T.);
#2084 = VERTEX_POINT('',#2085);
#2085 = CARTESIAN_POINT('',(91.1,-19.1,44.8));
#2086 = VERTEX_POINT('',#2087);
#2087 = CARTESIAN_POINT('',(91.1,-17.6,44.8));
#2088 = LINE('',#2089,#2090);
#2089 = CARTESIAN_POINT('',(91.1,-23.1,44.8));
#2090 = VECTOR('',#2091,1.);
#2091 = DIRECTION('',(-0.,1.,0.));
#2092 = ORIENTED_EDGE('',*,*,#2093,.F.);
#2093 = EDGE_CURVE('',#2094,#2084,#2096,.T.);
#2094 = VERTEX_POINT('',#2095);
#2095 = CARTESIAN_POINT('',(91.1,-19.1,-7.5));
#2096 = LINE('',#2097,#2098);
#2097 = CARTESIAN_POINT('',(91.1,-19.1,-7.5));
#2098 = VECTOR('',#2099,1.);
#2099 = DIRECTION('',(0.,0.,1.));
#2100 = ORIENTED_EDGE('',*,*,#2101,.T.);
#2101 = EDGE_CURVE('',#2094,#2102,#2104,.T.);
#2102 = VERTEX_POINT('',#2103);
#2103 = CARTESIAN_POINT('',(91.1,4.,-7.5));
#2104 = LINE('',#2105,#2106);
#2105 = CARTESIAN_POINT('',(91.1,-23.1,-7.5));
#2106 = VECTOR('',#2107,1.);
#2107 = DIRECTION('',(-0.,1.,0.));
#2108 = ORIENTED_EDGE('',*,*,#2109,.T.);
#2109 = EDGE_CURVE('',#2102,#2110,#2112,.T.);
#2110 = VERTEX_POINT('',#2111);
#2111 = CARTESIAN_POINT('',(91.1,4.,-3.5));
#2112 = LINE('',#2113,#2114);
#2113 = CARTESIAN_POINT('',(91.1,4.,-7.5));
#2114 = VECTOR('',#2115,1.);
#2115 = DIRECTION('',(0.,0.,1.));
#2116 = ORIENTED_EDGE('',*,*,#2117,.F.);
#2117 = EDGE_CURVE('',#2118,#2110,#2120,.T.);
#2118 = VERTEX_POINT('',#2119);
#2119 = CARTESIAN_POINT('',(91.1,20.,-3.5));
#2120 = LINE('',#2121,#2122);
#2121 = CARTESIAN_POINT('',(91.1,-9.55,-3.5));
#2122 = VECTOR('',#2123,1.);
#2123 = DIRECTION('',(0.,-1.,0.));
#2124 = ORIENTED_EDGE('',*,*,#2125,.F.);
#2125 = EDGE_CURVE('',#2126,#2118,#2128,.T.);
#2126 = VERTEX_POINT('',#2127);
#2127 = CARTESIAN_POINT('',(91.1,20.,-7.5));
#2128 = LINE('',#2129,#2130);
#2129 = CARTESIAN_POINT('',(91.1,20.,-7.5));
#2130 = VECTOR('',#2131,1.);
#2131 = DIRECTION('',(0.,0.,1.));
#2132 = ORIENTED_EDGE('',*,*,#2133,.T.);
#2133 = EDGE_CURVE('',#2126,#2134,#2136,.T.);
#2134 = VERTEX_POINT('',#2135);
#2135 = CARTESIAN_POINT('',(91.1,34.,-7.5));
#2136 = LINE('',#2137,#2138);
#2137 = CARTESIAN_POINT('',(91.1,-23.1,-7.5));
#2138 = VECTOR('',#2139,1.);
#2139 = DIRECTION('',(-0.,1.,0.));
#2140 = ORIENTED_EDGE('',*,*,#2141,.T.);
#2141 = EDGE_CURVE('',#2134,#2142,#2144,.T.);
#2142 = VERTEX_POINT('',#2143);
#2143 = CARTESIAN_POINT('',(91.1,34.,-3.5));
#2144 = LINE('',#2145,#2146);
#2145 = CARTESIAN_POINT('',(91.1,34.,-7.5));
#2146 = VECTOR('',#2147,1.);
#2147 = DIRECTION('',(0.,0.,1.));
#2148 = ORIENTED_EDGE('',*,*,#2149,.F.);
#2149 = EDGE_CURVE('',#2150,#2142,#2152,.T.);
#2150 = VERTEX_POINT('',#2151);
#2151 = CARTESIAN_POINT('',(91.1,50.,-3.5));
#2152 = LINE('',#2153,#2154);
#2153 = CARTESIAN_POINT('',(91.1,5.45,-3.5));
#2154 = VECTOR('',#2155,1.);
#2155 = DIRECTION('',(0.,-1.,0.));
#2156 = ORIENTED_EDGE('',*,*,#2157,.F.);
#2157 = EDGE_CURVE('',#2158,#2150,#2160,.T.);
#2158 = VERTEX_POINT('',#2159);
#2159 = CARTESIAN_POINT('',(91.1,50.,-7.5));
#2160 = LINE('',#2161,#2162);
#2161 = CARTESIAN_POINT('',(91.1,50.,-7.5));
#2162 = VECTOR('',#2163,1.);
#2163 = DIRECTION('',(0.,0.,1.));
#2164 = ORIENTED_EDGE('',*,*,#2165,.T.);
#2165 = EDGE_CURVE('',#2158,#2051,#2166,.T.);
#2166 = LINE('',#2167,#2168);
#2167 = CARTESIAN_POINT('',(91.1,-23.1,-7.5));
#2168 = VECTOR('',#2169,1.);
#2169 = DIRECTION('',(-0.,1.,0.));
#2170 = ORIENTED_EDGE('',*,*,#2069,.T.);
#2171 = ORIENTED_EDGE('',*,*,#2172,.F.);
#2172 = EDGE_CURVE('',#2173,#2061,#2175,.T.);
#2173 = VERTEX_POINT('',#2174);
#2174 = CARTESIAN_POINT('',(91.1,71.2,44.8));
#2175 = LINE('',#2176,#2177);
#2176 = CARTESIAN_POINT('',(91.1,-23.1,44.8));
#2177 = VECTOR('',#2178,1.);
#2178 = DIRECTION('',(-0.,1.,0.));
#2179 = ORIENTED_EDGE('',*,*,#2180,.F.);
#2180 = EDGE_CURVE('',#2181,#2173,#2183,.T.);
#2181 = VERTEX_POINT('',#2182);
#2182 = CARTESIAN_POINT('',(91.1,71.2,27.809988901221));
#2183 = LINE('',#2184,#2185);
#2184 = CARTESIAN_POINT('',(91.1,71.2,14.65));
#2185 = VECTOR('',#2186,1.);
#2186 = DIRECTION('',(0.,0.,1.));
#2187 = ORIENTED_EDGE('',*,*,#2188,.T.);
#2188 = EDGE_CURVE('',#2181,#2189,#2191,.T.);
#2189 = VERTEX_POINT('',#2190);
#2190 = CARTESIAN_POINT('',(91.1,61.2,27.809988901221));
#2191 = LINE('',#2192,#2193);
#2192 = CARTESIAN_POINT('',(91.1,19.05,27.809988901221));
#2193 = VECTOR('',#2194,1.);
#2194 = DIRECTION('',(0.,-1.,0.));
#2195 = ORIENTED_EDGE('',*,*,#2196,.T.);
#2196 = EDGE_CURVE('',#2189,#2197,#2199,.T.);
#2197 = VERTEX_POINT('',#2198);
#2198 = CARTESIAN_POINT('',(91.1,61.2,44.8));
#2199 = LINE('',#2200,#2201);
#2200 = CARTESIAN_POINT('',(91.1,61.2,13.059375613467));
#2201 = VECTOR('',#2202,1.);
#2202 = DIRECTION('',(0.,-0.,1.));
#2203 = ORIENTED_EDGE('',*,*,#2204,.F.);
#2204 = EDGE_CURVE('',#2205,#2197,#2207,.T.);
#2205 = VERTEX_POINT('',#2206);
#2206 = CARTESIAN_POINT('',(91.1,-7.6,44.8));
#2207 = LINE('',#2208,#2209);
#2208 = CARTESIAN_POINT('',(91.1,-23.1,44.8));
#2209 = VECTOR('',#2210,1.);
#2210 = DIRECTION('',(-0.,1.,0.));
#2211 = ORIENTED_EDGE('',*,*,#2212,.F.);
#2212 = EDGE_CURVE('',#2213,#2205,#2215,.T.);
#2213 = VERTEX_POINT('',#2214);
#2214 = CARTESIAN_POINT('',(91.1,-7.6,27.809988901221));
#2215 = LINE('',#2216,#2217);
#2216 = CARTESIAN_POINT('',(91.1,-7.6,14.65));
#2217 = VECTOR('',#2218,1.);
#2218 = DIRECTION('',(0.,0.,1.));
#2219 = ORIENTED_EDGE('',*,*,#2220,.T.);
#2220 = EDGE_CURVE('',#2213,#2221,#2223,.T.);
#2221 = VERTEX_POINT('',#2222);
#2222 = CARTESIAN_POINT('',(91.1,-17.6,27.809988901221));
#2223 = LINE('',#2224,#2225);
#2224 = CARTESIAN_POINT('',(91.1,-20.35,27.809988901221));
#2225 = VECTOR('',#2226,1.);
#2226 = DIRECTION('',(0.,-1.,0.));
#2227 = ORIENTED_EDGE('',*,*,#2228,.T.);
#2228 = EDGE_CURVE('',#2221,#2086,#2229,.T.);
#2229 = LINE('',#2230,#2231);
#2230 = CARTESIAN_POINT('',(91.1,-17.6,13.059375613467));
#2231 = VECTOR('',#2232,1.);
#2232 = DIRECTION('',(0.,-0.,1.));
#2233 = FACE_BOUND('',#2234,.T.);
#2234 = EDGE_LOOP('',(#2235,#2245,#2253,#2261));
#2235 = ORIENTED_EDGE('',*,*,#2236,.T.);
#2236 = EDGE_CURVE('',#2237,#2239,#2241,.T.);
#2237 = VERTEX_POINT('',#2238);
#2238 = CARTESIAN_POINT('',(91.1,55.2,-1.5));
#2239 = VERTEX_POINT('',#2240);
#2240 = CARTESIAN_POINT('',(91.1,1.3,-1.5));
#2241 = LINE('',#2242,#2243);
#2242 = CARTESIAN_POINT('',(91.1,-10.9,-1.5));
#2243 = VECTOR('',#2244,1.);
#2244 = DIRECTION('',(0.,-1.,0.));
#2245 = ORIENTED_EDGE('',*,*,#2246,.T.);
#2246 = EDGE_CURVE('',#2239,#2247,#2249,.T.);
#2247 = VERTEX_POINT('',#2248);
#2248 = CARTESIAN_POINT('',(91.1,1.3,18.5));
#2249 = LINE('',#2250,#2251);
#2250 = CARTESIAN_POINT('',(91.1,1.3,-4.5));
#2251 = VECTOR('',#2252,1.);
#2252 = DIRECTION('',(0.,0.,1.));
#2253 = ORIENTED_EDGE('',*,*,#2254,.F.);
#2254 = EDGE_CURVE('',#2255,#2247,#2257,.T.);
#2255 = VERTEX_POINT('',#2256);
#2256 = CARTESIAN_POINT('',(91.1,55.2,18.5));
#2257 = LINE('',#2258,#2259);
#2258 = CARTESIAN_POINT('',(91.1,-10.9,18.5));
#2259 = VECTOR('',#2260,1.);
#2260 = DIRECTION('',(0.,-1.,0.));
#2261 = ORIENTED_EDGE('',*,*,#2262,.F.);
#2262 = EDGE_CURVE('',#2237,#2255,#2263,.T.);
#2263 = LINE('',#2264,#2265);
#2264 = CARTESIAN_POINT('',(91.1,55.2,-4.5));
#2265 = VECTOR('',#2266,1.);
#2266 = DIRECTION('',(0.,0.,1.));
#2267 = FACE_BOUND('',#2268,.T.);
#2268 = EDGE_LOOP('',(#2269,#2279,#2287,#2295,#2303,#2311,#2319,#2327));
#2269 = ORIENTED_EDGE('',*,*,#2270,.F.);
#2270 = EDGE_CURVE('',#2271,#2273,#2275,.T.);
#2271 = VERTEX_POINT('',#2272);
#2272 = CARTESIAN_POINT('',(91.1,0.3,18.509960159363));
#2273 = VERTEX_POINT('',#2274);
#2274 = CARTESIAN_POINT('',(91.1,56.2,18.509960159363));
#2275 = LINE('',#2276,#2277);
#2276 = CARTESIAN_POINT('',(91.1,-11.4,18.509960159363));
#2277 = VECTOR('',#2278,1.);
#2278 = DIRECTION('',(0.,1.,0.));
#2279 = ORIENTED_EDGE('',*,*,#2280,.F.);
#2280 = EDGE_CURVE('',#2281,#2271,#2283,.T.);
#2281 = VERTEX_POINT('',#2282);
#2282 = CARTESIAN_POINT('',(91.1,0.3,23.490039840637));
#2283 = LINE('',#2284,#2285);
#2284 = CARTESIAN_POINT('',(91.1,0.3,6.75));
#2285 = VECTOR('',#2286,1.);
#2286 = DIRECTION('',(-0.,0.,-1.));
#2287 = ORIENTED_EDGE('',*,*,#2288,.F.);
#2288 = EDGE_CURVE('',#2289,#2281,#2291,.T.);
#2289 = VERTEX_POINT('',#2290);
#2290 = CARTESIAN_POINT('',(91.1,5.,23.490039840637));
#2291 = LINE('',#2292,#2293);
#2292 = CARTESIAN_POINT('',(91.1,-11.4,23.490039840637));
#2293 = VECTOR('',#2294,1.);
#2294 = DIRECTION('',(0.,-1.,-0.));
#2295 = ORIENTED_EDGE('',*,*,#2296,.T.);
#2296 = EDGE_CURVE('',#2289,#2297,#2299,.T.);
#2297 = VERTEX_POINT('',#2298);
#2298 = CARTESIAN_POINT('',(91.1,5.,23.5));
#2299 = LINE('',#2300,#2301);
#2300 = CARTESIAN_POINT('',(91.1,5.,6.75));
#2301 = VECTOR('',#2302,1.);
#2302 = DIRECTION('',(0.,0.,1.));
#2303 = ORIENTED_EDGE('',*,*,#2304,.F.);
#2304 = EDGE_CURVE('',#2305,#2297,#2307,.T.);
#2305 = VERTEX_POINT('',#2306);
#2306 = CARTESIAN_POINT('',(91.1,51.,23.5));
#2307 = LINE('',#2308,#2309);
#2308 = CARTESIAN_POINT('',(91.1,-9.05,23.5));
#2309 = VECTOR('',#2310,1.);
#2310 = DIRECTION('',(0.,-1.,0.));
#2311 = ORIENTED_EDGE('',*,*,#2312,.F.);
#2312 = EDGE_CURVE('',#2313,#2305,#2315,.T.);
#2313 = VERTEX_POINT('',#2314);
#2314 = CARTESIAN_POINT('',(91.1,51.,23.490039840637));
#2315 = LINE('',#2316,#2317);
#2316 = CARTESIAN_POINT('',(91.1,51.,6.75));
#2317 = VECTOR('',#2318,1.);
#2318 = DIRECTION('',(0.,0.,1.));
#2319 = ORIENTED_EDGE('',*,*,#2320,.F.);
#2320 = EDGE_CURVE('',#2321,#2313,#2323,.T.);
#2321 = VERTEX_POINT('',#2322);
#2322 = CARTESIAN_POINT('',(91.1,56.2,23.490039840637));
#2323 = LINE('',#2324,#2325);
#2324 = CARTESIAN_POINT('',(91.1,-11.4,23.490039840637));
#2325 = VECTOR('',#2326,1.);
#2326 = DIRECTION('',(0.,-1.,-0.));
#2327 = ORIENTED_EDGE('',*,*,#2328,.T.);
#2328 = EDGE_CURVE('',#2321,#2273,#2329,.T.);
#2329 = LINE('',#2330,#2331);
#2330 = CARTESIAN_POINT('',(91.1,56.2,6.75));
#2331 = VECTOR('',#2332,1.);
#2332 = DIRECTION('',(-0.,0.,-1.));
#2333 = FACE_BOUND('',#2334,.T.);
#2334 = EDGE_LOOP('',(#2335,#2345,#2353,#2361));
#2335 = ORIENTED_EDGE('',*,*,#2336,.F.);
#2336 = EDGE_CURVE('',#2337,#2339,#2341,.T.);
#2337 = VERTEX_POINT('',#2338);
#2338 = CARTESIAN_POINT('',(91.1,4.,23.509960159363));
#2339 = VERTEX_POINT('',#2340);
#2340 = CARTESIAN_POINT('',(91.1,52.,23.509960159363));
#2341 = LINE('',#2342,#2343);
#2342 = CARTESIAN_POINT('',(91.1,-9.55,23.509960159363));
#2343 = VECTOR('',#2344,1.);
#2344 = DIRECTION('',(0.,1.,0.));
#2345 = ORIENTED_EDGE('',*,*,#2346,.F.);
#2346 = EDGE_CURVE('',#2347,#2337,#2349,.T.);
#2347 = VERTEX_POINT('',#2348);
#2348 = CARTESIAN_POINT('',(91.1,4.,28.490039840637));
#2349 = LINE('',#2350,#2351);
#2350 = CARTESIAN_POINT('',(91.1,4.,9.25));
#2351 = VECTOR('',#2352,1.);
#2352 = DIRECTION('',(-0.,0.,-1.));
#2353 = ORIENTED_EDGE('',*,*,#2354,.F.);
#2354 = EDGE_CURVE('',#2355,#2347,#2357,.T.);
#2355 = VERTEX_POINT('',#2356);
#2356 = CARTESIAN_POINT('',(91.1,52.,28.490039840637));
#2357 = LINE('',#2358,#2359);
#2358 = CARTESIAN_POINT('',(91.1,-9.55,28.490039840637));
#2359 = VECTOR('',#2360,1.);
#2360 = DIRECTION('',(0.,-1.,-0.));
#2361 = ORIENTED_EDGE('',*,*,#2362,.T.);
#2362 = EDGE_CURVE('',#2355,#2339,#2363,.T.);
#2363 = LINE('',#2364,#2365);
#2364 = CARTESIAN_POINT('',(91.1,52.,9.25));
#2365 = VECTOR('',#2366,1.);
#2366 = DIRECTION('',(-0.,0.,-1.));
#2367 = FACE_BOUND('',#2368,.T.);
#2368 = EDGE_LOOP('',(#2369,#2379,#2387,#2395));
#2369 = ORIENTED_EDGE('',*,*,#2370,.T.);
#2370 = EDGE_CURVE('',#2371,#2373,#2375,.T.);
#2371 = VERTEX_POINT('',#2372);
#2372 = CARTESIAN_POINT('',(91.1,51.,29.));
#2373 = VERTEX_POINT('',#2374);
#2374 = CARTESIAN_POINT('',(91.1,5.,29.));
#2375 = LINE('',#2376,#2377);
#2376 = CARTESIAN_POINT('',(91.1,-9.05,29.));
#2377 = VECTOR('',#2378,1.);
#2378 = DIRECTION('',(0.,-1.,0.));
#2379 = ORIENTED_EDGE('',*,*,#2380,.T.);
#2380 = EDGE_CURVE('',#2373,#2381,#2383,.T.);
#2381 = VERTEX_POINT('',#2382);
#2382 = CARTESIAN_POINT('',(91.1,5.,31.5));
#2383 = LINE('',#2384,#2385);
#2384 = CARTESIAN_POINT('',(91.1,5.,10.75));
#2385 = VECTOR('',#2386,1.);
#2386 = DIRECTION('',(0.,0.,1.));
#2387 = ORIENTED_EDGE('',*,*,#2388,.F.);
#2388 = EDGE_CURVE('',#2389,#2381,#2391,.T.);
#2389 = VERTEX_POINT('',#2390);
#2390 = CARTESIAN_POINT('',(91.1,51.,31.5));
#2391 = LINE('',#2392,#2393);
#2392 = CARTESIAN_POINT('',(91.1,-9.05,31.5));
#2393 = VECTOR('',#2394,1.);
#2394 = DIRECTION('',(0.,-1.,0.));
#2395 = ORIENTED_EDGE('',*,*,#2396,.F.);
#2396 = EDGE_CURVE('',#2371,#2389,#2397,.T.);
#2397 = LINE('',#2398,#2399);
#2398 = CARTESIAN_POINT('',(91.1,51.,10.75));
#2399 = VECTOR('',#2400,1.);
#2400 = DIRECTION('',(0.,0.,1.));
#2401 = FACE_BOUND('',#2402,.T.);
#2402 = EDGE_LOOP('',(#2403,#2413,#2421,#2429));
#2403 = ORIENTED_EDGE('',*,*,#2404,.F.);
#2404 = EDGE_CURVE('',#2405,#2407,#2409,.T.);
#2405 = VERTEX_POINT('',#2406);
#2406 = CARTESIAN_POINT('',(91.1,4.,31.509960159363));
#2407 = VERTEX_POINT('',#2408);
#2408 = CARTESIAN_POINT('',(91.1,52.,31.509960159363));
#2409 = LINE('',#2410,#2411);
#2410 = CARTESIAN_POINT('',(91.1,-9.55,31.509960159363));
#2411 = VECTOR('',#2412,1.);
#2412 = DIRECTION('',(0.,1.,0.));
#2413 = ORIENTED_EDGE('',*,*,#2414,.F.);
#2414 = EDGE_CURVE('',#2415,#2405,#2417,.T.);
#2415 = VERTEX_POINT('',#2416);
#2416 = CARTESIAN_POINT('',(91.1,4.,36.490039840637));
#2417 = LINE('',#2418,#2419);
#2418 = CARTESIAN_POINT('',(91.1,4.,13.25));
#2419 = VECTOR('',#2420,1.);
#2420 = DIRECTION('',(-0.,0.,-1.));
#2421 = ORIENTED_EDGE('',*,*,#2422,.F.);
#2422 = EDGE_CURVE('',#2423,#2415,#2425,.T.);
#2423 = VERTEX_POINT('',#2424);
#2424 = CARTESIAN_POINT('',(91.1,52.,36.490039840637));
#2425 = LINE('',#2426,#2427);
#2426 = CARTESIAN_POINT('',(91.1,-9.55,36.490039840637));
#2427 = VECTOR('',#2428,1.);
#2428 = DIRECTION('',(0.,-1.,-0.));
#2429 = ORIENTED_EDGE('',*,*,#2430,.T.);
#2430 = EDGE_CURVE('',#2423,#2407,#2431,.T.);
#2431 = LINE('',#2432,#2433);
#2432 = CARTESIAN_POINT('',(91.1,52.,13.25));
#2433 = VECTOR('',#2434,1.);
#2434 = DIRECTION('',(-0.,0.,-1.));
#2435 = PLANE('',#2436);
#2436 = AXIS2_PLACEMENT_3D('',#2437,#2438,#2439);
#2437 = CARTESIAN_POINT('',(91.1,-23.1,-7.5));
#2438 = DIRECTION('',(1.,0.,-0.));
#2439 = DIRECTION('',(0.,0.,1.));
#2440 = ADVANCED_FACE('',(#2441),#2468,.T.);
#2441 = FACE_BOUND('',#2442,.F.);
#2442 = EDGE_LOOP('',(#2443,#2452,#2460,#2467));
#2443 = ORIENTED_EDGE('',*,*,#2444,.T.);
#2444 = EDGE_CURVE('',#2094,#2445,#2447,.T.);
#2445 = VERTEX_POINT('',#2446);
#2446 = CARTESIAN_POINT('',(87.1,-23.1,-7.5));
#2447 = CIRCLE('',#2448,4.);
#2448 = AXIS2_PLACEMENT_3D('',#2449,#2450,#2451);
#2449 = CARTESIAN_POINT('',(87.1,-19.1,-7.5));
#2450 = DIRECTION('',(-0.,-0.,-1.));
#2451 = DIRECTION('',(0.,-1.,0.));
#2452 = ORIENTED_EDGE('',*,*,#2453,.T.);
#2453 = EDGE_CURVE('',#2445,#2454,#2456,.T.);
#2454 = VERTEX_POINT('',#2455);
#2455 = CARTESIAN_POINT('',(87.1,-23.1,44.8));
#2456 = LINE('',#2457,#2458);
#2457 = CARTESIAN_POINT('',(87.1,-23.1,-7.5));
#2458 = VECTOR('',#2459,1.);
#2459 = DIRECTION('',(0.,0.,1.));
#2460 = ORIENTED_EDGE('',*,*,#2461,.F.);
#2461 = EDGE_CURVE('',#2084,#2454,#2462,.T.);
#2462 = CIRCLE('',#2463,4.);
#2463 = AXIS2_PLACEMENT_3D('',#2464,#2465,#2466);
#2464 = CARTESIAN_POINT('',(87.1,-19.1,44.8));
#2465 = DIRECTION('',(-0.,-0.,-1.));
#2466 = DIRECTION('',(0.,-1.,0.));
#2467 = ORIENTED_EDGE('',*,*,#2093,.F.);
#2468 = CYLINDRICAL_SURFACE('',#2469,4.);
#2469 = AXIS2_PLACEMENT_3D('',#2470,#2471,#2472);
#2470 = CARTESIAN_POINT('',(87.1,-19.1,-7.5));
#2471 = DIRECTION('',(0.,0.,1.));
#2472 = DIRECTION('',(1.,0.,-0.));
#2473 = ADVANCED_FACE('',(#2474,#2490,#2524,#2558,#2592),#2626,.F.);
#2474 = FACE_BOUND('',#2475,.F.);
#2475 = EDGE_LOOP('',(#2476,#2482,#2483,#2489));
#2476 = ORIENTED_EDGE('',*,*,#2477,.F.);
#2477 = EDGE_CURVE('',#637,#2445,#2478,.T.);
#2478 = LINE('',#2479,#2480);
#2479 = CARTESIAN_POINT('',(-8.5,-23.1,-7.5));
#2480 = VECTOR('',#2481,1.);
#2481 = DIRECTION('',(1.,0.,-0.));
#2482 = ORIENTED_EDGE('',*,*,#645,.T.);
#2483 = ORIENTED_EDGE('',*,*,#2484,.T.);
#2484 = EDGE_CURVE('',#646,#2454,#2485,.T.);
#2485 = LINE('',#2486,#2487);
#2486 = CARTESIAN_POINT('',(-8.5,-23.1,44.8));
#2487 = VECTOR('',#2488,1.);
#2488 = DIRECTION('',(1.,0.,-0.));
#2489 = ORIENTED_EDGE('',*,*,#2453,.F.);
#2490 = FACE_BOUND('',#2491,.F.);
#2491 = EDGE_LOOP('',(#2492,#2502,#2510,#2518));
#2492 = ORIENTED_EDGE('',*,*,#2493,.F.);
#2493 = EDGE_CURVE('',#2494,#2496,#2498,.T.);
#2494 = VERTEX_POINT('',#2495);
#2495 = CARTESIAN_POINT('',(3.5,-23.1,9.5));
#2496 = VERTEX_POINT('',#2497);
#2497 = CARTESIAN_POINT('',(46.5,-23.1,9.5));
#2498 = LINE('',#2499,#2500);
#2499 = CARTESIAN_POINT('',(-2.5,-23.1,9.5));
#2500 = VECTOR('',#2501,1.);
#2501 = DIRECTION('',(1.,0.,-0.));
#2502 = ORIENTED_EDGE('',*,*,#2503,.T.);
#2503 = EDGE_CURVE('',#2494,#2504,#2506,.T.);
#2504 = VERTEX_POINT('',#2505);
#2505 = CARTESIAN_POINT('',(3.5,-23.1,-1.5));
#2506 = LINE('',#2507,#2508);
#2507 = CARTESIAN_POINT('',(3.5,-23.1,-4.5));
#2508 = VECTOR('',#2509,1.);
#2509 = DIRECTION('',(-0.,0.,-1.));
#2510 = ORIENTED_EDGE('',*,*,#2511,.T.);
#2511 = EDGE_CURVE('',#2504,#2512,#2514,.T.);
#2512 = VERTEX_POINT('',#2513);
#2513 = CARTESIAN_POINT('',(46.5,-23.1,-1.5));
#2514 = LINE('',#2515,#2516);
#2515 = CARTESIAN_POINT('',(-2.5,-23.1,-1.5));
#2516 = VECTOR('',#2517,1.);
#2517 = DIRECTION('',(1.,0.,-0.));
#2518 = ORIENTED_EDGE('',*,*,#2519,.F.);
#2519 = EDGE_CURVE('',#2496,#2512,#2520,.T.);
#2520 = LINE('',#2521,#2522);
#2521 = CARTESIAN_POINT('',(46.5,-23.1,-4.5));
#2522 = VECTOR('',#2523,1.);
#2523 = DIRECTION('',(-0.,0.,-1.));
#2524 = FACE_BOUND('',#2525,.F.);
#2525 = EDGE_LOOP('',(#2526,#2536,#2544,#2552));
#2526 = ORIENTED_EDGE('',*,*,#2527,.F.);
#2527 = EDGE_CURVE('',#2528,#2530,#2532,.T.);
#2528 = VERTEX_POINT('',#2529);
#2529 = CARTESIAN_POINT('',(47.5,-23.1,9.509960159363));
#2530 = VERTEX_POINT('',#2531);
#2531 = CARTESIAN_POINT('',(2.5,-23.1,9.509960159363));
#2532 = LINE('',#2533,#2534);
#2533 = CARTESIAN_POINT('',(-3.,-23.1,9.509960159363));
#2534 = VECTOR('',#2535,1.);
#2535 = DIRECTION('',(-1.,0.,0.));
#2536 = ORIENTED_EDGE('',*,*,#2537,.T.);
#2537 = EDGE_CURVE('',#2528,#2538,#2540,.T.);
#2538 = VERTEX_POINT('',#2539);
#2539 = CARTESIAN_POINT('',(47.5,-23.1,14.490039840637));
#2540 = LINE('',#2541,#2542);
#2541 = CARTESIAN_POINT('',(47.5,-23.1,2.25));
#2542 = VECTOR('',#2543,1.);
#2543 = DIRECTION('',(0.,-0.,1.));
#2544 = ORIENTED_EDGE('',*,*,#2545,.F.);
#2545 = EDGE_CURVE('',#2546,#2538,#2548,.T.);
#2546 = VERTEX_POINT('',#2547);
#2547 = CARTESIAN_POINT('',(2.5,-23.1,14.490039840637));
#2548 = LINE('',#2549,#2550);
#2549 = CARTESIAN_POINT('',(-3.,-23.1,14.490039840637));
#2550 = VECTOR('',#2551,1.);
#2551 = DIRECTION('',(1.,0.,0.));
#2552 = ORIENTED_EDGE('',*,*,#2553,.F.);
#2553 = EDGE_CURVE('',#2530,#2546,#2554,.T.);
#2554 = LINE('',#2555,#2556);
#2555 = CARTESIAN_POINT('',(2.5,-23.1,2.25));
#2556 = VECTOR('',#2557,1.);
#2557 = DIRECTION('',(0.,-0.,1.));
#2558 = FACE_BOUND('',#2559,.F.);
#2559 = EDGE_LOOP('',(#2560,#2570,#2578,#2586));
#2560 = ORIENTED_EDGE('',*,*,#2561,.F.);
#2561 = EDGE_CURVE('',#2562,#2564,#2566,.T.);
#2562 = VERTEX_POINT('',#2563);
#2563 = CARTESIAN_POINT('',(-0.25,-23.1,39.15));
#2564 = VERTEX_POINT('',#2565);
#2565 = CARTESIAN_POINT('',(54.96,-23.1,39.15));
#2566 = LINE('',#2567,#2568);
#2567 = CARTESIAN_POINT('',(-4.375,-23.1,39.15));
#2568 = VECTOR('',#2569,1.);
#2569 = DIRECTION('',(1.,0.,-0.));
#2570 = ORIENTED_EDGE('',*,*,#2571,.T.);
#2571 = EDGE_CURVE('',#2562,#2572,#2574,.T.);
#2572 = VERTEX_POINT('',#2573);
#2573 = CARTESIAN_POINT('',(-0.25,-23.1,25.1));
#2574 = LINE('',#2575,#2576);
#2575 = CARTESIAN_POINT('',(-0.25,-23.1,8.8));
#2576 = VECTOR('',#2577,1.);
#2577 = DIRECTION('',(-0.,0.,-1.));
#2578 = ORIENTED_EDGE('',*,*,#2579,.T.);
#2579 = EDGE_CURVE('',#2572,#2580,#2582,.T.);
#2580 = VERTEX_POINT('',#2581);
#2581 = CARTESIAN_POINT('',(54.96,-23.1,25.1));
#2582 = LINE('',#2583,#2584);
#2583 = CARTESIAN_POINT('',(-4.375,-23.1,25.1));
#2584 = VECTOR('',#2585,1.);
#2585 = DIRECTION('',(1.,0.,-0.));
#2586 = ORIENTED_EDGE('',*,*,#2587,.F.);
#2587 = EDGE_CURVE('',#2564,#2580,#2588,.T.);
#2588 = LINE('',#2589,#2590);
#2589 = CARTESIAN_POINT('',(54.96,-23.1,8.8));
#2590 = VECTOR('',#2591,1.);
#2591 = DIRECTION('',(-0.,0.,-1.));
#2592 = FACE_BOUND('',#2593,.F.);
#2593 = EDGE_LOOP('',(#2594,#2604,#2612,#2620));
#2594 = ORIENTED_EDGE('',*,*,#2595,.F.);
#2595 = EDGE_CURVE('',#2596,#2598,#2600,.T.);
#2596 = VERTEX_POINT('',#2597);
#2597 = CARTESIAN_POINT('',(55.96,-23.1,39.159960159363));
#2598 = VERTEX_POINT('',#2599);
#2599 = CARTESIAN_POINT('',(-1.25,-23.1,39.159960159363));
#2600 = LINE('',#2601,#2602);
#2601 = CARTESIAN_POINT('',(-4.875,-23.1,39.159960159363));
#2602 = VECTOR('',#2603,1.);
#2603 = DIRECTION('',(-1.,0.,0.));
#2604 = ORIENTED_EDGE('',*,*,#2605,.T.);
#2605 = EDGE_CURVE('',#2596,#2606,#2608,.T.);
#2606 = VERTEX_POINT('',#2607);
#2607 = CARTESIAN_POINT('',(55.96,-23.1,44.140039840637));
#2608 = LINE('',#2609,#2610);
#2609 = CARTESIAN_POINT('',(55.96,-23.1,17.075));
#2610 = VECTOR('',#2611,1.);
#2611 = DIRECTION('',(0.,-0.,1.));
#2612 = ORIENTED_EDGE('',*,*,#2613,.F.);
#2613 = EDGE_CURVE('',#2614,#2606,#2616,.T.);
#2614 = VERTEX_POINT('',#2615);
#2615 = CARTESIAN_POINT('',(-1.25,-23.1,44.140039840637));
#2616 = LINE('',#2617,#2618);
#2617 = CARTESIAN_POINT('',(-4.875,-23.1,44.140039840637));
#2618 = VECTOR('',#2619,1.);
#2619 = DIRECTION('',(1.,0.,0.));
#2620 = ORIENTED_EDGE('',*,*,#2621,.F.);
#2621 = EDGE_CURVE('',#2598,#2614,#2622,.T.);
#2622 = LINE('',#2623,#2624);
#2623 = CARTESIAN_POINT('',(-1.25,-23.1,17.075));
#2624 = VECTOR('',#2625,1.);
#2625 = DIRECTION('',(0.,-0.,1.));
#2626 = PLANE('',#2627);
#2627 = AXIS2_PLACEMENT_3D('',#2628,#2629,#2630);
#2628 = CARTESIAN_POINT('',(-8.5,-23.1,-7.5));
#2629 = DIRECTION('',(-0.,1.,0.));
#2630 = DIRECTION('',(0.,0.,1.));
#2631 = ADVANCED_FACE('',(#2632,#2657,#2691),#2725,.T.);
#2632 = FACE_BOUND('',#2633,.T.);
#2633 = EDGE_LOOP('',(#2634,#2642,#2643,#2651));
#2634 = ORIENTED_EDGE('',*,*,#2635,.F.);
#2635 = EDGE_CURVE('',#32,#2636,#2638,.T.);
#2636 = VERTEX_POINT('',#2637);
#2637 = CARTESIAN_POINT('',(87.1,-20.6,-5.));
#2638 = LINE('',#2639,#2640);
#2639 = CARTESIAN_POINT('',(-6.,-20.6,-5.));
#2640 = VECTOR('',#2641,1.);
#2641 = DIRECTION('',(1.,0.,-0.));
#2642 = ORIENTED_EDGE('',*,*,#40,.T.);
#2643 = ORIENTED_EDGE('',*,*,#2644,.F.);
#2644 = EDGE_CURVE('',#2645,#41,#2647,.T.);
#2645 = VERTEX_POINT('',#2646);
#2646 = CARTESIAN_POINT('',(87.1,-20.6,44.8));
#2647 = LINE('',#2648,#2649);
#2648 = CARTESIAN_POINT('',(-7.25,-20.6,44.8));
#2649 = VECTOR('',#2650,1.);
#2650 = DIRECTION('',(-1.,-0.,0.));
#2651 = ORIENTED_EDGE('',*,*,#2652,.F.);
#2652 = EDGE_CURVE('',#2636,#2645,#2653,.T.);
#2653 = LINE('',#2654,#2655);
#2654 = CARTESIAN_POINT('',(87.1,-20.6,-5.));
#2655 = VECTOR('',#2656,1.);
#2656 = DIRECTION('',(0.,0.,1.));
#2657 = FACE_BOUND('',#2658,.T.);
#2658 = EDGE_LOOP('',(#2659,#2669,#2677,#2685));
#2659 = ORIENTED_EDGE('',*,*,#2660,.F.);
#2660 = EDGE_CURVE('',#2661,#2663,#2665,.T.);
#2661 = VERTEX_POINT('',#2662);
#2662 = CARTESIAN_POINT('',(3.5,-20.6,9.5));
#2663 = VERTEX_POINT('',#2664);
#2664 = CARTESIAN_POINT('',(46.5,-20.6,9.5));
#2665 = LINE('',#2666,#2667);
#2666 = CARTESIAN_POINT('',(-1.25,-20.6,9.5));
#2667 = VECTOR('',#2668,1.);
#2668 = DIRECTION('',(1.,0.,-0.));
#2669 = ORIENTED_EDGE('',*,*,#2670,.T.);
#2670 = EDGE_CURVE('',#2661,#2671,#2673,.T.);
#2671 = VERTEX_POINT('',#2672);
#2672 = CARTESIAN_POINT('',(3.5,-20.6,-1.5));
#2673 = LINE('',#2674,#2675);
#2674 = CARTESIAN_POINT('',(3.5,-20.6,-3.25));
#2675 = VECTOR('',#2676,1.);
#2676 = DIRECTION('',(-0.,0.,-1.));
#2677 = ORIENTED_EDGE('',*,*,#2678,.T.);
#2678 = EDGE_CURVE('',#2671,#2679,#2681,.T.);
#2679 = VERTEX_POINT('',#2680);
#2680 = CARTESIAN_POINT('',(46.5,-20.6,-1.5));
#2681 = LINE('',#2682,#2683);
#2682 = CARTESIAN_POINT('',(-1.25,-20.6,-1.5));
#2683 = VECTOR('',#2684,1.);
#2684 = DIRECTION('',(1.,0.,-0.));
#2685 = ORIENTED_EDGE('',*,*,#2686,.F.);
#2686 = EDGE_CURVE('',#2663,#2679,#2687,.T.);
#2687 = LINE('',#2688,#2689);
#2688 = CARTESIAN_POINT('',(46.5,-20.6,-3.25));
#2689 = VECTOR('',#2690,1.);
#2690 = DIRECTION('',(-0.,0.,-1.));
#2691 = FACE_BOUND('',#2692,.T.);
#2692 = EDGE_LOOP('',(#2693,#2703,#2711,#2719));
#2693 = ORIENTED_EDGE('',*,*,#2694,.F.);
#2694 = EDGE_CURVE('',#2695,#2697,#2699,.T.);
#2695 = VERTEX_POINT('',#2696);
#2696 = CARTESIAN_POINT('',(-0.25,-20.6,39.15));
#2697 = VERTEX_POINT('',#2698);
#2698 = CARTESIAN_POINT('',(54.96,-20.6,39.15));
#2699 = LINE('',#2700,#2701);
#2700 = CARTESIAN_POINT('',(-3.125,-20.6,39.15));
#2701 = VECTOR('',#2702,1.);
#2702 = DIRECTION('',(1.,0.,-0.));
#2703 = ORIENTED_EDGE('',*,*,#2704,.T.);
#2704 = EDGE_CURVE('',#2695,#2705,#2707,.T.);
#2705 = VERTEX_POINT('',#2706);
#2706 = CARTESIAN_POINT('',(-0.25,-20.6,25.1));
#2707 = LINE('',#2708,#2709);
#2708 = CARTESIAN_POINT('',(-0.25,-20.6,10.05));
#2709 = VECTOR('',#2710,1.);
#2710 = DIRECTION('',(-0.,0.,-1.));
#2711 = ORIENTED_EDGE('',*,*,#2712,.T.);
#2712 = EDGE_CURVE('',#2705,#2713,#2715,.T.);
#2713 = VERTEX_POINT('',#2714);
#2714 = CARTESIAN_POINT('',(54.96,-20.6,25.1));
#2715 = LINE('',#2716,#2717);
#2716 = CARTESIAN_POINT('',(-3.125,-20.6,25.1));
#2717 = VECTOR('',#2718,1.);
#2718 = DIRECTION('',(1.,0.,-0.));
#2719 = ORIENTED_EDGE('',*,*,#2720,.F.);
#2720 = EDGE_CURVE('',#2697,#2713,#2721,.T.);
#2721 = LINE('',#2722,#2723);
#2722 = CARTESIAN_POINT('',(54.96,-20.6,10.05));
#2723 = VECTOR('',#2724,1.);
#2724 = DIRECTION('',(-0.,0.,-1.));
#2725 = PLANE('',#2726);
#2726 = AXIS2_PLACEMENT_3D('',#2727,#2728,#2729);
#2727 = CARTESIAN_POINT('',(-6.,-20.6,-5.));
#2728 = DIRECTION('',(-0.,1.,0.));
#2729 = DIRECTION('',(0.,0.,1.));
#2730 = ADVANCED_FACE('',(#2731),#2758,.F.);
#2731 = FACE_BOUND('',#2732,.T.);
#2732 = EDGE_LOOP('',(#2733,#2734,#2743,#2751));
#2733 = ORIENTED_EDGE('',*,*,#80,.F.);
#2734 = ORIENTED_EDGE('',*,*,#2735,.T.);
#2735 = EDGE_CURVE('',#73,#2736,#2738,.T.);
#2736 = VERTEX_POINT('',#2737);
#2737 = CARTESIAN_POINT('',(-4.5,74.2,-5.));
#2738 = CIRCLE('',#2739,1.5);
#2739 = AXIS2_PLACEMENT_3D('',#2740,#2741,#2742);
#2740 = CARTESIAN_POINT('',(-4.5,72.7,-5.));
#2741 = DIRECTION('',(-0.,-0.,-1.));
#2742 = DIRECTION('',(0.,-1.,0.));
#2743 = ORIENTED_EDGE('',*,*,#2744,.T.);
#2744 = EDGE_CURVE('',#2736,#2745,#2747,.T.);
#2745 = VERTEX_POINT('',#2746);
#2746 = CARTESIAN_POINT('',(-4.5,74.2,44.8));
#2747 = LINE('',#2748,#2749);
#2748 = CARTESIAN_POINT('',(-4.5,74.2,-5.));
#2749 = VECTOR('',#2750,1.);
#2750 = DIRECTION('',(0.,0.,1.));
#2751 = ORIENTED_EDGE('',*,*,#2752,.T.);
#2752 = EDGE_CURVE('',#2745,#64,#2753,.T.);
#2753 = CIRCLE('',#2754,1.5);
#2754 = AXIS2_PLACEMENT_3D('',#2755,#2756,#2757);
#2755 = CARTESIAN_POINT('',(-4.5,72.7,44.8));
#2756 = DIRECTION('',(0.,0.,1.));
#2757 = DIRECTION('',(-1.,-0.,0.));
#2758 = CYLINDRICAL_SURFACE('',#2759,1.5);
#2759 = AXIS2_PLACEMENT_3D('',#2760,#2761,#2762);
#2760 = CARTESIAN_POINT('',(-4.5,72.7,-5.));
#2761 = DIRECTION('',(0.,0.,1.));
#2762 = DIRECTION('',(-1.,-0.,0.));
#2763 = ADVANCED_FACE('',(#2764),#2791,.F.);
#2764 = FACE_BOUND('',#2765,.T.);
#2765 = EDGE_LOOP('',(#2766,#2776,#2783,#2784));
#2766 = ORIENTED_EDGE('',*,*,#2767,.F.);
#2767 = EDGE_CURVE('',#2768,#2770,#2772,.T.);
#2768 = VERTEX_POINT('',#2769);
#2769 = CARTESIAN_POINT('',(88.6,-19.1,-5.));
#2770 = VERTEX_POINT('',#2771);
#2771 = CARTESIAN_POINT('',(88.6,-19.1,44.8));
#2772 = LINE('',#2773,#2774);
#2773 = CARTESIAN_POINT('',(88.6,-19.1,-5.));
#2774 = VECTOR('',#2775,1.);
#2775 = DIRECTION('',(0.,0.,1.));
#2776 = ORIENTED_EDGE('',*,*,#2777,.T.);
#2777 = EDGE_CURVE('',#2768,#2636,#2778,.T.);
#2778 = CIRCLE('',#2779,1.5);
#2779 = AXIS2_PLACEMENT_3D('',#2780,#2781,#2782);
#2780 = CARTESIAN_POINT('',(87.1,-19.1,-5.));
#2781 = DIRECTION('',(-0.,-0.,-1.));
#2782 = DIRECTION('',(0.,-1.,0.));
#2783 = ORIENTED_EDGE('',*,*,#2652,.T.);
#2784 = ORIENTED_EDGE('',*,*,#2785,.T.);
#2785 = EDGE_CURVE('',#2645,#2770,#2786,.T.);
#2786 = CIRCLE('',#2787,1.5);
#2787 = AXIS2_PLACEMENT_3D('',#2788,#2789,#2790);
#2788 = CARTESIAN_POINT('',(87.1,-19.1,44.8));
#2789 = DIRECTION('',(0.,0.,1.));
#2790 = DIRECTION('',(1.,0.,-0.));
#2791 = CYLINDRICAL_SURFACE('',#2792,1.5);
#2792 = AXIS2_PLACEMENT_3D('',#2793,#2794,#2795);
#2793 = CARTESIAN_POINT('',(87.1,-19.1,-5.));
#2794 = DIRECTION('',(0.,0.,1.));
#2795 = DIRECTION('',(1.,0.,-0.));
#2796 = ADVANCED_FACE('',(#2797,#2822,#2856,#2890,#2924,#2958,#2992,
    #3026,#3060,#3094),#3128,.F.);
#2797 = FACE_BOUND('',#2798,.F.);
#2798 = EDGE_LOOP('',(#2799,#2807,#2808,#2816));
#2799 = ORIENTED_EDGE('',*,*,#2800,.F.);
#2800 = EDGE_CURVE('',#2736,#2801,#2803,.T.);
#2801 = VERTEX_POINT('',#2802);
#2802 = CARTESIAN_POINT('',(87.1,74.2,-5.));
#2803 = LINE('',#2804,#2805);
#2804 = CARTESIAN_POINT('',(-6.,74.2,-5.));
#2805 = VECTOR('',#2806,1.);
#2806 = DIRECTION('',(1.,0.,-0.));
#2807 = ORIENTED_EDGE('',*,*,#2744,.T.);
#2808 = ORIENTED_EDGE('',*,*,#2809,.F.);
#2809 = EDGE_CURVE('',#2810,#2745,#2812,.T.);
#2810 = VERTEX_POINT('',#2811);
#2811 = CARTESIAN_POINT('',(87.1,74.2,44.8));
#2812 = LINE('',#2813,#2814);
#2813 = CARTESIAN_POINT('',(-7.25,74.2,44.8));
#2814 = VECTOR('',#2815,1.);
#2815 = DIRECTION('',(-1.,-0.,0.));
#2816 = ORIENTED_EDGE('',*,*,#2817,.F.);
#2817 = EDGE_CURVE('',#2801,#2810,#2818,.T.);
#2818 = LINE('',#2819,#2820);
#2819 = CARTESIAN_POINT('',(87.1,74.2,-5.));
#2820 = VECTOR('',#2821,1.);
#2821 = DIRECTION('',(0.,0.,1.));
#2822 = FACE_BOUND('',#2823,.F.);
#2823 = EDGE_LOOP('',(#2824,#2834,#2842,#2850));
#2824 = ORIENTED_EDGE('',*,*,#2825,.F.);
#2825 = EDGE_CURVE('',#2826,#2828,#2830,.T.);
#2826 = VERTEX_POINT('',#2827);
#2827 = CARTESIAN_POINT('',(3.,74.2,0.));
#2828 = VERTEX_POINT('',#2829);
#2829 = CARTESIAN_POINT('',(34.,74.2,0.));
#2830 = LINE('',#2831,#2832);
#2831 = CARTESIAN_POINT('',(-1.5,74.2,0.));
#2832 = VECTOR('',#2833,1.);
#2833 = DIRECTION('',(1.,0.,-0.));
#2834 = ORIENTED_EDGE('',*,*,#2835,.T.);
#2835 = EDGE_CURVE('',#2826,#2836,#2838,.T.);
#2836 = VERTEX_POINT('',#2837);
#2837 = CARTESIAN_POINT('',(3.,74.2,-2.5));
#2838 = LINE('',#2839,#2840);
#2839 = CARTESIAN_POINT('',(3.,74.2,-3.75));
#2840 = VECTOR('',#2841,1.);
#2841 = DIRECTION('',(-0.,0.,-1.));
#2842 = ORIENTED_EDGE('',*,*,#2843,.T.);
#2843 = EDGE_CURVE('',#2836,#2844,#2846,.T.);
#2844 = VERTEX_POINT('',#2845);
#2845 = CARTESIAN_POINT('',(34.,74.2,-2.5));
#2846 = LINE('',#2847,#2848);
#2847 = CARTESIAN_POINT('',(-1.5,74.2,-2.5));
#2848 = VECTOR('',#2849,1.);
#2849 = DIRECTION('',(1.,0.,-0.));
#2850 = ORIENTED_EDGE('',*,*,#2851,.F.);
#2851 = EDGE_CURVE('',#2828,#2844,#2852,.T.);
#2852 = LINE('',#2853,#2854);
#2853 = CARTESIAN_POINT('',(34.,74.2,-3.75));
#2854 = VECTOR('',#2855,1.);
#2855 = DIRECTION('',(-0.,0.,-1.));
#2856 = FACE_BOUND('',#2857,.F.);
#2857 = EDGE_LOOP('',(#2858,#2868,#2876,#2884));
#2858 = ORIENTED_EDGE('',*,*,#2859,.F.);
#2859 = EDGE_CURVE('',#2860,#2862,#2864,.T.);
#2860 = VERTEX_POINT('',#2861);
#2861 = CARTESIAN_POINT('',(3.,74.2,8.));
#2862 = VERTEX_POINT('',#2863);
#2863 = CARTESIAN_POINT('',(34.,74.2,8.));
#2864 = LINE('',#2865,#2866);
#2865 = CARTESIAN_POINT('',(-1.5,74.2,8.));
#2866 = VECTOR('',#2867,1.);
#2867 = DIRECTION('',(1.,0.,-0.));
#2868 = ORIENTED_EDGE('',*,*,#2869,.T.);
#2869 = EDGE_CURVE('',#2860,#2870,#2872,.T.);
#2870 = VERTEX_POINT('',#2871);
#2871 = CARTESIAN_POINT('',(3.,74.2,5.5));
#2872 = LINE('',#2873,#2874);
#2873 = CARTESIAN_POINT('',(3.,74.2,0.25));
#2874 = VECTOR('',#2875,1.);
#2875 = DIRECTION('',(-0.,0.,-1.));
#2876 = ORIENTED_EDGE('',*,*,#2877,.T.);
#2877 = EDGE_CURVE('',#2870,#2878,#2880,.T.);
#2878 = VERTEX_POINT('',#2879);
#2879 = CARTESIAN_POINT('',(34.,74.2,5.5));
#2880 = LINE('',#2881,#2882);
#2881 = CARTESIAN_POINT('',(-1.5,74.2,5.5));
#2882 = VECTOR('',#2883,1.);
#2883 = DIRECTION('',(1.,0.,-0.));
#2884 = ORIENTED_EDGE('',*,*,#2885,.F.);
#2885 = EDGE_CURVE('',#2862,#2878,#2886,.T.);
#2886 = LINE('',#2887,#2888);
#2887 = CARTESIAN_POINT('',(34.,74.2,0.25));
#2888 = VECTOR('',#2889,1.);
#2889 = DIRECTION('',(-0.,0.,-1.));
#2890 = FACE_BOUND('',#2891,.F.);
#2891 = EDGE_LOOP('',(#2892,#2902,#2910,#2918));
#2892 = ORIENTED_EDGE('',*,*,#2893,.F.);
#2893 = EDGE_CURVE('',#2894,#2896,#2898,.T.);
#2894 = VERTEX_POINT('',#2895);
#2895 = CARTESIAN_POINT('',(3.,74.2,16.));
#2896 = VERTEX_POINT('',#2897);
#2897 = CARTESIAN_POINT('',(34.,74.2,16.));
#2898 = LINE('',#2899,#2900);
#2899 = CARTESIAN_POINT('',(-1.5,74.2,16.));
#2900 = VECTOR('',#2901,1.);
#2901 = DIRECTION('',(1.,0.,-0.));
#2902 = ORIENTED_EDGE('',*,*,#2903,.T.);
#2903 = EDGE_CURVE('',#2894,#2904,#2906,.T.);
#2904 = VERTEX_POINT('',#2905);
#2905 = CARTESIAN_POINT('',(3.,74.2,13.5));
#2906 = LINE('',#2907,#2908);
#2907 = CARTESIAN_POINT('',(3.,74.2,4.25));
#2908 = VECTOR('',#2909,1.);
#2909 = DIRECTION('',(-0.,0.,-1.));
#2910 = ORIENTED_EDGE('',*,*,#2911,.T.);
#2911 = EDGE_CURVE('',#2904,#2912,#2914,.T.);
#2912 = VERTEX_POINT('',#2913);
#2913 = CARTESIAN_POINT('',(34.,74.2,13.5));
#2914 = LINE('',#2915,#2916);
#2915 = CARTESIAN_POINT('',(-1.5,74.2,13.5));
#2916 = VECTOR('',#2917,1.);
#2917 = DIRECTION('',(1.,0.,-0.));
#2918 = ORIENTED_EDGE('',*,*,#2919,.F.);
#2919 = EDGE_CURVE('',#2896,#2912,#2920,.T.);
#2920 = LINE('',#2921,#2922);
#2921 = CARTESIAN_POINT('',(34.,74.2,4.25));
#2922 = VECTOR('',#2923,1.);
#2923 = DIRECTION('',(-0.,0.,-1.));
#2924 = FACE_BOUND('',#2925,.F.);
#2925 = EDGE_LOOP('',(#2926,#2936,#2944,#2952));
#2926 = ORIENTED_EDGE('',*,*,#2927,.F.);
#2927 = EDGE_CURVE('',#2928,#2930,#2932,.T.);
#2928 = VERTEX_POINT('',#2929);
#2929 = CARTESIAN_POINT('',(68.,74.2,0.));
#2930 = VERTEX_POINT('',#2931);
#2931 = CARTESIAN_POINT('',(85.,74.2,0.));
#2932 = LINE('',#2933,#2934);
#2933 = CARTESIAN_POINT('',(31.,74.2,0.));
#2934 = VECTOR('',#2935,1.);
#2935 = DIRECTION('',(1.,0.,-0.));
#2936 = ORIENTED_EDGE('',*,*,#2937,.T.);
#2937 = EDGE_CURVE('',#2928,#2938,#2940,.T.);
#2938 = VERTEX_POINT('',#2939);
#2939 = CARTESIAN_POINT('',(68.,74.2,-2.5));
#2940 = LINE('',#2941,#2942);
#2941 = CARTESIAN_POINT('',(68.,74.2,-3.75));
#2942 = VECTOR('',#2943,1.);
#2943 = DIRECTION('',(-0.,0.,-1.));
#2944 = ORIENTED_EDGE('',*,*,#2945,.T.);
#2945 = EDGE_CURVE('',#2938,#2946,#2948,.T.);
#2946 = VERTEX_POINT('',#2947);
#2947 = CARTESIAN_POINT('',(85.,74.2,-2.5));
#2948 = LINE('',#2949,#2950);
#2949 = CARTESIAN_POINT('',(31.,74.2,-2.5));
#2950 = VECTOR('',#2951,1.);
#2951 = DIRECTION('',(1.,0.,-0.));
#2952 = ORIENTED_EDGE('',*,*,#2953,.F.);
#2953 = EDGE_CURVE('',#2930,#2946,#2954,.T.);
#2954 = LINE('',#2955,#2956);
#2955 = CARTESIAN_POINT('',(85.,74.2,-3.75));
#2956 = VECTOR('',#2957,1.);
#2957 = DIRECTION('',(-0.,0.,-1.));
#2958 = FACE_BOUND('',#2959,.F.);
#2959 = EDGE_LOOP('',(#2960,#2970,#2978,#2986));
#2960 = ORIENTED_EDGE('',*,*,#2961,.F.);
#2961 = EDGE_CURVE('',#2962,#2964,#2966,.T.);
#2962 = VERTEX_POINT('',#2963);
#2963 = CARTESIAN_POINT('',(68.,74.2,8.));
#2964 = VERTEX_POINT('',#2965);
#2965 = CARTESIAN_POINT('',(85.,74.2,8.));
#2966 = LINE('',#2967,#2968);
#2967 = CARTESIAN_POINT('',(31.,74.2,8.));
#2968 = VECTOR('',#2969,1.);
#2969 = DIRECTION('',(1.,0.,-0.));
#2970 = ORIENTED_EDGE('',*,*,#2971,.T.);
#2971 = EDGE_CURVE('',#2962,#2972,#2974,.T.);
#2972 = VERTEX_POINT('',#2973);
#2973 = CARTESIAN_POINT('',(68.,74.2,5.5));
#2974 = LINE('',#2975,#2976);
#2975 = CARTESIAN_POINT('',(68.,74.2,0.25));
#2976 = VECTOR('',#2977,1.);
#2977 = DIRECTION('',(-0.,0.,-1.));
#2978 = ORIENTED_EDGE('',*,*,#2979,.T.);
#2979 = EDGE_CURVE('',#2972,#2980,#2982,.T.);
#2980 = VERTEX_POINT('',#2981);
#2981 = CARTESIAN_POINT('',(85.,74.2,5.5));
#2982 = LINE('',#2983,#2984);
#2983 = CARTESIAN_POINT('',(31.,74.2,5.5));
#2984 = VECTOR('',#2985,1.);
#2985 = DIRECTION('',(1.,0.,-0.));
#2986 = ORIENTED_EDGE('',*,*,#2987,.F.);
#2987 = EDGE_CURVE('',#2964,#2980,#2988,.T.);
#2988 = LINE('',#2989,#2990);
#2989 = CARTESIAN_POINT('',(85.,74.2,0.25));
#2990 = VECTOR('',#2991,1.);
#2991 = DIRECTION('',(-0.,0.,-1.));
#2992 = FACE_BOUND('',#2993,.F.);
#2993 = EDGE_LOOP('',(#2994,#3004,#3012,#3020));
#2994 = ORIENTED_EDGE('',*,*,#2995,.F.);
#2995 = EDGE_CURVE('',#2996,#2998,#3000,.T.);
#2996 = VERTEX_POINT('',#2997);
#2997 = CARTESIAN_POINT('',(68.,74.2,16.));
#2998 = VERTEX_POINT('',#2999);
#2999 = CARTESIAN_POINT('',(85.,74.2,16.));
#3000 = LINE('',#3001,#3002);
#3001 = CARTESIAN_POINT('',(31.,74.2,16.));
#3002 = VECTOR('',#3003,1.);
#3003 = DIRECTION('',(1.,0.,-0.));
#3004 = ORIENTED_EDGE('',*,*,#3005,.T.);
#3005 = EDGE_CURVE('',#2996,#3006,#3008,.T.);
#3006 = VERTEX_POINT('',#3007);
#3007 = CARTESIAN_POINT('',(68.,74.2,13.5));
#3008 = LINE('',#3009,#3010);
#3009 = CARTESIAN_POINT('',(68.,74.2,4.25));
#3010 = VECTOR('',#3011,1.);
#3011 = DIRECTION('',(-0.,0.,-1.));
#3012 = ORIENTED_EDGE('',*,*,#3013,.T.);
#3013 = EDGE_CURVE('',#3006,#3014,#3016,.T.);
#3014 = VERTEX_POINT('',#3015);
#3015 = CARTESIAN_POINT('',(85.,74.2,13.5));
#3016 = LINE('',#3017,#3018);
#3017 = CARTESIAN_POINT('',(31.,74.2,13.5));
#3018 = VECTOR('',#3019,1.);
#3019 = DIRECTION('',(1.,0.,-0.));
#3020 = ORIENTED_EDGE('',*,*,#3021,.F.);
#3021 = EDGE_CURVE('',#2998,#3014,#3022,.T.);
#3022 = LINE('',#3023,#3024);
#3023 = CARTESIAN_POINT('',(85.,74.2,4.25));
#3024 = VECTOR('',#3025,1.);
#3025 = DIRECTION('',(-0.,0.,-1.));
#3026 = FACE_BOUND('',#3027,.F.);
#3027 = EDGE_LOOP('',(#3028,#3038,#3046,#3054));
#3028 = ORIENTED_EDGE('',*,*,#3029,.F.);
#3029 = EDGE_CURVE('',#3030,#3032,#3034,.T.);
#3030 = VERTEX_POINT('',#3031);
#3031 = CARTESIAN_POINT('',(37.35,74.2,41.3));
#3032 = VERTEX_POINT('',#3033);
#3033 = CARTESIAN_POINT('',(55.75,74.2,41.3));
#3034 = LINE('',#3035,#3036);
#3035 = CARTESIAN_POINT('',(15.675,74.2,41.3));
#3036 = VECTOR('',#3037,1.);
#3037 = DIRECTION('',(1.,0.,-0.));
#3038 = ORIENTED_EDGE('',*,*,#3039,.T.);
#3039 = EDGE_CURVE('',#3030,#3040,#3042,.T.);
#3040 = VERTEX_POINT('',#3041);
#3041 = CARTESIAN_POINT('',(37.35,74.2,26.6));
#3042 = LINE('',#3043,#3044);
#3043 = CARTESIAN_POINT('',(37.35,74.2,10.8));
#3044 = VECTOR('',#3045,1.);
#3045 = DIRECTION('',(-0.,0.,-1.));
#3046 = ORIENTED_EDGE('',*,*,#3047,.T.);
#3047 = EDGE_CURVE('',#3040,#3048,#3050,.T.);
#3048 = VERTEX_POINT('',#3049);
#3049 = CARTESIAN_POINT('',(55.75,74.2,26.6));
#3050 = LINE('',#3051,#3052);
#3051 = CARTESIAN_POINT('',(15.675,74.2,26.6));
#3052 = VECTOR('',#3053,1.);
#3053 = DIRECTION('',(1.,0.,-0.));
#3054 = ORIENTED_EDGE('',*,*,#3055,.F.);
#3055 = EDGE_CURVE('',#3032,#3048,#3056,.T.);
#3056 = LINE('',#3057,#3058);
#3057 = CARTESIAN_POINT('',(55.75,74.2,10.8));
#3058 = VECTOR('',#3059,1.);
#3059 = DIRECTION('',(-0.,0.,-1.));
#3060 = FACE_BOUND('',#3061,.F.);
#3061 = EDGE_LOOP('',(#3062,#3072,#3080,#3088));
#3062 = ORIENTED_EDGE('',*,*,#3063,.F.);
#3063 = EDGE_CURVE('',#3064,#3066,#3068,.T.);
#3064 = VERTEX_POINT('',#3065);
#3065 = CARTESIAN_POINT('',(68.,74.2,24.));
#3066 = VERTEX_POINT('',#3067);
#3067 = CARTESIAN_POINT('',(85.,74.2,24.));
#3068 = LINE('',#3069,#3070);
#3069 = CARTESIAN_POINT('',(31.,74.2,24.));
#3070 = VECTOR('',#3071,1.);
#3071 = DIRECTION('',(1.,0.,-0.));
#3072 = ORIENTED_EDGE('',*,*,#3073,.T.);
#3073 = EDGE_CURVE('',#3064,#3074,#3076,.T.);
#3074 = VERTEX_POINT('',#3075);
#3075 = CARTESIAN_POINT('',(68.,74.2,21.5));
#3076 = LINE('',#3077,#3078);
#3077 = CARTESIAN_POINT('',(68.,74.2,8.25));
#3078 = VECTOR('',#3079,1.);
#3079 = DIRECTION('',(-0.,0.,-1.));
#3080 = ORIENTED_EDGE('',*,*,#3081,.T.);
#3081 = EDGE_CURVE('',#3074,#3082,#3084,.T.);
#3082 = VERTEX_POINT('',#3083);
#3083 = CARTESIAN_POINT('',(85.,74.2,21.5));
#3084 = LINE('',#3085,#3086);
#3085 = CARTESIAN_POINT('',(31.,74.2,21.5));
#3086 = VECTOR('',#3087,1.);
#3087 = DIRECTION('',(1.,0.,-0.));
#3088 = ORIENTED_EDGE('',*,*,#3089,.F.);
#3089 = EDGE_CURVE('',#3066,#3082,#3090,.T.);
#3090 = LINE('',#3091,#3092);
#3091 = CARTESIAN_POINT('',(85.,74.2,8.25));
#3092 = VECTOR('',#3093,1.);
#3093 = DIRECTION('',(-0.,0.,-1.));
#3094 = FACE_BOUND('',#3095,.F.);
#3095 = EDGE_LOOP('',(#3096,#3106,#3114,#3122));
#3096 = ORIENTED_EDGE('',*,*,#3097,.F.);
#3097 = EDGE_CURVE('',#3098,#3100,#3102,.T.);
#3098 = VERTEX_POINT('',#3099);
#3099 = CARTESIAN_POINT('',(68.,74.2,32.));
#3100 = VERTEX_POINT('',#3101);
#3101 = CARTESIAN_POINT('',(85.,74.2,32.));
#3102 = LINE('',#3103,#3104);
#3103 = CARTESIAN_POINT('',(31.,74.2,32.));
#3104 = VECTOR('',#3105,1.);
#3105 = DIRECTION('',(1.,0.,-0.));
#3106 = ORIENTED_EDGE('',*,*,#3107,.T.);
#3107 = EDGE_CURVE('',#3098,#3108,#3110,.T.);
#3108 = VERTEX_POINT('',#3109);
#3109 = CARTESIAN_POINT('',(68.,74.2,29.5));
#3110 = LINE('',#3111,#3112);
#3111 = CARTESIAN_POINT('',(68.,74.2,12.25));
#3112 = VECTOR('',#3113,1.);
#3113 = DIRECTION('',(-0.,0.,-1.));
#3114 = ORIENTED_EDGE('',*,*,#3115,.T.);
#3115 = EDGE_CURVE('',#3108,#3116,#3118,.T.);
#3116 = VERTEX_POINT('',#3117);
#3117 = CARTESIAN_POINT('',(85.,74.2,29.5));
#3118 = LINE('',#3119,#3120);
#3119 = CARTESIAN_POINT('',(31.,74.2,29.5));
#3120 = VECTOR('',#3121,1.);
#3121 = DIRECTION('',(1.,0.,-0.));
#3122 = ORIENTED_EDGE('',*,*,#3123,.F.);
#3123 = EDGE_CURVE('',#3100,#3116,#3124,.T.);
#3124 = LINE('',#3125,#3126);
#3125 = CARTESIAN_POINT('',(85.,74.2,12.25));
#3126 = VECTOR('',#3127,1.);
#3127 = DIRECTION('',(-0.,0.,-1.));
#3128 = PLANE('',#3129);
#3129 = AXIS2_PLACEMENT_3D('',#3130,#3131,#3132);
#3130 = CARTESIAN_POINT('',(-6.,74.2,-5.));
#3131 = DIRECTION('',(-0.,1.,0.));
#3132 = DIRECTION('',(0.,0.,1.));
#3133 = ADVANCED_FACE('',(#3134,#3159,#3193,#3227),#3261,.F.);
#3134 = FACE_BOUND('',#3135,.F.);
#3135 = EDGE_LOOP('',(#3136,#3144,#3145,#3153));
#3136 = ORIENTED_EDGE('',*,*,#3137,.F.);
#3137 = EDGE_CURVE('',#2770,#3138,#3140,.T.);
#3138 = VERTEX_POINT('',#3139);
#3139 = CARTESIAN_POINT('',(88.6,72.7,44.8));
#3140 = LINE('',#3141,#3142);
#3141 = CARTESIAN_POINT('',(88.6,-21.85,44.8));
#3142 = VECTOR('',#3143,1.);
#3143 = DIRECTION('',(-0.,1.,0.));
#3144 = ORIENTED_EDGE('',*,*,#2767,.F.);
#3145 = ORIENTED_EDGE('',*,*,#3146,.T.);
#3146 = EDGE_CURVE('',#2768,#3147,#3149,.T.);
#3147 = VERTEX_POINT('',#3148);
#3148 = CARTESIAN_POINT('',(88.6,72.7,-5.));
#3149 = LINE('',#3150,#3151);
#3150 = CARTESIAN_POINT('',(88.6,-20.6,-5.));
#3151 = VECTOR('',#3152,1.);
#3152 = DIRECTION('',(-0.,1.,0.));
#3153 = ORIENTED_EDGE('',*,*,#3154,.T.);
#3154 = EDGE_CURVE('',#3147,#3138,#3155,.T.);
#3155 = LINE('',#3156,#3157);
#3156 = CARTESIAN_POINT('',(88.6,72.7,-5.));
#3157 = VECTOR('',#3158,1.);
#3158 = DIRECTION('',(0.,0.,1.));
#3159 = FACE_BOUND('',#3160,.F.);
#3160 = EDGE_LOOP('',(#3161,#3171,#3179,#3187));
#3161 = ORIENTED_EDGE('',*,*,#3162,.T.);
#3162 = EDGE_CURVE('',#3163,#3165,#3167,.T.);
#3163 = VERTEX_POINT('',#3164);
#3164 = CARTESIAN_POINT('',(88.6,55.2,-1.5));
#3165 = VERTEX_POINT('',#3166);
#3166 = CARTESIAN_POINT('',(88.6,1.3,-1.5));
#3167 = LINE('',#3168,#3169);
#3168 = CARTESIAN_POINT('',(88.6,-9.65,-1.5));
#3169 = VECTOR('',#3170,1.);
#3170 = DIRECTION('',(0.,-1.,0.));
#3171 = ORIENTED_EDGE('',*,*,#3172,.T.);
#3172 = EDGE_CURVE('',#3165,#3173,#3175,.T.);
#3173 = VERTEX_POINT('',#3174);
#3174 = CARTESIAN_POINT('',(88.6,1.3,18.5));
#3175 = LINE('',#3176,#3177);
#3176 = CARTESIAN_POINT('',(88.6,1.3,-3.25));
#3177 = VECTOR('',#3178,1.);
#3178 = DIRECTION('',(0.,0.,1.));
#3179 = ORIENTED_EDGE('',*,*,#3180,.F.);
#3180 = EDGE_CURVE('',#3181,#3173,#3183,.T.);
#3181 = VERTEX_POINT('',#3182);
#3182 = CARTESIAN_POINT('',(88.6,55.2,18.5));
#3183 = LINE('',#3184,#3185);
#3184 = CARTESIAN_POINT('',(88.6,-9.65,18.5));
#3185 = VECTOR('',#3186,1.);
#3186 = DIRECTION('',(0.,-1.,0.));
#3187 = ORIENTED_EDGE('',*,*,#3188,.F.);
#3188 = EDGE_CURVE('',#3163,#3181,#3189,.T.);
#3189 = LINE('',#3190,#3191);
#3190 = CARTESIAN_POINT('',(88.6,55.2,-3.25));
#3191 = VECTOR('',#3192,1.);
#3192 = DIRECTION('',(0.,0.,1.));
#3193 = FACE_BOUND('',#3194,.F.);
#3194 = EDGE_LOOP('',(#3195,#3205,#3213,#3221));
#3195 = ORIENTED_EDGE('',*,*,#3196,.T.);
#3196 = EDGE_CURVE('',#3197,#3199,#3201,.T.);
#3197 = VERTEX_POINT('',#3198);
#3198 = CARTESIAN_POINT('',(88.6,51.,21.));
#3199 = VERTEX_POINT('',#3200);
#3200 = CARTESIAN_POINT('',(88.6,5.,21.));
#3201 = LINE('',#3202,#3203);
#3202 = CARTESIAN_POINT('',(88.6,-7.8,21.));
#3203 = VECTOR('',#3204,1.);
#3204 = DIRECTION('',(0.,-1.,0.));
#3205 = ORIENTED_EDGE('',*,*,#3206,.T.);
#3206 = EDGE_CURVE('',#3199,#3207,#3209,.T.);
#3207 = VERTEX_POINT('',#3208);
#3208 = CARTESIAN_POINT('',(88.6,5.,23.5));
#3209 = LINE('',#3210,#3211);
#3210 = CARTESIAN_POINT('',(88.6,5.,8.));
#3211 = VECTOR('',#3212,1.);
#3212 = DIRECTION('',(0.,0.,1.));
#3213 = ORIENTED_EDGE('',*,*,#3214,.F.);
#3214 = EDGE_CURVE('',#3215,#3207,#3217,.T.);
#3215 = VERTEX_POINT('',#3216);
#3216 = CARTESIAN_POINT('',(88.6,51.,23.5));
#3217 = LINE('',#3218,#3219);
#3218 = CARTESIAN_POINT('',(88.6,-7.8,23.5));
#3219 = VECTOR('',#3220,1.);
#3220 = DIRECTION('',(0.,-1.,0.));
#3221 = ORIENTED_EDGE('',*,*,#3222,.F.);
#3222 = EDGE_CURVE('',#3197,#3215,#3223,.T.);
#3223 = LINE('',#3224,#3225);
#3224 = CARTESIAN_POINT('',(88.6,51.,8.));
#3225 = VECTOR('',#3226,1.);
#3226 = DIRECTION('',(0.,0.,1.));
#3227 = FACE_BOUND('',#3228,.F.);
#3228 = EDGE_LOOP('',(#3229,#3239,#3247,#3255));
#3229 = ORIENTED_EDGE('',*,*,#3230,.T.);
#3230 = EDGE_CURVE('',#3231,#3233,#3235,.T.);
#3231 = VERTEX_POINT('',#3232);
#3232 = CARTESIAN_POINT('',(88.6,51.,29.));
#3233 = VERTEX_POINT('',#3234);
#3234 = CARTESIAN_POINT('',(88.6,5.,29.));
#3235 = LINE('',#3236,#3237);
#3236 = CARTESIAN_POINT('',(88.6,-7.8,29.));
#3237 = VECTOR('',#3238,1.);
#3238 = DIRECTION('',(0.,-1.,0.));
#3239 = ORIENTED_EDGE('',*,*,#3240,.T.);
#3240 = EDGE_CURVE('',#3233,#3241,#3243,.T.);
#3241 = VERTEX_POINT('',#3242);
#3242 = CARTESIAN_POINT('',(88.6,5.,31.5));
#3243 = LINE('',#3244,#3245);
#3244 = CARTESIAN_POINT('',(88.6,5.,12.));
#3245 = VECTOR('',#3246,1.);
#3246 = DIRECTION('',(0.,0.,1.));
#3247 = ORIENTED_EDGE('',*,*,#3248,.F.);
#3248 = EDGE_CURVE('',#3249,#3241,#3251,.T.);
#3249 = VERTEX_POINT('',#3250);
#3250 = CARTESIAN_POINT('',(88.6,51.,31.5));
#3251 = LINE('',#3252,#3253);
#3252 = CARTESIAN_POINT('',(88.6,-7.8,31.5));
#3253 = VECTOR('',#3254,1.);
#3254 = DIRECTION('',(0.,-1.,0.));
#3255 = ORIENTED_EDGE('',*,*,#3256,.F.);
#3256 = EDGE_CURVE('',#3231,#3249,#3257,.T.);
#3257 = LINE('',#3258,#3259);
#3258 = CARTESIAN_POINT('',(88.6,51.,12.));
#3259 = VECTOR('',#3260,1.);
#3260 = DIRECTION('',(0.,0.,1.));
#3261 = PLANE('',#3262);
#3262 = AXIS2_PLACEMENT_3D('',#3263,#3264,#3265);
#3263 = CARTESIAN_POINT('',(88.6,-20.6,-5.));
#3264 = DIRECTION('',(1.,0.,-0.));
#3265 = DIRECTION('',(0.,0.,1.));
#3266 = ADVANCED_FACE('',(#3267),#3285,.F.);
#3267 = FACE_BOUND('',#3268,.F.);
#3268 = EDGE_LOOP('',(#3269,#3270,#3277,#3278));
#3269 = ORIENTED_EDGE('',*,*,#3154,.F.);
#3270 = ORIENTED_EDGE('',*,*,#3271,.T.);
#3271 = EDGE_CURVE('',#3147,#2801,#3272,.T.);
#3272 = CIRCLE('',#3273,1.5);
#3273 = AXIS2_PLACEMENT_3D('',#3274,#3275,#3276);
#3274 = CARTESIAN_POINT('',(87.1,72.7,-5.));
#3275 = DIRECTION('',(0.,0.,1.));
#3276 = DIRECTION('',(0.,-1.,0.));
#3277 = ORIENTED_EDGE('',*,*,#2817,.T.);
#3278 = ORIENTED_EDGE('',*,*,#3279,.F.);
#3279 = EDGE_CURVE('',#3138,#2810,#3280,.T.);
#3280 = CIRCLE('',#3281,1.5);
#3281 = AXIS2_PLACEMENT_3D('',#3282,#3283,#3284);
#3282 = CARTESIAN_POINT('',(87.1,72.7,44.8));
#3283 = DIRECTION('',(0.,0.,1.));
#3284 = DIRECTION('',(1.,0.,-0.));
#3285 = CYLINDRICAL_SURFACE('',#3286,1.5);
#3286 = AXIS2_PLACEMENT_3D('',#3287,#3288,#3289);
#3287 = CARTESIAN_POINT('',(87.1,72.7,-5.));
#3288 = DIRECTION('',(0.,0.,1.));
#3289 = DIRECTION('',(1.,0.,-0.));
#3290 = ADVANCED_FACE('',(#3291),#3316,.F.);
#3291 = FACE_BOUND('',#3292,.F.);
#3292 = EDGE_LOOP('',(#3293,#3301,#3302,#3310));
#3293 = ORIENTED_EDGE('',*,*,#3294,.F.);
#3294 = EDGE_CURVE('',#701,#3295,#3297,.T.);
#3295 = VERTEX_POINT('',#3296);
#3296 = CARTESIAN_POINT('',(-17.5,-17.6,44.8));
#3297 = LINE('',#3298,#3299);
#3298 = CARTESIAN_POINT('',(-17.5,-17.6,36.8));
#3299 = VECTOR('',#3300,1.);
#3300 = DIRECTION('',(0.,0.,1.));
#3301 = ORIENTED_EDGE('',*,*,#708,.T.);
#3302 = ORIENTED_EDGE('',*,*,#3303,.T.);
#3303 = EDGE_CURVE('',#709,#3304,#3306,.T.);
#3304 = VERTEX_POINT('',#3305);
#3305 = CARTESIAN_POINT('',(-17.5,-7.6,44.8));
#3306 = LINE('',#3307,#3308);
#3307 = CARTESIAN_POINT('',(-17.5,-7.6,36.8));
#3308 = VECTOR('',#3309,1.);
#3309 = DIRECTION('',(0.,0.,1.));
#3310 = ORIENTED_EDGE('',*,*,#3311,.F.);
#3311 = EDGE_CURVE('',#3295,#3304,#3312,.T.);
#3312 = LINE('',#3313,#3314);
#3313 = CARTESIAN_POINT('',(-17.5,-17.6,44.8));
#3314 = VECTOR('',#3315,1.);
#3315 = DIRECTION('',(-0.,1.,0.));
#3316 = PLANE('',#3317);
#3317 = AXIS2_PLACEMENT_3D('',#3318,#3319,#3320);
#3318 = CARTESIAN_POINT('',(-17.5,-17.6,36.8));
#3319 = DIRECTION('',(1.,0.,-0.));
#3320 = DIRECTION('',(0.,0.,1.));
#3321 = ADVANCED_FACE('',(#3322),#3333,.F.);
#3322 = FACE_BOUND('',#3323,.F.);
#3323 = EDGE_LOOP('',(#3324,#3325,#3331,#3332));
#3324 = ORIENTED_EDGE('',*,*,#677,.F.);
#3325 = ORIENTED_EDGE('',*,*,#3326,.T.);
#3326 = EDGE_CURVE('',#670,#767,#3327,.T.);
#3327 = LINE('',#3328,#3329);
#3328 = CARTESIAN_POINT('',(-22.5,4.,-7.5));
#3329 = VECTOR('',#3330,1.);
#3330 = DIRECTION('',(-0.,1.,0.));
#3331 = ORIENTED_EDGE('',*,*,#774,.T.);
#3332 = ORIENTED_EDGE('',*,*,#739,.F.);
#3333 = PLANE('',#3334);
#3334 = AXIS2_PLACEMENT_3D('',#3335,#3336,#3337);
#3335 = CARTESIAN_POINT('',(-22.5,4.,-7.5));
#3336 = DIRECTION('',(1.,0.,-0.));
#3337 = DIRECTION('',(0.,0.,1.));
#3338 = ADVANCED_FACE('',(#3339),#3358,.F.);
#3339 = FACE_BOUND('',#3340,.F.);
#3340 = EDGE_LOOP('',(#3341,#3342,#3350,#3357));
#3341 = ORIENTED_EDGE('',*,*,#749,.F.);
#3342 = ORIENTED_EDGE('',*,*,#3343,.F.);
#3343 = EDGE_CURVE('',#3344,#750,#3346,.T.);
#3344 = VERTEX_POINT('',#3345);
#3345 = CARTESIAN_POINT('',(-13.75,12.,-7.5));
#3346 = LINE('',#3347,#3348);
#3347 = CARTESIAN_POINT('',(-13.75,12.,-8.5));
#3348 = VECTOR('',#3349,1.);
#3349 = DIRECTION('',(0.,0.,1.));
#3350 = ORIENTED_EDGE('',*,*,#3351,.T.);
#3351 = EDGE_CURVE('',#3344,#3344,#3352,.T.);
#3352 = CIRCLE('',#3353,2.25);
#3353 = AXIS2_PLACEMENT_3D('',#3354,#3355,#3356);
#3354 = CARTESIAN_POINT('',(-16.,12.,-7.5));
#3355 = DIRECTION('',(0.,0.,1.));
#3356 = DIRECTION('',(1.,0.,-0.));
#3357 = ORIENTED_EDGE('',*,*,#3343,.T.);
#3358 = CYLINDRICAL_SURFACE('',#3359,2.25);
#3359 = AXIS2_PLACEMENT_3D('',#3360,#3361,#3362);
#3360 = CARTESIAN_POINT('',(-16.,12.,-8.5));
#3361 = DIRECTION('',(0.,0.,1.));
#3362 = DIRECTION('',(1.,0.,-0.));
#3363 = ADVANCED_FACE('',(#3364),#3375,.F.);
#3364 = FACE_BOUND('',#3365,.F.);
#3365 = EDGE_LOOP('',(#3366,#3367,#3373,#3374));
#3366 = ORIENTED_EDGE('',*,*,#798,.F.);
#3367 = ORIENTED_EDGE('',*,*,#3368,.T.);
#3368 = EDGE_CURVE('',#791,#857,#3369,.T.);
#3369 = LINE('',#3370,#3371);
#3370 = CARTESIAN_POINT('',(-22.5,34.,-7.5));
#3371 = VECTOR('',#3372,1.);
#3372 = DIRECTION('',(-0.,1.,0.));
#3373 = ORIENTED_EDGE('',*,*,#864,.T.);
#3374 = ORIENTED_EDGE('',*,*,#829,.F.);
#3375 = PLANE('',#3376);
#3376 = AXIS2_PLACEMENT_3D('',#3377,#3378,#3379);
#3377 = CARTESIAN_POINT('',(-22.5,34.,-7.5));
#3378 = DIRECTION('',(1.,0.,-0.));
#3379 = DIRECTION('',(0.,0.,1.));
#3380 = ADVANCED_FACE('',(#3381),#3406,.F.);
#3381 = FACE_BOUND('',#3382,.F.);
#3382 = EDGE_LOOP('',(#3383,#3391,#3392,#3400));
#3383 = ORIENTED_EDGE('',*,*,#3384,.F.);
#3384 = EDGE_CURVE('',#881,#3385,#3387,.T.);
#3385 = VERTEX_POINT('',#3386);
#3386 = CARTESIAN_POINT('',(-17.5,61.2,44.8));
#3387 = LINE('',#3388,#3389);
#3388 = CARTESIAN_POINT('',(-17.5,61.2,36.8));
#3389 = VECTOR('',#3390,1.);
#3390 = DIRECTION('',(0.,0.,1.));
#3391 = ORIENTED_EDGE('',*,*,#888,.T.);
#3392 = ORIENTED_EDGE('',*,*,#3393,.T.);
#3393 = EDGE_CURVE('',#889,#3394,#3396,.T.);
#3394 = VERTEX_POINT('',#3395);
#3395 = CARTESIAN_POINT('',(-17.5,71.2,44.8));
#3396 = LINE('',#3397,#3398);
#3397 = CARTESIAN_POINT('',(-17.5,71.2,36.8));
#3398 = VECTOR('',#3399,1.);
#3399 = DIRECTION('',(0.,0.,1.));
#3400 = ORIENTED_EDGE('',*,*,#3401,.F.);
#3401 = EDGE_CURVE('',#3385,#3394,#3402,.T.);
#3402 = LINE('',#3403,#3404);
#3403 = CARTESIAN_POINT('',(-17.5,61.2,44.8));
#3404 = VECTOR('',#3405,1.);
#3405 = DIRECTION('',(-0.,1.,0.));
#3406 = PLANE('',#3407);
#3407 = AXIS2_PLACEMENT_3D('',#3408,#3409,#3410);
#3408 = CARTESIAN_POINT('',(-17.5,61.2,36.8));
#3409 = DIRECTION('',(1.,0.,-0.));
#3410 = DIRECTION('',(0.,0.,1.));
#3411 = ADVANCED_FACE('',(#3412),#3431,.F.);
#3412 = FACE_BOUND('',#3413,.F.);
#3413 = EDGE_LOOP('',(#3414,#3415,#3423,#3430));
#3414 = ORIENTED_EDGE('',*,*,#839,.F.);
#3415 = ORIENTED_EDGE('',*,*,#3416,.F.);
#3416 = EDGE_CURVE('',#3417,#840,#3419,.T.);
#3417 = VERTEX_POINT('',#3418);
#3418 = CARTESIAN_POINT('',(-13.75,42.,-7.5));
#3419 = LINE('',#3420,#3421);
#3420 = CARTESIAN_POINT('',(-13.75,42.,-8.5));
#3421 = VECTOR('',#3422,1.);
#3422 = DIRECTION('',(0.,0.,1.));
#3423 = ORIENTED_EDGE('',*,*,#3424,.T.);
#3424 = EDGE_CURVE('',#3417,#3417,#3425,.T.);
#3425 = CIRCLE('',#3426,2.25);
#3426 = AXIS2_PLACEMENT_3D('',#3427,#3428,#3429);
#3427 = CARTESIAN_POINT('',(-16.,42.,-7.5));
#3428 = DIRECTION('',(0.,0.,1.));
#3429 = DIRECTION('',(1.,0.,-0.));
#3430 = ORIENTED_EDGE('',*,*,#3416,.T.);
#3431 = CYLINDRICAL_SURFACE('',#3432,2.25);
#3432 = AXIS2_PLACEMENT_3D('',#3433,#3434,#3435);
#3433 = CARTESIAN_POINT('',(-16.,42.,-8.5));
#3434 = DIRECTION('',(0.,0.,1.));
#3435 = DIRECTION('',(1.,0.,-0.));
#3436 = ADVANCED_FACE('',(#3437),#3453,.F.);
#3437 = FACE_BOUND('',#3438,.F.);
#3438 = EDGE_LOOP('',(#3439,#3445,#3446,#3452));
#3439 = ORIENTED_EDGE('',*,*,#3440,.F.);
#3440 = EDGE_CURVE('',#2826,#1467,#3441,.T.);
#3441 = LINE('',#3442,#3443);
#3442 = CARTESIAN_POINT('',(3.,73.6,0.));
#3443 = VECTOR('',#3444,1.);
#3444 = DIRECTION('',(-0.,1.,0.));
#3445 = ORIENTED_EDGE('',*,*,#2825,.T.);
#3446 = ORIENTED_EDGE('',*,*,#3447,.T.);
#3447 = EDGE_CURVE('',#2828,#1469,#3448,.T.);
#3448 = LINE('',#3449,#3450);
#3449 = CARTESIAN_POINT('',(34.,73.6,0.));
#3450 = VECTOR('',#3451,1.);
#3451 = DIRECTION('',(-0.,1.,0.));
#3452 = ORIENTED_EDGE('',*,*,#1466,.F.);
#3453 = PLANE('',#3454);
#3454 = AXIS2_PLACEMENT_3D('',#3455,#3456,#3457);
#3455 = CARTESIAN_POINT('',(3.,73.6,0.));
#3456 = DIRECTION('',(0.,0.,1.));
#3457 = DIRECTION('',(1.,0.,-0.));
#3458 = ADVANCED_FACE('',(#3459),#3470,.T.);
#3459 = FACE_BOUND('',#3460,.T.);
#3460 = EDGE_LOOP('',(#3461,#3462,#3463,#3469));
#3461 = ORIENTED_EDGE('',*,*,#3440,.F.);
#3462 = ORIENTED_EDGE('',*,*,#2835,.T.);
#3463 = ORIENTED_EDGE('',*,*,#3464,.T.);
#3464 = EDGE_CURVE('',#2836,#1477,#3465,.T.);
#3465 = LINE('',#3466,#3467);
#3466 = CARTESIAN_POINT('',(3.,73.6,-2.5));
#3467 = VECTOR('',#3468,1.);
#3468 = DIRECTION('',(-0.,1.,0.));
#3469 = ORIENTED_EDGE('',*,*,#1476,.F.);
#3470 = PLANE('',#3471);
#3471 = AXIS2_PLACEMENT_3D('',#3472,#3473,#3474);
#3472 = CARTESIAN_POINT('',(3.,73.6,-2.5));
#3473 = DIRECTION('',(1.,0.,-0.));
#3474 = DIRECTION('',(0.,0.,1.));
#3475 = ADVANCED_FACE('',(#3476),#3487,.F.);
#3476 = FACE_BOUND('',#3477,.F.);
#3477 = EDGE_LOOP('',(#3478,#3479,#3480,#3486));
#3478 = ORIENTED_EDGE('',*,*,#3447,.F.);
#3479 = ORIENTED_EDGE('',*,*,#2851,.T.);
#3480 = ORIENTED_EDGE('',*,*,#3481,.T.);
#3481 = EDGE_CURVE('',#2844,#1485,#3482,.T.);
#3482 = LINE('',#3483,#3484);
#3483 = CARTESIAN_POINT('',(34.,73.6,-2.5));
#3484 = VECTOR('',#3485,1.);
#3485 = DIRECTION('',(-0.,1.,0.));
#3486 = ORIENTED_EDGE('',*,*,#1492,.F.);
#3487 = PLANE('',#3488);
#3488 = AXIS2_PLACEMENT_3D('',#3489,#3490,#3491);
#3489 = CARTESIAN_POINT('',(34.,73.6,-2.5));
#3490 = DIRECTION('',(1.,0.,-0.));
#3491 = DIRECTION('',(0.,0.,1.));
#3492 = ADVANCED_FACE('',(#3493),#3499,.T.);
#3493 = FACE_BOUND('',#3494,.T.);
#3494 = EDGE_LOOP('',(#3495,#3496,#3497,#3498));
#3495 = ORIENTED_EDGE('',*,*,#3464,.F.);
#3496 = ORIENTED_EDGE('',*,*,#2843,.T.);
#3497 = ORIENTED_EDGE('',*,*,#3481,.T.);
#3498 = ORIENTED_EDGE('',*,*,#1484,.F.);
#3499 = PLANE('',#3500);
#3500 = AXIS2_PLACEMENT_3D('',#3501,#3502,#3503);
#3501 = CARTESIAN_POINT('',(3.,73.6,-2.5));
#3502 = DIRECTION('',(0.,0.,1.));
#3503 = DIRECTION('',(1.,0.,-0.));
#3504 = ADVANCED_FACE('',(#3505),#3522,.F.);
#3505 = FACE_BOUND('',#3506,.F.);
#3506 = EDGE_LOOP('',(#3507,#3508,#3516));
#3507 = ORIENTED_EDGE('',*,*,#1500,.T.);
#3508 = ORIENTED_EDGE('',*,*,#3509,.T.);
#3509 = EDGE_CURVE('',#1503,#3510,#3512,.T.);
#3510 = VERTEX_POINT('',#3511);
#3511 = CARTESIAN_POINT('',(2.,79.2,2.5));
#3512 = LINE('',#3513,#3514);
#3513 = CARTESIAN_POINT('',(2.,76.69,0.));
#3514 = VECTOR('',#3515,1.);
#3515 = DIRECTION('',(0.,0.708516760586,0.705693984648));
#3516 = ORIENTED_EDGE('',*,*,#3517,.T.);
#3517 = EDGE_CURVE('',#3510,#1501,#3518,.T.);
#3518 = LINE('',#3519,#3520);
#3519 = CARTESIAN_POINT('',(2.,79.2,2.5));
#3520 = VECTOR('',#3521,1.);
#3521 = DIRECTION('',(0.,-0.708516760586,0.705693984648));
#3522 = PLANE('',#3523);
#3523 = AXIS2_PLACEMENT_3D('',#3524,#3525,#3526);
#3524 = CARTESIAN_POINT('',(2.,77.42577090105,2.5));
#3525 = DIRECTION('',(1.,0.,0.));
#3526 = DIRECTION('',(-0.,0.,1.));
#3527 = ADVANCED_FACE('',(#3528),#3546,.F.);
#3528 = FACE_BOUND('',#3529,.F.);
#3529 = EDGE_LOOP('',(#3530,#3531,#3539,#3545));
#3530 = ORIENTED_EDGE('',*,*,#3517,.F.);
#3531 = ORIENTED_EDGE('',*,*,#3532,.T.);
#3532 = EDGE_CURVE('',#3510,#3533,#3535,.T.);
#3533 = VERTEX_POINT('',#3534);
#3534 = CARTESIAN_POINT('',(35.,79.2,2.5));
#3535 = LINE('',#3536,#3537);
#3536 = CARTESIAN_POINT('',(2.,79.2,2.5));
#3537 = VECTOR('',#3538,1.);
#3538 = DIRECTION('',(1.,0.,0.));
#3539 = ORIENTED_EDGE('',*,*,#3540,.T.);
#3540 = EDGE_CURVE('',#3533,#1519,#3541,.T.);
#3541 = LINE('',#3542,#3543);
#3542 = CARTESIAN_POINT('',(35.,79.2,2.5));
#3543 = VECTOR('',#3544,1.);
#3544 = DIRECTION('',(0.,-0.708516760586,0.705693984648));
#3545 = ORIENTED_EDGE('',*,*,#1526,.T.);
#3546 = PLANE('',#3547);
#3547 = AXIS2_PLACEMENT_3D('',#3548,#3549,#3550);
#3548 = CARTESIAN_POINT('',(2.,79.2,2.5));
#3549 = DIRECTION('',(0.,-0.705693984648,-0.708516760586));
#3550 = DIRECTION('',(0.,-0.708516760586,0.705693984648));
#3551 = ADVANCED_FACE('',(#3552),#3563,.F.);
#3552 = FACE_BOUND('',#3553,.F.);
#3553 = EDGE_LOOP('',(#3554,#3555,#3556,#3562));
#3554 = ORIENTED_EDGE('',*,*,#3509,.F.);
#3555 = ORIENTED_EDGE('',*,*,#1510,.T.);
#3556 = ORIENTED_EDGE('',*,*,#3557,.T.);
#3557 = EDGE_CURVE('',#1511,#3533,#3558,.T.);
#3558 = LINE('',#3559,#3560);
#3559 = CARTESIAN_POINT('',(35.,76.69,0.));
#3560 = VECTOR('',#3561,1.);
#3561 = DIRECTION('',(0.,0.708516760586,0.705693984648));
#3562 = ORIENTED_EDGE('',*,*,#3532,.F.);
#3563 = PLANE('',#3564);
#3564 = AXIS2_PLACEMENT_3D('',#3565,#3566,#3567);
#3565 = CARTESIAN_POINT('',(2.,76.69,0.));
#3566 = DIRECTION('',(0.,-0.705693984648,0.708516760586));
#3567 = DIRECTION('',(0.,0.708516760586,0.705693984648));
#3568 = ADVANCED_FACE('',(#3569),#3574,.T.);
#3569 = FACE_BOUND('',#3570,.T.);
#3570 = EDGE_LOOP('',(#3571,#3572,#3573));
#3571 = ORIENTED_EDGE('',*,*,#1518,.T.);
#3572 = ORIENTED_EDGE('',*,*,#3557,.T.);
#3573 = ORIENTED_EDGE('',*,*,#3540,.T.);
#3574 = PLANE('',#3575);
#3575 = AXIS2_PLACEMENT_3D('',#3576,#3577,#3578);
#3576 = CARTESIAN_POINT('',(35.,77.42577090105,2.5));
#3577 = DIRECTION('',(1.,0.,0.));
#3578 = DIRECTION('',(-0.,0.,1.));
#3579 = ADVANCED_FACE('',(#3580),#3596,.F.);
#3580 = FACE_BOUND('',#3581,.F.);
#3581 = EDGE_LOOP('',(#3582,#3588,#3589,#3595));
#3582 = ORIENTED_EDGE('',*,*,#3583,.F.);
#3583 = EDGE_CURVE('',#2860,#1535,#3584,.T.);
#3584 = LINE('',#3585,#3586);
#3585 = CARTESIAN_POINT('',(3.,73.6,8.));
#3586 = VECTOR('',#3587,1.);
#3587 = DIRECTION('',(-0.,1.,0.));
#3588 = ORIENTED_EDGE('',*,*,#2859,.T.);
#3589 = ORIENTED_EDGE('',*,*,#3590,.T.);
#3590 = EDGE_CURVE('',#2862,#1537,#3591,.T.);
#3591 = LINE('',#3592,#3593);
#3592 = CARTESIAN_POINT('',(34.,73.6,8.));
#3593 = VECTOR('',#3594,1.);
#3594 = DIRECTION('',(-0.,1.,0.));
#3595 = ORIENTED_EDGE('',*,*,#1534,.F.);
#3596 = PLANE('',#3597);
#3597 = AXIS2_PLACEMENT_3D('',#3598,#3599,#3600);
#3598 = CARTESIAN_POINT('',(3.,73.6,8.));
#3599 = DIRECTION('',(0.,0.,1.));
#3600 = DIRECTION('',(1.,0.,-0.));
#3601 = ADVANCED_FACE('',(#3602),#3613,.T.);
#3602 = FACE_BOUND('',#3603,.T.);
#3603 = EDGE_LOOP('',(#3604,#3605,#3606,#3612));
#3604 = ORIENTED_EDGE('',*,*,#3583,.F.);
#3605 = ORIENTED_EDGE('',*,*,#2869,.T.);
#3606 = ORIENTED_EDGE('',*,*,#3607,.T.);
#3607 = EDGE_CURVE('',#2870,#1545,#3608,.T.);
#3608 = LINE('',#3609,#3610);
#3609 = CARTESIAN_POINT('',(3.,73.6,5.5));
#3610 = VECTOR('',#3611,1.);
#3611 = DIRECTION('',(-0.,1.,0.));
#3612 = ORIENTED_EDGE('',*,*,#1544,.F.);
#3613 = PLANE('',#3614);
#3614 = AXIS2_PLACEMENT_3D('',#3615,#3616,#3617);
#3615 = CARTESIAN_POINT('',(3.,73.6,5.5));
#3616 = DIRECTION('',(1.,0.,-0.));
#3617 = DIRECTION('',(0.,0.,1.));
#3618 = ADVANCED_FACE('',(#3619),#3630,.F.);
#3619 = FACE_BOUND('',#3620,.F.);
#3620 = EDGE_LOOP('',(#3621,#3622,#3623,#3629));
#3621 = ORIENTED_EDGE('',*,*,#3590,.F.);
#3622 = ORIENTED_EDGE('',*,*,#2885,.T.);
#3623 = ORIENTED_EDGE('',*,*,#3624,.T.);
#3624 = EDGE_CURVE('',#2878,#1553,#3625,.T.);
#3625 = LINE('',#3626,#3627);
#3626 = CARTESIAN_POINT('',(34.,73.6,5.5));
#3627 = VECTOR('',#3628,1.);
#3628 = DIRECTION('',(-0.,1.,0.));
#3629 = ORIENTED_EDGE('',*,*,#1560,.F.);
#3630 = PLANE('',#3631);
#3631 = AXIS2_PLACEMENT_3D('',#3632,#3633,#3634);
#3632 = CARTESIAN_POINT('',(34.,73.6,5.5));
#3633 = DIRECTION('',(1.,0.,-0.));
#3634 = DIRECTION('',(0.,0.,1.));
#3635 = ADVANCED_FACE('',(#3636),#3642,.T.);
#3636 = FACE_BOUND('',#3637,.T.);
#3637 = EDGE_LOOP('',(#3638,#3639,#3640,#3641));
#3638 = ORIENTED_EDGE('',*,*,#3607,.F.);
#3639 = ORIENTED_EDGE('',*,*,#2877,.T.);
#3640 = ORIENTED_EDGE('',*,*,#3624,.T.);
#3641 = ORIENTED_EDGE('',*,*,#1552,.F.);
#3642 = PLANE('',#3643);
#3643 = AXIS2_PLACEMENT_3D('',#3644,#3645,#3646);
#3644 = CARTESIAN_POINT('',(3.,73.6,5.5));
#3645 = DIRECTION('',(0.,0.,1.));
#3646 = DIRECTION('',(1.,0.,-0.));
#3647 = ADVANCED_FACE('',(#3648),#3665,.F.);
#3648 = FACE_BOUND('',#3649,.F.);
#3649 = EDGE_LOOP('',(#3650,#3651,#3659));
#3650 = ORIENTED_EDGE('',*,*,#1568,.T.);
#3651 = ORIENTED_EDGE('',*,*,#3652,.T.);
#3652 = EDGE_CURVE('',#1571,#3653,#3655,.T.);
#3653 = VERTEX_POINT('',#3654);
#3654 = CARTESIAN_POINT('',(2.,79.2,10.5));
#3655 = LINE('',#3656,#3657);
#3656 = CARTESIAN_POINT('',(2.,76.69,8.));
#3657 = VECTOR('',#3658,1.);
#3658 = DIRECTION('',(0.,0.708516760586,0.705693984648));
#3659 = ORIENTED_EDGE('',*,*,#3660,.T.);
#3660 = EDGE_CURVE('',#3653,#1569,#3661,.T.);
#3661 = LINE('',#3662,#3663);
#3662 = CARTESIAN_POINT('',(2.,79.2,10.5));
#3663 = VECTOR('',#3664,1.);
#3664 = DIRECTION('',(0.,-0.708516760586,0.705693984648));
#3665 = PLANE('',#3666);
#3666 = AXIS2_PLACEMENT_3D('',#3667,#3668,#3669);
#3667 = CARTESIAN_POINT('',(2.,77.42577090105,10.5));
#3668 = DIRECTION('',(1.,0.,0.));
#3669 = DIRECTION('',(-0.,0.,1.));
#3670 = ADVANCED_FACE('',(#3671),#3689,.F.);
#3671 = FACE_BOUND('',#3672,.F.);
#3672 = EDGE_LOOP('',(#3673,#3674,#3682,#3688));
#3673 = ORIENTED_EDGE('',*,*,#3660,.F.);
#3674 = ORIENTED_EDGE('',*,*,#3675,.T.);
#3675 = EDGE_CURVE('',#3653,#3676,#3678,.T.);
#3676 = VERTEX_POINT('',#3677);
#3677 = CARTESIAN_POINT('',(35.,79.2,10.5));
#3678 = LINE('',#3679,#3680);
#3679 = CARTESIAN_POINT('',(2.,79.2,10.5));
#3680 = VECTOR('',#3681,1.);
#3681 = DIRECTION('',(1.,0.,0.));
#3682 = ORIENTED_EDGE('',*,*,#3683,.T.);
#3683 = EDGE_CURVE('',#3676,#1587,#3684,.T.);
#3684 = LINE('',#3685,#3686);
#3685 = CARTESIAN_POINT('',(35.,79.2,10.5));
#3686 = VECTOR('',#3687,1.);
#3687 = DIRECTION('',(0.,-0.708516760586,0.705693984648));
#3688 = ORIENTED_EDGE('',*,*,#1594,.T.);
#3689 = PLANE('',#3690);
#3690 = AXIS2_PLACEMENT_3D('',#3691,#3692,#3693);
#3691 = CARTESIAN_POINT('',(2.,79.2,10.5));
#3692 = DIRECTION('',(0.,-0.705693984648,-0.708516760586));
#3693 = DIRECTION('',(0.,-0.708516760586,0.705693984648));
#3694 = ADVANCED_FACE('',(#3695),#3706,.F.);
#3695 = FACE_BOUND('',#3696,.F.);
#3696 = EDGE_LOOP('',(#3697,#3698,#3699,#3705));
#3697 = ORIENTED_EDGE('',*,*,#3652,.F.);
#3698 = ORIENTED_EDGE('',*,*,#1578,.T.);
#3699 = ORIENTED_EDGE('',*,*,#3700,.T.);
#3700 = EDGE_CURVE('',#1579,#3676,#3701,.T.);
#3701 = LINE('',#3702,#3703);
#3702 = CARTESIAN_POINT('',(35.,76.69,8.));
#3703 = VECTOR('',#3704,1.);
#3704 = DIRECTION('',(0.,0.708516760586,0.705693984648));
#3705 = ORIENTED_EDGE('',*,*,#3675,.F.);
#3706 = PLANE('',#3707);
#3707 = AXIS2_PLACEMENT_3D('',#3708,#3709,#3710);
#3708 = CARTESIAN_POINT('',(2.,76.69,8.));
#3709 = DIRECTION('',(0.,-0.705693984648,0.708516760586));
#3710 = DIRECTION('',(0.,0.708516760586,0.705693984648));
#3711 = ADVANCED_FACE('',(#3712),#3717,.T.);
#3712 = FACE_BOUND('',#3713,.T.);
#3713 = EDGE_LOOP('',(#3714,#3715,#3716));
#3714 = ORIENTED_EDGE('',*,*,#1586,.T.);
#3715 = ORIENTED_EDGE('',*,*,#3700,.T.);
#3716 = ORIENTED_EDGE('',*,*,#3683,.T.);
#3717 = PLANE('',#3718);
#3718 = AXIS2_PLACEMENT_3D('',#3719,#3720,#3721);
#3719 = CARTESIAN_POINT('',(35.,77.42577090105,10.5));
#3720 = DIRECTION('',(1.,0.,0.));
#3721 = DIRECTION('',(-0.,0.,1.));
#3722 = ADVANCED_FACE('',(#3723),#3739,.F.);
#3723 = FACE_BOUND('',#3724,.F.);
#3724 = EDGE_LOOP('',(#3725,#3731,#3732,#3738));
#3725 = ORIENTED_EDGE('',*,*,#3726,.F.);
#3726 = EDGE_CURVE('',#2894,#1603,#3727,.T.);
#3727 = LINE('',#3728,#3729);
#3728 = CARTESIAN_POINT('',(3.,73.6,16.));
#3729 = VECTOR('',#3730,1.);
#3730 = DIRECTION('',(-0.,1.,0.));
#3731 = ORIENTED_EDGE('',*,*,#2893,.T.);
#3732 = ORIENTED_EDGE('',*,*,#3733,.T.);
#3733 = EDGE_CURVE('',#2896,#1605,#3734,.T.);
#3734 = LINE('',#3735,#3736);
#3735 = CARTESIAN_POINT('',(34.,73.6,16.));
#3736 = VECTOR('',#3737,1.);
#3737 = DIRECTION('',(-0.,1.,0.));
#3738 = ORIENTED_EDGE('',*,*,#1602,.F.);
#3739 = PLANE('',#3740);
#3740 = AXIS2_PLACEMENT_3D('',#3741,#3742,#3743);
#3741 = CARTESIAN_POINT('',(3.,73.6,16.));
#3742 = DIRECTION('',(0.,0.,1.));
#3743 = DIRECTION('',(1.,0.,-0.));
#3744 = ADVANCED_FACE('',(#3745),#3756,.T.);
#3745 = FACE_BOUND('',#3746,.T.);
#3746 = EDGE_LOOP('',(#3747,#3748,#3749,#3755));
#3747 = ORIENTED_EDGE('',*,*,#3726,.F.);
#3748 = ORIENTED_EDGE('',*,*,#2903,.T.);
#3749 = ORIENTED_EDGE('',*,*,#3750,.T.);
#3750 = EDGE_CURVE('',#2904,#1613,#3751,.T.);
#3751 = LINE('',#3752,#3753);
#3752 = CARTESIAN_POINT('',(3.,73.6,13.5));
#3753 = VECTOR('',#3754,1.);
#3754 = DIRECTION('',(-0.,1.,0.));
#3755 = ORIENTED_EDGE('',*,*,#1612,.F.);
#3756 = PLANE('',#3757);
#3757 = AXIS2_PLACEMENT_3D('',#3758,#3759,#3760);
#3758 = CARTESIAN_POINT('',(3.,73.6,13.5));
#3759 = DIRECTION('',(1.,0.,-0.));
#3760 = DIRECTION('',(0.,0.,1.));
#3761 = ADVANCED_FACE('',(#3762),#3773,.F.);
#3762 = FACE_BOUND('',#3763,.F.);
#3763 = EDGE_LOOP('',(#3764,#3765,#3766,#3772));
#3764 = ORIENTED_EDGE('',*,*,#3733,.F.);
#3765 = ORIENTED_EDGE('',*,*,#2919,.T.);
#3766 = ORIENTED_EDGE('',*,*,#3767,.T.);
#3767 = EDGE_CURVE('',#2912,#1621,#3768,.T.);
#3768 = LINE('',#3769,#3770);
#3769 = CARTESIAN_POINT('',(34.,73.6,13.5));
#3770 = VECTOR('',#3771,1.);
#3771 = DIRECTION('',(-0.,1.,0.));
#3772 = ORIENTED_EDGE('',*,*,#1628,.F.);
#3773 = PLANE('',#3774);
#3774 = AXIS2_PLACEMENT_3D('',#3775,#3776,#3777);
#3775 = CARTESIAN_POINT('',(34.,73.6,13.5));
#3776 = DIRECTION('',(1.,0.,-0.));
#3777 = DIRECTION('',(0.,0.,1.));
#3778 = ADVANCED_FACE('',(#3779),#3785,.T.);
#3779 = FACE_BOUND('',#3780,.T.);
#3780 = EDGE_LOOP('',(#3781,#3782,#3783,#3784));
#3781 = ORIENTED_EDGE('',*,*,#3750,.F.);
#3782 = ORIENTED_EDGE('',*,*,#2911,.T.);
#3783 = ORIENTED_EDGE('',*,*,#3767,.T.);
#3784 = ORIENTED_EDGE('',*,*,#1620,.F.);
#3785 = PLANE('',#3786);
#3786 = AXIS2_PLACEMENT_3D('',#3787,#3788,#3789);
#3787 = CARTESIAN_POINT('',(3.,73.6,13.5));
#3788 = DIRECTION('',(0.,0.,1.));
#3789 = DIRECTION('',(1.,0.,-0.));
#3790 = ADVANCED_FACE('',(#3791),#3808,.F.);
#3791 = FACE_BOUND('',#3792,.F.);
#3792 = EDGE_LOOP('',(#3793,#3794,#3802));
#3793 = ORIENTED_EDGE('',*,*,#1636,.T.);
#3794 = ORIENTED_EDGE('',*,*,#3795,.T.);
#3795 = EDGE_CURVE('',#1639,#3796,#3798,.T.);
#3796 = VERTEX_POINT('',#3797);
#3797 = CARTESIAN_POINT('',(2.,79.2,18.5));
#3798 = LINE('',#3799,#3800);
#3799 = CARTESIAN_POINT('',(2.,76.69,16.));
#3800 = VECTOR('',#3801,1.);
#3801 = DIRECTION('',(0.,0.708516760586,0.705693984648));
#3802 = ORIENTED_EDGE('',*,*,#3803,.T.);
#3803 = EDGE_CURVE('',#3796,#1637,#3804,.T.);
#3804 = LINE('',#3805,#3806);
#3805 = CARTESIAN_POINT('',(2.,79.2,18.5));
#3806 = VECTOR('',#3807,1.);
#3807 = DIRECTION('',(0.,-0.708516760586,0.705693984648));
#3808 = PLANE('',#3809);
#3809 = AXIS2_PLACEMENT_3D('',#3810,#3811,#3812);
#3810 = CARTESIAN_POINT('',(2.,77.42577090105,18.5));
#3811 = DIRECTION('',(1.,0.,0.));
#3812 = DIRECTION('',(-0.,0.,1.));
#3813 = ADVANCED_FACE('',(#3814),#3832,.F.);
#3814 = FACE_BOUND('',#3815,.F.);
#3815 = EDGE_LOOP('',(#3816,#3817,#3825,#3831));
#3816 = ORIENTED_EDGE('',*,*,#3803,.F.);
#3817 = ORIENTED_EDGE('',*,*,#3818,.T.);
#3818 = EDGE_CURVE('',#3796,#3819,#3821,.T.);
#3819 = VERTEX_POINT('',#3820);
#3820 = CARTESIAN_POINT('',(35.,79.2,18.5));
#3821 = LINE('',#3822,#3823);
#3822 = CARTESIAN_POINT('',(2.,79.2,18.5));
#3823 = VECTOR('',#3824,1.);
#3824 = DIRECTION('',(1.,0.,0.));
#3825 = ORIENTED_EDGE('',*,*,#3826,.T.);
#3826 = EDGE_CURVE('',#3819,#1655,#3827,.T.);
#3827 = LINE('',#3828,#3829);
#3828 = CARTESIAN_POINT('',(35.,79.2,18.5));
#3829 = VECTOR('',#3830,1.);
#3830 = DIRECTION('',(0.,-0.708516760586,0.705693984648));
#3831 = ORIENTED_EDGE('',*,*,#1662,.T.);
#3832 = PLANE('',#3833);
#3833 = AXIS2_PLACEMENT_3D('',#3834,#3835,#3836);
#3834 = CARTESIAN_POINT('',(2.,79.2,18.5));
#3835 = DIRECTION('',(0.,-0.705693984648,-0.708516760586));
#3836 = DIRECTION('',(0.,-0.708516760586,0.705693984648));
#3837 = ADVANCED_FACE('',(#3838),#3849,.F.);
#3838 = FACE_BOUND('',#3839,.F.);
#3839 = EDGE_LOOP('',(#3840,#3841,#3842,#3848));
#3840 = ORIENTED_EDGE('',*,*,#3795,.F.);
#3841 = ORIENTED_EDGE('',*,*,#1646,.T.);
#3842 = ORIENTED_EDGE('',*,*,#3843,.T.);
#3843 = EDGE_CURVE('',#1647,#3819,#3844,.T.);
#3844 = LINE('',#3845,#3846);
#3845 = CARTESIAN_POINT('',(35.,76.69,16.));
#3846 = VECTOR('',#3847,1.);
#3847 = DIRECTION('',(0.,0.708516760586,0.705693984648));
#3848 = ORIENTED_EDGE('',*,*,#3818,.F.);
#3849 = PLANE('',#3850);
#3850 = AXIS2_PLACEMENT_3D('',#3851,#3852,#3853);
#3851 = CARTESIAN_POINT('',(2.,76.69,16.));
#3852 = DIRECTION('',(0.,-0.705693984648,0.708516760586));
#3853 = DIRECTION('',(0.,0.708516760586,0.705693984648));
#3854 = ADVANCED_FACE('',(#3855),#3860,.T.);
#3855 = FACE_BOUND('',#3856,.T.);
#3856 = EDGE_LOOP('',(#3857,#3858,#3859));
#3857 = ORIENTED_EDGE('',*,*,#1654,.T.);
#3858 = ORIENTED_EDGE('',*,*,#3843,.T.);
#3859 = ORIENTED_EDGE('',*,*,#3826,.T.);
#3860 = PLANE('',#3861);
#3861 = AXIS2_PLACEMENT_3D('',#3862,#3863,#3864);
#3862 = CARTESIAN_POINT('',(35.,77.42577090105,18.5));
#3863 = DIRECTION('',(1.,0.,0.));
#3864 = DIRECTION('',(-0.,0.,1.));
#3865 = ADVANCED_FACE('',(#3866),#3882,.F.);
#3866 = FACE_BOUND('',#3867,.F.);
#3867 = EDGE_LOOP('',(#3868,#3874,#3875,#3881));
#3868 = ORIENTED_EDGE('',*,*,#3869,.F.);
#3869 = EDGE_CURVE('',#2928,#1671,#3870,.T.);
#3870 = LINE('',#3871,#3872);
#3871 = CARTESIAN_POINT('',(68.,73.6,0.));
#3872 = VECTOR('',#3873,1.);
#3873 = DIRECTION('',(-0.,1.,0.));
#3874 = ORIENTED_EDGE('',*,*,#2927,.T.);
#3875 = ORIENTED_EDGE('',*,*,#3876,.T.);
#3876 = EDGE_CURVE('',#2930,#1673,#3877,.T.);
#3877 = LINE('',#3878,#3879);
#3878 = CARTESIAN_POINT('',(85.,73.6,0.));
#3879 = VECTOR('',#3880,1.);
#3880 = DIRECTION('',(-0.,1.,0.));
#3881 = ORIENTED_EDGE('',*,*,#1670,.F.);
#3882 = PLANE('',#3883);
#3883 = AXIS2_PLACEMENT_3D('',#3884,#3885,#3886);
#3884 = CARTESIAN_POINT('',(68.,73.6,0.));
#3885 = DIRECTION('',(0.,0.,1.));
#3886 = DIRECTION('',(1.,0.,-0.));
#3887 = ADVANCED_FACE('',(#3888),#3899,.T.);
#3888 = FACE_BOUND('',#3889,.T.);
#3889 = EDGE_LOOP('',(#3890,#3891,#3892,#3898));
#3890 = ORIENTED_EDGE('',*,*,#3869,.F.);
#3891 = ORIENTED_EDGE('',*,*,#2937,.T.);
#3892 = ORIENTED_EDGE('',*,*,#3893,.T.);
#3893 = EDGE_CURVE('',#2938,#1681,#3894,.T.);
#3894 = LINE('',#3895,#3896);
#3895 = CARTESIAN_POINT('',(68.,73.6,-2.5));
#3896 = VECTOR('',#3897,1.);
#3897 = DIRECTION('',(-0.,1.,0.));
#3898 = ORIENTED_EDGE('',*,*,#1680,.F.);
#3899 = PLANE('',#3900);
#3900 = AXIS2_PLACEMENT_3D('',#3901,#3902,#3903);
#3901 = CARTESIAN_POINT('',(68.,73.6,-2.5));
#3902 = DIRECTION('',(1.,0.,-0.));
#3903 = DIRECTION('',(0.,0.,1.));
#3904 = ADVANCED_FACE('',(#3905),#3916,.F.);
#3905 = FACE_BOUND('',#3906,.F.);
#3906 = EDGE_LOOP('',(#3907,#3908,#3909,#3915));
#3907 = ORIENTED_EDGE('',*,*,#3876,.F.);
#3908 = ORIENTED_EDGE('',*,*,#2953,.T.);
#3909 = ORIENTED_EDGE('',*,*,#3910,.T.);
#3910 = EDGE_CURVE('',#2946,#1689,#3911,.T.);
#3911 = LINE('',#3912,#3913);
#3912 = CARTESIAN_POINT('',(85.,73.6,-2.5));
#3913 = VECTOR('',#3914,1.);
#3914 = DIRECTION('',(-0.,1.,0.));
#3915 = ORIENTED_EDGE('',*,*,#1696,.F.);
#3916 = PLANE('',#3917);
#3917 = AXIS2_PLACEMENT_3D('',#3918,#3919,#3920);
#3918 = CARTESIAN_POINT('',(85.,73.6,-2.5));
#3919 = DIRECTION('',(1.,0.,-0.));
#3920 = DIRECTION('',(0.,0.,1.));
#3921 = ADVANCED_FACE('',(#3922),#3928,.T.);
#3922 = FACE_BOUND('',#3923,.T.);
#3923 = EDGE_LOOP('',(#3924,#3925,#3926,#3927));
#3924 = ORIENTED_EDGE('',*,*,#3893,.F.);
#3925 = ORIENTED_EDGE('',*,*,#2945,.T.);
#3926 = ORIENTED_EDGE('',*,*,#3910,.T.);
#3927 = ORIENTED_EDGE('',*,*,#1688,.F.);
#3928 = PLANE('',#3929);
#3929 = AXIS2_PLACEMENT_3D('',#3930,#3931,#3932);
#3930 = CARTESIAN_POINT('',(68.,73.6,-2.5));
#3931 = DIRECTION('',(0.,0.,1.));
#3932 = DIRECTION('',(1.,0.,-0.));
#3933 = ADVANCED_FACE('',(#3934),#3951,.F.);
#3934 = FACE_BOUND('',#3935,.F.);
#3935 = EDGE_LOOP('',(#3936,#3937,#3945));
#3936 = ORIENTED_EDGE('',*,*,#1704,.T.);
#3937 = ORIENTED_EDGE('',*,*,#3938,.T.);
#3938 = EDGE_CURVE('',#1707,#3939,#3941,.T.);
#3939 = VERTEX_POINT('',#3940);
#3940 = CARTESIAN_POINT('',(67.,79.2,2.5));
#3941 = LINE('',#3942,#3943);
#3942 = CARTESIAN_POINT('',(67.,76.69,0.));
#3943 = VECTOR('',#3944,1.);
#3944 = DIRECTION('',(0.,0.708516760586,0.705693984648));
#3945 = ORIENTED_EDGE('',*,*,#3946,.T.);
#3946 = EDGE_CURVE('',#3939,#1705,#3947,.T.);
#3947 = LINE('',#3948,#3949);
#3948 = CARTESIAN_POINT('',(67.,79.2,2.5));
#3949 = VECTOR('',#3950,1.);
#3950 = DIRECTION('',(0.,-0.708516760586,0.705693984648));
#3951 = PLANE('',#3952);
#3952 = AXIS2_PLACEMENT_3D('',#3953,#3954,#3955);
#3953 = CARTESIAN_POINT('',(67.,77.42577090105,2.5));
#3954 = DIRECTION('',(1.,0.,0.));
#3955 = DIRECTION('',(-0.,0.,1.));
#3956 = ADVANCED_FACE('',(#3957),#3975,.F.);
#3957 = FACE_BOUND('',#3958,.F.);
#3958 = EDGE_LOOP('',(#3959,#3960,#3968,#3974));
#3959 = ORIENTED_EDGE('',*,*,#3946,.F.);
#3960 = ORIENTED_EDGE('',*,*,#3961,.T.);
#3961 = EDGE_CURVE('',#3939,#3962,#3964,.T.);
#3962 = VERTEX_POINT('',#3963);
#3963 = CARTESIAN_POINT('',(86.,79.2,2.5));
#3964 = LINE('',#3965,#3966);
#3965 = CARTESIAN_POINT('',(67.,79.2,2.5));
#3966 = VECTOR('',#3967,1.);
#3967 = DIRECTION('',(1.,0.,0.));
#3968 = ORIENTED_EDGE('',*,*,#3969,.T.);
#3969 = EDGE_CURVE('',#3962,#1723,#3970,.T.);
#3970 = LINE('',#3971,#3972);
#3971 = CARTESIAN_POINT('',(86.,79.2,2.5));
#3972 = VECTOR('',#3973,1.);
#3973 = DIRECTION('',(0.,-0.708516760586,0.705693984648));
#3974 = ORIENTED_EDGE('',*,*,#1730,.T.);
#3975 = PLANE('',#3976);
#3976 = AXIS2_PLACEMENT_3D('',#3977,#3978,#3979);
#3977 = CARTESIAN_POINT('',(67.,79.2,2.5));
#3978 = DIRECTION('',(0.,-0.705693984648,-0.708516760586));
#3979 = DIRECTION('',(0.,-0.708516760586,0.705693984648));
#3980 = ADVANCED_FACE('',(#3981),#3992,.F.);
#3981 = FACE_BOUND('',#3982,.F.);
#3982 = EDGE_LOOP('',(#3983,#3984,#3985,#3991));
#3983 = ORIENTED_EDGE('',*,*,#3938,.F.);
#3984 = ORIENTED_EDGE('',*,*,#1714,.T.);
#3985 = ORIENTED_EDGE('',*,*,#3986,.T.);
#3986 = EDGE_CURVE('',#1715,#3962,#3987,.T.);
#3987 = LINE('',#3988,#3989);
#3988 = CARTESIAN_POINT('',(86.,76.69,0.));
#3989 = VECTOR('',#3990,1.);
#3990 = DIRECTION('',(0.,0.708516760586,0.705693984648));
#3991 = ORIENTED_EDGE('',*,*,#3961,.F.);
#3992 = PLANE('',#3993);
#3993 = AXIS2_PLACEMENT_3D('',#3994,#3995,#3996);
#3994 = CARTESIAN_POINT('',(67.,76.69,0.));
#3995 = DIRECTION('',(0.,-0.705693984648,0.708516760586));
#3996 = DIRECTION('',(0.,0.708516760586,0.705693984648));
#3997 = ADVANCED_FACE('',(#3998),#4003,.T.);
#3998 = FACE_BOUND('',#3999,.T.);
#3999 = EDGE_LOOP('',(#4000,#4001,#4002));
#4000 = ORIENTED_EDGE('',*,*,#1722,.T.);
#4001 = ORIENTED_EDGE('',*,*,#3986,.T.);
#4002 = ORIENTED_EDGE('',*,*,#3969,.T.);
#4003 = PLANE('',#4004);
#4004 = AXIS2_PLACEMENT_3D('',#4005,#4006,#4007);
#4005 = CARTESIAN_POINT('',(86.,77.42577090105,2.5));
#4006 = DIRECTION('',(1.,0.,0.));
#4007 = DIRECTION('',(-0.,0.,1.));
#4008 = ADVANCED_FACE('',(#4009),#4025,.F.);
#4009 = FACE_BOUND('',#4010,.F.);
#4010 = EDGE_LOOP('',(#4011,#4017,#4018,#4024));
#4011 = ORIENTED_EDGE('',*,*,#4012,.F.);
#4012 = EDGE_CURVE('',#2962,#1739,#4013,.T.);
#4013 = LINE('',#4014,#4015);
#4014 = CARTESIAN_POINT('',(68.,73.6,8.));
#4015 = VECTOR('',#4016,1.);
#4016 = DIRECTION('',(-0.,1.,0.));
#4017 = ORIENTED_EDGE('',*,*,#2961,.T.);
#4018 = ORIENTED_EDGE('',*,*,#4019,.T.);
#4019 = EDGE_CURVE('',#2964,#1741,#4020,.T.);
#4020 = LINE('',#4021,#4022);
#4021 = CARTESIAN_POINT('',(85.,73.6,8.));
#4022 = VECTOR('',#4023,1.);
#4023 = DIRECTION('',(-0.,1.,0.));
#4024 = ORIENTED_EDGE('',*,*,#1738,.F.);
#4025 = PLANE('',#4026);
#4026 = AXIS2_PLACEMENT_3D('',#4027,#4028,#4029);
#4027 = CARTESIAN_POINT('',(68.,73.6,8.));
#4028 = DIRECTION('',(0.,0.,1.));
#4029 = DIRECTION('',(1.,0.,-0.));
#4030 = ADVANCED_FACE('',(#4031),#4042,.T.);
#4031 = FACE_BOUND('',#4032,.T.);
#4032 = EDGE_LOOP('',(#4033,#4034,#4035,#4041));
#4033 = ORIENTED_EDGE('',*,*,#4012,.F.);
#4034 = ORIENTED_EDGE('',*,*,#2971,.T.);
#4035 = ORIENTED_EDGE('',*,*,#4036,.T.);
#4036 = EDGE_CURVE('',#2972,#1749,#4037,.T.);
#4037 = LINE('',#4038,#4039);
#4038 = CARTESIAN_POINT('',(68.,73.6,5.5));
#4039 = VECTOR('',#4040,1.);
#4040 = DIRECTION('',(-0.,1.,0.));
#4041 = ORIENTED_EDGE('',*,*,#1748,.F.);
#4042 = PLANE('',#4043);
#4043 = AXIS2_PLACEMENT_3D('',#4044,#4045,#4046);
#4044 = CARTESIAN_POINT('',(68.,73.6,5.5));
#4045 = DIRECTION('',(1.,0.,-0.));
#4046 = DIRECTION('',(0.,0.,1.));
#4047 = ADVANCED_FACE('',(#4048),#4059,.F.);
#4048 = FACE_BOUND('',#4049,.F.);
#4049 = EDGE_LOOP('',(#4050,#4051,#4052,#4058));
#4050 = ORIENTED_EDGE('',*,*,#4019,.F.);
#4051 = ORIENTED_EDGE('',*,*,#2987,.T.);
#4052 = ORIENTED_EDGE('',*,*,#4053,.T.);
#4053 = EDGE_CURVE('',#2980,#1757,#4054,.T.);
#4054 = LINE('',#4055,#4056);
#4055 = CARTESIAN_POINT('',(85.,73.6,5.5));
#4056 = VECTOR('',#4057,1.);
#4057 = DIRECTION('',(-0.,1.,0.));
#4058 = ORIENTED_EDGE('',*,*,#1764,.F.);
#4059 = PLANE('',#4060);
#4060 = AXIS2_PLACEMENT_3D('',#4061,#4062,#4063);
#4061 = CARTESIAN_POINT('',(85.,73.6,5.5));
#4062 = DIRECTION('',(1.,0.,-0.));
#4063 = DIRECTION('',(0.,0.,1.));
#4064 = ADVANCED_FACE('',(#4065),#4071,.T.);
#4065 = FACE_BOUND('',#4066,.T.);
#4066 = EDGE_LOOP('',(#4067,#4068,#4069,#4070));
#4067 = ORIENTED_EDGE('',*,*,#4036,.F.);
#4068 = ORIENTED_EDGE('',*,*,#2979,.T.);
#4069 = ORIENTED_EDGE('',*,*,#4053,.T.);
#4070 = ORIENTED_EDGE('',*,*,#1756,.F.);
#4071 = PLANE('',#4072);
#4072 = AXIS2_PLACEMENT_3D('',#4073,#4074,#4075);
#4073 = CARTESIAN_POINT('',(68.,73.6,5.5));
#4074 = DIRECTION('',(0.,0.,1.));
#4075 = DIRECTION('',(1.,0.,-0.));
#4076 = ADVANCED_FACE('',(#4077),#4094,.F.);
#4077 = FACE_BOUND('',#4078,.F.);
#4078 = EDGE_LOOP('',(#4079,#4080,#4088));
#4079 = ORIENTED_EDGE('',*,*,#1772,.T.);
#4080 = ORIENTED_EDGE('',*,*,#4081,.T.);
#4081 = EDGE_CURVE('',#1775,#4082,#4084,.T.);
#4082 = VERTEX_POINT('',#4083);
#4083 = CARTESIAN_POINT('',(67.,79.2,10.5));
#4084 = LINE('',#4085,#4086);
#4085 = CARTESIAN_POINT('',(67.,76.69,8.));
#4086 = VECTOR('',#4087,1.);
#4087 = DIRECTION('',(0.,0.708516760586,0.705693984648));
#4088 = ORIENTED_EDGE('',*,*,#4089,.T.);
#4089 = EDGE_CURVE('',#4082,#1773,#4090,.T.);
#4090 = LINE('',#4091,#4092);
#4091 = CARTESIAN_POINT('',(67.,79.2,10.5));
#4092 = VECTOR('',#4093,1.);
#4093 = DIRECTION('',(0.,-0.708516760586,0.705693984648));
#4094 = PLANE('',#4095);
#4095 = AXIS2_PLACEMENT_3D('',#4096,#4097,#4098);
#4096 = CARTESIAN_POINT('',(67.,77.42577090105,10.5));
#4097 = DIRECTION('',(1.,0.,0.));
#4098 = DIRECTION('',(-0.,0.,1.));
#4099 = ADVANCED_FACE('',(#4100),#4118,.F.);
#4100 = FACE_BOUND('',#4101,.F.);
#4101 = EDGE_LOOP('',(#4102,#4103,#4111,#4117));
#4102 = ORIENTED_EDGE('',*,*,#4089,.F.);
#4103 = ORIENTED_EDGE('',*,*,#4104,.T.);
#4104 = EDGE_CURVE('',#4082,#4105,#4107,.T.);
#4105 = VERTEX_POINT('',#4106);
#4106 = CARTESIAN_POINT('',(86.,79.2,10.5));
#4107 = LINE('',#4108,#4109);
#4108 = CARTESIAN_POINT('',(67.,79.2,10.5));
#4109 = VECTOR('',#4110,1.);
#4110 = DIRECTION('',(1.,0.,0.));
#4111 = ORIENTED_EDGE('',*,*,#4112,.T.);
#4112 = EDGE_CURVE('',#4105,#1791,#4113,.T.);
#4113 = LINE('',#4114,#4115);
#4114 = CARTESIAN_POINT('',(86.,79.2,10.5));
#4115 = VECTOR('',#4116,1.);
#4116 = DIRECTION('',(0.,-0.708516760586,0.705693984648));
#4117 = ORIENTED_EDGE('',*,*,#1798,.T.);
#4118 = PLANE('',#4119);
#4119 = AXIS2_PLACEMENT_3D('',#4120,#4121,#4122);
#4120 = CARTESIAN_POINT('',(67.,79.2,10.5));
#4121 = DIRECTION('',(0.,-0.705693984648,-0.708516760586));
#4122 = DIRECTION('',(0.,-0.708516760586,0.705693984648));
#4123 = ADVANCED_FACE('',(#4124),#4135,.F.);
#4124 = FACE_BOUND('',#4125,.F.);
#4125 = EDGE_LOOP('',(#4126,#4127,#4128,#4134));
#4126 = ORIENTED_EDGE('',*,*,#4081,.F.);
#4127 = ORIENTED_EDGE('',*,*,#1782,.T.);
#4128 = ORIENTED_EDGE('',*,*,#4129,.T.);
#4129 = EDGE_CURVE('',#1783,#4105,#4130,.T.);
#4130 = LINE('',#4131,#4132);
#4131 = CARTESIAN_POINT('',(86.,76.69,8.));
#4132 = VECTOR('',#4133,1.);
#4133 = DIRECTION('',(0.,0.708516760586,0.705693984648));
#4134 = ORIENTED_EDGE('',*,*,#4104,.F.);
#4135 = PLANE('',#4136);
#4136 = AXIS2_PLACEMENT_3D('',#4137,#4138,#4139);
#4137 = CARTESIAN_POINT('',(67.,76.69,8.));
#4138 = DIRECTION('',(0.,-0.705693984648,0.708516760586));
#4139 = DIRECTION('',(0.,0.708516760586,0.705693984648));
#4140 = ADVANCED_FACE('',(#4141),#4146,.T.);
#4141 = FACE_BOUND('',#4142,.T.);
#4142 = EDGE_LOOP('',(#4143,#4144,#4145));
#4143 = ORIENTED_EDGE('',*,*,#1790,.T.);
#4144 = ORIENTED_EDGE('',*,*,#4129,.T.);
#4145 = ORIENTED_EDGE('',*,*,#4112,.T.);
#4146 = PLANE('',#4147);
#4147 = AXIS2_PLACEMENT_3D('',#4148,#4149,#4150);
#4148 = CARTESIAN_POINT('',(86.,77.42577090105,10.5));
#4149 = DIRECTION('',(1.,0.,0.));
#4150 = DIRECTION('',(-0.,0.,1.));
#4151 = ADVANCED_FACE('',(#4152),#4168,.F.);
#4152 = FACE_BOUND('',#4153,.F.);
#4153 = EDGE_LOOP('',(#4154,#4160,#4161,#4167));
#4154 = ORIENTED_EDGE('',*,*,#4155,.F.);
#4155 = EDGE_CURVE('',#2996,#1807,#4156,.T.);
#4156 = LINE('',#4157,#4158);
#4157 = CARTESIAN_POINT('',(68.,73.6,16.));
#4158 = VECTOR('',#4159,1.);
#4159 = DIRECTION('',(-0.,1.,0.));
#4160 = ORIENTED_EDGE('',*,*,#2995,.T.);
#4161 = ORIENTED_EDGE('',*,*,#4162,.T.);
#4162 = EDGE_CURVE('',#2998,#1809,#4163,.T.);
#4163 = LINE('',#4164,#4165);
#4164 = CARTESIAN_POINT('',(85.,73.6,16.));
#4165 = VECTOR('',#4166,1.);
#4166 = DIRECTION('',(-0.,1.,0.));
#4167 = ORIENTED_EDGE('',*,*,#1806,.F.);
#4168 = PLANE('',#4169);
#4169 = AXIS2_PLACEMENT_3D('',#4170,#4171,#4172);
#4170 = CARTESIAN_POINT('',(68.,73.6,16.));
#4171 = DIRECTION('',(0.,0.,1.));
#4172 = DIRECTION('',(1.,0.,-0.));
#4173 = ADVANCED_FACE('',(#4174),#4185,.T.);
#4174 = FACE_BOUND('',#4175,.T.);
#4175 = EDGE_LOOP('',(#4176,#4177,#4178,#4184));
#4176 = ORIENTED_EDGE('',*,*,#4155,.F.);
#4177 = ORIENTED_EDGE('',*,*,#3005,.T.);
#4178 = ORIENTED_EDGE('',*,*,#4179,.T.);
#4179 = EDGE_CURVE('',#3006,#1817,#4180,.T.);
#4180 = LINE('',#4181,#4182);
#4181 = CARTESIAN_POINT('',(68.,73.6,13.5));
#4182 = VECTOR('',#4183,1.);
#4183 = DIRECTION('',(-0.,1.,0.));
#4184 = ORIENTED_EDGE('',*,*,#1816,.F.);
#4185 = PLANE('',#4186);
#4186 = AXIS2_PLACEMENT_3D('',#4187,#4188,#4189);
#4187 = CARTESIAN_POINT('',(68.,73.6,13.5));
#4188 = DIRECTION('',(1.,0.,-0.));
#4189 = DIRECTION('',(0.,0.,1.));
#4190 = ADVANCED_FACE('',(#4191),#4202,.F.);
#4191 = FACE_BOUND('',#4192,.F.);
#4192 = EDGE_LOOP('',(#4193,#4194,#4195,#4201));
#4193 = ORIENTED_EDGE('',*,*,#4162,.F.);
#4194 = ORIENTED_EDGE('',*,*,#3021,.T.);
#4195 = ORIENTED_EDGE('',*,*,#4196,.T.);
#4196 = EDGE_CURVE('',#3014,#1825,#4197,.T.);
#4197 = LINE('',#4198,#4199);
#4198 = CARTESIAN_POINT('',(85.,73.6,13.5));
#4199 = VECTOR('',#4200,1.);
#4200 = DIRECTION('',(-0.,1.,0.));
#4201 = ORIENTED_EDGE('',*,*,#1832,.F.);
#4202 = PLANE('',#4203);
#4203 = AXIS2_PLACEMENT_3D('',#4204,#4205,#4206);
#4204 = CARTESIAN_POINT('',(85.,73.6,13.5));
#4205 = DIRECTION('',(1.,0.,-0.));
#4206 = DIRECTION('',(0.,0.,1.));
#4207 = ADVANCED_FACE('',(#4208),#4214,.T.);
#4208 = FACE_BOUND('',#4209,.T.);
#4209 = EDGE_LOOP('',(#4210,#4211,#4212,#4213));
#4210 = ORIENTED_EDGE('',*,*,#4179,.F.);
#4211 = ORIENTED_EDGE('',*,*,#3013,.T.);
#4212 = ORIENTED_EDGE('',*,*,#4196,.T.);
#4213 = ORIENTED_EDGE('',*,*,#1824,.F.);
#4214 = PLANE('',#4215);
#4215 = AXIS2_PLACEMENT_3D('',#4216,#4217,#4218);
#4216 = CARTESIAN_POINT('',(68.,73.6,13.5));
#4217 = DIRECTION('',(0.,0.,1.));
#4218 = DIRECTION('',(1.,0.,-0.));
#4219 = ADVANCED_FACE('',(#4220),#4237,.F.);
#4220 = FACE_BOUND('',#4221,.F.);
#4221 = EDGE_LOOP('',(#4222,#4223,#4231));
#4222 = ORIENTED_EDGE('',*,*,#1840,.T.);
#4223 = ORIENTED_EDGE('',*,*,#4224,.T.);
#4224 = EDGE_CURVE('',#1843,#4225,#4227,.T.);
#4225 = VERTEX_POINT('',#4226);
#4226 = CARTESIAN_POINT('',(67.,79.2,18.5));
#4227 = LINE('',#4228,#4229);
#4228 = CARTESIAN_POINT('',(67.,76.69,16.));
#4229 = VECTOR('',#4230,1.);
#4230 = DIRECTION('',(0.,0.708516760586,0.705693984648));
#4231 = ORIENTED_EDGE('',*,*,#4232,.T.);
#4232 = EDGE_CURVE('',#4225,#1841,#4233,.T.);
#4233 = LINE('',#4234,#4235);
#4234 = CARTESIAN_POINT('',(67.,79.2,18.5));
#4235 = VECTOR('',#4236,1.);
#4236 = DIRECTION('',(0.,-0.708516760586,0.705693984648));
#4237 = PLANE('',#4238);
#4238 = AXIS2_PLACEMENT_3D('',#4239,#4240,#4241);
#4239 = CARTESIAN_POINT('',(67.,77.42577090105,18.5));
#4240 = DIRECTION('',(1.,0.,0.));
#4241 = DIRECTION('',(-0.,0.,1.));
#4242 = ADVANCED_FACE('',(#4243),#4261,.F.);
#4243 = FACE_BOUND('',#4244,.F.);
#4244 = EDGE_LOOP('',(#4245,#4246,#4254,#4260));
#4245 = ORIENTED_EDGE('',*,*,#4232,.F.);
#4246 = ORIENTED_EDGE('',*,*,#4247,.T.);
#4247 = EDGE_CURVE('',#4225,#4248,#4250,.T.);
#4248 = VERTEX_POINT('',#4249);
#4249 = CARTESIAN_POINT('',(86.,79.2,18.5));
#4250 = LINE('',#4251,#4252);
#4251 = CARTESIAN_POINT('',(67.,79.2,18.5));
#4252 = VECTOR('',#4253,1.);
#4253 = DIRECTION('',(1.,0.,0.));
#4254 = ORIENTED_EDGE('',*,*,#4255,.T.);
#4255 = EDGE_CURVE('',#4248,#1859,#4256,.T.);
#4256 = LINE('',#4257,#4258);
#4257 = CARTESIAN_POINT('',(86.,79.2,18.5));
#4258 = VECTOR('',#4259,1.);
#4259 = DIRECTION('',(0.,-0.708516760586,0.705693984648));
#4260 = ORIENTED_EDGE('',*,*,#1866,.T.);
#4261 = PLANE('',#4262);
#4262 = AXIS2_PLACEMENT_3D('',#4263,#4264,#4265);
#4263 = CARTESIAN_POINT('',(67.,79.2,18.5));
#4264 = DIRECTION('',(0.,-0.705693984648,-0.708516760586));
#4265 = DIRECTION('',(0.,-0.708516760586,0.705693984648));
#4266 = ADVANCED_FACE('',(#4267),#4278,.F.);
#4267 = FACE_BOUND('',#4268,.F.);
#4268 = EDGE_LOOP('',(#4269,#4270,#4271,#4277));
#4269 = ORIENTED_EDGE('',*,*,#4224,.F.);
#4270 = ORIENTED_EDGE('',*,*,#1850,.T.);
#4271 = ORIENTED_EDGE('',*,*,#4272,.T.);
#4272 = EDGE_CURVE('',#1851,#4248,#4273,.T.);
#4273 = LINE('',#4274,#4275);
#4274 = CARTESIAN_POINT('',(86.,76.69,16.));
#4275 = VECTOR('',#4276,1.);
#4276 = DIRECTION('',(0.,0.708516760586,0.705693984648));
#4277 = ORIENTED_EDGE('',*,*,#4247,.F.);
#4278 = PLANE('',#4279);
#4279 = AXIS2_PLACEMENT_3D('',#4280,#4281,#4282);
#4280 = CARTESIAN_POINT('',(67.,76.69,16.));
#4281 = DIRECTION('',(0.,-0.705693984648,0.708516760586));
#4282 = DIRECTION('',(0.,0.708516760586,0.705693984648));
#4283 = ADVANCED_FACE('',(#4284),#4289,.T.);
#4284 = FACE_BOUND('',#4285,.T.);
#4285 = EDGE_LOOP('',(#4286,#4287,#4288));
#4286 = ORIENTED_EDGE('',*,*,#1858,.T.);
#4287 = ORIENTED_EDGE('',*,*,#4272,.T.);
#4288 = ORIENTED_EDGE('',*,*,#4255,.T.);
#4289 = PLANE('',#4290);
#4290 = AXIS2_PLACEMENT_3D('',#4291,#4292,#4293);
#4291 = CARTESIAN_POINT('',(86.,77.42577090105,18.5));
#4292 = DIRECTION('',(1.,0.,0.));
#4293 = DIRECTION('',(-0.,0.,1.));
#4294 = ADVANCED_FACE('',(#4295),#4311,.F.);
#4295 = FACE_BOUND('',#4296,.F.);
#4296 = EDGE_LOOP('',(#4297,#4303,#4304,#4310));
#4297 = ORIENTED_EDGE('',*,*,#4298,.F.);
#4298 = EDGE_CURVE('',#3030,#1875,#4299,.T.);
#4299 = LINE('',#4300,#4301);
#4300 = CARTESIAN_POINT('',(37.35,73.6,41.3));
#4301 = VECTOR('',#4302,1.);
#4302 = DIRECTION('',(-0.,1.,0.));
#4303 = ORIENTED_EDGE('',*,*,#3029,.T.);
#4304 = ORIENTED_EDGE('',*,*,#4305,.T.);
#4305 = EDGE_CURVE('',#3032,#1877,#4306,.T.);
#4306 = LINE('',#4307,#4308);
#4307 = CARTESIAN_POINT('',(55.75,73.6,41.3));
#4308 = VECTOR('',#4309,1.);
#4309 = DIRECTION('',(-0.,1.,0.));
#4310 = ORIENTED_EDGE('',*,*,#1874,.F.);
#4311 = PLANE('',#4312);
#4312 = AXIS2_PLACEMENT_3D('',#4313,#4314,#4315);
#4313 = CARTESIAN_POINT('',(37.35,73.6,41.3));
#4314 = DIRECTION('',(0.,0.,1.));
#4315 = DIRECTION('',(1.,0.,-0.));
#4316 = ADVANCED_FACE('',(#4317),#4328,.T.);
#4317 = FACE_BOUND('',#4318,.T.);
#4318 = EDGE_LOOP('',(#4319,#4320,#4321,#4327));
#4319 = ORIENTED_EDGE('',*,*,#4298,.F.);
#4320 = ORIENTED_EDGE('',*,*,#3039,.T.);
#4321 = ORIENTED_EDGE('',*,*,#4322,.T.);
#4322 = EDGE_CURVE('',#3040,#1885,#4323,.T.);
#4323 = LINE('',#4324,#4325);
#4324 = CARTESIAN_POINT('',(37.35,73.6,26.6));
#4325 = VECTOR('',#4326,1.);
#4326 = DIRECTION('',(-0.,1.,0.));
#4327 = ORIENTED_EDGE('',*,*,#1884,.F.);
#4328 = PLANE('',#4329);
#4329 = AXIS2_PLACEMENT_3D('',#4330,#4331,#4332);
#4330 = CARTESIAN_POINT('',(37.35,73.6,26.6));
#4331 = DIRECTION('',(1.,0.,-0.));
#4332 = DIRECTION('',(0.,0.,1.));
#4333 = ADVANCED_FACE('',(#4334),#4345,.F.);
#4334 = FACE_BOUND('',#4335,.F.);
#4335 = EDGE_LOOP('',(#4336,#4337,#4338,#4344));
#4336 = ORIENTED_EDGE('',*,*,#4305,.F.);
#4337 = ORIENTED_EDGE('',*,*,#3055,.T.);
#4338 = ORIENTED_EDGE('',*,*,#4339,.T.);
#4339 = EDGE_CURVE('',#3048,#1893,#4340,.T.);
#4340 = LINE('',#4341,#4342);
#4341 = CARTESIAN_POINT('',(55.75,73.6,26.6));
#4342 = VECTOR('',#4343,1.);
#4343 = DIRECTION('',(-0.,1.,0.));
#4344 = ORIENTED_EDGE('',*,*,#1900,.F.);
#4345 = PLANE('',#4346);
#4346 = AXIS2_PLACEMENT_3D('',#4347,#4348,#4349);
#4347 = CARTESIAN_POINT('',(55.75,73.6,26.6));
#4348 = DIRECTION('',(1.,0.,-0.));
#4349 = DIRECTION('',(0.,0.,1.));
#4350 = ADVANCED_FACE('',(#4351),#4357,.T.);
#4351 = FACE_BOUND('',#4352,.T.);
#4352 = EDGE_LOOP('',(#4353,#4354,#4355,#4356));
#4353 = ORIENTED_EDGE('',*,*,#4322,.F.);
#4354 = ORIENTED_EDGE('',*,*,#3047,.T.);
#4355 = ORIENTED_EDGE('',*,*,#4339,.T.);
#4356 = ORIENTED_EDGE('',*,*,#1892,.F.);
#4357 = PLANE('',#4358);
#4358 = AXIS2_PLACEMENT_3D('',#4359,#4360,#4361);
#4359 = CARTESIAN_POINT('',(37.35,73.6,26.6));
#4360 = DIRECTION('',(0.,0.,1.));
#4361 = DIRECTION('',(1.,0.,-0.));
#4362 = ADVANCED_FACE('',(#4363),#4379,.F.);
#4363 = FACE_BOUND('',#4364,.F.);
#4364 = EDGE_LOOP('',(#4365,#4371,#4372,#4378));
#4365 = ORIENTED_EDGE('',*,*,#4366,.F.);
#4366 = EDGE_CURVE('',#3064,#1909,#4367,.T.);
#4367 = LINE('',#4368,#4369);
#4368 = CARTESIAN_POINT('',(68.,73.6,24.));
#4369 = VECTOR('',#4370,1.);
#4370 = DIRECTION('',(-0.,1.,0.));
#4371 = ORIENTED_EDGE('',*,*,#3063,.T.);
#4372 = ORIENTED_EDGE('',*,*,#4373,.T.);
#4373 = EDGE_CURVE('',#3066,#1911,#4374,.T.);
#4374 = LINE('',#4375,#4376);
#4375 = CARTESIAN_POINT('',(85.,73.6,24.));
#4376 = VECTOR('',#4377,1.);
#4377 = DIRECTION('',(-0.,1.,0.));
#4378 = ORIENTED_EDGE('',*,*,#1908,.F.);
#4379 = PLANE('',#4380);
#4380 = AXIS2_PLACEMENT_3D('',#4381,#4382,#4383);
#4381 = CARTESIAN_POINT('',(68.,73.6,24.));
#4382 = DIRECTION('',(0.,0.,1.));
#4383 = DIRECTION('',(1.,0.,-0.));
#4384 = ADVANCED_FACE('',(#4385),#4396,.T.);
#4385 = FACE_BOUND('',#4386,.T.);
#4386 = EDGE_LOOP('',(#4387,#4388,#4389,#4395));
#4387 = ORIENTED_EDGE('',*,*,#4366,.F.);
#4388 = ORIENTED_EDGE('',*,*,#3073,.T.);
#4389 = ORIENTED_EDGE('',*,*,#4390,.T.);
#4390 = EDGE_CURVE('',#3074,#1919,#4391,.T.);
#4391 = LINE('',#4392,#4393);
#4392 = CARTESIAN_POINT('',(68.,73.6,21.5));
#4393 = VECTOR('',#4394,1.);
#4394 = DIRECTION('',(-0.,1.,0.));
#4395 = ORIENTED_EDGE('',*,*,#1918,.F.);
#4396 = PLANE('',#4397);
#4397 = AXIS2_PLACEMENT_3D('',#4398,#4399,#4400);
#4398 = CARTESIAN_POINT('',(68.,73.6,21.5));
#4399 = DIRECTION('',(1.,0.,-0.));
#4400 = DIRECTION('',(0.,0.,1.));
#4401 = ADVANCED_FACE('',(#4402),#4413,.F.);
#4402 = FACE_BOUND('',#4403,.F.);
#4403 = EDGE_LOOP('',(#4404,#4405,#4406,#4412));
#4404 = ORIENTED_EDGE('',*,*,#4373,.F.);
#4405 = ORIENTED_EDGE('',*,*,#3089,.T.);
#4406 = ORIENTED_EDGE('',*,*,#4407,.T.);
#4407 = EDGE_CURVE('',#3082,#1927,#4408,.T.);
#4408 = LINE('',#4409,#4410);
#4409 = CARTESIAN_POINT('',(85.,73.6,21.5));
#4410 = VECTOR('',#4411,1.);
#4411 = DIRECTION('',(-0.,1.,0.));
#4412 = ORIENTED_EDGE('',*,*,#1934,.F.);
#4413 = PLANE('',#4414);
#4414 = AXIS2_PLACEMENT_3D('',#4415,#4416,#4417);
#4415 = CARTESIAN_POINT('',(85.,73.6,21.5));
#4416 = DIRECTION('',(1.,0.,-0.));
#4417 = DIRECTION('',(0.,0.,1.));
#4418 = ADVANCED_FACE('',(#4419),#4425,.T.);
#4419 = FACE_BOUND('',#4420,.T.);
#4420 = EDGE_LOOP('',(#4421,#4422,#4423,#4424));
#4421 = ORIENTED_EDGE('',*,*,#4390,.F.);
#4422 = ORIENTED_EDGE('',*,*,#3081,.T.);
#4423 = ORIENTED_EDGE('',*,*,#4407,.T.);
#4424 = ORIENTED_EDGE('',*,*,#1926,.F.);
#4425 = PLANE('',#4426);
#4426 = AXIS2_PLACEMENT_3D('',#4427,#4428,#4429);
#4427 = CARTESIAN_POINT('',(68.,73.6,21.5));
#4428 = DIRECTION('',(0.,0.,1.));
#4429 = DIRECTION('',(1.,0.,-0.));
#4430 = ADVANCED_FACE('',(#4431),#4448,.F.);
#4431 = FACE_BOUND('',#4432,.F.);
#4432 = EDGE_LOOP('',(#4433,#4434,#4442));
#4433 = ORIENTED_EDGE('',*,*,#1942,.T.);
#4434 = ORIENTED_EDGE('',*,*,#4435,.T.);
#4435 = EDGE_CURVE('',#1945,#4436,#4438,.T.);
#4436 = VERTEX_POINT('',#4437);
#4437 = CARTESIAN_POINT('',(67.,79.2,26.5));
#4438 = LINE('',#4439,#4440);
#4439 = CARTESIAN_POINT('',(67.,76.69,24.));
#4440 = VECTOR('',#4441,1.);
#4441 = DIRECTION('',(0.,0.708516760586,0.705693984648));
#4442 = ORIENTED_EDGE('',*,*,#4443,.T.);
#4443 = EDGE_CURVE('',#4436,#1943,#4444,.T.);
#4444 = LINE('',#4445,#4446);
#4445 = CARTESIAN_POINT('',(67.,79.2,26.5));
#4446 = VECTOR('',#4447,1.);
#4447 = DIRECTION('',(0.,-0.708516760586,0.705693984648));
#4448 = PLANE('',#4449);
#4449 = AXIS2_PLACEMENT_3D('',#4450,#4451,#4452);
#4450 = CARTESIAN_POINT('',(67.,77.42577090105,26.5));
#4451 = DIRECTION('',(1.,0.,0.));
#4452 = DIRECTION('',(-0.,0.,1.));
#4453 = ADVANCED_FACE('',(#4454),#4472,.F.);
#4454 = FACE_BOUND('',#4455,.F.);
#4455 = EDGE_LOOP('',(#4456,#4457,#4465,#4471));
#4456 = ORIENTED_EDGE('',*,*,#4443,.F.);
#4457 = ORIENTED_EDGE('',*,*,#4458,.T.);
#4458 = EDGE_CURVE('',#4436,#4459,#4461,.T.);
#4459 = VERTEX_POINT('',#4460);
#4460 = CARTESIAN_POINT('',(86.,79.2,26.5));
#4461 = LINE('',#4462,#4463);
#4462 = CARTESIAN_POINT('',(67.,79.2,26.5));
#4463 = VECTOR('',#4464,1.);
#4464 = DIRECTION('',(1.,0.,0.));
#4465 = ORIENTED_EDGE('',*,*,#4466,.T.);
#4466 = EDGE_CURVE('',#4459,#1961,#4467,.T.);
#4467 = LINE('',#4468,#4469);
#4468 = CARTESIAN_POINT('',(86.,79.2,26.5));
#4469 = VECTOR('',#4470,1.);
#4470 = DIRECTION('',(0.,-0.708516760586,0.705693984648));
#4471 = ORIENTED_EDGE('',*,*,#1968,.T.);
#4472 = PLANE('',#4473);
#4473 = AXIS2_PLACEMENT_3D('',#4474,#4475,#4476);
#4474 = CARTESIAN_POINT('',(67.,79.2,26.5));
#4475 = DIRECTION('',(0.,-0.705693984648,-0.708516760586));
#4476 = DIRECTION('',(0.,-0.708516760586,0.705693984648));
#4477 = ADVANCED_FACE('',(#4478),#4489,.F.);
#4478 = FACE_BOUND('',#4479,.F.);
#4479 = EDGE_LOOP('',(#4480,#4481,#4482,#4488));
#4480 = ORIENTED_EDGE('',*,*,#4435,.F.);
#4481 = ORIENTED_EDGE('',*,*,#1952,.T.);
#4482 = ORIENTED_EDGE('',*,*,#4483,.T.);
#4483 = EDGE_CURVE('',#1953,#4459,#4484,.T.);
#4484 = LINE('',#4485,#4486);
#4485 = CARTESIAN_POINT('',(86.,76.69,24.));
#4486 = VECTOR('',#4487,1.);
#4487 = DIRECTION('',(0.,0.708516760586,0.705693984648));
#4488 = ORIENTED_EDGE('',*,*,#4458,.F.);
#4489 = PLANE('',#4490);
#4490 = AXIS2_PLACEMENT_3D('',#4491,#4492,#4493);
#4491 = CARTESIAN_POINT('',(67.,76.69,24.));
#4492 = DIRECTION('',(0.,-0.705693984648,0.708516760586));
#4493 = DIRECTION('',(0.,0.708516760586,0.705693984648));
#4494 = ADVANCED_FACE('',(#4495),#4500,.T.);
#4495 = FACE_BOUND('',#4496,.T.);
#4496 = EDGE_LOOP('',(#4497,#4498,#4499));
#4497 = ORIENTED_EDGE('',*,*,#1960,.T.);
#4498 = ORIENTED_EDGE('',*,*,#4483,.T.);
#4499 = ORIENTED_EDGE('',*,*,#4466,.T.);
#4500 = PLANE('',#4501);
#4501 = AXIS2_PLACEMENT_3D('',#4502,#4503,#4504);
#4502 = CARTESIAN_POINT('',(86.,77.42577090105,26.5));
#4503 = DIRECTION('',(1.,0.,0.));
#4504 = DIRECTION('',(-0.,0.,1.));
#4505 = ADVANCED_FACE('',(#4506),#4522,.F.);
#4506 = FACE_BOUND('',#4507,.F.);
#4507 = EDGE_LOOP('',(#4508,#4514,#4515,#4521));
#4508 = ORIENTED_EDGE('',*,*,#4509,.F.);
#4509 = EDGE_CURVE('',#3098,#1977,#4510,.T.);
#4510 = LINE('',#4511,#4512);
#4511 = CARTESIAN_POINT('',(68.,73.6,32.));
#4512 = VECTOR('',#4513,1.);
#4513 = DIRECTION('',(-0.,1.,0.));
#4514 = ORIENTED_EDGE('',*,*,#3097,.T.);
#4515 = ORIENTED_EDGE('',*,*,#4516,.T.);
#4516 = EDGE_CURVE('',#3100,#1979,#4517,.T.);
#4517 = LINE('',#4518,#4519);
#4518 = CARTESIAN_POINT('',(85.,73.6,32.));
#4519 = VECTOR('',#4520,1.);
#4520 = DIRECTION('',(-0.,1.,0.));
#4521 = ORIENTED_EDGE('',*,*,#1976,.F.);
#4522 = PLANE('',#4523);
#4523 = AXIS2_PLACEMENT_3D('',#4524,#4525,#4526);
#4524 = CARTESIAN_POINT('',(68.,73.6,32.));
#4525 = DIRECTION('',(0.,0.,1.));
#4526 = DIRECTION('',(1.,0.,-0.));
#4527 = ADVANCED_FACE('',(#4528),#4539,.F.);
#4528 = FACE_BOUND('',#4529,.F.);
#4529 = EDGE_LOOP('',(#4530,#4531,#4532,#4538));
#4530 = ORIENTED_EDGE('',*,*,#4516,.F.);
#4531 = ORIENTED_EDGE('',*,*,#3123,.T.);
#4532 = ORIENTED_EDGE('',*,*,#4533,.T.);
#4533 = EDGE_CURVE('',#3116,#1995,#4534,.T.);
#4534 = LINE('',#4535,#4536);
#4535 = CARTESIAN_POINT('',(85.,73.6,29.5));
#4536 = VECTOR('',#4537,1.);
#4537 = DIRECTION('',(-0.,1.,0.));
#4538 = ORIENTED_EDGE('',*,*,#2002,.F.);
#4539 = PLANE('',#4540);
#4540 = AXIS2_PLACEMENT_3D('',#4541,#4542,#4543);
#4541 = CARTESIAN_POINT('',(85.,73.6,29.5));
#4542 = DIRECTION('',(1.,0.,-0.));
#4543 = DIRECTION('',(0.,0.,1.));
#4544 = ADVANCED_FACE('',(#4545),#4556,.T.);
#4545 = FACE_BOUND('',#4546,.T.);
#4546 = EDGE_LOOP('',(#4547,#4553,#4554,#4555));
#4547 = ORIENTED_EDGE('',*,*,#4548,.F.);
#4548 = EDGE_CURVE('',#3108,#1987,#4549,.T.);
#4549 = LINE('',#4550,#4551);
#4550 = CARTESIAN_POINT('',(68.,73.6,29.5));
#4551 = VECTOR('',#4552,1.);
#4552 = DIRECTION('',(-0.,1.,0.));
#4553 = ORIENTED_EDGE('',*,*,#3115,.T.);
#4554 = ORIENTED_EDGE('',*,*,#4533,.T.);
#4555 = ORIENTED_EDGE('',*,*,#1994,.F.);
#4556 = PLANE('',#4557);
#4557 = AXIS2_PLACEMENT_3D('',#4558,#4559,#4560);
#4558 = CARTESIAN_POINT('',(68.,73.6,29.5));
#4559 = DIRECTION('',(0.,0.,1.));
#4560 = DIRECTION('',(1.,0.,-0.));
#4561 = ADVANCED_FACE('',(#4562),#4568,.T.);
#4562 = FACE_BOUND('',#4563,.T.);
#4563 = EDGE_LOOP('',(#4564,#4565,#4566,#4567));
#4564 = ORIENTED_EDGE('',*,*,#4509,.F.);
#4565 = ORIENTED_EDGE('',*,*,#3107,.T.);
#4566 = ORIENTED_EDGE('',*,*,#4548,.T.);
#4567 = ORIENTED_EDGE('',*,*,#1986,.F.);
#4568 = PLANE('',#4569);
#4569 = AXIS2_PLACEMENT_3D('',#4570,#4571,#4572);
#4570 = CARTESIAN_POINT('',(68.,73.6,29.5));
#4571 = DIRECTION('',(1.,0.,-0.));
#4572 = DIRECTION('',(0.,0.,1.));
#4573 = ADVANCED_FACE('',(#4574),#4591,.F.);
#4574 = FACE_BOUND('',#4575,.F.);
#4575 = EDGE_LOOP('',(#4576,#4577,#4585));
#4576 = ORIENTED_EDGE('',*,*,#2010,.T.);
#4577 = ORIENTED_EDGE('',*,*,#4578,.T.);
#4578 = EDGE_CURVE('',#2013,#4579,#4581,.T.);
#4579 = VERTEX_POINT('',#4580);
#4580 = CARTESIAN_POINT('',(67.,79.2,34.5));
#4581 = LINE('',#4582,#4583);
#4582 = CARTESIAN_POINT('',(67.,76.69,32.));
#4583 = VECTOR('',#4584,1.);
#4584 = DIRECTION('',(0.,0.708516760586,0.705693984648));
#4585 = ORIENTED_EDGE('',*,*,#4586,.T.);
#4586 = EDGE_CURVE('',#4579,#2011,#4587,.T.);
#4587 = LINE('',#4588,#4589);
#4588 = CARTESIAN_POINT('',(67.,79.2,34.5));
#4589 = VECTOR('',#4590,1.);
#4590 = DIRECTION('',(0.,-0.708516760586,0.705693984648));
#4591 = PLANE('',#4592);
#4592 = AXIS2_PLACEMENT_3D('',#4593,#4594,#4595);
#4593 = CARTESIAN_POINT('',(67.,77.42577090105,34.5));
#4594 = DIRECTION('',(1.,0.,0.));
#4595 = DIRECTION('',(-0.,0.,1.));
#4596 = ADVANCED_FACE('',(#4597),#4615,.F.);
#4597 = FACE_BOUND('',#4598,.F.);
#4598 = EDGE_LOOP('',(#4599,#4600,#4608,#4614));
#4599 = ORIENTED_EDGE('',*,*,#4586,.F.);
#4600 = ORIENTED_EDGE('',*,*,#4601,.T.);
#4601 = EDGE_CURVE('',#4579,#4602,#4604,.T.);
#4602 = VERTEX_POINT('',#4603);
#4603 = CARTESIAN_POINT('',(86.,79.2,34.5));
#4604 = LINE('',#4605,#4606);
#4605 = CARTESIAN_POINT('',(67.,79.2,34.5));
#4606 = VECTOR('',#4607,1.);
#4607 = DIRECTION('',(1.,0.,0.));
#4608 = ORIENTED_EDGE('',*,*,#4609,.T.);
#4609 = EDGE_CURVE('',#4602,#2029,#4610,.T.);
#4610 = LINE('',#4611,#4612);
#4611 = CARTESIAN_POINT('',(86.,79.2,34.5));
#4612 = VECTOR('',#4613,1.);
#4613 = DIRECTION('',(0.,-0.708516760586,0.705693984648));
#4614 = ORIENTED_EDGE('',*,*,#2036,.T.);
#4615 = PLANE('',#4616);
#4616 = AXIS2_PLACEMENT_3D('',#4617,#4618,#4619);
#4617 = CARTESIAN_POINT('',(67.,79.2,34.5));
#4618 = DIRECTION('',(0.,-0.705693984648,-0.708516760586));
#4619 = DIRECTION('',(0.,-0.708516760586,0.705693984648));
#4620 = ADVANCED_FACE('',(#4621),#4632,.F.);
#4621 = FACE_BOUND('',#4622,.F.);
#4622 = EDGE_LOOP('',(#4623,#4624,#4625,#4631));
#4623 = ORIENTED_EDGE('',*,*,#4578,.F.);
#4624 = ORIENTED_EDGE('',*,*,#2020,.T.);
#4625 = ORIENTED_EDGE('',*,*,#4626,.T.);
#4626 = EDGE_CURVE('',#2021,#4602,#4627,.T.);
#4627 = LINE('',#4628,#4629);
#4628 = CARTESIAN_POINT('',(86.,76.69,32.));
#4629 = VECTOR('',#4630,1.);
#4630 = DIRECTION('',(0.,0.708516760586,0.705693984648));
#4631 = ORIENTED_EDGE('',*,*,#4601,.F.);
#4632 = PLANE('',#4633);
#4633 = AXIS2_PLACEMENT_3D('',#4634,#4635,#4636);
#4634 = CARTESIAN_POINT('',(67.,76.69,32.));
#4635 = DIRECTION('',(0.,-0.705693984648,0.708516760586));
#4636 = DIRECTION('',(0.,0.708516760586,0.705693984648));
#4637 = ADVANCED_FACE('',(#4638),#4643,.T.);
#4638 = FACE_BOUND('',#4639,.T.);
#4639 = EDGE_LOOP('',(#4640,#4641,#4642));
#4640 = ORIENTED_EDGE('',*,*,#2028,.T.);
#4641 = ORIENTED_EDGE('',*,*,#4626,.T.);
#4642 = ORIENTED_EDGE('',*,*,#4609,.T.);
#4643 = PLANE('',#4644);
#4644 = AXIS2_PLACEMENT_3D('',#4645,#4646,#4647);
#4645 = CARTESIAN_POINT('',(86.,77.42577090105,34.5));
#4646 = DIRECTION('',(1.,0.,0.));
#4647 = DIRECTION('',(-0.,0.,1.));
#4648 = ADVANCED_FACE('',(#4649),#4674,.F.);
#4649 = FACE_BOUND('',#4650,.F.);
#4650 = EDGE_LOOP('',(#4651,#4659,#4660,#4668));
#4651 = ORIENTED_EDGE('',*,*,#4652,.F.);
#4652 = EDGE_CURVE('',#2102,#4653,#4655,.T.);
#4653 = VERTEX_POINT('',#4654);
#4654 = CARTESIAN_POINT('',(105.1,4.,-7.5));
#4655 = LINE('',#4656,#4657);
#4656 = CARTESIAN_POINT('',(91.09,4.,-7.5));
#4657 = VECTOR('',#4658,1.);
#4658 = DIRECTION('',(1.,0.,-0.));
#4659 = ORIENTED_EDGE('',*,*,#2109,.T.);
#4660 = ORIENTED_EDGE('',*,*,#4661,.T.);
#4661 = EDGE_CURVE('',#2110,#4662,#4664,.T.);
#4662 = VERTEX_POINT('',#4663);
#4663 = CARTESIAN_POINT('',(105.1,4.,-3.5));
#4664 = LINE('',#4665,#4666);
#4665 = CARTESIAN_POINT('',(91.09,4.,-3.5));
#4666 = VECTOR('',#4667,1.);
#4667 = DIRECTION('',(1.,0.,-0.));
#4668 = ORIENTED_EDGE('',*,*,#4669,.F.);
#4669 = EDGE_CURVE('',#4653,#4662,#4670,.T.);
#4670 = LINE('',#4671,#4672);
#4671 = CARTESIAN_POINT('',(105.1,4.,-7.5));
#4672 = VECTOR('',#4673,1.);
#4673 = DIRECTION('',(0.,0.,1.));
#4674 = PLANE('',#4675);
#4675 = AXIS2_PLACEMENT_3D('',#4676,#4677,#4678);
#4676 = CARTESIAN_POINT('',(91.09,4.,-7.5));
#4677 = DIRECTION('',(-0.,1.,0.));
#4678 = DIRECTION('',(0.,0.,1.));
#4679 = ADVANCED_FACE('',(#4680),#4705,.F.);
#4680 = FACE_BOUND('',#4681,.F.);
#4681 = EDGE_LOOP('',(#4682,#4690,#4698,#4704));
#4682 = ORIENTED_EDGE('',*,*,#4683,.F.);
#4683 = EDGE_CURVE('',#4684,#2221,#4686,.T.);
#4684 = VERTEX_POINT('',#4685);
#4685 = CARTESIAN_POINT('',(100.1,-17.6,36.8));
#4686 = LINE('',#4687,#4688);
#4687 = CARTESIAN_POINT('',(100.1,-17.6,36.8));
#4688 = VECTOR('',#4689,1.);
#4689 = DIRECTION('',(-0.707499291105,0.,-0.706714053268));
#4690 = ORIENTED_EDGE('',*,*,#4691,.T.);
#4691 = EDGE_CURVE('',#4684,#4692,#4694,.T.);
#4692 = VERTEX_POINT('',#4693);
#4693 = CARTESIAN_POINT('',(100.1,-7.6,36.8));
#4694 = LINE('',#4695,#4696);
#4695 = CARTESIAN_POINT('',(100.1,-17.6,36.8));
#4696 = VECTOR('',#4697,1.);
#4697 = DIRECTION('',(-0.,1.,0.));
#4698 = ORIENTED_EDGE('',*,*,#4699,.T.);
#4699 = EDGE_CURVE('',#4692,#2213,#4700,.T.);
#4700 = LINE('',#4701,#4702);
#4701 = CARTESIAN_POINT('',(100.1,-7.6,36.8));
#4702 = VECTOR('',#4703,1.);
#4703 = DIRECTION('',(-0.707499291105,0.,-0.706714053268));
#4704 = ORIENTED_EDGE('',*,*,#2220,.T.);
#4705 = PLANE('',#4706);
#4706 = AXIS2_PLACEMENT_3D('',#4707,#4708,#4709);
#4707 = CARTESIAN_POINT('',(100.1,-17.6,36.8));
#4708 = DIRECTION('',(-0.706714053268,0.,0.707499291105));
#4709 = DIRECTION('',(-0.707499291105,0.,-0.706714053268));
#4710 = ADVANCED_FACE('',(#4711,#4729),#4740,.T.);
#4711 = FACE_BOUND('',#4712,.T.);
#4712 = EDGE_LOOP('',(#4713,#4721,#4722,#4723));
#4713 = ORIENTED_EDGE('',*,*,#4714,.F.);
#4714 = EDGE_CURVE('',#2118,#4715,#4717,.T.);
#4715 = VERTEX_POINT('',#4716);
#4716 = CARTESIAN_POINT('',(105.1,20.,-3.5));
#4717 = LINE('',#4718,#4719);
#4718 = CARTESIAN_POINT('',(91.09,20.,-3.5));
#4719 = VECTOR('',#4720,1.);
#4720 = DIRECTION('',(1.,0.,-0.));
#4721 = ORIENTED_EDGE('',*,*,#2117,.T.);
#4722 = ORIENTED_EDGE('',*,*,#4661,.T.);
#4723 = ORIENTED_EDGE('',*,*,#4724,.T.);
#4724 = EDGE_CURVE('',#4662,#4715,#4725,.T.);
#4725 = LINE('',#4726,#4727);
#4726 = CARTESIAN_POINT('',(105.1,4.,-3.5));
#4727 = VECTOR('',#4728,1.);
#4728 = DIRECTION('',(-0.,1.,0.));
#4729 = FACE_BOUND('',#4730,.T.);
#4730 = EDGE_LOOP('',(#4731));
#4731 = ORIENTED_EDGE('',*,*,#4732,.F.);
#4732 = EDGE_CURVE('',#4733,#4733,#4735,.T.);
#4733 = VERTEX_POINT('',#4734);
#4734 = CARTESIAN_POINT('',(100.85,12.,-3.5));
#4735 = CIRCLE('',#4736,2.25);
#4736 = AXIS2_PLACEMENT_3D('',#4737,#4738,#4739);
#4737 = CARTESIAN_POINT('',(98.6,12.,-3.5));
#4738 = DIRECTION('',(0.,0.,1.));
#4739 = DIRECTION('',(1.,0.,-0.));
#4740 = PLANE('',#4741);
#4741 = AXIS2_PLACEMENT_3D('',#4742,#4743,#4744);
#4742 = CARTESIAN_POINT('',(91.09,4.,-3.5));
#4743 = DIRECTION('',(0.,0.,1.));
#4744 = DIRECTION('',(1.,0.,-0.));
#4745 = ADVANCED_FACE('',(#4746),#4764,.T.);
#4746 = FACE_BOUND('',#4747,.T.);
#4747 = EDGE_LOOP('',(#4748,#4756,#4757,#4758));
#4748 = ORIENTED_EDGE('',*,*,#4749,.F.);
#4749 = EDGE_CURVE('',#2126,#4750,#4752,.T.);
#4750 = VERTEX_POINT('',#4751);
#4751 = CARTESIAN_POINT('',(105.1,20.,-7.5));
#4752 = LINE('',#4753,#4754);
#4753 = CARTESIAN_POINT('',(91.09,20.,-7.5));
#4754 = VECTOR('',#4755,1.);
#4755 = DIRECTION('',(1.,0.,-0.));
#4756 = ORIENTED_EDGE('',*,*,#2125,.T.);
#4757 = ORIENTED_EDGE('',*,*,#4714,.T.);
#4758 = ORIENTED_EDGE('',*,*,#4759,.F.);
#4759 = EDGE_CURVE('',#4750,#4715,#4760,.T.);
#4760 = LINE('',#4761,#4762);
#4761 = CARTESIAN_POINT('',(105.1,20.,-7.5));
#4762 = VECTOR('',#4763,1.);
#4763 = DIRECTION('',(0.,0.,1.));
#4764 = PLANE('',#4765);
#4765 = AXIS2_PLACEMENT_3D('',#4766,#4767,#4768);
#4766 = CARTESIAN_POINT('',(91.09,20.,-7.5));
#4767 = DIRECTION('',(-0.,1.,0.));
#4768 = DIRECTION('',(0.,0.,1.));
#4769 = ADVANCED_FACE('',(#4770),#4795,.F.);
#4770 = FACE_BOUND('',#4771,.F.);
#4771 = EDGE_LOOP('',(#4772,#4780,#4781,#4789));
#4772 = ORIENTED_EDGE('',*,*,#4773,.F.);
#4773 = EDGE_CURVE('',#2134,#4774,#4776,.T.);
#4774 = VERTEX_POINT('',#4775);
#4775 = CARTESIAN_POINT('',(105.1,34.,-7.5));
#4776 = LINE('',#4777,#4778);
#4777 = CARTESIAN_POINT('',(91.09,34.,-7.5));
#4778 = VECTOR('',#4779,1.);
#4779 = DIRECTION('',(1.,0.,-0.));
#4780 = ORIENTED_EDGE('',*,*,#2141,.T.);
#4781 = ORIENTED_EDGE('',*,*,#4782,.T.);
#4782 = EDGE_CURVE('',#2142,#4783,#4785,.T.);
#4783 = VERTEX_POINT('',#4784);
#4784 = CARTESIAN_POINT('',(105.1,34.,-3.5));
#4785 = LINE('',#4786,#4787);
#4786 = CARTESIAN_POINT('',(91.09,34.,-3.5));
#4787 = VECTOR('',#4788,1.);
#4788 = DIRECTION('',(1.,0.,-0.));
#4789 = ORIENTED_EDGE('',*,*,#4790,.F.);
#4790 = EDGE_CURVE('',#4774,#4783,#4791,.T.);
#4791 = LINE('',#4792,#4793);
#4792 = CARTESIAN_POINT('',(105.1,34.,-7.5));
#4793 = VECTOR('',#4794,1.);
#4794 = DIRECTION('',(0.,0.,1.));
#4795 = PLANE('',#4796);
#4796 = AXIS2_PLACEMENT_3D('',#4797,#4798,#4799);
#4797 = CARTESIAN_POINT('',(91.09,34.,-7.5));
#4798 = DIRECTION('',(-0.,1.,0.));
#4799 = DIRECTION('',(0.,0.,1.));
#4800 = ADVANCED_FACE('',(#4801,#4819),#4830,.T.);
#4801 = FACE_BOUND('',#4802,.T.);
#4802 = EDGE_LOOP('',(#4803,#4811,#4812,#4813));
#4803 = ORIENTED_EDGE('',*,*,#4804,.F.);
#4804 = EDGE_CURVE('',#2150,#4805,#4807,.T.);
#4805 = VERTEX_POINT('',#4806);
#4806 = CARTESIAN_POINT('',(105.1,50.,-3.5));
#4807 = LINE('',#4808,#4809);
#4808 = CARTESIAN_POINT('',(91.09,50.,-3.5));
#4809 = VECTOR('',#4810,1.);
#4810 = DIRECTION('',(1.,0.,-0.));
#4811 = ORIENTED_EDGE('',*,*,#2149,.T.);
#4812 = ORIENTED_EDGE('',*,*,#4782,.T.);
#4813 = ORIENTED_EDGE('',*,*,#4814,.T.);
#4814 = EDGE_CURVE('',#4783,#4805,#4815,.T.);
#4815 = LINE('',#4816,#4817);
#4816 = CARTESIAN_POINT('',(105.1,34.,-3.5));
#4817 = VECTOR('',#4818,1.);
#4818 = DIRECTION('',(-0.,1.,0.));
#4819 = FACE_BOUND('',#4820,.T.);
#4820 = EDGE_LOOP('',(#4821));
#4821 = ORIENTED_EDGE('',*,*,#4822,.F.);
#4822 = EDGE_CURVE('',#4823,#4823,#4825,.T.);
#4823 = VERTEX_POINT('',#4824);
#4824 = CARTESIAN_POINT('',(100.85,42.,-3.5));
#4825 = CIRCLE('',#4826,2.25);
#4826 = AXIS2_PLACEMENT_3D('',#4827,#4828,#4829);
#4827 = CARTESIAN_POINT('',(98.6,42.,-3.5));
#4828 = DIRECTION('',(0.,0.,1.));
#4829 = DIRECTION('',(1.,0.,-0.));
#4830 = PLANE('',#4831);
#4831 = AXIS2_PLACEMENT_3D('',#4832,#4833,#4834);
#4832 = CARTESIAN_POINT('',(91.09,34.,-3.5));
#4833 = DIRECTION('',(0.,0.,1.));
#4834 = DIRECTION('',(1.,0.,-0.));
#4835 = ADVANCED_FACE('',(#4836),#4854,.T.);
#4836 = FACE_BOUND('',#4837,.T.);
#4837 = EDGE_LOOP('',(#4838,#4846,#4847,#4848));
#4838 = ORIENTED_EDGE('',*,*,#4839,.F.);
#4839 = EDGE_CURVE('',#2158,#4840,#4842,.T.);
#4840 = VERTEX_POINT('',#4841);
#4841 = CARTESIAN_POINT('',(105.1,50.,-7.5));
#4842 = LINE('',#4843,#4844);
#4843 = CARTESIAN_POINT('',(91.09,50.,-7.5));
#4844 = VECTOR('',#4845,1.);
#4845 = DIRECTION('',(1.,0.,-0.));
#4846 = ORIENTED_EDGE('',*,*,#2157,.T.);
#4847 = ORIENTED_EDGE('',*,*,#4804,.T.);
#4848 = ORIENTED_EDGE('',*,*,#4849,.F.);
#4849 = EDGE_CURVE('',#4840,#4805,#4850,.T.);
#4850 = LINE('',#4851,#4852);
#4851 = CARTESIAN_POINT('',(105.1,50.,-7.5));
#4852 = VECTOR('',#4853,1.);
#4853 = DIRECTION('',(0.,0.,1.));
#4854 = PLANE('',#4855);
#4855 = AXIS2_PLACEMENT_3D('',#4856,#4857,#4858);
#4856 = CARTESIAN_POINT('',(91.09,50.,-7.5));
#4857 = DIRECTION('',(-0.,1.,0.));
#4858 = DIRECTION('',(0.,0.,1.));
#4859 = ADVANCED_FACE('',(#4860),#4885,.F.);
#4860 = FACE_BOUND('',#4861,.F.);
#4861 = EDGE_LOOP('',(#4862,#4870,#4878,#4884));
#4862 = ORIENTED_EDGE('',*,*,#4863,.F.);
#4863 = EDGE_CURVE('',#4864,#2189,#4866,.T.);
#4864 = VERTEX_POINT('',#4865);
#4865 = CARTESIAN_POINT('',(100.1,61.2,36.8));
#4866 = LINE('',#4867,#4868);
#4867 = CARTESIAN_POINT('',(100.1,61.2,36.8));
#4868 = VECTOR('',#4869,1.);
#4869 = DIRECTION('',(-0.707499291105,0.,-0.706714053268));
#4870 = ORIENTED_EDGE('',*,*,#4871,.T.);
#4871 = EDGE_CURVE('',#4864,#4872,#4874,.T.);
#4872 = VERTEX_POINT('',#4873);
#4873 = CARTESIAN_POINT('',(100.1,71.2,36.8));
#4874 = LINE('',#4875,#4876);
#4875 = CARTESIAN_POINT('',(100.1,61.2,36.8));
#4876 = VECTOR('',#4877,1.);
#4877 = DIRECTION('',(-0.,1.,0.));
#4878 = ORIENTED_EDGE('',*,*,#4879,.T.);
#4879 = EDGE_CURVE('',#4872,#2181,#4880,.T.);
#4880 = LINE('',#4881,#4882);
#4881 = CARTESIAN_POINT('',(100.1,71.2,36.8));
#4882 = VECTOR('',#4883,1.);
#4883 = DIRECTION('',(-0.707499291105,0.,-0.706714053268));
#4884 = ORIENTED_EDGE('',*,*,#2188,.T.);
#4885 = PLANE('',#4886);
#4886 = AXIS2_PLACEMENT_3D('',#4887,#4888,#4889);
#4887 = CARTESIAN_POINT('',(100.1,61.2,36.8));
#4888 = DIRECTION('',(-0.706714053268,0.,0.707499291105));
#4889 = DIRECTION('',(-0.707499291105,0.,-0.706714053268));
#4890 = ADVANCED_FACE('',(#4891),#4907,.T.);
#4891 = FACE_BOUND('',#4892,.T.);
#4892 = EDGE_LOOP('',(#4893,#4899,#4900,#4906));
#4893 = ORIENTED_EDGE('',*,*,#4894,.F.);
#4894 = EDGE_CURVE('',#3163,#2237,#4895,.T.);
#4895 = LINE('',#4896,#4897);
#4896 = CARTESIAN_POINT('',(88.,55.2,-1.5));
#4897 = VECTOR('',#4898,1.);
#4898 = DIRECTION('',(1.,0.,-0.));
#4899 = ORIENTED_EDGE('',*,*,#3162,.T.);
#4900 = ORIENTED_EDGE('',*,*,#4901,.T.);
#4901 = EDGE_CURVE('',#3165,#2239,#4902,.T.);
#4902 = LINE('',#4903,#4904);
#4903 = CARTESIAN_POINT('',(88.,1.3,-1.5));
#4904 = VECTOR('',#4905,1.);
#4905 = DIRECTION('',(1.,0.,-0.));
#4906 = ORIENTED_EDGE('',*,*,#2236,.F.);
#4907 = PLANE('',#4908);
#4908 = AXIS2_PLACEMENT_3D('',#4909,#4910,#4911);
#4909 = CARTESIAN_POINT('',(88.,1.3,-1.5));
#4910 = DIRECTION('',(0.,0.,1.));
#4911 = DIRECTION('',(1.,0.,-0.));
#4912 = ADVANCED_FACE('',(#4913),#4924,.F.);
#4913 = FACE_BOUND('',#4914,.F.);
#4914 = EDGE_LOOP('',(#4915,#4916,#4917,#4923));
#4915 = ORIENTED_EDGE('',*,*,#4894,.F.);
#4916 = ORIENTED_EDGE('',*,*,#3188,.T.);
#4917 = ORIENTED_EDGE('',*,*,#4918,.T.);
#4918 = EDGE_CURVE('',#3181,#2255,#4919,.T.);
#4919 = LINE('',#4920,#4921);
#4920 = CARTESIAN_POINT('',(88.,55.2,18.5));
#4921 = VECTOR('',#4922,1.);
#4922 = DIRECTION('',(1.,0.,-0.));
#4923 = ORIENTED_EDGE('',*,*,#2262,.F.);
#4924 = PLANE('',#4925);
#4925 = AXIS2_PLACEMENT_3D('',#4926,#4927,#4928);
#4926 = CARTESIAN_POINT('',(88.,55.2,-1.5));
#4927 = DIRECTION('',(-0.,1.,0.));
#4928 = DIRECTION('',(0.,0.,1.));
#4929 = ADVANCED_FACE('',(#4930),#4941,.T.);
#4930 = FACE_BOUND('',#4931,.T.);
#4931 = EDGE_LOOP('',(#4932,#4933,#4934,#4940));
#4932 = ORIENTED_EDGE('',*,*,#4901,.F.);
#4933 = ORIENTED_EDGE('',*,*,#3172,.T.);
#4934 = ORIENTED_EDGE('',*,*,#4935,.T.);
#4935 = EDGE_CURVE('',#3173,#2247,#4936,.T.);
#4936 = LINE('',#4937,#4938);
#4937 = CARTESIAN_POINT('',(88.,1.3,18.5));
#4938 = VECTOR('',#4939,1.);
#4939 = DIRECTION('',(1.,0.,-0.));
#4940 = ORIENTED_EDGE('',*,*,#2246,.F.);
#4941 = PLANE('',#4942);
#4942 = AXIS2_PLACEMENT_3D('',#4943,#4944,#4945);
#4943 = CARTESIAN_POINT('',(88.,1.3,-1.5));
#4944 = DIRECTION('',(-0.,1.,0.));
#4945 = DIRECTION('',(0.,0.,1.));
#4946 = ADVANCED_FACE('',(#4947),#4953,.F.);
#4947 = FACE_BOUND('',#4948,.F.);
#4948 = EDGE_LOOP('',(#4949,#4950,#4951,#4952));
#4949 = ORIENTED_EDGE('',*,*,#4918,.F.);
#4950 = ORIENTED_EDGE('',*,*,#3180,.T.);
#4951 = ORIENTED_EDGE('',*,*,#4935,.T.);
#4952 = ORIENTED_EDGE('',*,*,#2254,.F.);
#4953 = PLANE('',#4954);
#4954 = AXIS2_PLACEMENT_3D('',#4955,#4956,#4957);
#4955 = CARTESIAN_POINT('',(88.,1.3,18.5));
#4956 = DIRECTION('',(0.,0.,1.));
#4957 = DIRECTION('',(1.,0.,-0.));
#4958 = ADVANCED_FACE('',(#4959),#4984,.T.);
#4959 = FACE_BOUND('',#4960,.T.);
#4960 = EDGE_LOOP('',(#4961,#4969,#4970,#4978));
#4961 = ORIENTED_EDGE('',*,*,#4962,.F.);
#4962 = EDGE_CURVE('',#2271,#4963,#4965,.T.);
#4963 = VERTEX_POINT('',#4964);
#4964 = CARTESIAN_POINT('',(93.6,0.3,21.));
#4965 = LINE('',#4966,#4967);
#4966 = CARTESIAN_POINT('',(91.09,0.3,18.5));
#4967 = VECTOR('',#4968,1.);
#4968 = DIRECTION('',(0.708516760586,0.,0.705693984648));
#4969 = ORIENTED_EDGE('',*,*,#2270,.T.);
#4970 = ORIENTED_EDGE('',*,*,#4971,.T.);
#4971 = EDGE_CURVE('',#2273,#4972,#4974,.T.);
#4972 = VERTEX_POINT('',#4973);
#4973 = CARTESIAN_POINT('',(93.6,56.2,21.));
#4974 = LINE('',#4975,#4976);
#4975 = CARTESIAN_POINT('',(91.09,56.2,18.5));
#4976 = VECTOR('',#4977,1.);
#4977 = DIRECTION('',(0.708516760586,0.,0.705693984648));
#4978 = ORIENTED_EDGE('',*,*,#4979,.F.);
#4979 = EDGE_CURVE('',#4963,#4972,#4980,.T.);
#4980 = LINE('',#4981,#4982);
#4981 = CARTESIAN_POINT('',(93.6,0.3,21.));
#4982 = VECTOR('',#4983,1.);
#4983 = DIRECTION('',(0.,1.,0.));
#4984 = PLANE('',#4985);
#4985 = AXIS2_PLACEMENT_3D('',#4986,#4987,#4988);
#4986 = CARTESIAN_POINT('',(91.09,0.3,18.5));
#4987 = DIRECTION('',(0.705693984648,0.,-0.708516760586));
#4988 = DIRECTION('',(0.708516760586,0.,0.705693984648));
#4989 = ADVANCED_FACE('',(#4990),#5000,.T.);
#4990 = FACE_BOUND('',#4991,.T.);
#4991 = EDGE_LOOP('',(#4992,#4993,#4994));
#4992 = ORIENTED_EDGE('',*,*,#2280,.T.);
#4993 = ORIENTED_EDGE('',*,*,#4962,.T.);
#4994 = ORIENTED_EDGE('',*,*,#4995,.T.);
#4995 = EDGE_CURVE('',#4963,#2281,#4996,.T.);
#4996 = LINE('',#4997,#4998);
#4997 = CARTESIAN_POINT('',(93.6,0.3,21.));
#4998 = VECTOR('',#4999,1.);
#4999 = DIRECTION('',(-0.708516760586,0.,0.705693984648));
#5000 = PLANE('',#5001);
#5001 = AXIS2_PLACEMENT_3D('',#5002,#5003,#5004);
#5002 = CARTESIAN_POINT('',(91.82577090105,0.3,21.));
#5003 = DIRECTION('',(-0.,-1.,-0.));
#5004 = DIRECTION('',(0.,0.,-1.));
#5005 = ADVANCED_FACE('',(#5006),#5016,.F.);
#5006 = FACE_BOUND('',#5007,.F.);
#5007 = EDGE_LOOP('',(#5008,#5009,#5010));
#5008 = ORIENTED_EDGE('',*,*,#2328,.T.);
#5009 = ORIENTED_EDGE('',*,*,#4971,.T.);
#5010 = ORIENTED_EDGE('',*,*,#5011,.T.);
#5011 = EDGE_CURVE('',#4972,#2321,#5012,.T.);
#5012 = LINE('',#5013,#5014);
#5013 = CARTESIAN_POINT('',(93.6,56.2,21.));
#5014 = VECTOR('',#5015,1.);
#5015 = DIRECTION('',(-0.708516760586,0.,0.705693984648));
#5016 = PLANE('',#5017);
#5017 = AXIS2_PLACEMENT_3D('',#5018,#5019,#5020);
#5018 = CARTESIAN_POINT('',(91.82577090105,56.2,21.));
#5019 = DIRECTION('',(-0.,-1.,-0.));
#5020 = DIRECTION('',(0.,0.,-1.));
#5021 = ADVANCED_FACE('',(#5022),#5051,.T.);
#5022 = FACE_BOUND('',#5023,.T.);
#5023 = EDGE_LOOP('',(#5024,#5025,#5026,#5027,#5028,#5036,#5044,#5050));
#5024 = ORIENTED_EDGE('',*,*,#4995,.F.);
#5025 = ORIENTED_EDGE('',*,*,#4979,.T.);
#5026 = ORIENTED_EDGE('',*,*,#5011,.T.);
#5027 = ORIENTED_EDGE('',*,*,#2320,.T.);
#5028 = ORIENTED_EDGE('',*,*,#5029,.F.);
#5029 = EDGE_CURVE('',#5030,#2313,#5032,.T.);
#5030 = VERTEX_POINT('',#5031);
#5031 = CARTESIAN_POINT('',(91.7,51.,22.892430278884));
#5032 = LINE('',#5033,#5034);
#5033 = CARTESIAN_POINT('',(92.194411199911,51.,22.39998884471));
#5034 = VECTOR('',#5035,1.);
#5035 = DIRECTION('',(-0.708516760586,-0.,0.705693984648));
#5036 = ORIENTED_EDGE('',*,*,#5037,.F.);
#5037 = EDGE_CURVE('',#5038,#5030,#5040,.T.);
#5038 = VERTEX_POINT('',#5039);
#5039 = CARTESIAN_POINT('',(91.7,5.,22.892430278884));
#5040 = LINE('',#5041,#5042);
#5041 = CARTESIAN_POINT('',(91.7,2.65,22.892430278884));
#5042 = VECTOR('',#5043,1.);
#5043 = DIRECTION('',(0.,1.,0.));
#5044 = ORIENTED_EDGE('',*,*,#5045,.T.);
#5045 = EDGE_CURVE('',#5038,#2289,#5046,.T.);
#5046 = LINE('',#5047,#5048);
#5047 = CARTESIAN_POINT('',(92.194411199911,5.,22.39998884471));
#5048 = VECTOR('',#5049,1.);
#5049 = DIRECTION('',(-0.708516760586,-0.,0.705693984648));
#5050 = ORIENTED_EDGE('',*,*,#2288,.T.);
#5051 = PLANE('',#5052);
#5052 = AXIS2_PLACEMENT_3D('',#5053,#5054,#5055);
#5053 = CARTESIAN_POINT('',(93.6,0.3,21.));
#5054 = DIRECTION('',(0.705693984648,-0.,0.708516760586));
#5055 = DIRECTION('',(-0.708516760586,0.,0.705693984648));
#5056 = ADVANCED_FACE('',(#5057),#5082,.T.);
#5057 = FACE_BOUND('',#5058,.T.);
#5058 = EDGE_LOOP('',(#5059,#5067,#5068,#5074,#5075,#5076));
#5059 = ORIENTED_EDGE('',*,*,#5060,.F.);
#5060 = EDGE_CURVE('',#3199,#5061,#5063,.T.);
#5061 = VERTEX_POINT('',#5062);
#5062 = CARTESIAN_POINT('',(91.7,5.,21.));
#5063 = LINE('',#5064,#5065);
#5064 = CARTESIAN_POINT('',(88.,5.,21.));
#5065 = VECTOR('',#5066,1.);
#5066 = DIRECTION('',(1.,0.,-0.));
#5067 = ORIENTED_EDGE('',*,*,#3206,.T.);
#5068 = ORIENTED_EDGE('',*,*,#5069,.T.);
#5069 = EDGE_CURVE('',#3207,#2297,#5070,.T.);
#5070 = LINE('',#5071,#5072);
#5071 = CARTESIAN_POINT('',(88.,5.,23.5));
#5072 = VECTOR('',#5073,1.);
#5073 = DIRECTION('',(1.,0.,-0.));
#5074 = ORIENTED_EDGE('',*,*,#2296,.F.);
#5075 = ORIENTED_EDGE('',*,*,#5045,.F.);
#5076 = ORIENTED_EDGE('',*,*,#5077,.F.);
#5077 = EDGE_CURVE('',#5061,#5038,#5078,.T.);
#5078 = LINE('',#5079,#5080);
#5079 = CARTESIAN_POINT('',(91.7,5.,21.));
#5080 = VECTOR('',#5081,1.);
#5081 = DIRECTION('',(0.,0.,1.));
#5082 = PLANE('',#5083);
#5083 = AXIS2_PLACEMENT_3D('',#5084,#5085,#5086);
#5084 = CARTESIAN_POINT('',(88.,5.,21.));
#5085 = DIRECTION('',(-0.,1.,0.));
#5086 = DIRECTION('',(0.,0.,1.));
#5087 = ADVANCED_FACE('',(#5088),#5113,.F.);
#5088 = FACE_BOUND('',#5089,.F.);
#5089 = EDGE_LOOP('',(#5090,#5098,#5099,#5105,#5106,#5107));
#5090 = ORIENTED_EDGE('',*,*,#5091,.F.);
#5091 = EDGE_CURVE('',#3197,#5092,#5094,.T.);
#5092 = VERTEX_POINT('',#5093);
#5093 = CARTESIAN_POINT('',(91.7,51.,21.));
#5094 = LINE('',#5095,#5096);
#5095 = CARTESIAN_POINT('',(88.,51.,21.));
#5096 = VECTOR('',#5097,1.);
#5097 = DIRECTION('',(1.,0.,-0.));
#5098 = ORIENTED_EDGE('',*,*,#3222,.T.);
#5099 = ORIENTED_EDGE('',*,*,#5100,.T.);
#5100 = EDGE_CURVE('',#3215,#2305,#5101,.T.);
#5101 = LINE('',#5102,#5103);
#5102 = CARTESIAN_POINT('',(88.,51.,23.5));
#5103 = VECTOR('',#5104,1.);
#5104 = DIRECTION('',(1.,0.,-0.));
#5105 = ORIENTED_EDGE('',*,*,#2312,.F.);
#5106 = ORIENTED_EDGE('',*,*,#5029,.F.);
#5107 = ORIENTED_EDGE('',*,*,#5108,.F.);
#5108 = EDGE_CURVE('',#5092,#5030,#5109,.T.);
#5109 = LINE('',#5110,#5111);
#5110 = CARTESIAN_POINT('',(91.7,51.,21.));
#5111 = VECTOR('',#5112,1.);
#5112 = DIRECTION('',(0.,0.,1.));
#5113 = PLANE('',#5114);
#5114 = AXIS2_PLACEMENT_3D('',#5115,#5116,#5117);
#5115 = CARTESIAN_POINT('',(88.,51.,21.));
#5116 = DIRECTION('',(-0.,1.,0.));
#5117 = DIRECTION('',(0.,0.,1.));
#5118 = ADVANCED_FACE('',(#5119),#5125,.F.);
#5119 = FACE_BOUND('',#5120,.F.);
#5120 = EDGE_LOOP('',(#5121,#5122,#5123,#5124));
#5121 = ORIENTED_EDGE('',*,*,#5100,.F.);
#5122 = ORIENTED_EDGE('',*,*,#3214,.T.);
#5123 = ORIENTED_EDGE('',*,*,#5069,.T.);
#5124 = ORIENTED_EDGE('',*,*,#2304,.F.);
#5125 = PLANE('',#5126);
#5126 = AXIS2_PLACEMENT_3D('',#5127,#5128,#5129);
#5127 = CARTESIAN_POINT('',(88.,5.,23.5));
#5128 = DIRECTION('',(0.,0.,1.));
#5129 = DIRECTION('',(1.,0.,-0.));
#5130 = ADVANCED_FACE('',(#5131),#5156,.T.);
#5131 = FACE_BOUND('',#5132,.T.);
#5132 = EDGE_LOOP('',(#5133,#5141,#5142,#5150));
#5133 = ORIENTED_EDGE('',*,*,#5134,.F.);
#5134 = EDGE_CURVE('',#2337,#5135,#5137,.T.);
#5135 = VERTEX_POINT('',#5136);
#5136 = CARTESIAN_POINT('',(93.6,4.,26.));
#5137 = LINE('',#5138,#5139);
#5138 = CARTESIAN_POINT('',(91.09,4.,23.5));
#5139 = VECTOR('',#5140,1.);
#5140 = DIRECTION('',(0.708516760586,0.,0.705693984648));
#5141 = ORIENTED_EDGE('',*,*,#2336,.T.);
#5142 = ORIENTED_EDGE('',*,*,#5143,.T.);
#5143 = EDGE_CURVE('',#2339,#5144,#5146,.T.);
#5144 = VERTEX_POINT('',#5145);
#5145 = CARTESIAN_POINT('',(93.6,52.,26.));
#5146 = LINE('',#5147,#5148);
#5147 = CARTESIAN_POINT('',(91.09,52.,23.5));
#5148 = VECTOR('',#5149,1.);
#5149 = DIRECTION('',(0.708516760586,0.,0.705693984648));
#5150 = ORIENTED_EDGE('',*,*,#5151,.F.);
#5151 = EDGE_CURVE('',#5135,#5144,#5152,.T.);
#5152 = LINE('',#5153,#5154);
#5153 = CARTESIAN_POINT('',(93.6,4.,26.));
#5154 = VECTOR('',#5155,1.);
#5155 = DIRECTION('',(0.,1.,0.));
#5156 = PLANE('',#5157);
#5157 = AXIS2_PLACEMENT_3D('',#5158,#5159,#5160);
#5158 = CARTESIAN_POINT('',(91.09,4.,23.5));
#5159 = DIRECTION('',(0.705693984648,0.,-0.708516760586));
#5160 = DIRECTION('',(0.708516760586,0.,0.705693984648));
#5161 = ADVANCED_FACE('',(#5162),#5172,.T.);
#5162 = FACE_BOUND('',#5163,.T.);
#5163 = EDGE_LOOP('',(#5164,#5165,#5166));
#5164 = ORIENTED_EDGE('',*,*,#2346,.T.);
#5165 = ORIENTED_EDGE('',*,*,#5134,.T.);
#5166 = ORIENTED_EDGE('',*,*,#5167,.T.);
#5167 = EDGE_CURVE('',#5135,#2347,#5168,.T.);
#5168 = LINE('',#5169,#5170);
#5169 = CARTESIAN_POINT('',(93.6,4.,26.));
#5170 = VECTOR('',#5171,1.);
#5171 = DIRECTION('',(-0.708516760586,0.,0.705693984648));
#5172 = PLANE('',#5173);
#5173 = AXIS2_PLACEMENT_3D('',#5174,#5175,#5176);
#5174 = CARTESIAN_POINT('',(91.82577090105,4.,26.));
#5175 = DIRECTION('',(-0.,-1.,-0.));
#5176 = DIRECTION('',(0.,0.,-1.));
#5177 = ADVANCED_FACE('',(#5178),#5188,.F.);
#5178 = FACE_BOUND('',#5179,.F.);
#5179 = EDGE_LOOP('',(#5180,#5181,#5182));
#5180 = ORIENTED_EDGE('',*,*,#2362,.T.);
#5181 = ORIENTED_EDGE('',*,*,#5143,.T.);
#5182 = ORIENTED_EDGE('',*,*,#5183,.T.);
#5183 = EDGE_CURVE('',#5144,#2355,#5184,.T.);
#5184 = LINE('',#5185,#5186);
#5185 = CARTESIAN_POINT('',(93.6,52.,26.));
#5186 = VECTOR('',#5187,1.);
#5187 = DIRECTION('',(-0.708516760586,0.,0.705693984648));
#5188 = PLANE('',#5189);
#5189 = AXIS2_PLACEMENT_3D('',#5190,#5191,#5192);
#5190 = CARTESIAN_POINT('',(91.82577090105,52.,26.));
#5191 = DIRECTION('',(-0.,-1.,-0.));
#5192 = DIRECTION('',(0.,0.,-1.));
#5193 = ADVANCED_FACE('',(#5194),#5200,.T.);
#5194 = FACE_BOUND('',#5195,.T.);
#5195 = EDGE_LOOP('',(#5196,#5197,#5198,#5199));
#5196 = ORIENTED_EDGE('',*,*,#5167,.F.);
#5197 = ORIENTED_EDGE('',*,*,#5151,.T.);
#5198 = ORIENTED_EDGE('',*,*,#5183,.T.);
#5199 = ORIENTED_EDGE('',*,*,#2354,.T.);
#5200 = PLANE('',#5201);
#5201 = AXIS2_PLACEMENT_3D('',#5202,#5203,#5204);
#5202 = CARTESIAN_POINT('',(93.6,4.,26.));
#5203 = DIRECTION('',(0.705693984648,-0.,0.708516760586));
#5204 = DIRECTION('',(-0.708516760586,0.,0.705693984648));
#5205 = ADVANCED_FACE('',(#5206),#5222,.T.);
#5206 = FACE_BOUND('',#5207,.T.);
#5207 = EDGE_LOOP('',(#5208,#5214,#5215,#5221));
#5208 = ORIENTED_EDGE('',*,*,#5209,.F.);
#5209 = EDGE_CURVE('',#3231,#2371,#5210,.T.);
#5210 = LINE('',#5211,#5212);
#5211 = CARTESIAN_POINT('',(88.,51.,29.));
#5212 = VECTOR('',#5213,1.);
#5213 = DIRECTION('',(1.,0.,-0.));
#5214 = ORIENTED_EDGE('',*,*,#3230,.T.);
#5215 = ORIENTED_EDGE('',*,*,#5216,.T.);
#5216 = EDGE_CURVE('',#3233,#2373,#5217,.T.);
#5217 = LINE('',#5218,#5219);
#5218 = CARTESIAN_POINT('',(88.,5.,29.));
#5219 = VECTOR('',#5220,1.);
#5220 = DIRECTION('',(1.,0.,-0.));
#5221 = ORIENTED_EDGE('',*,*,#2370,.F.);
#5222 = PLANE('',#5223);
#5223 = AXIS2_PLACEMENT_3D('',#5224,#5225,#5226);
#5224 = CARTESIAN_POINT('',(88.,5.,29.));
#5225 = DIRECTION('',(0.,0.,1.));
#5226 = DIRECTION('',(1.,0.,-0.));
#5227 = ADVANCED_FACE('',(#5228),#5239,.F.);
#5228 = FACE_BOUND('',#5229,.F.);
#5229 = EDGE_LOOP('',(#5230,#5231,#5232,#5238));
#5230 = ORIENTED_EDGE('',*,*,#5209,.F.);
#5231 = ORIENTED_EDGE('',*,*,#3256,.T.);
#5232 = ORIENTED_EDGE('',*,*,#5233,.T.);
#5233 = EDGE_CURVE('',#3249,#2389,#5234,.T.);
#5234 = LINE('',#5235,#5236);
#5235 = CARTESIAN_POINT('',(88.,51.,31.5));
#5236 = VECTOR('',#5237,1.);
#5237 = DIRECTION('',(1.,0.,-0.));
#5238 = ORIENTED_EDGE('',*,*,#2396,.F.);
#5239 = PLANE('',#5240);
#5240 = AXIS2_PLACEMENT_3D('',#5241,#5242,#5243);
#5241 = CARTESIAN_POINT('',(88.,51.,29.));
#5242 = DIRECTION('',(-0.,1.,0.));
#5243 = DIRECTION('',(0.,0.,1.));
#5244 = ADVANCED_FACE('',(#5245),#5256,.F.);
#5245 = FACE_BOUND('',#5246,.F.);
#5246 = EDGE_LOOP('',(#5247,#5248,#5249,#5255));
#5247 = ORIENTED_EDGE('',*,*,#5233,.F.);
#5248 = ORIENTED_EDGE('',*,*,#3248,.T.);
#5249 = ORIENTED_EDGE('',*,*,#5250,.T.);
#5250 = EDGE_CURVE('',#3241,#2381,#5251,.T.);
#5251 = LINE('',#5252,#5253);
#5252 = CARTESIAN_POINT('',(88.,5.,31.5));
#5253 = VECTOR('',#5254,1.);
#5254 = DIRECTION('',(1.,0.,-0.));
#5255 = ORIENTED_EDGE('',*,*,#2388,.F.);
#5256 = PLANE('',#5257);
#5257 = AXIS2_PLACEMENT_3D('',#5258,#5259,#5260);
#5258 = CARTESIAN_POINT('',(88.,5.,31.5));
#5259 = DIRECTION('',(0.,0.,1.));
#5260 = DIRECTION('',(1.,0.,-0.));
#5261 = ADVANCED_FACE('',(#5262),#5268,.T.);
#5262 = FACE_BOUND('',#5263,.T.);
#5263 = EDGE_LOOP('',(#5264,#5265,#5266,#5267));
#5264 = ORIENTED_EDGE('',*,*,#5216,.F.);
#5265 = ORIENTED_EDGE('',*,*,#3240,.T.);
#5266 = ORIENTED_EDGE('',*,*,#5250,.T.);
#5267 = ORIENTED_EDGE('',*,*,#2380,.F.);
#5268 = PLANE('',#5269);
#5269 = AXIS2_PLACEMENT_3D('',#5270,#5271,#5272);
#5270 = CARTESIAN_POINT('',(88.,5.,29.));
#5271 = DIRECTION('',(-0.,1.,0.));
#5272 = DIRECTION('',(0.,0.,1.));
#5273 = ADVANCED_FACE('',(#5274),#5299,.T.);
#5274 = FACE_BOUND('',#5275,.T.);
#5275 = EDGE_LOOP('',(#5276,#5284,#5285,#5293));
#5276 = ORIENTED_EDGE('',*,*,#5277,.F.);
#5277 = EDGE_CURVE('',#2405,#5278,#5280,.T.);
#5278 = VERTEX_POINT('',#5279);
#5279 = CARTESIAN_POINT('',(93.6,4.,34.));
#5280 = LINE('',#5281,#5282);
#5281 = CARTESIAN_POINT('',(91.09,4.,31.5));
#5282 = VECTOR('',#5283,1.);
#5283 = DIRECTION('',(0.708516760586,0.,0.705693984648));
#5284 = ORIENTED_EDGE('',*,*,#2404,.T.);
#5285 = ORIENTED_EDGE('',*,*,#5286,.T.);
#5286 = EDGE_CURVE('',#2407,#5287,#5289,.T.);
#5287 = VERTEX_POINT('',#5288);
#5288 = CARTESIAN_POINT('',(93.6,52.,34.));
#5289 = LINE('',#5290,#5291);
#5290 = CARTESIAN_POINT('',(91.09,52.,31.5));
#5291 = VECTOR('',#5292,1.);
#5292 = DIRECTION('',(0.708516760586,0.,0.705693984648));
#5293 = ORIENTED_EDGE('',*,*,#5294,.F.);
#5294 = EDGE_CURVE('',#5278,#5287,#5295,.T.);
#5295 = LINE('',#5296,#5297);
#5296 = CARTESIAN_POINT('',(93.6,4.,34.));
#5297 = VECTOR('',#5298,1.);
#5298 = DIRECTION('',(0.,1.,0.));
#5299 = PLANE('',#5300);
#5300 = AXIS2_PLACEMENT_3D('',#5301,#5302,#5303);
#5301 = CARTESIAN_POINT('',(91.09,4.,31.5));
#5302 = DIRECTION('',(0.705693984648,0.,-0.708516760586));
#5303 = DIRECTION('',(0.708516760586,0.,0.705693984648));
#5304 = ADVANCED_FACE('',(#5305),#5315,.T.);
#5305 = FACE_BOUND('',#5306,.T.);
#5306 = EDGE_LOOP('',(#5307,#5308,#5309));
#5307 = ORIENTED_EDGE('',*,*,#2414,.T.);
#5308 = ORIENTED_EDGE('',*,*,#5277,.T.);
#5309 = ORIENTED_EDGE('',*,*,#5310,.T.);
#5310 = EDGE_CURVE('',#5278,#2415,#5311,.T.);
#5311 = LINE('',#5312,#5313);
#5312 = CARTESIAN_POINT('',(93.6,4.,34.));
#5313 = VECTOR('',#5314,1.);
#5314 = DIRECTION('',(-0.708516760586,0.,0.705693984648));
#5315 = PLANE('',#5316);
#5316 = AXIS2_PLACEMENT_3D('',#5317,#5318,#5319);
#5317 = CARTESIAN_POINT('',(91.82577090105,4.,34.));
#5318 = DIRECTION('',(-0.,-1.,-0.));
#5319 = DIRECTION('',(0.,0.,-1.));
#5320 = ADVANCED_FACE('',(#5321),#5331,.F.);
#5321 = FACE_BOUND('',#5322,.F.);
#5322 = EDGE_LOOP('',(#5323,#5324,#5325));
#5323 = ORIENTED_EDGE('',*,*,#2430,.T.);
#5324 = ORIENTED_EDGE('',*,*,#5286,.T.);
#5325 = ORIENTED_EDGE('',*,*,#5326,.T.);
#5326 = EDGE_CURVE('',#5287,#2423,#5327,.T.);
#5327 = LINE('',#5328,#5329);
#5328 = CARTESIAN_POINT('',(93.6,52.,34.));
#5329 = VECTOR('',#5330,1.);
#5330 = DIRECTION('',(-0.708516760586,0.,0.705693984648));
#5331 = PLANE('',#5332);
#5332 = AXIS2_PLACEMENT_3D('',#5333,#5334,#5335);
#5333 = CARTESIAN_POINT('',(91.82577090105,52.,34.));
#5334 = DIRECTION('',(-0.,-1.,-0.));
#5335 = DIRECTION('',(0.,0.,-1.));
#5336 = ADVANCED_FACE('',(#5337),#5343,.T.);
#5337 = FACE_BOUND('',#5338,.T.);
#5338 = EDGE_LOOP('',(#5339,#5340,#5341,#5342));
#5339 = ORIENTED_EDGE('',*,*,#5310,.F.);
#5340 = ORIENTED_EDGE('',*,*,#5294,.T.);
#5341 = ORIENTED_EDGE('',*,*,#5326,.T.);
#5342 = ORIENTED_EDGE('',*,*,#2422,.T.);
#5343 = PLANE('',#5344);
#5344 = AXIS2_PLACEMENT_3D('',#5345,#5346,#5347);
#5345 = CARTESIAN_POINT('',(93.6,4.,34.));
#5346 = DIRECTION('',(0.705693984648,-0.,0.708516760586));
#5347 = DIRECTION('',(-0.708516760586,0.,0.705693984648));
#5348 = ADVANCED_FACE('',(#5349),#5365,.F.);
#5349 = FACE_BOUND('',#5350,.F.);
#5350 = EDGE_LOOP('',(#5351,#5357,#5358,#5364));
#5351 = ORIENTED_EDGE('',*,*,#5352,.F.);
#5352 = EDGE_CURVE('',#2494,#2661,#5353,.T.);
#5353 = LINE('',#5354,#5355);
#5354 = CARTESIAN_POINT('',(3.5,-23.7,9.5));
#5355 = VECTOR('',#5356,1.);
#5356 = DIRECTION('',(-0.,1.,0.));
#5357 = ORIENTED_EDGE('',*,*,#2493,.T.);
#5358 = ORIENTED_EDGE('',*,*,#5359,.T.);
#5359 = EDGE_CURVE('',#2496,#2663,#5360,.T.);
#5360 = LINE('',#5361,#5362);
#5361 = CARTESIAN_POINT('',(46.5,-23.7,9.5));
#5362 = VECTOR('',#5363,1.);
#5363 = DIRECTION('',(-0.,1.,0.));
#5364 = ORIENTED_EDGE('',*,*,#2660,.F.);
#5365 = PLANE('',#5366);
#5366 = AXIS2_PLACEMENT_3D('',#5367,#5368,#5369);
#5367 = CARTESIAN_POINT('',(3.5,-23.7,9.5));
#5368 = DIRECTION('',(0.,0.,1.));
#5369 = DIRECTION('',(1.,0.,-0.));
#5370 = ADVANCED_FACE('',(#5371),#5382,.T.);
#5371 = FACE_BOUND('',#5372,.T.);
#5372 = EDGE_LOOP('',(#5373,#5374,#5375,#5381));
#5373 = ORIENTED_EDGE('',*,*,#5352,.F.);
#5374 = ORIENTED_EDGE('',*,*,#2503,.T.);
#5375 = ORIENTED_EDGE('',*,*,#5376,.T.);
#5376 = EDGE_CURVE('',#2504,#2671,#5377,.T.);
#5377 = LINE('',#5378,#5379);
#5378 = CARTESIAN_POINT('',(3.5,-23.7,-1.5));
#5379 = VECTOR('',#5380,1.);
#5380 = DIRECTION('',(-0.,1.,0.));
#5381 = ORIENTED_EDGE('',*,*,#2670,.F.);
#5382 = PLANE('',#5383);
#5383 = AXIS2_PLACEMENT_3D('',#5384,#5385,#5386);
#5384 = CARTESIAN_POINT('',(3.5,-23.7,-1.5));
#5385 = DIRECTION('',(1.,0.,-0.));
#5386 = DIRECTION('',(0.,0.,1.));
#5387 = ADVANCED_FACE('',(#5388),#5399,.F.);
#5388 = FACE_BOUND('',#5389,.F.);
#5389 = EDGE_LOOP('',(#5390,#5391,#5392,#5398));
#5390 = ORIENTED_EDGE('',*,*,#5359,.F.);
#5391 = ORIENTED_EDGE('',*,*,#2519,.T.);
#5392 = ORIENTED_EDGE('',*,*,#5393,.T.);
#5393 = EDGE_CURVE('',#2512,#2679,#5394,.T.);
#5394 = LINE('',#5395,#5396);
#5395 = CARTESIAN_POINT('',(46.5,-23.7,-1.5));
#5396 = VECTOR('',#5397,1.);
#5397 = DIRECTION('',(-0.,1.,0.));
#5398 = ORIENTED_EDGE('',*,*,#2686,.F.);
#5399 = PLANE('',#5400);
#5400 = AXIS2_PLACEMENT_3D('',#5401,#5402,#5403);
#5401 = CARTESIAN_POINT('',(46.5,-23.7,-1.5));
#5402 = DIRECTION('',(1.,0.,-0.));
#5403 = DIRECTION('',(0.,0.,1.));
#5404 = ADVANCED_FACE('',(#5405),#5411,.T.);
#5405 = FACE_BOUND('',#5406,.T.);
#5406 = EDGE_LOOP('',(#5407,#5408,#5409,#5410));
#5407 = ORIENTED_EDGE('',*,*,#5376,.F.);
#5408 = ORIENTED_EDGE('',*,*,#2511,.T.);
#5409 = ORIENTED_EDGE('',*,*,#5393,.T.);
#5410 = ORIENTED_EDGE('',*,*,#2678,.F.);
#5411 = PLANE('',#5412);
#5412 = AXIS2_PLACEMENT_3D('',#5413,#5414,#5415);
#5413 = CARTESIAN_POINT('',(3.5,-23.7,-1.5));
#5414 = DIRECTION('',(0.,0.,1.));
#5415 = DIRECTION('',(1.,0.,-0.));
#5416 = ADVANCED_FACE('',(#5417),#5442,.T.);
#5417 = FACE_BOUND('',#5418,.T.);
#5418 = EDGE_LOOP('',(#5419,#5427,#5428,#5436));
#5419 = ORIENTED_EDGE('',*,*,#5420,.F.);
#5420 = EDGE_CURVE('',#2530,#5421,#5423,.T.);
#5421 = VERTEX_POINT('',#5422);
#5422 = CARTESIAN_POINT('',(2.5,-25.6,12.));
#5423 = LINE('',#5424,#5425);
#5424 = CARTESIAN_POINT('',(2.5,-23.09,9.5));
#5425 = VECTOR('',#5426,1.);
#5426 = DIRECTION('',(0.,-0.708516760586,0.705693984648));
#5427 = ORIENTED_EDGE('',*,*,#2527,.F.);
#5428 = ORIENTED_EDGE('',*,*,#5429,.T.);
#5429 = EDGE_CURVE('',#2528,#5430,#5432,.T.);
#5430 = VERTEX_POINT('',#5431);
#5431 = CARTESIAN_POINT('',(47.5,-25.6,12.));
#5432 = LINE('',#5433,#5434);
#5433 = CARTESIAN_POINT('',(47.5,-23.09,9.5));
#5434 = VECTOR('',#5435,1.);
#5435 = DIRECTION('',(0.,-0.708516760586,0.705693984648));
#5436 = ORIENTED_EDGE('',*,*,#5437,.F.);
#5437 = EDGE_CURVE('',#5421,#5430,#5438,.T.);
#5438 = LINE('',#5439,#5440);
#5439 = CARTESIAN_POINT('',(2.5,-25.6,12.));
#5440 = VECTOR('',#5441,1.);
#5441 = DIRECTION('',(1.,0.,0.));
#5442 = PLANE('',#5443);
#5443 = AXIS2_PLACEMENT_3D('',#5444,#5445,#5446);
#5444 = CARTESIAN_POINT('',(2.5,-23.09,9.5));
#5445 = DIRECTION('',(0.,-0.705693984648,-0.708516760586));
#5446 = DIRECTION('',(0.,-0.708516760586,0.705693984648));
#5447 = ADVANCED_FACE('',(#5448),#5458,.F.);
#5448 = FACE_BOUND('',#5449,.F.);
#5449 = EDGE_LOOP('',(#5450,#5451,#5452));
#5450 = ORIENTED_EDGE('',*,*,#2537,.F.);
#5451 = ORIENTED_EDGE('',*,*,#5429,.T.);
#5452 = ORIENTED_EDGE('',*,*,#5453,.T.);
#5453 = EDGE_CURVE('',#5430,#2538,#5454,.T.);
#5454 = LINE('',#5455,#5456);
#5455 = CARTESIAN_POINT('',(47.5,-25.6,12.));
#5456 = VECTOR('',#5457,1.);
#5457 = DIRECTION('',(0.,0.708516760586,0.705693984648));
#5458 = PLANE('',#5459);
#5459 = AXIS2_PLACEMENT_3D('',#5460,#5461,#5462);
#5460 = CARTESIAN_POINT('',(47.5,-23.82577090105,12.));
#5461 = DIRECTION('',(-1.,-0.,-0.));
#5462 = DIRECTION('',(0.,0.,-1.));
#5463 = ADVANCED_FACE('',(#5464),#5474,.T.);
#5464 = FACE_BOUND('',#5465,.T.);
#5465 = EDGE_LOOP('',(#5466,#5467,#5468));
#5466 = ORIENTED_EDGE('',*,*,#2553,.F.);
#5467 = ORIENTED_EDGE('',*,*,#5420,.T.);
#5468 = ORIENTED_EDGE('',*,*,#5469,.T.);
#5469 = EDGE_CURVE('',#5421,#2546,#5470,.T.);
#5470 = LINE('',#5471,#5472);
#5471 = CARTESIAN_POINT('',(2.5,-25.6,12.));
#5472 = VECTOR('',#5473,1.);
#5473 = DIRECTION('',(0.,0.708516760586,0.705693984648));
#5474 = PLANE('',#5475);
#5475 = AXIS2_PLACEMENT_3D('',#5476,#5477,#5478);
#5476 = CARTESIAN_POINT('',(2.5,-23.82577090105,12.));
#5477 = DIRECTION('',(-1.,-0.,-0.));
#5478 = DIRECTION('',(0.,0.,-1.));
#5479 = ADVANCED_FACE('',(#5480),#5486,.T.);
#5480 = FACE_BOUND('',#5481,.T.);
#5481 = EDGE_LOOP('',(#5482,#5483,#5484,#5485));
#5482 = ORIENTED_EDGE('',*,*,#5469,.F.);
#5483 = ORIENTED_EDGE('',*,*,#5437,.T.);
#5484 = ORIENTED_EDGE('',*,*,#5453,.T.);
#5485 = ORIENTED_EDGE('',*,*,#2545,.F.);
#5486 = PLANE('',#5487);
#5487 = AXIS2_PLACEMENT_3D('',#5488,#5489,#5490);
#5488 = CARTESIAN_POINT('',(2.5,-25.6,12.));
#5489 = DIRECTION('',(0.,-0.705693984648,0.708516760586));
#5490 = DIRECTION('',(0.,0.708516760586,0.705693984648));
#5491 = ADVANCED_FACE('',(#5492),#5508,.F.);
#5492 = FACE_BOUND('',#5493,.F.);
#5493 = EDGE_LOOP('',(#5494,#5500,#5501,#5507));
#5494 = ORIENTED_EDGE('',*,*,#5495,.F.);
#5495 = EDGE_CURVE('',#2562,#2695,#5496,.T.);
#5496 = LINE('',#5497,#5498);
#5497 = CARTESIAN_POINT('',(-0.25,-23.7,39.15));
#5498 = VECTOR('',#5499,1.);
#5499 = DIRECTION('',(-0.,1.,0.));
#5500 = ORIENTED_EDGE('',*,*,#2561,.T.);
#5501 = ORIENTED_EDGE('',*,*,#5502,.T.);
#5502 = EDGE_CURVE('',#2564,#2697,#5503,.T.);
#5503 = LINE('',#5504,#5505);
#5504 = CARTESIAN_POINT('',(54.96,-23.7,39.15));
#5505 = VECTOR('',#5506,1.);
#5506 = DIRECTION('',(-0.,1.,0.));
#5507 = ORIENTED_EDGE('',*,*,#2694,.F.);
#5508 = PLANE('',#5509);
#5509 = AXIS2_PLACEMENT_3D('',#5510,#5511,#5512);
#5510 = CARTESIAN_POINT('',(-0.25,-23.7,39.15));
#5511 = DIRECTION('',(0.,0.,1.));
#5512 = DIRECTION('',(1.,0.,-0.));
#5513 = ADVANCED_FACE('',(#5514),#5525,.F.);
#5514 = FACE_BOUND('',#5515,.F.);
#5515 = EDGE_LOOP('',(#5516,#5517,#5518,#5524));
#5516 = ORIENTED_EDGE('',*,*,#5502,.F.);
#5517 = ORIENTED_EDGE('',*,*,#2587,.T.);
#5518 = ORIENTED_EDGE('',*,*,#5519,.T.);
#5519 = EDGE_CURVE('',#2580,#2713,#5520,.T.);
#5520 = LINE('',#5521,#5522);
#5521 = CARTESIAN_POINT('',(54.96,-23.7,25.1));
#5522 = VECTOR('',#5523,1.);
#5523 = DIRECTION('',(-0.,1.,0.));
#5524 = ORIENTED_EDGE('',*,*,#2720,.F.);
#5525 = PLANE('',#5526);
#5526 = AXIS2_PLACEMENT_3D('',#5527,#5528,#5529);
#5527 = CARTESIAN_POINT('',(54.96,-23.7,25.1));
#5528 = DIRECTION('',(1.,0.,-0.));
#5529 = DIRECTION('',(0.,0.,1.));
#5530 = ADVANCED_FACE('',(#5531),#5542,.T.);
#5531 = FACE_BOUND('',#5532,.T.);
#5532 = EDGE_LOOP('',(#5533,#5539,#5540,#5541));
#5533 = ORIENTED_EDGE('',*,*,#5534,.F.);
#5534 = EDGE_CURVE('',#2572,#2705,#5535,.T.);
#5535 = LINE('',#5536,#5537);
#5536 = CARTESIAN_POINT('',(-0.25,-23.7,25.1));
#5537 = VECTOR('',#5538,1.);
#5538 = DIRECTION('',(-0.,1.,0.));
#5539 = ORIENTED_EDGE('',*,*,#2579,.T.);
#5540 = ORIENTED_EDGE('',*,*,#5519,.T.);
#5541 = ORIENTED_EDGE('',*,*,#2712,.F.);
#5542 = PLANE('',#5543);
#5543 = AXIS2_PLACEMENT_3D('',#5544,#5545,#5546);
#5544 = CARTESIAN_POINT('',(-0.25,-23.7,25.1));
#5545 = DIRECTION('',(0.,0.,1.));
#5546 = DIRECTION('',(1.,0.,-0.));
#5547 = ADVANCED_FACE('',(#5548),#5554,.T.);
#5548 = FACE_BOUND('',#5549,.T.);
#5549 = EDGE_LOOP('',(#5550,#5551,#5552,#5553));
#5550 = ORIENTED_EDGE('',*,*,#5495,.F.);
#5551 = ORIENTED_EDGE('',*,*,#2571,.T.);
#5552 = ORIENTED_EDGE('',*,*,#5534,.T.);
#5553 = ORIENTED_EDGE('',*,*,#2704,.F.);
#5554 = PLANE('',#5555);
#5555 = AXIS2_PLACEMENT_3D('',#5556,#5557,#5558);
#5556 = CARTESIAN_POINT('',(-0.25,-23.7,25.1));
#5557 = DIRECTION('',(1.,0.,-0.));
#5558 = DIRECTION('',(0.,0.,1.));
#5559 = ADVANCED_FACE('',(#5560),#5585,.T.);
#5560 = FACE_BOUND('',#5561,.T.);
#5561 = EDGE_LOOP('',(#5562,#5570,#5571,#5579));
#5562 = ORIENTED_EDGE('',*,*,#5563,.F.);
#5563 = EDGE_CURVE('',#2598,#5564,#5566,.T.);
#5564 = VERTEX_POINT('',#5565);
#5565 = CARTESIAN_POINT('',(-1.25,-25.6,41.65));
#5566 = LINE('',#5567,#5568);
#5567 = CARTESIAN_POINT('',(-1.25,-23.09,39.15));
#5568 = VECTOR('',#5569,1.);
#5569 = DIRECTION('',(0.,-0.708516760586,0.705693984648));
#5570 = ORIENTED_EDGE('',*,*,#2595,.F.);
#5571 = ORIENTED_EDGE('',*,*,#5572,.T.);
#5572 = EDGE_CURVE('',#2596,#5573,#5575,.T.);
#5573 = VERTEX_POINT('',#5574);
#5574 = CARTESIAN_POINT('',(55.96,-25.6,41.65));
#5575 = LINE('',#5576,#5577);
#5576 = CARTESIAN_POINT('',(55.96,-23.09,39.15));
#5577 = VECTOR('',#5578,1.);
#5578 = DIRECTION('',(0.,-0.708516760586,0.705693984648));
#5579 = ORIENTED_EDGE('',*,*,#5580,.F.);
#5580 = EDGE_CURVE('',#5564,#5573,#5581,.T.);
#5581 = LINE('',#5582,#5583);
#5582 = CARTESIAN_POINT('',(-1.25,-25.6,41.65));
#5583 = VECTOR('',#5584,1.);
#5584 = DIRECTION('',(1.,0.,0.));
#5585 = PLANE('',#5586);
#5586 = AXIS2_PLACEMENT_3D('',#5587,#5588,#5589);
#5587 = CARTESIAN_POINT('',(-1.25,-23.09,39.15));
#5588 = DIRECTION('',(0.,-0.705693984648,-0.708516760586));
#5589 = DIRECTION('',(0.,-0.708516760586,0.705693984648));
#5590 = ADVANCED_FACE('',(#5591),#5601,.F.);
#5591 = FACE_BOUND('',#5592,.F.);
#5592 = EDGE_LOOP('',(#5593,#5594,#5595));
#5593 = ORIENTED_EDGE('',*,*,#2605,.F.);
#5594 = ORIENTED_EDGE('',*,*,#5572,.T.);
#5595 = ORIENTED_EDGE('',*,*,#5596,.T.);
#5596 = EDGE_CURVE('',#5573,#2606,#5597,.T.);
#5597 = LINE('',#5598,#5599);
#5598 = CARTESIAN_POINT('',(55.96,-25.6,41.65));
#5599 = VECTOR('',#5600,1.);
#5600 = DIRECTION('',(0.,0.708516760586,0.705693984648));
#5601 = PLANE('',#5602);
#5602 = AXIS2_PLACEMENT_3D('',#5603,#5604,#5605);
#5603 = CARTESIAN_POINT('',(55.96,-23.82577090105,41.65));
#5604 = DIRECTION('',(-1.,-0.,-0.));
#5605 = DIRECTION('',(0.,0.,-1.));
#5606 = ADVANCED_FACE('',(#5607),#5617,.T.);
#5607 = FACE_BOUND('',#5608,.T.);
#5608 = EDGE_LOOP('',(#5609,#5610,#5611));
#5609 = ORIENTED_EDGE('',*,*,#2621,.F.);
#5610 = ORIENTED_EDGE('',*,*,#5563,.T.);
#5611 = ORIENTED_EDGE('',*,*,#5612,.T.);
#5612 = EDGE_CURVE('',#5564,#2614,#5613,.T.);
#5613 = LINE('',#5614,#5615);
#5614 = CARTESIAN_POINT('',(-1.25,-25.6,41.65));
#5615 = VECTOR('',#5616,1.);
#5616 = DIRECTION('',(0.,0.708516760586,0.705693984648));
#5617 = PLANE('',#5618);
#5618 = AXIS2_PLACEMENT_3D('',#5619,#5620,#5621);
#5619 = CARTESIAN_POINT('',(-1.25,-23.82577090105,41.65));
#5620 = DIRECTION('',(-1.,-0.,-0.));
#5621 = DIRECTION('',(0.,0.,-1.));
#5622 = ADVANCED_FACE('',(#5623),#5629,.T.);
#5623 = FACE_BOUND('',#5624,.T.);
#5624 = EDGE_LOOP('',(#5625,#5626,#5627,#5628));
#5625 = ORIENTED_EDGE('',*,*,#5612,.F.);
#5626 = ORIENTED_EDGE('',*,*,#5580,.T.);
#5627 = ORIENTED_EDGE('',*,*,#5596,.T.);
#5628 = ORIENTED_EDGE('',*,*,#2613,.F.);
#5629 = PLANE('',#5630);
#5630 = AXIS2_PLACEMENT_3D('',#5631,#5632,#5633);
#5631 = CARTESIAN_POINT('',(-1.25,-25.6,41.65));
#5632 = DIRECTION('',(0.,-0.705693984648,0.708516760586));
#5633 = DIRECTION('',(0.,0.708516760586,0.705693984648));
#5634 = ADVANCED_FACE('',(#5635,#5645,#5656,#5667,#5678,#5689,#5700,
    #5711,#5722,#5733,#5744),#5755,.T.);
#5635 = FACE_BOUND('',#5636,.T.);
#5636 = EDGE_LOOP('',(#5637,#5638,#5639,#5640,#5641,#5642,#5643,#5644));
#5637 = ORIENTED_EDGE('',*,*,#72,.F.);
#5638 = ORIENTED_EDGE('',*,*,#31,.T.);
#5639 = ORIENTED_EDGE('',*,*,#2635,.T.);
#5640 = ORIENTED_EDGE('',*,*,#2777,.F.);
#5641 = ORIENTED_EDGE('',*,*,#3146,.T.);
#5642 = ORIENTED_EDGE('',*,*,#3271,.T.);
#5643 = ORIENTED_EDGE('',*,*,#2800,.F.);
#5644 = ORIENTED_EDGE('',*,*,#2735,.F.);
#5645 = FACE_BOUND('',#5646,.T.);
#5646 = EDGE_LOOP('',(#5647));
#5647 = ORIENTED_EDGE('',*,*,#5648,.F.);
#5648 = EDGE_CURVE('',#5649,#5649,#5651,.T.);
#5649 = VERTEX_POINT('',#5650);
#5650 = CARTESIAN_POINT('',(-2.,-18.1,-5.));
#5651 = CIRCLE('',#5652,1.5);
#5652 = AXIS2_PLACEMENT_3D('',#5653,#5654,#5655);
#5653 = CARTESIAN_POINT('',(-3.5,-18.1,-5.));
#5654 = DIRECTION('',(0.,0.,1.));
#5655 = DIRECTION('',(1.,0.,-0.));
#5656 = FACE_BOUND('',#5657,.T.);
#5657 = EDGE_LOOP('',(#5658));
#5658 = ORIENTED_EDGE('',*,*,#5659,.F.);
#5659 = EDGE_CURVE('',#5660,#5660,#5662,.T.);
#5660 = VERTEX_POINT('',#5661);
#5661 = CARTESIAN_POINT('',(8.5,-15.5,-5.));
#5662 = CIRCLE('',#5663,2.5);
#5663 = AXIS2_PLACEMENT_3D('',#5664,#5665,#5666);
#5664 = CARTESIAN_POINT('',(6.,-15.5,-5.));
#5665 = DIRECTION('',(0.,0.,1.));
#5666 = DIRECTION('',(1.,0.,-0.));
#5667 = FACE_BOUND('',#5668,.T.);
#5668 = EDGE_LOOP('',(#5669));
#5669 = ORIENTED_EDGE('',*,*,#5670,.F.);
#5670 = EDGE_CURVE('',#5671,#5671,#5673,.T.);
#5671 = VERTEX_POINT('',#5672);
#5672 = CARTESIAN_POINT('',(6.5,3.5,-5.));
#5673 = CIRCLE('',#5674,3.);
#5674 = AXIS2_PLACEMENT_3D('',#5675,#5676,#5677);
#5675 = CARTESIAN_POINT('',(3.5,3.5,-5.));
#5676 = DIRECTION('',(0.,0.,1.));
#5677 = DIRECTION('',(1.,0.,-0.));
#5678 = FACE_BOUND('',#5679,.T.);
#5679 = EDGE_LOOP('',(#5680));
#5680 = ORIENTED_EDGE('',*,*,#5681,.F.);
#5681 = EDGE_CURVE('',#5682,#5682,#5684,.T.);
#5682 = VERTEX_POINT('',#5683);
#5683 = CARTESIAN_POINT('',(64.5,-16.5,-5.));
#5684 = CIRCLE('',#5685,3.);
#5685 = AXIS2_PLACEMENT_3D('',#5686,#5687,#5688);
#5686 = CARTESIAN_POINT('',(61.5,-16.5,-5.));
#5687 = DIRECTION('',(0.,0.,1.));
#5688 = DIRECTION('',(1.,0.,-0.));
#5689 = FACE_BOUND('',#5690,.T.);
#5690 = EDGE_LOOP('',(#5691));
#5691 = ORIENTED_EDGE('',*,*,#5692,.F.);
#5692 = EDGE_CURVE('',#5693,#5693,#5695,.T.);
#5693 = VERTEX_POINT('',#5694);
#5694 = CARTESIAN_POINT('',(64.5,3.5,-5.));
#5695 = CIRCLE('',#5696,3.);
#5696 = AXIS2_PLACEMENT_3D('',#5697,#5698,#5699);
#5697 = CARTESIAN_POINT('',(61.5,3.5,-5.));
#5698 = DIRECTION('',(0.,0.,1.));
#5699 = DIRECTION('',(1.,0.,-0.));
#5700 = FACE_BOUND('',#5701,.T.);
#5701 = EDGE_LOOP('',(#5702));
#5702 = ORIENTED_EDGE('',*,*,#5703,.F.);
#5703 = EDGE_CURVE('',#5704,#5704,#5706,.T.);
#5704 = VERTEX_POINT('',#5705);
#5705 = CARTESIAN_POINT('',(87.6,-18.1,-5.));
#5706 = CIRCLE('',#5707,1.5);
#5707 = AXIS2_PLACEMENT_3D('',#5708,#5709,#5710);
#5708 = CARTESIAN_POINT('',(86.1,-18.1,-5.));
#5709 = DIRECTION('',(0.,0.,1.));
#5710 = DIRECTION('',(1.,0.,-0.));
#5711 = FACE_BOUND('',#5712,.T.);
#5712 = EDGE_LOOP('',(#5713));
#5713 = ORIENTED_EDGE('',*,*,#5714,.F.);
#5714 = EDGE_CURVE('',#5715,#5715,#5717,.T.);
#5715 = VERTEX_POINT('',#5716);
#5716 = CARTESIAN_POINT('',(6.5,52.5,-5.));
#5717 = CIRCLE('',#5718,3.);
#5718 = AXIS2_PLACEMENT_3D('',#5719,#5720,#5721);
#5719 = CARTESIAN_POINT('',(3.5,52.5,-5.));
#5720 = DIRECTION('',(0.,0.,1.));
#5721 = DIRECTION('',(1.,0.,-0.));
#5722 = FACE_BOUND('',#5723,.T.);
#5723 = EDGE_LOOP('',(#5724));
#5724 = ORIENTED_EDGE('',*,*,#5725,.F.);
#5725 = EDGE_CURVE('',#5726,#5726,#5728,.T.);
#5726 = VERTEX_POINT('',#5727);
#5727 = CARTESIAN_POINT('',(-2.,71.7,-5.));
#5728 = CIRCLE('',#5729,1.5);
#5729 = AXIS2_PLACEMENT_3D('',#5730,#5731,#5732);
#5730 = CARTESIAN_POINT('',(-3.5,71.7,-5.));
#5731 = DIRECTION('',(0.,0.,1.));
#5732 = DIRECTION('',(1.,0.,-0.));
#5733 = FACE_BOUND('',#5734,.T.);
#5734 = EDGE_LOOP('',(#5735));
#5735 = ORIENTED_EDGE('',*,*,#5736,.F.);
#5736 = EDGE_CURVE('',#5737,#5737,#5739,.T.);
#5737 = VERTEX_POINT('',#5738);
#5738 = CARTESIAN_POINT('',(64.5,52.5,-5.));
#5739 = CIRCLE('',#5740,3.);
#5740 = AXIS2_PLACEMENT_3D('',#5741,#5742,#5743);
#5741 = CARTESIAN_POINT('',(61.5,52.5,-5.));
#5742 = DIRECTION('',(0.,0.,1.));
#5743 = DIRECTION('',(1.,0.,-0.));
#5744 = FACE_BOUND('',#5745,.T.);
#5745 = EDGE_LOOP('',(#5746));
#5746 = ORIENTED_EDGE('',*,*,#5747,.F.);
#5747 = EDGE_CURVE('',#5748,#5748,#5750,.T.);
#5748 = VERTEX_POINT('',#5749);
#5749 = CARTESIAN_POINT('',(87.6,71.7,-5.));
#5750 = CIRCLE('',#5751,1.5);
#5751 = AXIS2_PLACEMENT_3D('',#5752,#5753,#5754);
#5752 = CARTESIAN_POINT('',(86.1,71.7,-5.));
#5753 = DIRECTION('',(0.,0.,1.));
#5754 = DIRECTION('',(1.,0.,-0.));
#5755 = PLANE('',#5756);
#5756 = AXIS2_PLACEMENT_3D('',#5757,#5758,#5759);
#5757 = CARTESIAN_POINT('',(-6.,-20.6,-5.));
#5758 = DIRECTION('',(0.,0.,1.));
#5759 = DIRECTION('',(1.,0.,-0.));
#5760 = ADVANCED_FACE('',(#5761),#5780,.F.);
#5761 = FACE_BOUND('',#5762,.F.);
#5762 = EDGE_LOOP('',(#5763,#5764,#5772,#5779));
#5763 = ORIENTED_EDGE('',*,*,#5648,.F.);
#5764 = ORIENTED_EDGE('',*,*,#5765,.F.);
#5765 = EDGE_CURVE('',#5766,#5649,#5768,.T.);
#5766 = VERTEX_POINT('',#5767);
#5767 = CARTESIAN_POINT('',(-2.,-18.1,-7.5));
#5768 = LINE('',#5769,#5770);
#5769 = CARTESIAN_POINT('',(-2.,-18.1,-8.5));
#5770 = VECTOR('',#5771,1.);
#5771 = DIRECTION('',(0.,0.,1.));
#5772 = ORIENTED_EDGE('',*,*,#5773,.T.);
#5773 = EDGE_CURVE('',#5766,#5766,#5774,.T.);
#5774 = CIRCLE('',#5775,1.5);
#5775 = AXIS2_PLACEMENT_3D('',#5776,#5777,#5778);
#5776 = CARTESIAN_POINT('',(-3.5,-18.1,-7.5));
#5777 = DIRECTION('',(0.,0.,1.));
#5778 = DIRECTION('',(1.,0.,-0.));
#5779 = ORIENTED_EDGE('',*,*,#5765,.T.);
#5780 = CYLINDRICAL_SURFACE('',#5781,1.5);
#5781 = AXIS2_PLACEMENT_3D('',#5782,#5783,#5784);
#5782 = CARTESIAN_POINT('',(-3.5,-18.1,-8.5));
#5783 = DIRECTION('',(0.,0.,1.));
#5784 = DIRECTION('',(1.,0.,-0.));
#5785 = ADVANCED_FACE('',(#5786),#5805,.F.);
#5786 = FACE_BOUND('',#5787,.F.);
#5787 = EDGE_LOOP('',(#5788,#5789,#5797,#5804));
#5788 = ORIENTED_EDGE('',*,*,#5703,.F.);
#5789 = ORIENTED_EDGE('',*,*,#5790,.F.);
#5790 = EDGE_CURVE('',#5791,#5704,#5793,.T.);
#5791 = VERTEX_POINT('',#5792);
#5792 = CARTESIAN_POINT('',(87.6,-18.1,-7.5));
#5793 = LINE('',#5794,#5795);
#5794 = CARTESIAN_POINT('',(87.6,-18.1,-8.5));
#5795 = VECTOR('',#5796,1.);
#5796 = DIRECTION('',(0.,0.,1.));
#5797 = ORIENTED_EDGE('',*,*,#5798,.T.);
#5798 = EDGE_CURVE('',#5791,#5791,#5799,.T.);
#5799 = CIRCLE('',#5800,1.5);
#5800 = AXIS2_PLACEMENT_3D('',#5801,#5802,#5803);
#5801 = CARTESIAN_POINT('',(86.1,-18.1,-7.5));
#5802 = DIRECTION('',(0.,0.,1.));
#5803 = DIRECTION('',(1.,0.,-0.));
#5804 = ORIENTED_EDGE('',*,*,#5790,.T.);
#5805 = CYLINDRICAL_SURFACE('',#5806,1.5);
#5806 = AXIS2_PLACEMENT_3D('',#5807,#5808,#5809);
#5807 = CARTESIAN_POINT('',(86.1,-18.1,-8.5));
#5808 = DIRECTION('',(0.,0.,1.));
#5809 = DIRECTION('',(1.,0.,-0.));
#5810 = ADVANCED_FACE('',(#5811),#5830,.F.);
#5811 = FACE_BOUND('',#5812,.F.);
#5812 = EDGE_LOOP('',(#5813,#5814,#5822,#5829));
#5813 = ORIENTED_EDGE('',*,*,#5725,.F.);
#5814 = ORIENTED_EDGE('',*,*,#5815,.F.);
#5815 = EDGE_CURVE('',#5816,#5726,#5818,.T.);
#5816 = VERTEX_POINT('',#5817);
#5817 = CARTESIAN_POINT('',(-2.,71.7,-7.5));
#5818 = LINE('',#5819,#5820);
#5819 = CARTESIAN_POINT('',(-2.,71.7,-8.5));
#5820 = VECTOR('',#5821,1.);
#5821 = DIRECTION('',(0.,0.,1.));
#5822 = ORIENTED_EDGE('',*,*,#5823,.T.);
#5823 = EDGE_CURVE('',#5816,#5816,#5824,.T.);
#5824 = CIRCLE('',#5825,1.5);
#5825 = AXIS2_PLACEMENT_3D('',#5826,#5827,#5828);
#5826 = CARTESIAN_POINT('',(-3.5,71.7,-7.5));
#5827 = DIRECTION('',(0.,0.,1.));
#5828 = DIRECTION('',(1.,0.,-0.));
#5829 = ORIENTED_EDGE('',*,*,#5815,.T.);
#5830 = CYLINDRICAL_SURFACE('',#5831,1.5);
#5831 = AXIS2_PLACEMENT_3D('',#5832,#5833,#5834);
#5832 = CARTESIAN_POINT('',(-3.5,71.7,-8.5));
#5833 = DIRECTION('',(0.,0.,1.));
#5834 = DIRECTION('',(1.,0.,-0.));
#5835 = ADVANCED_FACE('',(#5836),#5855,.F.);
#5836 = FACE_BOUND('',#5837,.F.);
#5837 = EDGE_LOOP('',(#5838,#5839,#5847,#5854));
#5838 = ORIENTED_EDGE('',*,*,#5747,.F.);
#5839 = ORIENTED_EDGE('',*,*,#5840,.F.);
#5840 = EDGE_CURVE('',#5841,#5748,#5843,.T.);
#5841 = VERTEX_POINT('',#5842);
#5842 = CARTESIAN_POINT('',(87.6,71.7,-7.5));
#5843 = LINE('',#5844,#5845);
#5844 = CARTESIAN_POINT('',(87.6,71.7,-8.5));
#5845 = VECTOR('',#5846,1.);
#5846 = DIRECTION('',(0.,0.,1.));
#5847 = ORIENTED_EDGE('',*,*,#5848,.T.);
#5848 = EDGE_CURVE('',#5841,#5841,#5849,.T.);
#5849 = CIRCLE('',#5850,1.5);
#5850 = AXIS2_PLACEMENT_3D('',#5851,#5852,#5853);
#5851 = CARTESIAN_POINT('',(86.1,71.7,-7.5));
#5852 = DIRECTION('',(0.,0.,1.));
#5853 = DIRECTION('',(1.,0.,-0.));
#5854 = ORIENTED_EDGE('',*,*,#5840,.T.);
#5855 = CYLINDRICAL_SURFACE('',#5856,1.5);
#5856 = AXIS2_PLACEMENT_3D('',#5857,#5858,#5859);
#5857 = CARTESIAN_POINT('',(86.1,71.7,-8.5));
#5858 = DIRECTION('',(0.,0.,1.));
#5859 = DIRECTION('',(1.,0.,-0.));
#5860 = ADVANCED_FACE('',(#5861),#5872,.T.);
#5861 = FACE_BOUND('',#5862,.T.);
#5862 = EDGE_LOOP('',(#5863,#5864,#5865,#5866));
#5863 = ORIENTED_EDGE('',*,*,#5091,.F.);
#5864 = ORIENTED_EDGE('',*,*,#3196,.T.);
#5865 = ORIENTED_EDGE('',*,*,#5060,.T.);
#5866 = ORIENTED_EDGE('',*,*,#5867,.T.);
#5867 = EDGE_CURVE('',#5061,#5092,#5868,.T.);
#5868 = LINE('',#5869,#5870);
#5869 = CARTESIAN_POINT('',(91.7,5.,21.));
#5870 = VECTOR('',#5871,1.);
#5871 = DIRECTION('',(-0.,1.,0.));
#5872 = PLANE('',#5873);
#5873 = AXIS2_PLACEMENT_3D('',#5874,#5875,#5876);
#5874 = CARTESIAN_POINT('',(88.,5.,21.));
#5875 = DIRECTION('',(0.,0.,1.));
#5876 = DIRECTION('',(1.,0.,-0.));
#5877 = ADVANCED_FACE('',(#5878),#5903,.T.);
#5878 = FACE_BOUND('',#5879,.T.);
#5879 = EDGE_LOOP('',(#5880,#5888,#5889,#5897));
#5880 = ORIENTED_EDGE('',*,*,#5881,.F.);
#5881 = EDGE_CURVE('',#4684,#5882,#5884,.T.);
#5882 = VERTEX_POINT('',#5883);
#5883 = CARTESIAN_POINT('',(100.1,-17.6,44.8));
#5884 = LINE('',#5885,#5886);
#5885 = CARTESIAN_POINT('',(100.1,-17.6,36.8));
#5886 = VECTOR('',#5887,1.);
#5887 = DIRECTION('',(0.,0.,1.));
#5888 = ORIENTED_EDGE('',*,*,#4691,.T.);
#5889 = ORIENTED_EDGE('',*,*,#5890,.T.);
#5890 = EDGE_CURVE('',#4692,#5891,#5893,.T.);
#5891 = VERTEX_POINT('',#5892);
#5892 = CARTESIAN_POINT('',(100.1,-7.6,44.8));
#5893 = LINE('',#5894,#5895);
#5894 = CARTESIAN_POINT('',(100.1,-7.6,36.8));
#5895 = VECTOR('',#5896,1.);
#5896 = DIRECTION('',(0.,0.,1.));
#5897 = ORIENTED_EDGE('',*,*,#5898,.F.);
#5898 = EDGE_CURVE('',#5882,#5891,#5899,.T.);
#5899 = LINE('',#5900,#5901);
#5900 = CARTESIAN_POINT('',(100.1,-17.6,44.8));
#5901 = VECTOR('',#5902,1.);
#5902 = DIRECTION('',(-0.,1.,0.));
#5903 = PLANE('',#5904);
#5904 = AXIS2_PLACEMENT_3D('',#5905,#5906,#5907);
#5905 = CARTESIAN_POINT('',(100.1,-17.6,36.8));
#5906 = DIRECTION('',(1.,0.,-0.));
#5907 = DIRECTION('',(0.,0.,1.));
#5908 = ADVANCED_FACE('',(#5909),#5920,.T.);
#5909 = FACE_BOUND('',#5910,.T.);
#5910 = EDGE_LOOP('',(#5911,#5912,#5918,#5919));
#5911 = ORIENTED_EDGE('',*,*,#4669,.F.);
#5912 = ORIENTED_EDGE('',*,*,#5913,.T.);
#5913 = EDGE_CURVE('',#4653,#4750,#5914,.T.);
#5914 = LINE('',#5915,#5916);
#5915 = CARTESIAN_POINT('',(105.1,4.,-7.5));
#5916 = VECTOR('',#5917,1.);
#5917 = DIRECTION('',(-0.,1.,0.));
#5918 = ORIENTED_EDGE('',*,*,#4759,.T.);
#5919 = ORIENTED_EDGE('',*,*,#4724,.F.);
#5920 = PLANE('',#5921);
#5921 = AXIS2_PLACEMENT_3D('',#5922,#5923,#5924);
#5922 = CARTESIAN_POINT('',(105.1,4.,-7.5));
#5923 = DIRECTION('',(1.,0.,-0.));
#5924 = DIRECTION('',(0.,0.,1.));
#5925 = ADVANCED_FACE('',(#5926),#5945,.F.);
#5926 = FACE_BOUND('',#5927,.F.);
#5927 = EDGE_LOOP('',(#5928,#5929,#5937,#5944));
#5928 = ORIENTED_EDGE('',*,*,#4732,.F.);
#5929 = ORIENTED_EDGE('',*,*,#5930,.F.);
#5930 = EDGE_CURVE('',#5931,#4733,#5933,.T.);
#5931 = VERTEX_POINT('',#5932);
#5932 = CARTESIAN_POINT('',(100.85,12.,-7.5));
#5933 = LINE('',#5934,#5935);
#5934 = CARTESIAN_POINT('',(100.85,12.,-8.5));
#5935 = VECTOR('',#5936,1.);
#5936 = DIRECTION('',(0.,0.,1.));
#5937 = ORIENTED_EDGE('',*,*,#5938,.T.);
#5938 = EDGE_CURVE('',#5931,#5931,#5939,.T.);
#5939 = CIRCLE('',#5940,2.25);
#5940 = AXIS2_PLACEMENT_3D('',#5941,#5942,#5943);
#5941 = CARTESIAN_POINT('',(98.6,12.,-7.5));
#5942 = DIRECTION('',(0.,0.,1.));
#5943 = DIRECTION('',(1.,0.,-0.));
#5944 = ORIENTED_EDGE('',*,*,#5930,.T.);
#5945 = CYLINDRICAL_SURFACE('',#5946,2.25);
#5946 = AXIS2_PLACEMENT_3D('',#5947,#5948,#5949);
#5947 = CARTESIAN_POINT('',(98.6,12.,-8.5));
#5948 = DIRECTION('',(0.,0.,1.));
#5949 = DIRECTION('',(1.,0.,-0.));
#5950 = ADVANCED_FACE('',(#5951),#5962,.T.);
#5951 = FACE_BOUND('',#5952,.T.);
#5952 = EDGE_LOOP('',(#5953,#5954,#5960,#5961));
#5953 = ORIENTED_EDGE('',*,*,#4790,.F.);
#5954 = ORIENTED_EDGE('',*,*,#5955,.T.);
#5955 = EDGE_CURVE('',#4774,#4840,#5956,.T.);
#5956 = LINE('',#5957,#5958);
#5957 = CARTESIAN_POINT('',(105.1,34.,-7.5));
#5958 = VECTOR('',#5959,1.);
#5959 = DIRECTION('',(-0.,1.,0.));
#5960 = ORIENTED_EDGE('',*,*,#4849,.T.);
#5961 = ORIENTED_EDGE('',*,*,#4814,.F.);
#5962 = PLANE('',#5963);
#5963 = AXIS2_PLACEMENT_3D('',#5964,#5965,#5966);
#5964 = CARTESIAN_POINT('',(105.1,34.,-7.5));
#5965 = DIRECTION('',(1.,0.,-0.));
#5966 = DIRECTION('',(0.,0.,1.));
#5967 = ADVANCED_FACE('',(#5968),#5993,.T.);
#5968 = FACE_BOUND('',#5969,.T.);
#5969 = EDGE_LOOP('',(#5970,#5978,#5979,#5987));
#5970 = ORIENTED_EDGE('',*,*,#5971,.F.);
#5971 = EDGE_CURVE('',#4864,#5972,#5974,.T.);
#5972 = VERTEX_POINT('',#5973);
#5973 = CARTESIAN_POINT('',(100.1,61.2,44.8));
#5974 = LINE('',#5975,#5976);
#5975 = CARTESIAN_POINT('',(100.1,61.2,36.8));
#5976 = VECTOR('',#5977,1.);
#5977 = DIRECTION('',(0.,0.,1.));
#5978 = ORIENTED_EDGE('',*,*,#4871,.T.);
#5979 = ORIENTED_EDGE('',*,*,#5980,.T.);
#5980 = EDGE_CURVE('',#4872,#5981,#5983,.T.);
#5981 = VERTEX_POINT('',#5982);
#5982 = CARTESIAN_POINT('',(100.1,71.2,44.8));
#5983 = LINE('',#5984,#5985);
#5984 = CARTESIAN_POINT('',(100.1,71.2,36.8));
#5985 = VECTOR('',#5986,1.);
#5986 = DIRECTION('',(0.,0.,1.));
#5987 = ORIENTED_EDGE('',*,*,#5988,.F.);
#5988 = EDGE_CURVE('',#5972,#5981,#5989,.T.);
#5989 = LINE('',#5990,#5991);
#5990 = CARTESIAN_POINT('',(100.1,61.2,44.8));
#5991 = VECTOR('',#5992,1.);
#5992 = DIRECTION('',(-0.,1.,0.));
#5993 = PLANE('',#5994);
#5994 = AXIS2_PLACEMENT_3D('',#5995,#5996,#5997);
#5995 = CARTESIAN_POINT('',(100.1,61.2,36.8));
#5996 = DIRECTION('',(1.,0.,-0.));
#5997 = DIRECTION('',(0.,0.,1.));
#5998 = ADVANCED_FACE('',(#5999),#6018,.F.);
#5999 = FACE_BOUND('',#6000,.F.);
#6000 = EDGE_LOOP('',(#6001,#6002,#6010,#6017));
#6001 = ORIENTED_EDGE('',*,*,#4822,.F.);
#6002 = ORIENTED_EDGE('',*,*,#6003,.F.);
#6003 = EDGE_CURVE('',#6004,#4823,#6006,.T.);
#6004 = VERTEX_POINT('',#6005);
#6005 = CARTESIAN_POINT('',(100.85,42.,-7.5));
#6006 = LINE('',#6007,#6008);
#6007 = CARTESIAN_POINT('',(100.85,42.,-8.5));
#6008 = VECTOR('',#6009,1.);
#6009 = DIRECTION('',(0.,0.,1.));
#6010 = ORIENTED_EDGE('',*,*,#6011,.T.);
#6011 = EDGE_CURVE('',#6004,#6004,#6012,.T.);
#6012 = CIRCLE('',#6013,2.25);
#6013 = AXIS2_PLACEMENT_3D('',#6014,#6015,#6016);
#6014 = CARTESIAN_POINT('',(98.6,42.,-7.5));
#6015 = DIRECTION('',(0.,0.,1.));
#6016 = DIRECTION('',(1.,0.,-0.));
#6017 = ORIENTED_EDGE('',*,*,#6003,.T.);
#6018 = CYLINDRICAL_SURFACE('',#6019,2.25);
#6019 = AXIS2_PLACEMENT_3D('',#6020,#6021,#6022);
#6020 = CARTESIAN_POINT('',(98.6,42.,-8.5));
#6021 = DIRECTION('',(0.,0.,1.));
#6022 = DIRECTION('',(1.,0.,-0.));
#6023 = ADVANCED_FACE('',(#6024),#6030,.F.);
#6024 = FACE_BOUND('',#6025,.F.);
#6025 = EDGE_LOOP('',(#6026,#6027,#6028,#6029));
#6026 = ORIENTED_EDGE('',*,*,#5077,.F.);
#6027 = ORIENTED_EDGE('',*,*,#5867,.T.);
#6028 = ORIENTED_EDGE('',*,*,#5108,.T.);
#6029 = ORIENTED_EDGE('',*,*,#5037,.F.);
#6030 = PLANE('',#6031);
#6031 = AXIS2_PLACEMENT_3D('',#6032,#6033,#6034);
#6032 = CARTESIAN_POINT('',(91.7,5.,21.));
#6033 = DIRECTION('',(1.,0.,-0.));
#6034 = DIRECTION('',(0.,0.,1.));
#6035 = ADVANCED_FACE('',(#6036),#6055,.T.);
#6036 = FACE_BOUND('',#6037,.T.);
#6037 = EDGE_LOOP('',(#6038,#6046,#6053,#6054));
#6038 = ORIENTED_EDGE('',*,*,#6039,.T.);
#6039 = EDGE_CURVE('',#5660,#6040,#6042,.T.);
#6040 = VERTEX_POINT('',#6041);
#6041 = CARTESIAN_POINT('',(8.5,-15.5,26.));
#6042 = LINE('',#6043,#6044);
#6043 = CARTESIAN_POINT('',(8.5,-15.5,-5.01));
#6044 = VECTOR('',#6045,1.);
#6045 = DIRECTION('',(0.,0.,1.));
#6046 = ORIENTED_EDGE('',*,*,#6047,.F.);
#6047 = EDGE_CURVE('',#6040,#6040,#6048,.T.);
#6048 = CIRCLE('',#6049,2.5);
#6049 = AXIS2_PLACEMENT_3D('',#6050,#6051,#6052);
#6050 = CARTESIAN_POINT('',(6.,-15.5,26.));
#6051 = DIRECTION('',(0.,0.,1.));
#6052 = DIRECTION('',(1.,0.,-0.));
#6053 = ORIENTED_EDGE('',*,*,#6039,.F.);
#6054 = ORIENTED_EDGE('',*,*,#5659,.T.);
#6055 = CYLINDRICAL_SURFACE('',#6056,2.5);
#6056 = AXIS2_PLACEMENT_3D('',#6057,#6058,#6059);
#6057 = CARTESIAN_POINT('',(6.,-15.5,-5.01));
#6058 = DIRECTION('',(0.,0.,1.));
#6059 = DIRECTION('',(1.,0.,-0.));
#6060 = ADVANCED_FACE('',(#6061),#6080,.T.);
#6061 = FACE_BOUND('',#6062,.T.);
#6062 = EDGE_LOOP('',(#6063,#6071,#6078,#6079));
#6063 = ORIENTED_EDGE('',*,*,#6064,.T.);
#6064 = EDGE_CURVE('',#5671,#6065,#6067,.T.);
#6065 = VERTEX_POINT('',#6066);
#6066 = CARTESIAN_POINT('',(6.5,3.5,0.));
#6067 = LINE('',#6068,#6069);
#6068 = CARTESIAN_POINT('',(6.5,3.5,-5.01));
#6069 = VECTOR('',#6070,1.);
#6070 = DIRECTION('',(0.,0.,1.));
#6071 = ORIENTED_EDGE('',*,*,#6072,.F.);
#6072 = EDGE_CURVE('',#6065,#6065,#6073,.T.);
#6073 = CIRCLE('',#6074,3.);
#6074 = AXIS2_PLACEMENT_3D('',#6075,#6076,#6077);
#6075 = CARTESIAN_POINT('',(3.5,3.5,0.));
#6076 = DIRECTION('',(0.,0.,1.));
#6077 = DIRECTION('',(1.,0.,-0.));
#6078 = ORIENTED_EDGE('',*,*,#6064,.F.);
#6079 = ORIENTED_EDGE('',*,*,#5670,.T.);
#6080 = CYLINDRICAL_SURFACE('',#6081,3.);
#6081 = AXIS2_PLACEMENT_3D('',#6082,#6083,#6084);
#6082 = CARTESIAN_POINT('',(3.5,3.5,-5.01));
#6083 = DIRECTION('',(0.,0.,1.));
#6084 = DIRECTION('',(1.,0.,-0.));
#6085 = ADVANCED_FACE('',(#6086),#6105,.T.);
#6086 = FACE_BOUND('',#6087,.T.);
#6087 = EDGE_LOOP('',(#6088,#6096,#6103,#6104));
#6088 = ORIENTED_EDGE('',*,*,#6089,.T.);
#6089 = EDGE_CURVE('',#5682,#6090,#6092,.T.);
#6090 = VERTEX_POINT('',#6091);
#6091 = CARTESIAN_POINT('',(64.5,-16.5,26.));
#6092 = LINE('',#6093,#6094);
#6093 = CARTESIAN_POINT('',(64.5,-16.5,-5.01));
#6094 = VECTOR('',#6095,1.);
#6095 = DIRECTION('',(0.,0.,1.));
#6096 = ORIENTED_EDGE('',*,*,#6097,.F.);
#6097 = EDGE_CURVE('',#6090,#6090,#6098,.T.);
#6098 = CIRCLE('',#6099,3.);
#6099 = AXIS2_PLACEMENT_3D('',#6100,#6101,#6102);
#6100 = CARTESIAN_POINT('',(61.5,-16.5,26.));
#6101 = DIRECTION('',(0.,0.,1.));
#6102 = DIRECTION('',(1.,0.,-0.));
#6103 = ORIENTED_EDGE('',*,*,#6089,.F.);
#6104 = ORIENTED_EDGE('',*,*,#5681,.T.);
#6105 = CYLINDRICAL_SURFACE('',#6106,3.);
#6106 = AXIS2_PLACEMENT_3D('',#6107,#6108,#6109);
#6107 = CARTESIAN_POINT('',(61.5,-16.5,-5.01));
#6108 = DIRECTION('',(0.,0.,1.));
#6109 = DIRECTION('',(1.,0.,-0.));
#6110 = ADVANCED_FACE('',(#6111),#6130,.T.);
#6111 = FACE_BOUND('',#6112,.T.);
#6112 = EDGE_LOOP('',(#6113,#6121,#6128,#6129));
#6113 = ORIENTED_EDGE('',*,*,#6114,.T.);
#6114 = EDGE_CURVE('',#5693,#6115,#6117,.T.);
#6115 = VERTEX_POINT('',#6116);
#6116 = CARTESIAN_POINT('',(64.5,3.5,0.));
#6117 = LINE('',#6118,#6119);
#6118 = CARTESIAN_POINT('',(64.5,3.5,-5.01));
#6119 = VECTOR('',#6120,1.);
#6120 = DIRECTION('',(0.,0.,1.));
#6121 = ORIENTED_EDGE('',*,*,#6122,.F.);
#6122 = EDGE_CURVE('',#6115,#6115,#6123,.T.);
#6123 = CIRCLE('',#6124,3.);
#6124 = AXIS2_PLACEMENT_3D('',#6125,#6126,#6127);
#6125 = CARTESIAN_POINT('',(61.5,3.5,0.));
#6126 = DIRECTION('',(0.,0.,1.));
#6127 = DIRECTION('',(1.,0.,-0.));
#6128 = ORIENTED_EDGE('',*,*,#6114,.F.);
#6129 = ORIENTED_EDGE('',*,*,#5692,.T.);
#6130 = CYLINDRICAL_SURFACE('',#6131,3.);
#6131 = AXIS2_PLACEMENT_3D('',#6132,#6133,#6134);
#6132 = CARTESIAN_POINT('',(61.5,3.5,-5.01));
#6133 = DIRECTION('',(0.,0.,1.));
#6134 = DIRECTION('',(1.,0.,-0.));
#6135 = ADVANCED_FACE('',(#6136),#6155,.T.);
#6136 = FACE_BOUND('',#6137,.T.);
#6137 = EDGE_LOOP('',(#6138,#6146,#6153,#6154));
#6138 = ORIENTED_EDGE('',*,*,#6139,.T.);
#6139 = EDGE_CURVE('',#5715,#6140,#6142,.T.);
#6140 = VERTEX_POINT('',#6141);
#6141 = CARTESIAN_POINT('',(6.5,52.5,0.));
#6142 = LINE('',#6143,#6144);
#6143 = CARTESIAN_POINT('',(6.5,52.5,-5.01));
#6144 = VECTOR('',#6145,1.);
#6145 = DIRECTION('',(0.,0.,1.));
#6146 = ORIENTED_EDGE('',*,*,#6147,.F.);
#6147 = EDGE_CURVE('',#6140,#6140,#6148,.T.);
#6148 = CIRCLE('',#6149,3.);
#6149 = AXIS2_PLACEMENT_3D('',#6150,#6151,#6152);
#6150 = CARTESIAN_POINT('',(3.5,52.5,0.));
#6151 = DIRECTION('',(0.,0.,1.));
#6152 = DIRECTION('',(1.,0.,-0.));
#6153 = ORIENTED_EDGE('',*,*,#6139,.F.);
#6154 = ORIENTED_EDGE('',*,*,#5714,.T.);
#6155 = CYLINDRICAL_SURFACE('',#6156,3.);
#6156 = AXIS2_PLACEMENT_3D('',#6157,#6158,#6159);
#6157 = CARTESIAN_POINT('',(3.5,52.5,-5.01));
#6158 = DIRECTION('',(0.,0.,1.));
#6159 = DIRECTION('',(1.,0.,-0.));
#6160 = ADVANCED_FACE('',(#6161),#6180,.T.);
#6161 = FACE_BOUND('',#6162,.T.);
#6162 = EDGE_LOOP('',(#6163,#6171,#6178,#6179));
#6163 = ORIENTED_EDGE('',*,*,#6164,.T.);
#6164 = EDGE_CURVE('',#5737,#6165,#6167,.T.);
#6165 = VERTEX_POINT('',#6166);
#6166 = CARTESIAN_POINT('',(64.5,52.5,0.));
#6167 = LINE('',#6168,#6169);
#6168 = CARTESIAN_POINT('',(64.5,52.5,-5.01));
#6169 = VECTOR('',#6170,1.);
#6170 = DIRECTION('',(0.,0.,1.));
#6171 = ORIENTED_EDGE('',*,*,#6172,.F.);
#6172 = EDGE_CURVE('',#6165,#6165,#6173,.T.);
#6173 = CIRCLE('',#6174,3.);
#6174 = AXIS2_PLACEMENT_3D('',#6175,#6176,#6177);
#6175 = CARTESIAN_POINT('',(61.5,52.5,0.));
#6176 = DIRECTION('',(0.,0.,1.));
#6177 = DIRECTION('',(1.,0.,-0.));
#6178 = ORIENTED_EDGE('',*,*,#6164,.F.);
#6179 = ORIENTED_EDGE('',*,*,#5736,.T.);
#6180 = CYLINDRICAL_SURFACE('',#6181,3.);
#6181 = AXIS2_PLACEMENT_3D('',#6182,#6183,#6184);
#6182 = CARTESIAN_POINT('',(61.5,52.5,-5.01));
#6183 = DIRECTION('',(0.,0.,1.));
#6184 = DIRECTION('',(1.,0.,-0.));
#6185 = ADVANCED_FACE('',(#6186),#6189,.T.);
#6186 = FACE_BOUND('',#6187,.T.);
#6187 = EDGE_LOOP('',(#6188));
#6188 = ORIENTED_EDGE('',*,*,#6047,.T.);
#6189 = PLANE('',#6190);
#6190 = AXIS2_PLACEMENT_3D('',#6191,#6192,#6193);
#6191 = CARTESIAN_POINT('',(6.,-15.5,26.));
#6192 = DIRECTION('',(0.,0.,1.));
#6193 = DIRECTION('',(1.,0.,-0.));
#6194 = ADVANCED_FACE('',(#6195,#6198),#6209,.T.);
#6195 = FACE_BOUND('',#6196,.T.);
#6196 = EDGE_LOOP('',(#6197));
#6197 = ORIENTED_EDGE('',*,*,#6072,.T.);
#6198 = FACE_BOUND('',#6199,.T.);
#6199 = EDGE_LOOP('',(#6200));
#6200 = ORIENTED_EDGE('',*,*,#6201,.F.);
#6201 = EDGE_CURVE('',#6202,#6202,#6204,.T.);
#6202 = VERTEX_POINT('',#6203);
#6203 = CARTESIAN_POINT('',(4.9,3.5,0.));
#6204 = CIRCLE('',#6205,1.4);
#6205 = AXIS2_PLACEMENT_3D('',#6206,#6207,#6208);
#6206 = CARTESIAN_POINT('',(3.5,3.5,0.));
#6207 = DIRECTION('',(0.,0.,1.));
#6208 = DIRECTION('',(1.,0.,-0.));
#6209 = PLANE('',#6210);
#6210 = AXIS2_PLACEMENT_3D('',#6211,#6212,#6213);
#6211 = CARTESIAN_POINT('',(3.5,3.5,0.));
#6212 = DIRECTION('',(0.,0.,1.));
#6213 = DIRECTION('',(1.,0.,-0.));
#6214 = ADVANCED_FACE('',(#6215),#6242,.F.);
#6215 = FACE_BOUND('',#6216,.F.);
#6216 = EDGE_LOOP('',(#6217,#6227,#6234,#6235));
#6217 = ORIENTED_EDGE('',*,*,#6218,.T.);
#6218 = EDGE_CURVE('',#6219,#6221,#6223,.T.);
#6219 = VERTEX_POINT('',#6220);
#6220 = CARTESIAN_POINT('',(6.3,3.5,-7.5));
#6221 = VERTEX_POINT('',#6222);
#6222 = CARTESIAN_POINT('',(6.3,3.5,-5.3));
#6223 = LINE('',#6224,#6225);
#6224 = CARTESIAN_POINT('',(6.3,3.5,-8.5));
#6225 = VECTOR('',#6226,1.);
#6226 = DIRECTION('',(0.,0.,1.));
#6227 = ORIENTED_EDGE('',*,*,#6228,.F.);
#6228 = EDGE_CURVE('',#6221,#6221,#6229,.T.);
#6229 = CIRCLE('',#6230,2.8);
#6230 = AXIS2_PLACEMENT_3D('',#6231,#6232,#6233);
#6231 = CARTESIAN_POINT('',(3.5,3.5,-5.3));
#6232 = DIRECTION('',(0.,0.,1.));
#6233 = DIRECTION('',(1.,0.,-0.));
#6234 = ORIENTED_EDGE('',*,*,#6218,.F.);
#6235 = ORIENTED_EDGE('',*,*,#6236,.T.);
#6236 = EDGE_CURVE('',#6219,#6219,#6237,.T.);
#6237 = CIRCLE('',#6238,2.8);
#6238 = AXIS2_PLACEMENT_3D('',#6239,#6240,#6241);
#6239 = CARTESIAN_POINT('',(3.5,3.5,-7.5));
#6240 = DIRECTION('',(0.,0.,1.));
#6241 = DIRECTION('',(1.,0.,-0.));
#6242 = CYLINDRICAL_SURFACE('',#6243,2.8);
#6243 = AXIS2_PLACEMENT_3D('',#6244,#6245,#6246);
#6244 = CARTESIAN_POINT('',(3.5,3.5,-8.5));
#6245 = DIRECTION('',(0.,0.,1.));
#6246 = DIRECTION('',(1.,0.,-0.));
#6247 = ADVANCED_FACE('',(#6248,#6251),#6262,.F.);
#6248 = FACE_BOUND('',#6249,.F.);
#6249 = EDGE_LOOP('',(#6250));
#6250 = ORIENTED_EDGE('',*,*,#6228,.T.);
#6251 = FACE_BOUND('',#6252,.F.);
#6252 = EDGE_LOOP('',(#6253));
#6253 = ORIENTED_EDGE('',*,*,#6254,.F.);
#6254 = EDGE_CURVE('',#6255,#6255,#6257,.T.);
#6255 = VERTEX_POINT('',#6256);
#6256 = CARTESIAN_POINT('',(4.9,3.5,-5.3));
#6257 = CIRCLE('',#6258,1.4);
#6258 = AXIS2_PLACEMENT_3D('',#6259,#6260,#6261);
#6259 = CARTESIAN_POINT('',(3.5,3.5,-5.3));
#6260 = DIRECTION('',(0.,0.,1.));
#6261 = DIRECTION('',(1.,0.,-0.));
#6262 = PLANE('',#6263);
#6263 = AXIS2_PLACEMENT_3D('',#6264,#6265,#6266);
#6264 = CARTESIAN_POINT('',(3.5,3.5,-5.3));
#6265 = DIRECTION('',(0.,0.,1.));
#6266 = DIRECTION('',(1.,0.,-0.));
#6267 = ADVANCED_FACE('',(#6268),#6279,.F.);
#6268 = FACE_BOUND('',#6269,.F.);
#6269 = EDGE_LOOP('',(#6270,#6276,#6277,#6278));
#6270 = ORIENTED_EDGE('',*,*,#6271,.T.);
#6271 = EDGE_CURVE('',#6255,#6202,#6272,.T.);
#6272 = LINE('',#6273,#6274);
#6273 = CARTESIAN_POINT('',(4.9,3.5,-8.5));
#6274 = VECTOR('',#6275,1.);
#6275 = DIRECTION('',(0.,0.,1.));
#6276 = ORIENTED_EDGE('',*,*,#6201,.F.);
#6277 = ORIENTED_EDGE('',*,*,#6271,.F.);
#6278 = ORIENTED_EDGE('',*,*,#6254,.T.);
#6279 = CYLINDRICAL_SURFACE('',#6280,1.4);
#6280 = AXIS2_PLACEMENT_3D('',#6281,#6282,#6283);
#6281 = CARTESIAN_POINT('',(3.5,3.5,-8.5));
#6282 = DIRECTION('',(0.,0.,1.));
#6283 = DIRECTION('',(1.,0.,-0.));
#6284 = ADVANCED_FACE('',(#6285,#6288),#6299,.T.);
#6285 = FACE_BOUND('',#6286,.T.);
#6286 = EDGE_LOOP('',(#6287));
#6287 = ORIENTED_EDGE('',*,*,#6097,.T.);
#6288 = FACE_BOUND('',#6289,.T.);
#6289 = EDGE_LOOP('',(#6290));
#6290 = ORIENTED_EDGE('',*,*,#6291,.F.);
#6291 = EDGE_CURVE('',#6292,#6292,#6294,.T.);
#6292 = VERTEX_POINT('',#6293);
#6293 = CARTESIAN_POINT('',(62.6,-16.5,26.));
#6294 = CIRCLE('',#6295,1.1);
#6295 = AXIS2_PLACEMENT_3D('',#6296,#6297,#6298);
#6296 = CARTESIAN_POINT('',(61.5,-16.5,26.));
#6297 = DIRECTION('',(0.,0.,1.));
#6298 = DIRECTION('',(1.,0.,-0.));
#6299 = PLANE('',#6300);
#6300 = AXIS2_PLACEMENT_3D('',#6301,#6302,#6303);
#6301 = CARTESIAN_POINT('',(61.5,-16.5,26.));
#6302 = DIRECTION('',(0.,0.,1.));
#6303 = DIRECTION('',(1.,0.,-0.));
#6304 = ADVANCED_FACE('',(#6305,#6308),#6319,.T.);
#6305 = FACE_BOUND('',#6306,.T.);
#6306 = EDGE_LOOP('',(#6307));
#6307 = ORIENTED_EDGE('',*,*,#6122,.T.);
#6308 = FACE_BOUND('',#6309,.T.);
#6309 = EDGE_LOOP('',(#6310));
#6310 = ORIENTED_EDGE('',*,*,#6311,.F.);
#6311 = EDGE_CURVE('',#6312,#6312,#6314,.T.);
#6312 = VERTEX_POINT('',#6313);
#6313 = CARTESIAN_POINT('',(62.9,3.5,0.));
#6314 = CIRCLE('',#6315,1.4);
#6315 = AXIS2_PLACEMENT_3D('',#6316,#6317,#6318);
#6316 = CARTESIAN_POINT('',(61.5,3.5,0.));
#6317 = DIRECTION('',(0.,0.,1.));
#6318 = DIRECTION('',(1.,0.,-0.));
#6319 = PLANE('',#6320);
#6320 = AXIS2_PLACEMENT_3D('',#6321,#6322,#6323);
#6321 = CARTESIAN_POINT('',(61.5,3.5,0.));
#6322 = DIRECTION('',(0.,0.,1.));
#6323 = DIRECTION('',(1.,0.,-0.));
#6324 = ADVANCED_FACE('',(#6325),#6352,.F.);
#6325 = FACE_BOUND('',#6326,.F.);
#6326 = EDGE_LOOP('',(#6327,#6337,#6344,#6345));
#6327 = ORIENTED_EDGE('',*,*,#6328,.T.);
#6328 = EDGE_CURVE('',#6329,#6331,#6333,.T.);
#6329 = VERTEX_POINT('',#6330);
#6330 = CARTESIAN_POINT('',(64.3,3.5,-7.5));
#6331 = VERTEX_POINT('',#6332);
#6332 = CARTESIAN_POINT('',(64.3,3.5,-5.3));
#6333 = LINE('',#6334,#6335);
#6334 = CARTESIAN_POINT('',(64.3,3.5,-8.5));
#6335 = VECTOR('',#6336,1.);
#6336 = DIRECTION('',(0.,0.,1.));
#6337 = ORIENTED_EDGE('',*,*,#6338,.F.);
#6338 = EDGE_CURVE('',#6331,#6331,#6339,.T.);
#6339 = CIRCLE('',#6340,2.8);
#6340 = AXIS2_PLACEMENT_3D('',#6341,#6342,#6343);
#6341 = CARTESIAN_POINT('',(61.5,3.5,-5.3));
#6342 = DIRECTION('',(0.,0.,1.));
#6343 = DIRECTION('',(1.,0.,-0.));
#6344 = ORIENTED_EDGE('',*,*,#6328,.F.);
#6345 = ORIENTED_EDGE('',*,*,#6346,.T.);
#6346 = EDGE_CURVE('',#6329,#6329,#6347,.T.);
#6347 = CIRCLE('',#6348,2.8);
#6348 = AXIS2_PLACEMENT_3D('',#6349,#6350,#6351);
#6349 = CARTESIAN_POINT('',(61.5,3.5,-7.5));
#6350 = DIRECTION('',(0.,0.,1.));
#6351 = DIRECTION('',(1.,0.,-0.));
#6352 = CYLINDRICAL_SURFACE('',#6353,2.8);
#6353 = AXIS2_PLACEMENT_3D('',#6354,#6355,#6356);
#6354 = CARTESIAN_POINT('',(61.5,3.5,-8.5));
#6355 = DIRECTION('',(0.,0.,1.));
#6356 = DIRECTION('',(1.,0.,-0.));
#6357 = ADVANCED_FACE('',(#6358,#6361),#6372,.F.);
#6358 = FACE_BOUND('',#6359,.F.);
#6359 = EDGE_LOOP('',(#6360));
#6360 = ORIENTED_EDGE('',*,*,#6338,.T.);
#6361 = FACE_BOUND('',#6362,.F.);
#6362 = EDGE_LOOP('',(#6363));
#6363 = ORIENTED_EDGE('',*,*,#6364,.F.);
#6364 = EDGE_CURVE('',#6365,#6365,#6367,.T.);
#6365 = VERTEX_POINT('',#6366);
#6366 = CARTESIAN_POINT('',(62.9,3.5,-5.3));
#6367 = CIRCLE('',#6368,1.4);
#6368 = AXIS2_PLACEMENT_3D('',#6369,#6370,#6371);
#6369 = CARTESIAN_POINT('',(61.5,3.5,-5.3));
#6370 = DIRECTION('',(0.,0.,1.));
#6371 = DIRECTION('',(1.,0.,-0.));
#6372 = PLANE('',#6373);
#6373 = AXIS2_PLACEMENT_3D('',#6374,#6375,#6376);
#6374 = CARTESIAN_POINT('',(61.5,3.5,-5.3));
#6375 = DIRECTION('',(0.,0.,1.));
#6376 = DIRECTION('',(1.,0.,-0.));
#6377 = ADVANCED_FACE('',(#6378),#6389,.F.);
#6378 = FACE_BOUND('',#6379,.F.);
#6379 = EDGE_LOOP('',(#6380,#6386,#6387,#6388));
#6380 = ORIENTED_EDGE('',*,*,#6381,.T.);
#6381 = EDGE_CURVE('',#6365,#6312,#6382,.T.);
#6382 = LINE('',#6383,#6384);
#6383 = CARTESIAN_POINT('',(62.9,3.5,-8.5));
#6384 = VECTOR('',#6385,1.);
#6385 = DIRECTION('',(0.,0.,1.));
#6386 = ORIENTED_EDGE('',*,*,#6311,.F.);
#6387 = ORIENTED_EDGE('',*,*,#6381,.F.);
#6388 = ORIENTED_EDGE('',*,*,#6364,.T.);
#6389 = CYLINDRICAL_SURFACE('',#6390,1.4);
#6390 = AXIS2_PLACEMENT_3D('',#6391,#6392,#6393);
#6391 = CARTESIAN_POINT('',(61.5,3.5,-8.5));
#6392 = DIRECTION('',(0.,0.,1.));
#6393 = DIRECTION('',(1.,0.,-0.));
#6394 = ADVANCED_FACE('',(#6395,#6398),#6409,.T.);
#6395 = FACE_BOUND('',#6396,.T.);
#6396 = EDGE_LOOP('',(#6397));
#6397 = ORIENTED_EDGE('',*,*,#6147,.T.);
#6398 = FACE_BOUND('',#6399,.T.);
#6399 = EDGE_LOOP('',(#6400));
#6400 = ORIENTED_EDGE('',*,*,#6401,.F.);
#6401 = EDGE_CURVE('',#6402,#6402,#6404,.T.);
#6402 = VERTEX_POINT('',#6403);
#6403 = CARTESIAN_POINT('',(4.9,52.5,0.));
#6404 = CIRCLE('',#6405,1.4);
#6405 = AXIS2_PLACEMENT_3D('',#6406,#6407,#6408);
#6406 = CARTESIAN_POINT('',(3.5,52.5,0.));
#6407 = DIRECTION('',(0.,0.,1.));
#6408 = DIRECTION('',(1.,0.,-0.));
#6409 = PLANE('',#6410);
#6410 = AXIS2_PLACEMENT_3D('',#6411,#6412,#6413);
#6411 = CARTESIAN_POINT('',(3.5,52.5,0.));
#6412 = DIRECTION('',(0.,0.,1.));
#6413 = DIRECTION('',(1.,0.,-0.));
#6414 = ADVANCED_FACE('',(#6415),#6442,.F.);
#6415 = FACE_BOUND('',#6416,.F.);
#6416 = EDGE_LOOP('',(#6417,#6427,#6434,#6435));
#6417 = ORIENTED_EDGE('',*,*,#6418,.T.);
#6418 = EDGE_CURVE('',#6419,#6421,#6423,.T.);
#6419 = VERTEX_POINT('',#6420);
#6420 = CARTESIAN_POINT('',(6.3,52.5,-7.5));
#6421 = VERTEX_POINT('',#6422);
#6422 = CARTESIAN_POINT('',(6.3,52.5,-5.3));
#6423 = LINE('',#6424,#6425);
#6424 = CARTESIAN_POINT('',(6.3,52.5,-8.5));
#6425 = VECTOR('',#6426,1.);
#6426 = DIRECTION('',(0.,0.,1.));
#6427 = ORIENTED_EDGE('',*,*,#6428,.F.);
#6428 = EDGE_CURVE('',#6421,#6421,#6429,.T.);
#6429 = CIRCLE('',#6430,2.8);
#6430 = AXIS2_PLACEMENT_3D('',#6431,#6432,#6433);
#6431 = CARTESIAN_POINT('',(3.5,52.5,-5.3));
#6432 = DIRECTION('',(0.,0.,1.));
#6433 = DIRECTION('',(1.,0.,-0.));
#6434 = ORIENTED_EDGE('',*,*,#6418,.F.);
#6435 = ORIENTED_EDGE('',*,*,#6436,.T.);
#6436 = EDGE_CURVE('',#6419,#6419,#6437,.T.);
#6437 = CIRCLE('',#6438,2.8);
#6438 = AXIS2_PLACEMENT_3D('',#6439,#6440,#6441);
#6439 = CARTESIAN_POINT('',(3.5,52.5,-7.5));
#6440 = DIRECTION('',(0.,0.,1.));
#6441 = DIRECTION('',(1.,0.,-0.));
#6442 = CYLINDRICAL_SURFACE('',#6443,2.8);
#6443 = AXIS2_PLACEMENT_3D('',#6444,#6445,#6446);
#6444 = CARTESIAN_POINT('',(3.5,52.5,-8.5));
#6445 = DIRECTION('',(0.,0.,1.));
#6446 = DIRECTION('',(1.,0.,-0.));
#6447 = ADVANCED_FACE('',(#6448,#6451),#6462,.F.);
#6448 = FACE_BOUND('',#6449,.F.);
#6449 = EDGE_LOOP('',(#6450));
#6450 = ORIENTED_EDGE('',*,*,#6428,.T.);
#6451 = FACE_BOUND('',#6452,.F.);
#6452 = EDGE_LOOP('',(#6453));
#6453 = ORIENTED_EDGE('',*,*,#6454,.F.);
#6454 = EDGE_CURVE('',#6455,#6455,#6457,.T.);
#6455 = VERTEX_POINT('',#6456);
#6456 = CARTESIAN_POINT('',(4.9,52.5,-5.3));
#6457 = CIRCLE('',#6458,1.4);
#6458 = AXIS2_PLACEMENT_3D('',#6459,#6460,#6461);
#6459 = CARTESIAN_POINT('',(3.5,52.5,-5.3));
#6460 = DIRECTION('',(0.,0.,1.));
#6461 = DIRECTION('',(1.,0.,-0.));
#6462 = PLANE('',#6463);
#6463 = AXIS2_PLACEMENT_3D('',#6464,#6465,#6466);
#6464 = CARTESIAN_POINT('',(3.5,52.5,-5.3));
#6465 = DIRECTION('',(0.,0.,1.));
#6466 = DIRECTION('',(1.,0.,-0.));
#6467 = ADVANCED_FACE('',(#6468),#6479,.F.);
#6468 = FACE_BOUND('',#6469,.F.);
#6469 = EDGE_LOOP('',(#6470,#6476,#6477,#6478));
#6470 = ORIENTED_EDGE('',*,*,#6471,.T.);
#6471 = EDGE_CURVE('',#6455,#6402,#6472,.T.);
#6472 = LINE('',#6473,#6474);
#6473 = CARTESIAN_POINT('',(4.9,52.5,-8.5));
#6474 = VECTOR('',#6475,1.);
#6475 = DIRECTION('',(0.,0.,1.));
#6476 = ORIENTED_EDGE('',*,*,#6401,.F.);
#6477 = ORIENTED_EDGE('',*,*,#6471,.F.);
#6478 = ORIENTED_EDGE('',*,*,#6454,.T.);
#6479 = CYLINDRICAL_SURFACE('',#6480,1.4);
#6480 = AXIS2_PLACEMENT_3D('',#6481,#6482,#6483);
#6481 = CARTESIAN_POINT('',(3.5,52.5,-8.5));
#6482 = DIRECTION('',(0.,0.,1.));
#6483 = DIRECTION('',(1.,0.,-0.));
#6484 = ADVANCED_FACE('',(#6485,#6488),#6499,.T.);
#6485 = FACE_BOUND('',#6486,.T.);
#6486 = EDGE_LOOP('',(#6487));
#6487 = ORIENTED_EDGE('',*,*,#6172,.T.);
#6488 = FACE_BOUND('',#6489,.T.);
#6489 = EDGE_LOOP('',(#6490));
#6490 = ORIENTED_EDGE('',*,*,#6491,.F.);
#6491 = EDGE_CURVE('',#6492,#6492,#6494,.T.);
#6492 = VERTEX_POINT('',#6493);
#6493 = CARTESIAN_POINT('',(62.9,52.5,0.));
#6494 = CIRCLE('',#6495,1.4);
#6495 = AXIS2_PLACEMENT_3D('',#6496,#6497,#6498);
#6496 = CARTESIAN_POINT('',(61.5,52.5,0.));
#6497 = DIRECTION('',(0.,0.,1.));
#6498 = DIRECTION('',(1.,0.,-0.));
#6499 = PLANE('',#6500);
#6500 = AXIS2_PLACEMENT_3D('',#6501,#6502,#6503);
#6501 = CARTESIAN_POINT('',(61.5,52.5,0.));
#6502 = DIRECTION('',(0.,0.,1.));
#6503 = DIRECTION('',(1.,0.,-0.));
#6504 = ADVANCED_FACE('',(#6505),#6532,.F.);
#6505 = FACE_BOUND('',#6506,.F.);
#6506 = EDGE_LOOP('',(#6507,#6517,#6524,#6525));
#6507 = ORIENTED_EDGE('',*,*,#6508,.T.);
#6508 = EDGE_CURVE('',#6509,#6511,#6513,.T.);
#6509 = VERTEX_POINT('',#6510);
#6510 = CARTESIAN_POINT('',(64.3,52.5,-7.5));
#6511 = VERTEX_POINT('',#6512);
#6512 = CARTESIAN_POINT('',(64.3,52.5,-5.3));
#6513 = LINE('',#6514,#6515);
#6514 = CARTESIAN_POINT('',(64.3,52.5,-8.5));
#6515 = VECTOR('',#6516,1.);
#6516 = DIRECTION('',(0.,0.,1.));
#6517 = ORIENTED_EDGE('',*,*,#6518,.F.);
#6518 = EDGE_CURVE('',#6511,#6511,#6519,.T.);
#6519 = CIRCLE('',#6520,2.8);
#6520 = AXIS2_PLACEMENT_3D('',#6521,#6522,#6523);
#6521 = CARTESIAN_POINT('',(61.5,52.5,-5.3));
#6522 = DIRECTION('',(0.,0.,1.));
#6523 = DIRECTION('',(1.,0.,-0.));
#6524 = ORIENTED_EDGE('',*,*,#6508,.F.);
#6525 = ORIENTED_EDGE('',*,*,#6526,.T.);
#6526 = EDGE_CURVE('',#6509,#6509,#6527,.T.);
#6527 = CIRCLE('',#6528,2.8);
#6528 = AXIS2_PLACEMENT_3D('',#6529,#6530,#6531);
#6529 = CARTESIAN_POINT('',(61.5,52.5,-7.5));
#6530 = DIRECTION('',(0.,0.,1.));
#6531 = DIRECTION('',(1.,0.,-0.));
#6532 = CYLINDRICAL_SURFACE('',#6533,2.8);
#6533 = AXIS2_PLACEMENT_3D('',#6534,#6535,#6536);
#6534 = CARTESIAN_POINT('',(61.5,52.5,-8.5));
#6535 = DIRECTION('',(0.,0.,1.));
#6536 = DIRECTION('',(1.,0.,-0.));
#6537 = ADVANCED_FACE('',(#6538,#6541),#6552,.F.);
#6538 = FACE_BOUND('',#6539,.F.);
#6539 = EDGE_LOOP('',(#6540));
#6540 = ORIENTED_EDGE('',*,*,#6518,.T.);
#6541 = FACE_BOUND('',#6542,.F.);
#6542 = EDGE_LOOP('',(#6543));
#6543 = ORIENTED_EDGE('',*,*,#6544,.F.);
#6544 = EDGE_CURVE('',#6545,#6545,#6547,.T.);
#6545 = VERTEX_POINT('',#6546);
#6546 = CARTESIAN_POINT('',(62.9,52.5,-5.3));
#6547 = CIRCLE('',#6548,1.4);
#6548 = AXIS2_PLACEMENT_3D('',#6549,#6550,#6551);
#6549 = CARTESIAN_POINT('',(61.5,52.5,-5.3));
#6550 = DIRECTION('',(0.,0.,1.));
#6551 = DIRECTION('',(1.,0.,-0.));
#6552 = PLANE('',#6553);
#6553 = AXIS2_PLACEMENT_3D('',#6554,#6555,#6556);
#6554 = CARTESIAN_POINT('',(61.5,52.5,-5.3));
#6555 = DIRECTION('',(0.,0.,1.));
#6556 = DIRECTION('',(1.,0.,-0.));
#6557 = ADVANCED_FACE('',(#6558),#6569,.F.);
#6558 = FACE_BOUND('',#6559,.F.);
#6559 = EDGE_LOOP('',(#6560,#6566,#6567,#6568));
#6560 = ORIENTED_EDGE('',*,*,#6561,.T.);
#6561 = EDGE_CURVE('',#6545,#6492,#6562,.T.);
#6562 = LINE('',#6563,#6564);
#6563 = CARTESIAN_POINT('',(62.9,52.5,-8.5));
#6564 = VECTOR('',#6565,1.);
#6565 = DIRECTION('',(0.,0.,1.));
#6566 = ORIENTED_EDGE('',*,*,#6491,.F.);
#6567 = ORIENTED_EDGE('',*,*,#6561,.F.);
#6568 = ORIENTED_EDGE('',*,*,#6544,.T.);
#6569 = CYLINDRICAL_SURFACE('',#6570,1.4);
#6570 = AXIS2_PLACEMENT_3D('',#6571,#6572,#6573);
#6571 = CARTESIAN_POINT('',(61.5,52.5,-8.5));
#6572 = DIRECTION('',(0.,0.,1.));
#6573 = DIRECTION('',(1.,0.,-0.));
#6574 = ADVANCED_FACE('',(#6575),#6594,.F.);
#6575 = FACE_BOUND('',#6576,.F.);
#6576 = EDGE_LOOP('',(#6577,#6578,#6586,#6593));
#6577 = ORIENTED_EDGE('',*,*,#6291,.F.);
#6578 = ORIENTED_EDGE('',*,*,#6579,.F.);
#6579 = EDGE_CURVE('',#6580,#6292,#6582,.T.);
#6580 = VERTEX_POINT('',#6581);
#6581 = CARTESIAN_POINT('',(62.6,-16.5,18.));
#6582 = LINE('',#6583,#6584);
#6583 = CARTESIAN_POINT('',(62.6,-16.5,18.));
#6584 = VECTOR('',#6585,1.);
#6585 = DIRECTION('',(0.,0.,1.));
#6586 = ORIENTED_EDGE('',*,*,#6587,.T.);
#6587 = EDGE_CURVE('',#6580,#6580,#6588,.T.);
#6588 = CIRCLE('',#6589,1.1);
#6589 = AXIS2_PLACEMENT_3D('',#6590,#6591,#6592);
#6590 = CARTESIAN_POINT('',(61.5,-16.5,18.));
#6591 = DIRECTION('',(0.,0.,1.));
#6592 = DIRECTION('',(1.,0.,-0.));
#6593 = ORIENTED_EDGE('',*,*,#6579,.T.);
#6594 = CYLINDRICAL_SURFACE('',#6595,1.1);
#6595 = AXIS2_PLACEMENT_3D('',#6596,#6597,#6598);
#6596 = CARTESIAN_POINT('',(61.5,-16.5,18.));
#6597 = DIRECTION('',(0.,0.,1.));
#6598 = DIRECTION('',(1.,0.,-0.));
#6599 = ADVANCED_FACE('',(#6600),#6603,.T.);
#6600 = FACE_BOUND('',#6601,.F.);
#6601 = EDGE_LOOP('',(#6602));
#6602 = ORIENTED_EDGE('',*,*,#6587,.F.);
#6603 = PLANE('',#6604);
#6604 = AXIS2_PLACEMENT_3D('',#6605,#6606,#6607);
#6605 = CARTESIAN_POINT('',(61.5,-16.5,18.));
#6606 = DIRECTION('',(0.,0.,1.));
#6607 = DIRECTION('',(1.,0.,-0.));
#6608 = ADVANCED_FACE('',(#6609,#6675,#6685,#6696,#6707,#6718),#6729,.T.
  );
#6609 = FACE_BOUND('',#6610,.T.);
#6610 = EDGE_LOOP('',(#6611,#6612,#6613,#6614,#6615,#6616,#6622,#6623,
    #6629,#6630,#6636,#6637,#6643,#6644,#6645,#6646,#6647,#6648,#6654,
    #6655,#6661,#6662,#6668,#6669));
#6611 = ORIENTED_EDGE('',*,*,#230,.F.);
#6612 = ORIENTED_EDGE('',*,*,#653,.T.);
#6613 = ORIENTED_EDGE('',*,*,#2484,.T.);
#6614 = ORIENTED_EDGE('',*,*,#2461,.F.);
#6615 = ORIENTED_EDGE('',*,*,#2083,.T.);
#6616 = ORIENTED_EDGE('',*,*,#6617,.T.);
#6617 = EDGE_CURVE('',#2086,#5882,#6618,.T.);
#6618 = LINE('',#6619,#6620);
#6619 = CARTESIAN_POINT('',(91.09,-17.6,44.8));
#6620 = VECTOR('',#6621,1.);
#6621 = DIRECTION('',(1.,0.,-0.));
#6622 = ORIENTED_EDGE('',*,*,#5898,.T.);
#6623 = ORIENTED_EDGE('',*,*,#6624,.F.);
#6624 = EDGE_CURVE('',#2205,#5891,#6625,.T.);
#6625 = LINE('',#6626,#6627);
#6626 = CARTESIAN_POINT('',(91.09,-7.6,44.8));
#6627 = VECTOR('',#6628,1.);
#6628 = DIRECTION('',(1.,0.,-0.));
#6629 = ORIENTED_EDGE('',*,*,#2204,.T.);
#6630 = ORIENTED_EDGE('',*,*,#6631,.T.);
#6631 = EDGE_CURVE('',#2197,#5972,#6632,.T.);
#6632 = LINE('',#6633,#6634);
#6633 = CARTESIAN_POINT('',(91.09,61.2,44.8));
#6634 = VECTOR('',#6635,1.);
#6635 = DIRECTION('',(1.,0.,-0.));
#6636 = ORIENTED_EDGE('',*,*,#5988,.T.);
#6637 = ORIENTED_EDGE('',*,*,#6638,.F.);
#6638 = EDGE_CURVE('',#2173,#5981,#6639,.T.);
#6639 = LINE('',#6640,#6641);
#6640 = CARTESIAN_POINT('',(91.09,71.2,44.8));
#6641 = VECTOR('',#6642,1.);
#6642 = DIRECTION('',(1.,0.,-0.));
#6643 = ORIENTED_EDGE('',*,*,#2172,.T.);
#6644 = ORIENTED_EDGE('',*,*,#2060,.T.);
#6645 = ORIENTED_EDGE('',*,*,#1450,.F.);
#6646 = ORIENTED_EDGE('',*,*,#928,.F.);
#6647 = ORIENTED_EDGE('',*,*,#328,.F.);
#6648 = ORIENTED_EDGE('',*,*,#6649,.F.);
#6649 = EDGE_CURVE('',#3394,#329,#6650,.T.);
#6650 = LINE('',#6651,#6652);
#6651 = CARTESIAN_POINT('',(-17.5,71.2,44.8));
#6652 = VECTOR('',#6653,1.);
#6653 = DIRECTION('',(1.,0.,-0.));
#6654 = ORIENTED_EDGE('',*,*,#3401,.F.);
#6655 = ORIENTED_EDGE('',*,*,#6656,.T.);
#6656 = EDGE_CURVE('',#3385,#353,#6657,.T.);
#6657 = LINE('',#6658,#6659);
#6658 = CARTESIAN_POINT('',(-17.5,61.2,44.8));
#6659 = VECTOR('',#6660,1.);
#6660 = DIRECTION('',(1.,0.,-0.));
#6661 = ORIENTED_EDGE('',*,*,#360,.F.);
#6662 = ORIENTED_EDGE('',*,*,#6663,.F.);
#6663 = EDGE_CURVE('',#3304,#361,#6664,.T.);
#6664 = LINE('',#6665,#6666);
#6665 = CARTESIAN_POINT('',(-17.5,-7.6,44.8));
#6666 = VECTOR('',#6667,1.);
#6667 = DIRECTION('',(1.,0.,-0.));
#6668 = ORIENTED_EDGE('',*,*,#3311,.F.);
#6669 = ORIENTED_EDGE('',*,*,#6670,.T.);
#6670 = EDGE_CURVE('',#3295,#233,#6671,.T.);
#6671 = LINE('',#6672,#6673);
#6672 = CARTESIAN_POINT('',(-17.5,-17.6,44.8));
#6673 = VECTOR('',#6674,1.);
#6674 = DIRECTION('',(1.,0.,-0.));
#6675 = FACE_BOUND('',#6676,.T.);
#6676 = EDGE_LOOP('',(#6677,#6678,#6679,#6680,#6681,#6682,#6683,#6684));
#6677 = ORIENTED_EDGE('',*,*,#48,.F.);
#6678 = ORIENTED_EDGE('',*,*,#63,.T.);
#6679 = ORIENTED_EDGE('',*,*,#2752,.F.);
#6680 = ORIENTED_EDGE('',*,*,#2809,.F.);
#6681 = ORIENTED_EDGE('',*,*,#3279,.F.);
#6682 = ORIENTED_EDGE('',*,*,#3137,.F.);
#6683 = ORIENTED_EDGE('',*,*,#2785,.F.);
#6684 = ORIENTED_EDGE('',*,*,#2644,.T.);
#6685 = FACE_BOUND('',#6686,.T.);
#6686 = EDGE_LOOP('',(#6687));
#6687 = ORIENTED_EDGE('',*,*,#6688,.F.);
#6688 = EDGE_CURVE('',#6689,#6689,#6691,.T.);
#6689 = VERTEX_POINT('',#6690);
#6690 = CARTESIAN_POINT('',(-12.15,-12.6,44.8));
#6691 = CIRCLE('',#6692,1.35);
#6692 = AXIS2_PLACEMENT_3D('',#6693,#6694,#6695);
#6693 = CARTESIAN_POINT('',(-13.5,-12.6,44.8));
#6694 = DIRECTION('',(0.,0.,1.));
#6695 = DIRECTION('',(1.,0.,-0.));
#6696 = FACE_BOUND('',#6697,.T.);
#6697 = EDGE_LOOP('',(#6698));
#6698 = ORIENTED_EDGE('',*,*,#6699,.F.);
#6699 = EDGE_CURVE('',#6700,#6700,#6702,.T.);
#6700 = VERTEX_POINT('',#6701);
#6701 = CARTESIAN_POINT('',(-12.15,66.2,44.8));
#6702 = CIRCLE('',#6703,1.35);
#6703 = AXIS2_PLACEMENT_3D('',#6704,#6705,#6706);
#6704 = CARTESIAN_POINT('',(-13.5,66.2,44.8));
#6705 = DIRECTION('',(0.,0.,1.));
#6706 = DIRECTION('',(1.,0.,-0.));
#6707 = FACE_BOUND('',#6708,.T.);
#6708 = EDGE_LOOP('',(#6709));
#6709 = ORIENTED_EDGE('',*,*,#6710,.F.);
#6710 = EDGE_CURVE('',#6711,#6711,#6713,.T.);
#6711 = VERTEX_POINT('',#6712);
#6712 = CARTESIAN_POINT('',(97.45,-12.6,44.8));
#6713 = CIRCLE('',#6714,1.35);
#6714 = AXIS2_PLACEMENT_3D('',#6715,#6716,#6717);
#6715 = CARTESIAN_POINT('',(96.1,-12.6,44.8));
#6716 = DIRECTION('',(0.,0.,1.));
#6717 = DIRECTION('',(1.,0.,-0.));
#6718 = FACE_BOUND('',#6719,.T.);
#6719 = EDGE_LOOP('',(#6720));
#6720 = ORIENTED_EDGE('',*,*,#6721,.F.);
#6721 = EDGE_CURVE('',#6722,#6722,#6724,.T.);
#6722 = VERTEX_POINT('',#6723);
#6723 = CARTESIAN_POINT('',(97.45,66.2,44.8));
#6724 = CIRCLE('',#6725,1.35);
#6725 = AXIS2_PLACEMENT_3D('',#6726,#6727,#6728);
#6726 = CARTESIAN_POINT('',(96.1,66.2,44.8));
#6727 = DIRECTION('',(0.,0.,1.));
#6728 = DIRECTION('',(1.,0.,-0.));
#6729 = PLANE('',#6730);
#6730 = AXIS2_PLACEMENT_3D('',#6731,#6732,#6733);
#6731 = CARTESIAN_POINT('',(41.3,26.8,44.8));
#6732 = DIRECTION('',(0.,0.,1.));
#6733 = DIRECTION('',(1.,0.,-0.));
#6734 = ADVANCED_FACE('',(#6735),#6754,.F.);
#6735 = FACE_BOUND('',#6736,.F.);
#6736 = EDGE_LOOP('',(#6737,#6738,#6746,#6753));
#6737 = ORIENTED_EDGE('',*,*,#6688,.F.);
#6738 = ORIENTED_EDGE('',*,*,#6739,.F.);
#6739 = EDGE_CURVE('',#6740,#6689,#6742,.T.);
#6740 = VERTEX_POINT('',#6741);
#6741 = CARTESIAN_POINT('',(-12.15,-12.6,34.8));
#6742 = LINE('',#6743,#6744);
#6743 = CARTESIAN_POINT('',(-12.15,-12.6,34.8));
#6744 = VECTOR('',#6745,1.);
#6745 = DIRECTION('',(0.,0.,1.));
#6746 = ORIENTED_EDGE('',*,*,#6747,.T.);
#6747 = EDGE_CURVE('',#6740,#6740,#6748,.T.);
#6748 = CIRCLE('',#6749,1.35);
#6749 = AXIS2_PLACEMENT_3D('',#6750,#6751,#6752);
#6750 = CARTESIAN_POINT('',(-13.5,-12.6,34.8));
#6751 = DIRECTION('',(0.,0.,1.));
#6752 = DIRECTION('',(1.,0.,-0.));
#6753 = ORIENTED_EDGE('',*,*,#6739,.T.);
#6754 = CYLINDRICAL_SURFACE('',#6755,1.35);
#6755 = AXIS2_PLACEMENT_3D('',#6756,#6757,#6758);
#6756 = CARTESIAN_POINT('',(-13.5,-12.6,34.8));
#6757 = DIRECTION('',(0.,0.,1.));
#6758 = DIRECTION('',(1.,0.,-0.));
#6759 = ADVANCED_FACE('',(#6760),#6763,.T.);
#6760 = FACE_BOUND('',#6761,.F.);
#6761 = EDGE_LOOP('',(#6762));
#6762 = ORIENTED_EDGE('',*,*,#6747,.F.);
#6763 = PLANE('',#6764);
#6764 = AXIS2_PLACEMENT_3D('',#6765,#6766,#6767);
#6765 = CARTESIAN_POINT('',(-13.5,-12.6,34.8));
#6766 = DIRECTION('',(0.,0.,1.));
#6767 = DIRECTION('',(1.,0.,-0.));
#6768 = ADVANCED_FACE('',(#6769),#6788,.F.);
#6769 = FACE_BOUND('',#6770,.F.);
#6770 = EDGE_LOOP('',(#6771,#6772,#6780,#6787));
#6771 = ORIENTED_EDGE('',*,*,#6699,.F.);
#6772 = ORIENTED_EDGE('',*,*,#6773,.F.);
#6773 = EDGE_CURVE('',#6774,#6700,#6776,.T.);
#6774 = VERTEX_POINT('',#6775);
#6775 = CARTESIAN_POINT('',(-12.15,66.2,34.8));
#6776 = LINE('',#6777,#6778);
#6777 = CARTESIAN_POINT('',(-12.15,66.2,34.8));
#6778 = VECTOR('',#6779,1.);
#6779 = DIRECTION('',(0.,0.,1.));
#6780 = ORIENTED_EDGE('',*,*,#6781,.T.);
#6781 = EDGE_CURVE('',#6774,#6774,#6782,.T.);
#6782 = CIRCLE('',#6783,1.35);
#6783 = AXIS2_PLACEMENT_3D('',#6784,#6785,#6786);
#6784 = CARTESIAN_POINT('',(-13.5,66.2,34.8));
#6785 = DIRECTION('',(0.,0.,1.));
#6786 = DIRECTION('',(1.,0.,-0.));
#6787 = ORIENTED_EDGE('',*,*,#6773,.T.);
#6788 = CYLINDRICAL_SURFACE('',#6789,1.35);
#6789 = AXIS2_PLACEMENT_3D('',#6790,#6791,#6792);
#6790 = CARTESIAN_POINT('',(-13.5,66.2,34.8));
#6791 = DIRECTION('',(0.,0.,1.));
#6792 = DIRECTION('',(1.,0.,-0.));
#6793 = ADVANCED_FACE('',(#6794),#6797,.T.);
#6794 = FACE_BOUND('',#6795,.F.);
#6795 = EDGE_LOOP('',(#6796));
#6796 = ORIENTED_EDGE('',*,*,#6781,.F.);
#6797 = PLANE('',#6798);
#6798 = AXIS2_PLACEMENT_3D('',#6799,#6800,#6801);
#6799 = CARTESIAN_POINT('',(-13.5,66.2,34.8));
#6800 = DIRECTION('',(0.,0.,1.));
#6801 = DIRECTION('',(1.,0.,-0.));
#6802 = ADVANCED_FACE('',(#6803),#6822,.F.);
#6803 = FACE_BOUND('',#6804,.F.);
#6804 = EDGE_LOOP('',(#6805,#6806,#6814,#6821));
#6805 = ORIENTED_EDGE('',*,*,#6710,.F.);
#6806 = ORIENTED_EDGE('',*,*,#6807,.F.);
#6807 = EDGE_CURVE('',#6808,#6711,#6810,.T.);
#6808 = VERTEX_POINT('',#6809);
#6809 = CARTESIAN_POINT('',(97.45,-12.6,34.8));
#6810 = LINE('',#6811,#6812);
#6811 = CARTESIAN_POINT('',(97.45,-12.6,34.8));
#6812 = VECTOR('',#6813,1.);
#6813 = DIRECTION('',(0.,0.,1.));
#6814 = ORIENTED_EDGE('',*,*,#6815,.T.);
#6815 = EDGE_CURVE('',#6808,#6808,#6816,.T.);
#6816 = CIRCLE('',#6817,1.35);
#6817 = AXIS2_PLACEMENT_3D('',#6818,#6819,#6820);
#6818 = CARTESIAN_POINT('',(96.1,-12.6,34.8));
#6819 = DIRECTION('',(0.,0.,1.));
#6820 = DIRECTION('',(1.,0.,-0.));
#6821 = ORIENTED_EDGE('',*,*,#6807,.T.);
#6822 = CYLINDRICAL_SURFACE('',#6823,1.35);
#6823 = AXIS2_PLACEMENT_3D('',#6824,#6825,#6826);
#6824 = CARTESIAN_POINT('',(96.1,-12.6,34.8));
#6825 = DIRECTION('',(0.,0.,1.));
#6826 = DIRECTION('',(1.,0.,-0.));
#6827 = ADVANCED_FACE('',(#6828),#6831,.T.);
#6828 = FACE_BOUND('',#6829,.F.);
#6829 = EDGE_LOOP('',(#6830));
#6830 = ORIENTED_EDGE('',*,*,#6815,.F.);
#6831 = PLANE('',#6832);
#6832 = AXIS2_PLACEMENT_3D('',#6833,#6834,#6835);
#6833 = CARTESIAN_POINT('',(96.1,-12.6,34.8));
#6834 = DIRECTION('',(0.,0.,1.));
#6835 = DIRECTION('',(1.,0.,-0.));
#6836 = ADVANCED_FACE('',(#6837),#6856,.F.);
#6837 = FACE_BOUND('',#6838,.F.);
#6838 = EDGE_LOOP('',(#6839,#6840,#6848,#6855));
#6839 = ORIENTED_EDGE('',*,*,#6721,.F.);
#6840 = ORIENTED_EDGE('',*,*,#6841,.F.);
#6841 = EDGE_CURVE('',#6842,#6722,#6844,.T.);
#6842 = VERTEX_POINT('',#6843);
#6843 = CARTESIAN_POINT('',(97.45,66.2,34.8));
#6844 = LINE('',#6845,#6846);
#6845 = CARTESIAN_POINT('',(97.45,66.2,34.8));
#6846 = VECTOR('',#6847,1.);
#6847 = DIRECTION('',(0.,0.,1.));
#6848 = ORIENTED_EDGE('',*,*,#6849,.T.);
#6849 = EDGE_CURVE('',#6842,#6842,#6850,.T.);
#6850 = CIRCLE('',#6851,1.35);
#6851 = AXIS2_PLACEMENT_3D('',#6852,#6853,#6854);
#6852 = CARTESIAN_POINT('',(96.1,66.2,34.8));
#6853 = DIRECTION('',(0.,0.,1.));
#6854 = DIRECTION('',(1.,0.,-0.));
#6855 = ORIENTED_EDGE('',*,*,#6841,.T.);
#6856 = CYLINDRICAL_SURFACE('',#6857,1.35);
#6857 = AXIS2_PLACEMENT_3D('',#6858,#6859,#6860);
#6858 = CARTESIAN_POINT('',(96.1,66.2,34.8));
#6859 = DIRECTION('',(0.,0.,1.));
#6860 = DIRECTION('',(1.,0.,-0.));
#6861 = ADVANCED_FACE('',(#6862),#6865,.T.);
#6862 = FACE_BOUND('',#6863,.F.);
#6863 = EDGE_LOOP('',(#6864));
#6864 = ORIENTED_EDGE('',*,*,#6849,.F.);
#6865 = PLANE('',#6866);
#6866 = AXIS2_PLACEMENT_3D('',#6867,#6868,#6869);
#6867 = CARTESIAN_POINT('',(96.1,66.2,34.8));
#6868 = DIRECTION('',(0.,0.,1.));
#6869 = DIRECTION('',(1.,0.,-0.));
#6870 = ADVANCED_FACE('',(#6871),#6877,.T.);
#6871 = FACE_BOUND('',#6872,.T.);
#6872 = EDGE_LOOP('',(#6873,#6874,#6875,#6876));
#6873 = ORIENTED_EDGE('',*,*,#384,.T.);
#6874 = ORIENTED_EDGE('',*,*,#6670,.F.);
#6875 = ORIENTED_EDGE('',*,*,#3294,.F.);
#6876 = ORIENTED_EDGE('',*,*,#700,.T.);
#6877 = PLANE('',#6878);
#6878 = AXIS2_PLACEMENT_3D('',#6879,#6880,#6881);
#6879 = CARTESIAN_POINT('',(-12.13392646512,-17.6,37.622282024684));
#6880 = DIRECTION('',(-0.,-1.,-0.));
#6881 = DIRECTION('',(0.,0.,-1.));
#6882 = ADVANCED_FACE('',(#6883),#6889,.T.);
#6883 = FACE_BOUND('',#6884,.T.);
#6884 = EDGE_LOOP('',(#6885,#6886,#6887,#6888));
#6885 = ORIENTED_EDGE('',*,*,#5881,.T.);
#6886 = ORIENTED_EDGE('',*,*,#6617,.F.);
#6887 = ORIENTED_EDGE('',*,*,#2228,.F.);
#6888 = ORIENTED_EDGE('',*,*,#4683,.F.);
#6889 = PLANE('',#6890);
#6890 = AXIS2_PLACEMENT_3D('',#6891,#6892,#6893);
#6891 = CARTESIAN_POINT('',(94.733926465127,-17.6,37.622282024684));
#6892 = DIRECTION('',(-0.,-1.,-0.));
#6893 = DIRECTION('',(0.,0.,-1.));
#6894 = ADVANCED_FACE('',(#6895,#6921,#6924,#6927,#6930,#6933,#6936,
    #6939,#6942,#6945,#6948,#6951,#6954),#6957,.T.);
#6895 = FACE_BOUND('',#6896,.T.);
#6896 = EDGE_LOOP('',(#6897,#6898,#6899,#6900,#6901,#6902,#6903,#6904,
    #6905,#6906,#6907,#6908,#6909,#6910,#6911,#6912,#6913,#6914,#6915,
    #6916,#6917,#6918,#6919,#6920));
#6897 = ORIENTED_EDGE('',*,*,#248,.T.);
#6898 = ORIENTED_EDGE('',*,*,#669,.F.);
#6899 = ORIENTED_EDGE('',*,*,#3326,.T.);
#6900 = ORIENTED_EDGE('',*,*,#766,.T.);
#6901 = ORIENTED_EDGE('',*,*,#280,.T.);
#6902 = ORIENTED_EDGE('',*,*,#790,.F.);
#6903 = ORIENTED_EDGE('',*,*,#3368,.T.);
#6904 = ORIENTED_EDGE('',*,*,#856,.T.);
#6905 = ORIENTED_EDGE('',*,*,#312,.T.);
#6906 = ORIENTED_EDGE('',*,*,#911,.T.);
#6907 = ORIENTED_EDGE('',*,*,#1441,.T.);
#6908 = ORIENTED_EDGE('',*,*,#2050,.F.);
#6909 = ORIENTED_EDGE('',*,*,#2165,.F.);
#6910 = ORIENTED_EDGE('',*,*,#4839,.T.);
#6911 = ORIENTED_EDGE('',*,*,#5955,.F.);
#6912 = ORIENTED_EDGE('',*,*,#4773,.F.);
#6913 = ORIENTED_EDGE('',*,*,#2133,.F.);
#6914 = ORIENTED_EDGE('',*,*,#4749,.T.);
#6915 = ORIENTED_EDGE('',*,*,#5913,.F.);
#6916 = ORIENTED_EDGE('',*,*,#4652,.F.);
#6917 = ORIENTED_EDGE('',*,*,#2101,.F.);
#6918 = ORIENTED_EDGE('',*,*,#2444,.T.);
#6919 = ORIENTED_EDGE('',*,*,#2477,.F.);
#6920 = ORIENTED_EDGE('',*,*,#636,.F.);
#6921 = FACE_BOUND('',#6922,.T.);
#6922 = EDGE_LOOP('',(#6923));
#6923 = ORIENTED_EDGE('',*,*,#6236,.T.);
#6924 = FACE_BOUND('',#6925,.T.);
#6925 = EDGE_LOOP('',(#6926));
#6926 = ORIENTED_EDGE('',*,*,#6346,.T.);
#6927 = FACE_BOUND('',#6928,.T.);
#6928 = EDGE_LOOP('',(#6929));
#6929 = ORIENTED_EDGE('',*,*,#6436,.T.);
#6930 = FACE_BOUND('',#6931,.T.);
#6931 = EDGE_LOOP('',(#6932));
#6932 = ORIENTED_EDGE('',*,*,#6526,.T.);
#6933 = FACE_BOUND('',#6934,.T.);
#6934 = EDGE_LOOP('',(#6935));
#6935 = ORIENTED_EDGE('',*,*,#3351,.T.);
#6936 = FACE_BOUND('',#6937,.T.);
#6937 = EDGE_LOOP('',(#6938));
#6938 = ORIENTED_EDGE('',*,*,#5938,.T.);
#6939 = FACE_BOUND('',#6940,.T.);
#6940 = EDGE_LOOP('',(#6941));
#6941 = ORIENTED_EDGE('',*,*,#3424,.T.);
#6942 = FACE_BOUND('',#6943,.T.);
#6943 = EDGE_LOOP('',(#6944));
#6944 = ORIENTED_EDGE('',*,*,#6011,.T.);
#6945 = FACE_BOUND('',#6946,.T.);
#6946 = EDGE_LOOP('',(#6947));
#6947 = ORIENTED_EDGE('',*,*,#5773,.T.);
#6948 = FACE_BOUND('',#6949,.T.);
#6949 = EDGE_LOOP('',(#6950));
#6950 = ORIENTED_EDGE('',*,*,#5798,.T.);
#6951 = FACE_BOUND('',#6952,.T.);
#6952 = EDGE_LOOP('',(#6953));
#6953 = ORIENTED_EDGE('',*,*,#5823,.T.);
#6954 = FACE_BOUND('',#6955,.T.);
#6955 = EDGE_LOOP('',(#6956));
#6956 = ORIENTED_EDGE('',*,*,#5848,.T.);
#6957 = PLANE('',#6958);
#6958 = AXIS2_PLACEMENT_3D('',#6959,#6960,#6961);
#6959 = CARTESIAN_POINT('',(41.3,26.844475627831,-7.5));
#6960 = DIRECTION('',(-0.,-0.,-1.));
#6961 = DIRECTION('',(-1.,0.,0.));
#6962 = ADVANCED_FACE('',(#6963),#6969,.T.);
#6963 = FACE_BOUND('',#6964,.T.);
#6964 = EDGE_LOOP('',(#6965,#6966,#6967,#6968));
#6965 = ORIENTED_EDGE('',*,*,#368,.T.);
#6966 = ORIENTED_EDGE('',*,*,#716,.F.);
#6967 = ORIENTED_EDGE('',*,*,#3303,.T.);
#6968 = ORIENTED_EDGE('',*,*,#6663,.T.);
#6969 = PLANE('',#6970);
#6970 = AXIS2_PLACEMENT_3D('',#6971,#6972,#6973);
#6971 = CARTESIAN_POINT('',(-12.13392646512,-7.6,37.622282024684));
#6972 = DIRECTION('',(0.,1.,0.));
#6973 = DIRECTION('',(0.,-0.,1.));
#6974 = ADVANCED_FACE('',(#6975),#6981,.T.);
#6975 = FACE_BOUND('',#6976,.T.);
#6976 = EDGE_LOOP('',(#6977,#6978,#6979,#6980));
#6977 = ORIENTED_EDGE('',*,*,#2212,.T.);
#6978 = ORIENTED_EDGE('',*,*,#6624,.T.);
#6979 = ORIENTED_EDGE('',*,*,#5890,.F.);
#6980 = ORIENTED_EDGE('',*,*,#4699,.T.);
#6981 = PLANE('',#6982);
#6982 = AXIS2_PLACEMENT_3D('',#6983,#6984,#6985);
#6983 = CARTESIAN_POINT('',(94.733926465127,-7.6,37.622282024684));
#6984 = DIRECTION('',(0.,1.,0.));
#6985 = DIRECTION('',(0.,-0.,1.));
#6986 = ADVANCED_FACE('',(#6987),#6993,.T.);
#6987 = FACE_BOUND('',#6988,.T.);
#6988 = EDGE_LOOP('',(#6989,#6990,#6991,#6992));
#6989 = ORIENTED_EDGE('',*,*,#352,.T.);
#6990 = ORIENTED_EDGE('',*,*,#6656,.F.);
#6991 = ORIENTED_EDGE('',*,*,#3384,.F.);
#6992 = ORIENTED_EDGE('',*,*,#880,.T.);
#6993 = PLANE('',#6994);
#6994 = AXIS2_PLACEMENT_3D('',#6995,#6996,#6997);
#6995 = CARTESIAN_POINT('',(-12.13392646512,61.2,37.622282024684));
#6996 = DIRECTION('',(3.750063089784E-16,-1.,-2.596772823194E-16));
#6997 = DIRECTION('',(-1.,-3.750063089784E-16,0.));
#6998 = ADVANCED_FACE('',(#6999),#7005,.T.);
#6999 = FACE_BOUND('',#7000,.T.);
#7000 = EDGE_LOOP('',(#7001,#7002,#7003,#7004));
#7001 = ORIENTED_EDGE('',*,*,#5971,.T.);
#7002 = ORIENTED_EDGE('',*,*,#6631,.F.);
#7003 = ORIENTED_EDGE('',*,*,#2196,.F.);
#7004 = ORIENTED_EDGE('',*,*,#4863,.F.);
#7005 = PLANE('',#7006);
#7006 = AXIS2_PLACEMENT_3D('',#7007,#7008,#7009);
#7007 = CARTESIAN_POINT('',(94.733926465127,61.2,37.622282024684));
#7008 = DIRECTION('',(-0.,-1.,-0.));
#7009 = DIRECTION('',(0.,0.,-1.));
#7010 = ADVANCED_FACE('',(#7011),#7017,.T.);
#7011 = FACE_BOUND('',#7012,.T.);
#7012 = EDGE_LOOP('',(#7013,#7014,#7015,#7016));
#7013 = ORIENTED_EDGE('',*,*,#336,.T.);
#7014 = ORIENTED_EDGE('',*,*,#896,.F.);
#7015 = ORIENTED_EDGE('',*,*,#3393,.T.);
#7016 = ORIENTED_EDGE('',*,*,#6649,.T.);
#7017 = PLANE('',#7018);
#7018 = AXIS2_PLACEMENT_3D('',#7019,#7020,#7021);
#7019 = CARTESIAN_POINT('',(-12.13392646512,71.2,37.622282024684));
#7020 = DIRECTION('',(-7.500126179568E-16,1.,5.193545646388E-16));
#7021 = DIRECTION('',(1.,7.500126179568E-16,0.));
#7022 = ADVANCED_FACE('',(#7023),#7029,.T.);
#7023 = FACE_BOUND('',#7024,.T.);
#7024 = EDGE_LOOP('',(#7025,#7026,#7027,#7028));
#7025 = ORIENTED_EDGE('',*,*,#2180,.T.);
#7026 = ORIENTED_EDGE('',*,*,#6638,.T.);
#7027 = ORIENTED_EDGE('',*,*,#5980,.F.);
#7028 = ORIENTED_EDGE('',*,*,#4879,.T.);
#7029 = PLANE('',#7030);
#7030 = AXIS2_PLACEMENT_3D('',#7031,#7032,#7033);
#7031 = CARTESIAN_POINT('',(94.733926465127,71.2,37.622282024684));
#7032 = DIRECTION('',(0.,1.,0.));
#7033 = DIRECTION('',(0.,-0.,1.));
#7034 = ( GEOMETRIC_REPRESENTATION_CONTEXT(3) 
GLOBAL_UNCERTAINTY_ASSIGNED_CONTEXT((#7038)) 
GLOBAL_UNIT_ASSIGNED_CONTEXT((#7035,#7036,#7037)) REPRESENTATION_CONTEXT
('Context #1','3D Context with UNIT and UNCERTAINTY') );
#7035 = ( LENGTH_UNIT() NAMED_UNIT(*) SI_UNIT(.MILLI.,.METRE.) );
#7036 = ( NAMED_UNIT(*) PLANE_ANGLE_UNIT() SI_UNIT($,.RADIAN.) );
#7037 = ( NAMED_UNIT(*) SI_UNIT($,.STERADIAN.) SOLID_ANGLE_UNIT() );
#7038 = UNCERTAINTY_MEASURE_WITH_UNIT(LENGTH_MEASURE(1.E-07),#7035,
  'distance_accuracy_value','confusion accuracy');
#7039 = PRODUCT_RELATED_PRODUCT_CATEGORY('part',$,(#7));
ENDSEC;
END-ISO-10303-21;
